suite,deviation_type,variance_level,trial,seed,success,over_budget,elapsed_s,collisions,replans,planning_time_ms,final_pose_error_in,steps,cost_usd
dead_reckoning,start_drift,0.0,0,6000000,True,False,6.6864,0,0,0.628,2.238,12,0.0
odometry_pods,start_drift,0.0,0,6000000,True,False,6.6864,0,0,0.608,0.448,12,279.99
distance_sensors,start_drift,0.0,0,6000000,True,False,5.7158,0,0,0.18,2.202,12,94.5
apriltag,start_drift,0.0,0,6000000,True,False,7.0864,0,8,1.998,2.595,12,25.0
full_suite,start_drift,0.0,0,6000000,True,False,6.0658,0,7,0.629,0.249,12,399.49
dead_reckoning,start_drift,0.0,1,6000001,True,False,3.5887,0,0,0.217,3.247,6,0.0
odometry_pods,start_drift,0.0,1,6000001,True,False,3.5887,0,0,0.213,0.649,6,279.99
distance_sensors,start_drift,0.0,1,6000001,True,False,3.0232,0,0,0.095,2.475,5,94.5
apriltag,start_drift,0.0,1,6000001,True,False,3.8387,0,5,0.694,1.471,6,25.0
full_suite,start_drift,0.0,1,6000001,True,False,3.2232,0,4,0.28,0.329,5,399.49
dead_reckoning,start_drift,0.0,2,6000002,True,False,5.9228,0,0,0.707,1.106,11,0.0
odometry_pods,start_drift,0.0,2,6000002,True,False,6.5869,0,0,0.712,0.13,11,279.99
distance_sensors,start_drift,0.0,2,6000002,False,False,0.0,1,0,0.348,0.0,0,94.5
apriltag,start_drift,0.0,2,6000002,True,False,5.9728,0,1,0.739,0.471,11,25.0
full_suite,start_drift,0.0,2,6000002,False,False,0.0,1,0,0.313,0.0,0,399.49
dead_reckoning,start_drift,0.0,3,6000003,False,False,14.4104,1,0,2.166,3.966,25,0.0
odometry_pods,start_drift,0.0,3,6000003,True,False,16.3844,0,0,2.151,1.935,30,279.99
distance_sensors,start_drift,0.0,3,6000003,False,False,14.3753,1,2,1.288,7.233,23,94.5
apriltag,start_drift,0.0,3,6000003,False,False,16.9921,0,15,12.653,9.474,31,25.0
full_suite,start_drift,0.0,3,6000003,True,False,14.5864,0,8,3.894,1.099,25,399.49
dead_reckoning,start_drift,0.0,4,6000004,True,False,6.3001,0,0,0.785,3.583,12,0.0
odometry_pods,start_drift,0.0,4,6000004,True,False,6.6129,0,0,1.151,0.425,12,279.99
distance_sensors,start_drift,0.0,4,6000004,True,False,5.9833,0,0,0.338,2.837,11,94.5
apriltag,start_drift,0.0,4,6000004,True,False,6.6001,0,6,1.75,2.396,11,25.0
full_suite,start_drift,0.0,4,6000004,True,False,7.0474,0,8,0.977,0.103,11,399.49
dead_reckoning,start_drift,0.0,5,6000005,True,False,5.5304,0,0,0.311,4.962,9,0.0
odometry_pods,start_drift,0.0,5,6000005,True,False,5.5304,0,0,0.306,0.992,9,279.99
distance_sensors,start_drift,0.0,5,6000005,True,False,3.8288,0,0,0.102,2.624,7,94.5
apriltag,start_drift,0.0,5,6000005,True,False,5.5804,0,1,0.464,1.703,9,25.0
full_suite,start_drift,0.0,5,6000005,True,False,3.8788,0,1,0.198,0.7,7,399.49
dead_reckoning,start_drift,0.0,6,6000006,False,False,9.7348,1,0,2.285,4.457,19,0.0
odometry_pods,start_drift,0.0,6,6000006,True,False,10.2841,0,0,1.127,0.626,20,279.99
distance_sensors,start_drift,0.0,6,6000006,True,False,9.2995,0,1,0.604,4.336,19,94.5
apriltag,start_drift,0.0,6,6000006,True,False,10.9341,0,13,9.188,3.024,20,25.0
full_suite,start_drift,0.0,6,6000006,True,False,9.8136,0,6,1.355,0.813,20,399.49
dead_reckoning,start_drift,0.0,7,6000007,False,False,8.4488,1,0,2.026,5.309,14,0.0
odometry_pods,start_drift,0.0,7,6000007,True,False,11.6484,0,0,1.922,1.235,22,279.99
distance_sensors,start_drift,0.0,7,6000007,False,False,2.6932,1,2,1.594,3.482,4,94.5
apriltag,start_drift,0.0,7,6000007,True,False,11.9343,0,11,14.463,0.849,22,25.0
full_suite,start_drift,0.0,7,6000007,True,False,12.4278,0,15,4.591,1.578,22,399.49
dead_reckoning,start_drift,0.0,8,6000008,False,False,15.7842,0,0,1.716,6.92,32,0.0
odometry_pods,start_drift,0.0,8,6000008,True,False,15.6136,0,0,1.742,1.226,32,279.99
distance_sensors,start_drift,0.0,8,6000008,False,False,1.1197,1,0,0.766,1.086,2,94.5
apriltag,start_drift,0.0,8,6000008,True,False,15.1855,0,2,3.849,4.014,31,25.0
full_suite,start_drift,0.0,8,6000008,False,False,1.1197,1,0,0.765,0.217,2,399.49
dead_reckoning,start_drift,0.0,9,6000009,False,False,12.7319,0,0,1.389,9.877,20,0.0
odometry_pods,start_drift,0.0,9,6000009,True,False,11.4092,0,0,1.396,2.159,20,279.99
distance_sensors,start_drift,0.0,9,6000009,False,False,4.4517,1,0,0.441,5.905,6,94.5
apriltag,start_drift,0.0,9,6000009,True,False,12.6606,0,15,9.09,1.677,21,25.0
full_suite,start_drift,0.0,9,6000009,True,False,9.2422,0,6,1.281,0.27,17,399.49
dead_reckoning,start_drift,0.0,10,6000010,True,False,3.5542,0,0,0.383,3.5,6,0.0
odometry_pods,start_drift,0.0,10,6000010,True,False,3.5542,0,0,0.355,0.7,6,279.99
distance_sensors,start_drift,0.0,10,6000010,True,False,3.9246,0,0,0.124,3.77,6,94.5
apriltag,start_drift,0.0,10,6000010,True,False,3.7042,0,3,1.054,0.131,6,25.0
full_suite,start_drift,0.0,10,6000010,True,False,3.608,0,2,0.276,0.06,6,399.49
dead_reckoning,start_drift,0.0,11,6000011,False,False,8.4079,0,0,0.459,8.239,15,0.0
odometry_pods,start_drift,0.0,11,6000011,True,False,8.3356,0,0,0.458,1.573,15,279.99
distance_sensors,start_drift,0.0,11,6000011,False,False,0.0,1,0,0.164,0.0,0,94.5
apriltag,start_drift,0.0,11,6000011,True,False,8.1715,0,2,0.776,3.939,15,25.0
full_suite,start_drift,0.0,11,6000011,False,False,0.0,1,0,0.157,0.0,0,399.49
dead_reckoning,start_drift,0.0,12,6000012,False,False,3.7149,1,0,1.294,3.891,7,0.0
odometry_pods,start_drift,0.0,12,6000012,True,False,7.2755,0,0,1.287,0.904,13,279.99
distance_sensors,start_drift,0.0,12,6000012,True,False,6.9049,0,0,0.401,3.791,13,94.5
apriltag,start_drift,0.0,12,6000012,True,False,7.7255,0,9,7.861,3.147,13,25.0
full_suite,start_drift,0.0,12,6000012,True,False,6.5843,0,5,1.414,0.522,13,399.49
dead_reckoning,start_drift,0.0,13,6000013,False,False,6.9312,1,0,1.565,6.629,14,0.0
odometry_pods,start_drift,0.0,13,6000013,True,False,8.2034,0,0,1.744,1.25,15,279.99
distance_sensors,start_drift,0.0,13,6000013,False,False,6.9364,1,1,0.871,10.205,11,94.5
apriltag,start_drift,0.0,13,6000013,True,False,8.3393,0,8,7.634,1.938,15,25.0
full_suite,start_drift,0.0,13,6000013,True,False,8.3317,0,6,1.73,0.607,15,399.49
dead_reckoning,start_drift,0.0,14,6000014,True,False,3.6769,0,0,0.387,2.551,7,0.0
odometry_pods,start_drift,0.0,14,6000014,True,False,3.6769,0,0,0.376,0.51,7,279.99
distance_sensors,start_drift,0.0,14,6000014,True,False,3.4769,0,0,0.125,2.915,7,94.5
apriltag,start_drift,0.0,14,6000014,True,False,3.8269,0,3,1.107,2.23,7,25.0
full_suite,start_drift,0.0,14,6000014,True,False,3.5769,0,2,0.301,1.032,7,399.49
dead_reckoning,start_drift,0.0,15,6000015,False,False,15.6324,0,0,2.312,6.884,29,0.0
odometry_pods,start_drift,0.0,15,6000015,True,False,14.9727,0,0,4.113,0.913,29,279.99
distance_sensors,start_drift,0.0,15,6000015,False,False,12.5059,0,2,1.252,1.93,23,94.5
apriltag,start_drift,0.0,15,6000015,True,False,17.0113,0,15,39.425,2.761,29,25.0
full_suite,start_drift,0.0,15,6000015,True,False,13.3067,0,13,4.43,0.058,24,399.49
dead_reckoning,start_drift,0.0,16,6000016,True,False,1.9732,0,0,0.048,1.833,3,0.0
odometry_pods,start_drift,0.0,16,6000016,True,False,1.9732,0,0,0.047,0.367,3,279.99
distance_sensors,start_drift,0.0,16,6000016,True,False,1.9732,0,0,0.041,1.833,3,94.5
apriltag,start_drift,0.0,16,6000016,True,False,1.9732,0,0,0.052,1.833,3,25.0
full_suite,start_drift,0.0,16,6000016,True,False,1.9732,0,0,0.05,0.367,3,399.49
dead_reckoning,start_drift,0.0,17,6000017,False,False,5.8642,1,0,0.751,5.385,10,0.0
odometry_pods,start_drift,0.0,17,6000017,True,False,7.8673,0,0,1.261,1.034,14,279.99
distance_sensors,start_drift,0.0,17,6000017,False,False,5.7308,1,1,0.656,5.797,10,94.5
apriltag,start_drift,0.0,17,6000017,True,False,8.5187,0,3,2.678,1.961,14,25.0
full_suite,start_drift,0.0,17,6000017,True,False,7.8673,0,4,1.714,0.321,14,399.49
dead_reckoning,start_drift,0.0,18,6000018,False,False,12.0221,1,0,1.995,7.788,18,0.0
odometry_pods,start_drift,0.0,18,6000018,True,False,13.1345,0,0,1.671,1.885,25,279.99
distance_sensors,start_drift,0.0,18,6000018,False,False,0.0,1,0,0.821,0.0,0,94.5
apriltag,start_drift,0.0,18,6000018,False,False,11.1722,1,1,2.84,3.282,18,25.0
full_suite,start_drift,0.0,18,6000018,False,False,0.0,1,0,0.809,0.0,0,399.49
dead_reckoning,start_drift,0.0,19,6000019,False,False,4.8189,0,0,0.61,5.528,8,0.0
odometry_pods,start_drift,0.0,19,6000019,True,False,4.5336,0,0,0.742,1.034,8,279.99
distance_sensors,start_drift,0.0,19,6000019,False,False,4.8189,0,0,0.274,5.528,8,94.5
apriltag,start_drift,0.0,19,6000019,False,False,4.6689,0,1,1.097,4.861,8,25.0
full_suite,start_drift,0.0,19,6000019,True,False,4.5836,0,1,0.308,0.905,8,399.49
dead_reckoning,start_drift,0.0,20,6000020,True,False,3.8978,0,0,0.261,1.302,7,0.0
odometry_pods,start_drift,0.0,20,6000020,True,False,3.8978,0,0,0.243,0.26,7,279.99
distance_sensors,start_drift,0.0,20,6000020,True,False,4.1324,0,0,0.11,2.205,6,94.5
apriltag,start_drift,0.0,20,6000020,True,False,3.9978,0,2,0.62,1.673,7,25.0
full_suite,start_drift,0.0,20,6000020,True,False,4.1824,0,1,0.201,0.229,6,399.49
dead_reckoning,start_drift,0.0,21,6000021,False,False,6.4718,0,0,0.31,2.971,9,0.0
odometry_pods,start_drift,0.0,21,6000021,True,False,5.9865,0,0,0.303,0.523,9,279.99
distance_sensors,start_drift,0.0,21,6000021,True,False,3.7144,0,0,0.086,3.507,7,94.5
apriltag,start_drift,0.0,21,6000021,True,False,6.0865,0,2,0.613,1.698,9,25.0
full_suite,start_drift,0.0,21,6000021,True,False,3.7644,0,1,0.109,0.386,7,399.49
dead_reckoning,start_drift,0.0,22,6000022,True,False,18.7013,0,0,2.603,2.87,33,0.0
odometry_pods,start_drift,0.0,22,6000022,True,False,17.7255,0,0,2.253,0.519,33,279.99
distance_sensors,start_drift,0.0,22,6000022,False,False,7.1254,1,3,3.724,3.522,11,94.5
apriltag,start_drift,0.0,22,6000022,True,False,18.9499,0,15,13.155,1.951,32,25.0
full_suite,start_drift,0.0,22,6000022,True,False,16.7218,0,10,6.46,0.656,28,399.49
dead_reckoning,start_drift,0.0,23,6000023,False,False,4.9246,0,0,0.15,3.904,10,0.0
odometry_pods,start_drift,0.0,23,6000023,True,False,5.4701,0,0,0.148,0.931,10,279.99
distance_sensors,start_drift,0.0,23,6000023,True,False,4.5557,0,0,0.158,5.235,9,94.5
apriltag,start_drift,0.0,23,6000023,False,False,5.3849,0,0,0.268,4.243,10,25.0
full_suite,start_drift,0.0,23,6000023,True,False,4.7047,0,0,0.154,0.788,9,399.49
dead_reckoning,start_drift,0.0,24,6000024,True,False,2.1508,0,0,0.137,2.109,4,0.0
odometry_pods,start_drift,0.0,24,6000024,True,False,2.1508,0,0,0.133,0.422,4,279.99
distance_sensors,start_drift,0.0,24,6000024,True,False,2.1508,0,0,0.093,2.109,4,94.5
apriltag,start_drift,0.0,24,6000024,True,False,2.1508,0,0,0.154,2.109,4,25.0
full_suite,start_drift,0.0,24,6000024,True,False,2.1508,0,0,0.1,0.422,4,399.49
dead_reckoning,start_drift,0.1,0,6000010,True,False,3.5542,0,0,0.363,3.5,6,0.0
odometry_pods,start_drift,0.1,0,6000010,True,False,3.5542,0,0,0.354,0.7,6,279.99
distance_sensors,start_drift,0.1,0,6000010,True,False,3.9246,0,0,0.116,3.77,6,94.5
apriltag,start_drift,0.1,0,6000010,True,False,3.7042,0,3,1.148,0.131,6,25.0
full_suite,start_drift,0.1,0,6000010,True,False,3.608,0,2,0.212,0.06,6,399.49
dead_reckoning,start_drift,0.1,1,6000011,False,False,8.4079,0,0,0.459,8.239,15,0.0
odometry_pods,start_drift,0.1,1,6000011,True,False,8.3356,0,0,0.454,1.573,15,279.99
distance_sensors,start_drift,0.1,1,6000011,False,False,0.0,1,0,0.146,0.0,0,94.5
apriltag,start_drift,0.1,1,6000011,True,False,8.1715,0,2,0.808,3.939,15,25.0
full_suite,start_drift,0.1,1,6000011,False,False,0.0,1,0,0.146,0.0,0,399.49
dead_reckoning,start_drift,0.1,2,6000012,False,False,3.7149,1,0,1.314,3.891,7,0.0
odometry_pods,start_drift,0.1,2,6000012,True,False,7.2755,0,0,1.397,0.904,13,279.99
distance_sensors,start_drift,0.1,2,6000012,True,False,6.9049,0,0,0.413,3.791,13,94.5
apriltag,start_drift,0.1,2,6000012,True,False,7.7255,0,9,7.204,3.147,13,25.0
full_suite,start_drift,0.1,2,6000012,True,False,6.5843,0,5,1.445,0.522,13,399.49
dead_reckoning,start_drift,0.1,3,6000013,False,False,6.9312,1,0,1.545,6.629,14,0.0
odometry_pods,start_drift,0.1,3,6000013,True,False,8.2034,0,0,1.502,1.25,15,279.99
distance_sensors,start_drift,0.1,3,6000013,False,False,6.9364,1,1,0.632,10.205,11,94.5
apriltag,start_drift,0.1,3,6000013,True,False,8.3393,0,8,7.699,1.938,15,25.0
full_suite,start_drift,0.1,3,6000013,True,False,8.3317,0,6,1.447,0.607,15,399.49
dead_reckoning,start_drift,0.1,4,6000014,True,False,3.6769,0,0,0.384,2.551,7,0.0
odometry_pods,start_drift,0.1,4,6000014,True,False,3.6769,0,0,0.378,0.51,7,279.99
distance_sensors,start_drift,0.1,4,6000014,True,False,3.4769,0,0,0.129,2.915,7,94.5
apriltag,start_drift,0.1,4,6000014,True,False,3.8269,0,3,1.414,2.23,7,25.0
full_suite,start_drift,0.1,4,6000014,True,False,3.5769,0,2,0.298,1.032,7,399.49
dead_reckoning,start_drift,0.1,5,6000015,False,False,15.6324,0,0,2.347,6.884,29,0.0
odometry_pods,start_drift,0.1,5,6000015,True,False,14.9727,0,0,2.23,0.913,29,279.99
distance_sensors,start_drift,0.1,5,6000015,False,False,12.5059,0,2,1.05,1.93,23,94.5
apriltag,start_drift,0.1,5,6000015,True,False,17.0113,0,15,19.558,2.761,29,25.0
full_suite,start_drift,0.1,5,6000015,True,False,13.3067,0,13,2.67,0.058,24,399.49
dead_reckoning,start_drift,0.1,6,6000016,True,False,1.9732,0,0,0.048,1.833,3,0.0
odometry_pods,start_drift,0.1,6,6000016,True,False,1.9732,0,0,0.047,0.367,3,279.99
distance_sensors,start_drift,0.1,6,6000016,True,False,1.9732,0,0,0.039,1.833,3,94.5
apriltag,start_drift,0.1,6,6000016,True,False,1.9732,0,0,0.048,1.833,3,25.0
full_suite,start_drift,0.1,6,6000016,True,False,1.9732,0,0,0.154,0.367,3,399.49
dead_reckoning,start_drift,0.1,7,6000017,False,False,5.8642,1,0,0.84,5.385,10,0.0
odometry_pods,start_drift,0.1,7,6000017,True,False,7.8673,0,0,0.765,1.034,14,279.99
distance_sensors,start_drift,0.1,7,6000017,False,False,5.7308,1,1,0.651,5.797,10,94.5
apriltag,start_drift,0.1,7,6000017,True,False,8.5187,0,3,2.68,1.961,14,25.0
full_suite,start_drift,0.1,7,6000017,True,False,7.8673,0,4,1.234,0.321,14,399.49
dead_reckoning,start_drift,0.1,8,6000018,False,False,12.0221,1,0,1.685,7.788,18,0.0
odometry_pods,start_drift,0.1,8,6000018,True,False,13.1345,0,0,1.651,1.885,25,279.99
distance_sensors,start_drift,0.1,8,6000018,False,False,0.0,1,0,0.838,0.0,0,94.5
apriltag,start_drift,0.1,8,6000018,False,False,11.1722,1,1,2.936,3.282,18,25.0
full_suite,start_drift,0.1,8,6000018,False,False,0.0,1,0,0.817,0.0,0,399.49
dead_reckoning,start_drift,0.1,9,6000019,False,False,4.8189,0,0,0.649,5.528,8,0.0
odometry_pods,start_drift,0.1,9,6000019,True,False,4.5336,0,0,0.613,1.034,8,279.99
distance_sensors,start_drift,0.1,9,6000019,False,False,4.8189,0,0,0.219,5.528,8,94.5
apriltag,start_drift,0.1,9,6000019,False,False,4.6689,0,1,1.069,4.861,8,25.0
full_suite,start_drift,0.1,9,6000019,True,False,4.5836,0,1,0.479,0.905,8,399.49
dead_reckoning,start_drift,0.1,10,6000020,True,False,3.8978,0,0,0.249,1.302,7,0.0
odometry_pods,start_drift,0.1,10,6000020,True,False,3.8978,0,0,0.246,0.26,7,279.99
distance_sensors,start_drift,0.1,10,6000020,True,False,4.1324,0,0,0.11,2.205,6,94.5
apriltag,start_drift,0.1,10,6000020,True,False,3.9978,0,2,0.617,1.673,7,25.0
full_suite,start_drift,0.1,10,6000020,True,False,4.1824,0,1,0.22,0.229,6,399.49
dead_reckoning,start_drift,0.1,11,6000021,False,False,6.4718,0,0,0.302,2.971,9,0.0
odometry_pods,start_drift,0.1,11,6000021,True,False,5.9865,0,0,0.303,0.523,9,279.99
distance_sensors,start_drift,0.1,11,6000021,True,False,3.7144,0,0,0.085,3.507,7,94.5
apriltag,start_drift,0.1,11,6000021,True,False,6.0865,0,2,0.439,1.698,9,25.0
full_suite,start_drift,0.1,11,6000021,True,False,3.7644,0,1,0.104,0.386,7,399.49
dead_reckoning,start_drift,0.1,12,6000022,True,False,18.7013,0,0,2.405,2.87,33,0.0
odometry_pods,start_drift,0.1,12,6000022,True,False,17.7255,0,0,2.329,0.519,33,279.99
distance_sensors,start_drift,0.1,12,6000022,False,False,7.1254,1,3,3.652,3.522,11,94.5
apriltag,start_drift,0.1,12,6000022,True,False,18.9499,0,15,12.432,1.951,32,25.0
full_suite,start_drift,0.1,12,6000022,True,False,16.7218,0,10,7.005,0.656,28,399.49
dead_reckoning,start_drift,0.1,13,6000023,False,False,4.9246,0,0,0.148,3.904,10,0.0
odometry_pods,start_drift,0.1,13,6000023,True,False,5.4701,0,0,0.142,0.931,10,279.99
distance_sensors,start_drift,0.1,13,6000023,True,False,4.5557,0,0,0.154,5.235,9,94.5
apriltag,start_drift,0.1,13,6000023,False,False,5.3849,0,0,0.192,4.243,10,25.0
full_suite,start_drift,0.1,13,6000023,True,False,4.7047,0,0,0.153,0.788,9,399.49
dead_reckoning,start_drift,0.1,14,6000024,True,False,2.1508,0,0,0.136,2.109,4,0.0
odometry_pods,start_drift,0.1,14,6000024,True,False,2.1508,0,0,0.135,0.422,4,279.99
distance_sensors,start_drift,0.1,14,6000024,True,False,2.1508,0,0,0.065,2.109,4,94.5
apriltag,start_drift,0.1,14,6000024,True,False,2.1508,0,0,0.137,2.109,4,25.0
full_suite,start_drift,0.1,14,6000024,True,False,2.1508,0,0,0.064,0.422,4,399.49
dead_reckoning,start_drift,0.1,15,6000025,False,False,3.1554,1,0,0.303,3.343,7,0.0
odometry_pods,start_drift,0.1,15,6000025,True,False,4.057,0,0,0.299,0.509,9,279.99
distance_sensors,start_drift,0.1,15,6000025,False,False,3.1554,1,0,0.157,3.343,7,94.5
apriltag,start_drift,0.1,15,6000025,True,False,4.157,0,2,0.507,1.975,9,25.0
full_suite,start_drift,0.1,15,6000025,True,False,4.157,0,2,0.162,0.395,9,399.49
dead_reckoning,start_drift,0.1,16,6000026,False,False,5.7973,0,0,0.734,8.852,10,0.0
odometry_pods,start_drift,0.1,16,6000026,True,False,5.1253,0,0,0.755,1.374,10,279.99
distance_sensors,start_drift,0.1,16,6000026,True,False,5.2612,0,0,0.601,7.892,9,94.5
apriltag,start_drift,0.1,16,6000026,True,False,5.4753,0,7,4.042,1.87,10,25.0
full_suite,start_drift,0.1,16,6000026,True,False,5.8753,0,7,0.887,0.391,10,399.49
dead_reckoning,start_drift,0.1,17,6000027,False,False,8.8546,1,0,1.346,10.674,19,0.0
odometry_pods,start_drift,0.1,17,6000027,True,False,10.407,0,0,1.478,2.52,20,279.99
distance_sensors,start_drift,0.1,17,6000027,False,False,6.3658,0,1,4.688,6.176,10,94.5
apriltag,start_drift,0.1,17,6000027,True,False,11.007,0,12,7.473,1.709,20,25.0
full_suite,start_drift,0.1,17,6000027,True,False,10.757,0,15,3.434,0.296,20,399.49
dead_reckoning,start_drift,0.1,18,6000028,False,False,2.1135,1,0,1.455,4.146,3,0.0
odometry_pods,start_drift,0.1,18,6000028,True,False,13.3717,0,0,1.443,1.282,25,279.99
distance_sensors,start_drift,0.1,18,6000028,False,False,6.5177,1,2,1.65,4.099,11,94.5
apriltag,start_drift,0.1,18,6000028,False,False,2.1135,1,0,1.672,4.146,3,25.0
full_suite,start_drift,0.1,18,6000028,False,False,1.647,1,0,0.68,0.728,3,399.49
dead_reckoning,start_drift,0.1,19,6000029,False,False,12.0581,1,0,1.482,8.611,20,0.0
odometry_pods,start_drift,0.1,19,6000029,True,False,12.0369,0,0,1.491,1.454,21,279.99
distance_sensors,start_drift,0.1,19,6000029,False,False,1.378,1,1,0.577,3.142,2,94.5
apriltag,start_drift,0.1,19,6000029,True,False,12.7869,0,15,10.83,1.165,21,25.0
full_suite,start_drift,0.1,19,6000029,False,False,1.6633,1,1,0.622,0.631,2,399.49
dead_reckoning,start_drift,0.1,20,6000030,False,False,4.5199,0,0,0.178,5.13,7,0.0
odometry_pods,start_drift,0.1,20,6000030,True,False,4.3819,0,0,0.186,1.111,7,279.99
distance_sensors,start_drift,0.1,20,6000030,False,False,4.5199,0,0,0.143,4.444,7,94.5
apriltag,start_drift,0.1,20,6000030,False,False,4.5199,0,0,0.183,5.13,7,25.0
full_suite,start_drift,0.1,20,6000030,True,False,4.4319,0,1,0.18,0.703,7,399.49
dead_reckoning,start_drift,0.1,21,6000031,False,False,13.3198,0,0,1.71,9.9,22,0.0
odometry_pods,start_drift,0.1,21,6000031,True,False,12.3223,0,0,2.693,1.476,22,279.99
distance_sensors,start_drift,0.1,21,6000031,False,False,0.0,1,0,0.539,0.0,0,94.5
apriltag,start_drift,0.1,21,6000031,True,False,13.175,0,16,9.38,0.814,22,25.0
full_suite,start_drift,0.1,21,6000031,False,False,0.0,1,0,0.586,0.0,0,399.49
dead_reckoning,start_drift,0.1,22,6000032,False,False,12.1155,0,0,1.894,4.402,25,0.0
odometry_pods,start_drift,0.1,22,6000032,True,False,12.8303,0,0,1.76,0.528,25,279.99
distance_sensors,start_drift,0.1,22,6000032,False,False,11.1498,0,1,1.325,4.674,19,94.5
apriltag,start_drift,0.1,22,6000032,True,False,13.7303,0,2,2.81,2.596,26,25.0
full_suite,start_drift,0.1,22,6000032,True,False,11.4185,0,9,2.399,0.371,19,399.49
dead_reckoning,start_drift,0.1,23,6000033,False,False,8.5897,1,0,0.574,7.582,14,0.0
odometry_pods,start_drift,0.1,23,6000033,True,False,7.8699,0,0,0.567,1.49,15,279.99
distance_sensors,start_drift,0.1,23,6000033,False,False,0.0,1,0,0.233,0.0,0,94.5
apriltag,start_drift,0.1,23,6000033,True,False,10.161,0,7,1.929,1.668,15,25.0
full_suite,start_drift,0.1,23,6000033,False,False,0.0,1,0,0.3,0.0,0,399.49
dead_reckoning,start_drift,0.1,24,6000034,True,False,8.3202,0,0,1.09,6.001,13,0.0
odometry_pods,start_drift,0.1,24,6000034,True,False,8.3842,0,0,1.149,1.496,14,279.99
distance_sensors,start_drift,0.1,24,6000034,False,False,6.4116,1,2,0.4,7.02,11,94.5
apriltag,start_drift,0.1,24,6000034,True,False,8.5342,0,3,1.6,3.397,14,25.0
full_suite,start_drift,0.1,24,6000034,True,False,7.4287,0,5,0.615,0.546,14,399.49
dead_reckoning,start_drift,0.2,0,6000020,False,False,2.2523,1,0,0.249,10.915,4,0.0
odometry_pods,start_drift,0.2,0,6000020,False,False,2.2523,1,0,0.248,8.971,4,279.99
distance_sensors,start_drift,0.2,0,6000020,True,False,3.3883,0,0,0.114,9.274,5,94.5
apriltag,start_drift,0.2,0,6000020,False,False,2.2523,1,0,0.261,10.915,4,25.0
full_suite,start_drift,0.2,0,6000020,True,False,3.3883,0,0,0.107,8.631,5,399.49
dead_reckoning,start_drift,0.2,1,6000021,False,False,6.4601,0,0,0.314,8.865,9,0.0
odometry_pods,start_drift,0.2,1,6000021,False,False,5.9748,0,0,0.362,6.504,9,279.99
distance_sensors,start_drift,0.2,1,6000021,False,False,4.5829,0,0,0.189,9.906,8,94.5
apriltag,start_drift,0.2,1,6000021,False,False,7.1609,0,1,0.344,6.973,10,25.0
full_suite,start_drift,0.2,1,6000021,False,False,4.4682,0,0,0.186,6.839,8,399.49
dead_reckoning,start_drift,0.2,2,6000022,False,False,15.9492,1,0,2.236,8.977,28,0.0
odometry_pods,start_drift,0.2,2,6000022,False,False,14.9734,1,0,2.296,8.321,28,279.99
distance_sensors,start_drift,0.2,2,6000022,False,False,15.4012,1,3,3.564,7.21,26,94.5
apriltag,start_drift,0.2,2,6000022,True,False,19.3524,0,16,14.081,2.715,33,25.0
full_suite,start_drift,0.2,2,6000022,False,False,8.1416,1,6,3.108,1.517,14,399.49
dead_reckoning,start_drift,0.2,3,6000023,False,False,4.9362,0,0,0.16,6.414,10,0.0
odometry_pods,start_drift,0.2,3,6000023,False,False,5.4817,0,0,0.151,5.652,10,279.99
distance_sensors,start_drift,0.2,3,6000023,False,False,5.8376,0,0,0.175,6.389,9,94.5
apriltag,start_drift,0.2,3,6000023,False,False,4.9362,0,0,0.165,6.414,10,25.0
full_suite,start_drift,0.2,3,6000023,False,False,5.1162,0,0,0.187,5.81,9,399.49
dead_reckoning,start_drift,0.2,4,6000024,False,False,2.1703,0,0,0.137,7.575,4,0.0
odometry_pods,start_drift,0.2,4,6000024,False,False,2.1703,0,0,0.134,6.29,4,279.99
distance_sensors,start_drift,0.2,4,6000024,False,False,2.1703,0,0,0.063,7.575,4,94.5
apriltag,start_drift,0.2,4,6000024,False,False,2.1703,0,0,0.137,7.575,4,25.0
full_suite,start_drift,0.2,4,6000024,False,False,2.1703,0,0,0.062,6.29,4,399.49
dead_reckoning,start_drift,0.2,5,6000025,False,False,3.9169,1,0,0.299,9.802,8,0.0
odometry_pods,start_drift,0.2,5,6000025,False,False,3.6316,1,0,0.298,8.718,8,279.99
distance_sensors,start_drift,0.2,5,6000025,False,False,0.0,0,0,4.039,8.485,0,94.5
apriltag,start_drift,0.2,5,6000025,True,False,5.9339,0,3,0.577,1.765,11,25.0
full_suite,start_drift,0.2,5,6000025,False,False,0.0,0,0,4.263,8.485,0,399.49
dead_reckoning,start_drift,0.2,6,6000026,False,False,4.428,1,0,0.843,10.884,8,0.0
odometry_pods,start_drift,0.2,6,6000026,False,False,5.1428,0,0,0.754,6.87,10,279.99
distance_sensors,start_drift,0.2,6,6000026,False,False,6.2235,0,0,0.23,13.034,9,94.5
apriltag,start_drift,0.2,6,6000026,True,False,4.992,0,6,2.352,2.619,9,25.0
full_suite,start_drift,0.2,6,6000026,False,False,3.1389,1,5,0.571,0.256,5,399.49
dead_reckoning,start_drift,0.2,7,6000027,False,False,8.8572,1,0,1.545,5.769,19,0.0
odometry_pods,start_drift,0.2,7,6000027,False,False,10.4095,0,0,1.364,4.052,20,279.99
distance_sensors,start_drift,0.2,7,6000027,False,False,5.2676,1,0,0.444,4.909,9,94.5
apriltag,start_drift,0.2,7,6000027,True,False,10.5588,0,12,7.136,1.36,19,25.0
full_suite,start_drift,0.2,7,6000027,True,False,10.6588,0,14,3.002,0.211,19,399.49
dead_reckoning,start_drift,0.2,8,6000028,False,False,2.1135,1,0,1.452,4.146,3,0.0
odometry_pods,start_drift,0.2,8,6000028,True,False,13.3717,0,0,1.5,1.282,25,279.99
distance_sensors,start_drift,0.2,8,6000028,False,False,6.5177,1,2,1.305,4.099,11,94.5
apriltag,start_drift,0.2,8,6000028,False,False,2.1135,1,0,1.544,4.146,3,25.0
full_suite,start_drift,0.2,8,6000028,False,False,1.647,1,0,0.646,0.728,3,399.49
dead_reckoning,start_drift,0.2,9,6000029,False,False,3.9391,1,0,1.489,14.601,6,0.0
odometry_pods,start_drift,0.2,9,6000029,False,False,11.4044,1,0,1.55,10.003,20,279.99
distance_sensors,start_drift,0.2,9,6000029,False,False,3.3818,1,4,1.231,13.709,6,94.5
apriltag,start_drift,0.2,9,6000029,False,False,11.9198,1,15,10.555,4.051,19,25.0
full_suite,start_drift,0.2,9,6000029,True,False,10.7934,0,9,1.671,0.598,21,399.49
dead_reckoning,start_drift,0.2,10,6000030,False,False,0.5592,1,0,0.176,7.261,1,0.0
odometry_pods,start_drift,0.2,10,6000030,False,False,0.5592,1,0,0.171,6.227,1,279.99
distance_sensors,start_drift,0.2,10,6000030,False,False,5.3085,0,0,0.268,8.512,8,94.5
apriltag,start_drift,0.2,10,6000030,False,False,0.5592,1,0,0.199,7.261,1,25.0
full_suite,start_drift,0.2,10,6000030,True,False,4.9852,0,2,0.329,2.947,8,399.49
dead_reckoning,start_drift,0.2,11,6000031,False,False,13.3198,0,0,1.496,9.9,22,0.0
odometry_pods,start_drift,0.2,11,6000031,True,False,12.3223,0,0,1.509,1.476,22,279.99
distance_sensors,start_drift,0.2,11,6000031,False,False,0.0,1,0,0.578,0.0,0,94.5
apriltag,start_drift,0.2,11,6000031,True,False,13.175,0,16,8.998,0.814,22,25.0
full_suite,start_drift,0.2,11,6000031,False,False,0.0,1,0,0.554,0.0,0,399.49
dead_reckoning,start_drift,0.2,12,6000032,True,False,12.1234,0,0,1.76,4.327,25,0.0
odometry_pods,start_drift,0.2,12,6000032,False,False,8.0452,1,0,1.879,5.665,15,279.99
distance_sensors,start_drift,0.2,12,6000032,False,False,1.9094,1,2,2.277,2.363,3,94.5
apriltag,start_drift,0.2,12,6000032,True,False,12.8875,0,2,3.274,2.953,25,25.0
full_suite,start_drift,0.2,12,6000032,False,False,1.9094,1,2,2.257,5.234,3,399.49
dead_reckoning,start_drift,0.2,13,6000033,False,False,3.0572,1,0,0.573,9.051,5,0.0
odometry_pods,start_drift,0.2,13,6000033,False,False,7.1142,1,0,0.586,7.344,14,279.99
distance_sensors,start_drift,0.2,13,6000033,False,False,0.0,0,0,4.127,6.0,0,94.5
apriltag,start_drift,0.2,13,6000033,False,False,3.0572,1,0,0.613,9.051,5,25.0
full_suite,start_drift,0.2,13,6000033,False,False,0.0,0,0,4.434,6.0,0,399.49
dead_reckoning,start_drift,0.2,14,6000034,False,False,0.0,1,0,1.08,8.485,0,0.0
odometry_pods,start_drift,0.2,14,6000034,False,False,0.0,1,0,1.082,8.485,0,279.99
distance_sensors,start_drift,0.2,14,6000034,False,False,0.0,0,0,4.011,8.485,0,94.5
apriltag,start_drift,0.2,14,6000034,False,False,0.0,1,0,1.118,8.485,0,25.0
full_suite,start_drift,0.2,14,6000034,False,False,0.0,0,0,4.295,8.485,0,399.49
dead_reckoning,start_drift,0.2,15,6000035,False,False,0.0,1,0,0.14,8.485,0,0.0
odometry_pods,start_drift,0.2,15,6000035,False,False,0.0,1,0,0.134,8.485,0,279.99
distance_sensors,start_drift,0.2,15,6000035,False,False,3.1554,1,0,0.129,7.145,7,94.5
apriltag,start_drift,0.2,15,6000035,False,False,0.0,1,0,0.157,8.485,0,25.0
full_suite,start_drift,0.2,15,6000035,True,False,4.107,0,1,0.18,0.968,9,399.49
dead_reckoning,start_drift,0.2,16,6000036,False,False,5.6588,0,0,0.345,6.164,10,0.0
odometry_pods,start_drift,0.2,16,6000036,False,False,4.5572,1,0,0.343,7.733,8,279.99
distance_sensors,start_drift,0.2,16,6000036,False,False,0.0,1,0,0.163,8.485,0,94.5
apriltag,start_drift,0.2,16,6000036,True,False,5.9941,0,5,1.469,0.232,10,25.0
full_suite,start_drift,0.2,16,6000036,False,False,0.0,1,0,0.16,5.289,0,399.49
dead_reckoning,start_drift,0.2,17,6000037,False,False,4.0546,1,0,2.223,11.631,7,0.0
odometry_pods,start_drift,0.2,17,6000037,False,False,10.2163,1,0,2.313,9.486,18,279.99
distance_sensors,start_drift,0.2,17,6000037,False,False,3.7933,1,0,0.428,10.107,7,94.5
apriltag,start_drift,0.2,17,6000037,False,False,13.0694,0,9,6.584,5.637,22,25.0
full_suite,start_drift,0.2,17,6000037,False,False,8.8026,1,4,0.919,0.125,14,399.49
dead_reckoning,start_drift,0.2,18,6000038,False,False,3.119,1,0,0.509,7.619,5,0.0
odometry_pods,start_drift,0.2,18,6000038,False,False,3.119,1,0,0.648,8.312,5,279.99
distance_sensors,start_drift,0.2,18,6000038,False,False,6.9626,0,0,0.763,6.178,14,94.5
apriltag,start_drift,0.2,18,6000038,False,False,3.119,1,0,0.56,7.619,5,25.0
full_suite,start_drift,0.2,18,6000038,True,False,6.8273,0,3,0.509,0.323,13,399.49
dead_reckoning,start_drift,0.2,19,6000039,False,False,7.5123,0,0,0.273,6.468,11,0.0
odometry_pods,start_drift,0.2,19,6000039,False,False,6.4565,0,0,0.311,8.048,11,279.99
distance_sensors,start_drift,0.2,19,6000039,False,False,5.6747,0,0,0.191,5.576,8,94.5
apriltag,start_drift,0.2,19,6000039,True,False,7.0925,0,2,0.701,0.914,12,25.0
full_suite,start_drift,0.2,19,6000039,False,False,4.4189,0,0,0.196,6.268,8,399.49
dead_reckoning,start_drift,0.2,20,6000040,False,False,5.0847,0,0,0.575,6.716,9,0.0
odometry_pods,start_drift,0.2,20,6000040,False,False,5.0847,0,0,0.559,5.862,9,279.99
distance_sensors,start_drift,0.2,20,6000040,True,False,4.3697,0,1,0.27,4.876,8,94.5
apriltag,start_drift,0.2,20,6000040,True,False,4.8839,0,5,1.432,3.611,8,25.0
full_suite,start_drift,0.2,20,6000040,True,False,4.5197,0,4,0.365,1.23,8,399.49
dead_reckoning,start_drift,0.2,21,6000041,False,False,2.6747,0,0,0.152,5.994,5,0.0
odometry_pods,start_drift,0.2,21,6000041,True,False,2.7894,0,0,0.149,1.049,5,279.99
distance_sensors,start_drift,0.2,21,6000041,True,False,2.5894,0,0,0.095,5.078,5,94.5
apriltag,start_drift,0.2,21,6000041,False,False,2.2387,0,2,0.337,4.954,5,25.0
full_suite,start_drift,0.2,21,6000041,True,False,2.7394,0,3,0.243,0.5,5,399.49
dead_reckoning,start_drift,0.2,22,6000042,False,False,0.9361,1,0,0.397,6.265,1,0.0
odometry_pods,start_drift,0.2,22,6000042,False,False,0.9361,1,0,0.393,8.04,1,279.99
distance_sensors,start_drift,0.2,22,6000042,False,False,0.5361,1,0,0.239,6.265,1,94.5
apriltag,start_drift,0.2,22,6000042,False,False,0.9361,1,0,0.407,6.265,1,25.0
full_suite,start_drift,0.2,22,6000042,False,False,0.5361,1,0,0.236,8.04,1,399.49
dead_reckoning,start_drift,0.2,23,6000043,False,False,5.0244,1,0,1.308,10.833,10,0.0
odometry_pods,start_drift,0.2,23,6000043,False,False,5.3372,1,0,1.29,9.076,10,279.99
distance_sensors,start_drift,0.2,23,6000043,False,False,3.1333,1,1,0.714,11.937,5,94.5
apriltag,start_drift,0.2,23,6000043,True,False,11.4383,0,6,6.022,2.259,23,25.0
full_suite,start_drift,0.2,23,6000043,False,False,8.3395,1,5,1.717,0.407,13,399.49
dead_reckoning,start_drift,0.2,24,6000044,False,False,7.0507,1,0,0.897,12.113,11,0.0
odometry_pods,start_drift,0.2,24,6000044,False,False,6.5276,1,0,0.892,8.886,12,279.99
distance_sensors,start_drift,0.2,24,6000044,False,False,3.0868,1,0,0.204,7.054,5,94.5
apriltag,start_drift,0.2,24,6000044,False,False,7.0507,1,0,0.907,12.113,11,25.0
full_suite,start_drift,0.2,24,6000044,False,False,5.757,1,0,0.199,8.783,12,399.49
dead_reckoning,start_drift,0.3,0,6000030,False,False,0.5592,1,0,0.242,7.261,1,0.0
odometry_pods,start_drift,0.3,0,6000030,False,False,0.5592,1,0,0.247,6.227,1,279.99
distance_sensors,start_drift,0.3,0,6000030,False,False,5.3085,0,0,0.253,8.512,8,94.5
apriltag,start_drift,0.3,0,6000030,False,False,0.5592,1,0,0.202,7.261,1,25.0
full_suite,start_drift,0.3,0,6000030,True,False,4.9852,0,2,0.356,2.947,8,399.49
dead_reckoning,start_drift,0.3,1,6000031,False,False,13.3198,0,0,1.496,9.9,22,0.0
odometry_pods,start_drift,0.3,1,6000031,True,False,12.3223,0,0,1.497,1.476,22,279.99
distance_sensors,start_drift,0.3,1,6000031,False,False,0.0,1,0,0.513,0.0,0,94.5
apriltag,start_drift,0.3,1,6000031,True,False,13.175,0,16,9.191,0.814,22,25.0
full_suite,start_drift,0.3,1,6000031,False,False,0.0,1,0,0.533,0.0,0,399.49
dead_reckoning,start_drift,0.3,2,6000032,True,False,12.1234,0,0,1.784,4.327,25,0.0
odometry_pods,start_drift,0.3,2,6000032,False,False,8.0452,1,0,1.752,5.665,15,279.99
distance_sensors,start_drift,0.3,2,6000032,False,False,1.9094,1,2,2.212,2.363,3,94.5
apriltag,start_drift,0.3,2,6000032,True,False,12.8875,0,2,3.126,2.953,25,25.0
full_suite,start_drift,0.3,2,6000032,False,False,1.9094,1,2,2.206,5.234,3,399.49
dead_reckoning,start_drift,0.3,3,6000033,False,False,3.0572,1,0,0.576,9.051,5,0.0
odometry_pods,start_drift,0.3,3,6000033,False,False,7.1142,1,0,0.57,7.344,14,279.99
distance_sensors,start_drift,0.3,3,6000033,False,False,0.0,0,0,4.378,6.0,0,94.5
apriltag,start_drift,0.3,3,6000033,False,False,3.0572,1,0,0.639,9.051,5,25.0
full_suite,start_drift,0.3,3,6000033,False,False,0.0,0,0,4.354,6.0,0,399.49
dead_reckoning,start_drift,0.3,4,6000034,False,False,0.0,1,0,1.082,8.485,0,0.0
odometry_pods,start_drift,0.3,4,6000034,False,False,0.0,1,0,1.087,8.485,0,279.99
distance_sensors,start_drift,0.3,4,6000034,False,False,0.0,0,0,3.971,8.485,0,94.5
apriltag,start_drift,0.3,4,6000034,False,False,0.0,1,0,1.11,8.485,0,25.0
full_suite,start_drift,0.3,4,6000034,False,False,0.0,0,0,3.991,8.485,0,399.49
dead_reckoning,start_drift,0.3,5,6000035,False,False,0.0,1,0,0.14,8.485,0,0.0
odometry_pods,start_drift,0.3,5,6000035,False,False,0.0,1,0,0.133,8.485,0,279.99
distance_sensors,start_drift,0.3,5,6000035,False,False,3.1554,1,0,0.13,7.145,7,94.5
apriltag,start_drift,0.3,5,6000035,False,False,0.0,1,0,0.158,8.485,0,25.0
full_suite,start_drift,0.3,5,6000035,True,False,4.107,0,1,0.184,0.968,9,399.49
dead_reckoning,start_drift,0.3,6,6000036,False,False,5.6588,0,0,0.345,6.164,10,0.0
odometry_pods,start_drift,0.3,6,6000036,False,False,4.5572,1,0,0.344,7.733,8,279.99
distance_sensors,start_drift,0.3,6,6000036,False,False,0.0,1,0,0.133,8.485,0,94.5
apriltag,start_drift,0.3,6,6000036,True,False,5.9941,0,5,1.373,0.232,10,25.0
full_suite,start_drift,0.3,6,6000036,False,False,0.0,1,0,0.13,5.289,0,399.49
dead_reckoning,start_drift,0.3,7,6000037,False,False,4.0546,1,0,2.206,11.631,7,0.0
odometry_pods,start_drift,0.3,7,6000037,False,False,10.2163,1,0,2.206,9.486,18,279.99
distance_sensors,start_drift,0.3,7,6000037,False,False,3.7933,1,0,0.41,10.107,7,94.5
apriltag,start_drift,0.3,7,6000037,False,False,13.0694,0,9,6.634,5.637,22,25.0
full_suite,start_drift,0.3,7,6000037,False,False,8.8026,1,4,0.978,0.125,14,399.49
dead_reckoning,start_drift,0.3,8,6000038,False,False,3.119,1,0,0.465,7.619,5,0.0
odometry_pods,start_drift,0.3,8,6000038,False,False,3.119,1,0,0.46,8.312,5,279.99
distance_sensors,start_drift,0.3,8,6000038,False,False,6.9626,0,0,0.353,6.178,14,94.5
apriltag,start_drift,0.3,8,6000038,False,False,3.119,1,0,0.499,7.619,5,25.0
full_suite,start_drift,0.3,8,6000038,True,False,6.8273,0,3,0.488,0.323,13,399.49
dead_reckoning,start_drift,0.3,9,6000039,False,False,7.5123,0,0,0.272,6.468,11,0.0
odometry_pods,start_drift,0.3,9,6000039,False,False,6.4565,0,0,0.271,8.048,11,279.99
distance_sensors,start_drift,0.3,9,6000039,False,False,5.6747,0,0,0.18,5.576,8,94.5
apriltag,start_drift,0.3,9,6000039,True,False,7.0925,0,2,0.684,0.914,12,25.0
full_suite,start_drift,0.3,9,6000039,False,False,4.4189,0,0,0.179,6.268,8,399.49
dead_reckoning,start_drift,0.3,10,6000040,False,False,5.0847,0,0,1.003,6.716,9,0.0
odometry_pods,start_drift,0.3,10,6000040,False,False,5.0847,0,0,0.674,5.862,9,279.99
distance_sensors,start_drift,0.3,10,6000040,True,False,4.3697,0,1,0.279,4.876,8,94.5
apriltag,start_drift,0.3,10,6000040,True,False,4.8839,0,5,1.531,3.611,8,25.0
full_suite,start_drift,0.3,10,6000040,True,False,4.5197,0,4,0.364,1.23,8,399.49
dead_reckoning,start_drift,0.3,11,6000041,False,False,2.6747,0,0,0.151,5.994,5,0.0
odometry_pods,start_drift,0.3,11,6000041,True,False,2.7894,0,0,0.15,1.049,5,279.99
distance_sensors,start_drift,0.3,11,6000041,True,False,2.5894,0,0,0.093,5.078,5,94.5
apriltag,start_drift,0.3,11,6000041,False,False,2.2387,0,2,0.375,4.954,5,25.0
full_suite,start_drift,0.3,11,6000041,True,False,2.7394,0,3,0.239,0.5,5,399.49
dead_reckoning,start_drift,0.3,12,6000042,False,False,0.9361,1,0,0.405,6.265,1,0.0
odometry_pods,start_drift,0.3,12,6000042,False,False,0.9361,1,0,0.401,8.04,1,279.99
distance_sensors,start_drift,0.3,12,6000042,False,False,0.5361,1,0,0.331,6.265,1,94.5
apriltag,start_drift,0.3,12,6000042,False,False,0.9361,1,0,0.451,6.265,1,25.0
full_suite,start_drift,0.3,12,6000042,False,False,0.5361,1,0,0.282,8.04,1,399.49
dead_reckoning,start_drift,0.3,13,6000043,False,False,5.0244,1,0,1.312,10.833,10,0.0
odometry_pods,start_drift,0.3,13,6000043,False,False,5.3372,1,0,1.299,9.076,10,279.99
distance_sensors,start_drift,0.3,13,6000043,False,False,3.1333,1,1,0.734,11.937,5,94.5
apriltag,start_drift,0.3,13,6000043,True,False,11.4383,0,6,6.174,2.259,23,25.0
full_suite,start_drift,0.3,13,6000043,False,False,8.3395,1,5,1.909,0.407,13,399.49
dead_reckoning,start_drift,0.3,14,6000044,False,False,7.0507,1,0,0.91,12.113,11,0.0
odometry_pods,start_drift,0.3,14,6000044,False,False,6.5276,1,0,0.896,8.886,12,279.99
distance_sensors,start_drift,0.3,14,6000044,False,False,3.0868,1,0,0.2,7.054,5,94.5
apriltag,start_drift,0.3,14,6000044,False,False,7.0507,1,0,0.955,12.113,11,25.0
full_suite,start_drift,0.3,14,6000044,False,False,5.757,1,0,0.209,8.783,12,399.49
dead_reckoning,start_drift,0.3,15,6000045,False,False,0.0,1,0,2.022,8.485,0,0.0
odometry_pods,start_drift,0.3,15,6000045,False,False,0.0,1,0,1.975,8.485,0,279.99
distance_sensors,start_drift,0.3,15,6000045,False,False,8.4094,1,3,2.438,15.303,13,94.5
apriltag,start_drift,0.3,15,6000045,False,False,0.0,1,0,2.161,8.485,0,25.0
full_suite,start_drift,0.3,15,6000045,False,False,2.7906,1,4,3.458,2.523,4,399.49
dead_reckoning,start_drift,0.3,16,6000046,False,False,4.382,1,0,0.545,3.252,8,0.0
odometry_pods,start_drift,0.3,16,6000046,True,False,11.1437,0,0,0.545,1.982,23,279.99
distance_sensors,start_drift,0.3,16,6000046,False,False,4.432,1,1,0.302,3.252,8,94.5
apriltag,start_drift,0.3,16,6000046,False,False,4.382,1,0,0.583,3.252,8,25.0
full_suite,start_drift,0.3,16,6000046,True,False,11.1937,0,1,0.303,1.982,23,399.49
dead_reckoning,start_drift,0.3,17,6000047,False,False,3.2136,1,0,1.512,12.892,4,0.0
odometry_pods,start_drift,0.3,17,6000047,False,False,2.7283,1,0,1.392,9.28,4,279.99
distance_sensors,start_drift,0.3,17,6000047,False,False,11.2689,0,0,0.331,11.567,18,94.5
apriltag,start_drift,0.3,17,6000047,False,False,3.2136,1,0,1.343,12.892,4,25.0
full_suite,start_drift,0.3,17,6000047,True,False,9.7811,0,3,0.715,2.831,19,399.49
dead_reckoning,start_drift,0.3,18,6000048,False,False,9.2874,0,0,1.07,6.934,17,0.0
odometry_pods,start_drift,0.3,18,6000048,False,False,4.2346,1,0,1.055,8.235,8,279.99
distance_sensors,start_drift,0.3,18,6000048,False,False,1.7454,1,1,0.444,9.655,3,94.5
apriltag,start_drift,0.3,18,6000048,True,False,8.3133,0,2,1.961,0.788,16,25.0
full_suite,start_drift,0.3,18,6000048,False,False,2.1962,1,1,0.331,3.354,4,399.49
dead_reckoning,start_drift,0.3,19,6000049,False,False,8.7149,1,0,1.109,5.375,15,0.0
odometry_pods,start_drift,0.3,19,6000049,False,False,8.7149,1,0,1.107,7.854,15,279.99
distance_sensors,start_drift,0.3,19,6000049,False,False,8.645,1,0,0.366,5.16,13,94.5
apriltag,start_drift,0.3,19,6000049,True,False,9.551,0,2,1.396,1.636,17,25.0
full_suite,start_drift,0.3,19,6000049,True,False,8.2803,0,3,0.827,0.334,13,399.49
dead_reckoning,start_drift,0.3,20,6000050,False,False,5.8338,0,0,0.701,11.073,11,0.0
odometry_pods,start_drift,0.3,20,6000050,False,False,6.0647,0,0,0.699,6.686,11,279.99
distance_sensors,start_drift,0.3,20,6000050,False,False,6.1631,1,0,0.302,9.241,9,94.5
apriltag,start_drift,0.3,20,6000050,True,False,6.65,0,10,3.999,2.322,11,25.0
full_suite,start_drift,0.3,20,6000050,True,False,6.1345,0,3,0.625,1.585,10,399.49
dead_reckoning,start_drift,0.3,21,6000051,True,False,2.7047,0,0,0.245,7.199,6,0.0
odometry_pods,start_drift,0.3,21,6000051,True,False,2.7047,0,0,0.237,6.236,6,279.99
distance_sensors,start_drift,0.3,21,6000051,True,False,2.7047,0,0,0.053,7.199,6,94.5
apriltag,start_drift,0.3,21,6000051,True,False,2.7047,0,0,0.24,7.199,6,25.0
full_suite,start_drift,0.3,21,6000051,True,False,2.7047,0,0,0.053,6.236,6,399.49
dead_reckoning,start_drift,0.3,22,6000052,False,False,11.8292,0,0,1.555,7.988,21,0.0
odometry_pods,start_drift,0.3,22,6000052,False,False,11.7419,0,0,1.569,8.27,21,279.99
distance_sensors,start_drift,0.3,22,6000052,False,False,1.223,1,0,0.571,8.962,2,94.5
apriltag,start_drift,0.3,22,6000052,True,False,11.0904,0,5,2.774,1.475,20,25.0
full_suite,start_drift,0.3,22,6000052,False,False,1.223,1,0,0.574,8.577,2,399.49
dead_reckoning,start_drift,0.3,23,6000053,False,False,11.0855,1,0,1.108,3.884,18,0.0
odometry_pods,start_drift,0.3,23,6000053,True,False,10.5409,0,0,1.127,1.264,19,279.99
distance_sensors,start_drift,0.3,23,6000053,True,False,8.1847,0,1,0.774,3.732,17,94.5
apriltag,start_drift,0.3,23,6000053,False,False,8.5258,1,1,2.198,3.55,16,25.0
full_suite,start_drift,0.3,23,6000053,True,False,8.4488,0,1,0.921,1.194,17,399.49
dead_reckoning,start_drift,0.3,24,6000054,False,False,6.7196,1,0,1.232,8.587,14,0.0
odometry_pods,start_drift,0.3,24,6000054,False,False,7.2477,1,0,1.191,6.654,14,279.99
distance_sensors,start_drift,0.3,24,6000054,False,False,6.5659,1,0,0.384,9.769,14,94.5
apriltag,start_drift,0.3,24,6000054,False,False,7.3394,1,2,1.802,6.433,13,25.0
full_suite,start_drift,0.3,24,6000054,False,False,6.9644,1,2,0.686,4.247,13,399.49
dead_reckoning,start_drift,0.4,0,6000040,False,False,5.0847,0,0,0.559,6.716,9,0.0
odometry_pods,start_drift,0.4,0,6000040,False,False,5.0847,0,0,0.556,5.862,9,279.99
distance_sensors,start_drift,0.4,0,6000040,True,False,4.3697,0,1,0.274,4.876,8,94.5
apriltag,start_drift,0.4,0,6000040,True,False,4.8839,0,5,1.438,3.611,8,25.0
full_suite,start_drift,0.4,0,6000040,True,False,4.5197,0,4,0.364,1.23,8,399.49
dead_reckoning,start_drift,0.4,1,6000041,False,False,2.6747,0,0,0.152,5.994,5,0.0
odometry_pods,start_drift,0.4,1,6000041,True,False,2.7894,0,0,0.146,1.049,5,279.99
distance_sensors,start_drift,0.4,1,6000041,True,False,2.5894,0,0,0.103,5.078,5,94.5
apriltag,start_drift,0.4,1,6000041,False,False,2.2387,0,2,0.407,4.954,5,25.0
full_suite,start_drift,0.4,1,6000041,True,False,2.7394,0,3,0.237,0.5,5,399.49
dead_reckoning,start_drift,0.4,2,6000042,False,False,0.9361,1,0,0.425,6.265,1,0.0
odometry_pods,start_drift,0.4,2,6000042,False,False,0.9361,1,0,0.412,8.04,1,279.99
distance_sensors,start_drift,0.4,2,6000042,False,False,0.5361,1,0,0.249,6.265,1,94.5
apriltag,start_drift,0.4,2,6000042,False,False,0.9361,1,0,0.409,6.265,1,25.0
full_suite,start_drift,0.4,2,6000042,False,False,0.5361,1,0,0.243,8.04,1,399.49
dead_reckoning,start_drift,0.4,3,6000043,False,False,5.0244,1,0,1.307,10.833,10,0.0
odometry_pods,start_drift,0.4,3,6000043,False,False,5.3372,1,0,1.296,9.076,10,279.99
distance_sensors,start_drift,0.4,3,6000043,False,False,3.1333,1,1,0.715,11.937,5,94.5
apriltag,start_drift,0.4,3,6000043,True,False,11.4383,0,6,6.228,2.259,23,25.0
full_suite,start_drift,0.4,3,6000043,False,False,8.3395,1,5,1.704,0.407,13,399.49
dead_reckoning,start_drift,0.4,4,6000044,False,False,7.0507,1,0,0.911,12.113,11,0.0
odometry_pods,start_drift,0.4,4,6000044,False,False,6.5276,1,0,0.894,8.886,12,279.99
distance_sensors,start_drift,0.4,4,6000044,False,False,3.0868,1,0,0.2,7.054,5,94.5
apriltag,start_drift,0.4,4,6000044,False,False,7.0507,1,0,0.905,12.113,11,25.0
full_suite,start_drift,0.4,4,6000044,False,False,5.757,1,0,0.198,8.783,12,399.49
dead_reckoning,start_drift,0.4,5,6000045,False,False,0.0,1,0,1.961,8.485,0,0.0
odometry_pods,start_drift,0.4,5,6000045,False,False,0.0,1,0,2.001,8.485,0,279.99
distance_sensors,start_drift,0.4,5,6000045,False,False,8.4094,1,3,2.412,15.303,13,94.5
apriltag,start_drift,0.4,5,6000045,False,False,0.0,1,0,1.971,8.485,0,25.0
full_suite,start_drift,0.4,5,6000045,False,False,2.7906,1,4,3.354,2.523,4,399.49
dead_reckoning,start_drift,0.4,6,6000046,False,False,4.382,1,0,0.545,3.252,8,0.0
odometry_pods,start_drift,0.4,6,6000046,True,False,11.1437,0,0,0.577,1.982,23,279.99
distance_sensors,start_drift,0.4,6,6000046,False,False,4.432,1,1,0.301,3.252,8,94.5
apriltag,start_drift,0.4,6,6000046,False,False,4.382,1,0,0.562,3.252,8,25.0
full_suite,start_drift,0.4,6,6000046,True,False,11.1937,0,1,0.299,1.982,23,399.49
dead_reckoning,start_drift,0.4,7,6000047,False,False,3.2136,1,0,1.346,12.892,4,0.0
odometry_pods,start_drift,0.4,7,6000047,False,False,2.7283,1,0,1.365,9.28,4,279.99
distance_sensors,start_drift,0.4,7,6000047,False,False,11.2689,0,0,0.387,11.567,18,94.5
apriltag,start_drift,0.4,7,6000047,False,False,3.2136,1,0,1.471,12.892,4,25.0
full_suite,start_drift,0.4,7,6000047,True,False,9.7811,0,3,0.846,2.831,19,399.49
dead_reckoning,start_drift,0.4,8,6000048,False,False,9.2874,0,0,1.012,6.934,17,0.0
odometry_pods,start_drift,0.4,8,6000048,False,False,4.2346,1,0,1.0,8.235,8,279.99
distance_sensors,start_drift,0.4,8,6000048,False,False,1.7454,1,1,0.465,9.655,3,94.5
apriltag,start_drift,0.4,8,6000048,True,False,8.3133,0,2,1.965,0.788,16,25.0
full_suite,start_drift,0.4,8,6000048,False,False,2.1962,1,1,0.317,3.354,4,399.49
dead_reckoning,start_drift,0.4,9,6000049,False,False,8.7149,1,0,1.148,5.375,15,0.0
odometry_pods,start_drift,0.4,9,6000049,False,False,8.7149,1,0,1.106,7.854,15,279.99
distance_sensors,start_drift,0.4,9,6000049,False,False,8.645,1,0,0.368,5.16,13,94.5
apriltag,start_drift,0.4,9,6000049,True,False,9.551,0,2,1.378,1.636,17,25.0
full_suite,start_drift,0.4,9,6000049,True,False,8.2803,0,3,0.804,0.334,13,399.49
dead_reckoning,start_drift,0.4,10,6000050,False,False,5.8338,0,0,0.702,11.073,11,0.0
odometry_pods,start_drift,0.4,10,6000050,False,False,6.0647,0,0,0.699,6.686,11,279.99
distance_sensors,start_drift,0.4,10,6000050,False,False,6.1631,1,0,0.305,9.241,9,94.5
apriltag,start_drift,0.4,10,6000050,True,False,6.65,0,10,3.879,2.322,11,25.0
full_suite,start_drift,0.4,10,6000050,True,False,6.1345,0,3,0.602,1.585,10,399.49
dead_reckoning,start_drift,0.4,11,6000051,True,False,2.7047,0,0,0.237,7.199,6,0.0
odometry_pods,start_drift,0.4,11,6000051,True,False,2.7047,0,0,0.237,6.236,6,279.99
distance_sensors,start_drift,0.4,11,6000051,True,False,2.7047,0,0,0.052,7.199,6,94.5
apriltag,start_drift,0.4,11,6000051,True,False,2.7047,0,0,0.238,7.199,6,25.0
full_suite,start_drift,0.4,11,6000051,True,False,2.7047,0,0,0.052,6.236,6,399.49
dead_reckoning,start_drift,0.4,12,6000052,False,False,11.8292,0,0,1.514,7.988,21,0.0
odometry_pods,start_drift,0.4,12,6000052,False,False,11.7419,0,0,1.715,8.27,21,279.99
distance_sensors,start_drift,0.4,12,6000052,False,False,1.223,1,0,0.589,8.962,2,94.5
apriltag,start_drift,0.4,12,6000052,True,False,11.0904,0,5,2.449,1.475,20,25.0
full_suite,start_drift,0.4,12,6000052,False,False,1.223,1,0,0.579,8.577,2,399.49
dead_reckoning,start_drift,0.4,13,6000053,False,False,11.0855,1,0,1.107,3.884,18,0.0
odometry_pods,start_drift,0.4,13,6000053,True,False,10.5409,0,0,1.106,1.264,19,279.99
distance_sensors,start_drift,0.4,13,6000053,True,False,8.1847,0,1,0.776,3.732,17,94.5
apriltag,start_drift,0.4,13,6000053,False,False,8.5258,1,1,2.658,3.55,16,25.0
full_suite,start_drift,0.4,13,6000053,True,False,8.4488,0,1,0.787,1.194,17,399.49
dead_reckoning,start_drift,0.4,14,6000054,False,False,6.7196,1,0,1.221,8.587,14,0.0
odometry_pods,start_drift,0.4,14,6000054,False,False,7.2477,1,0,1.291,6.654,14,279.99
distance_sensors,start_drift,0.4,14,6000054,False,False,6.5659,1,0,0.427,9.769,14,94.5
apriltag,start_drift,0.4,14,6000054,False,False,7.3394,1,2,1.995,6.433,13,25.0
full_suite,start_drift,0.4,14,6000054,False,False,6.9644,1,2,0.652,4.247,13,399.49
dead_reckoning,start_drift,0.4,15,6000055,False,False,8.9044,1,0,1.838,7.025,16,0.0
odometry_pods,start_drift,0.4,15,6000055,False,False,14.7347,0,0,1.869,6.777,30,279.99
distance_sensors,start_drift,0.4,15,6000055,False,False,3.6917,1,2,1.661,2.418,6,94.5
apriltag,start_drift,0.4,15,6000055,False,False,15.3347,0,12,15.74,4.331,31,25.0
full_suite,start_drift,0.4,15,6000055,False,False,4.4558,1,4,2.288,1.605,7,399.49
dead_reckoning,start_drift,0.4,16,6000056,True,False,3.2249,0,0,0.194,6.909,5,0.0
odometry_pods,start_drift,0.4,16,6000056,True,False,3.5376,0,0,0.191,1.337,6,279.99
distance_sensors,start_drift,0.4,16,6000056,False,False,4.6384,0,1,0.165,7.161,7,94.5
apriltag,start_drift,0.4,16,6000056,True,False,3.7876,0,5,0.61,2.67,6,25.0
full_suite,start_drift,0.4,16,6000056,True,False,4.3876,0,5,0.32,0.59,6,399.49
dead_reckoning,start_drift,0.4,17,6000057,True,False,4.126,0,0,0.429,10.104,7,0.0
odometry_pods,start_drift,0.4,17,6000057,True,False,4.126,0,0,0.396,8.77,7,279.99
distance_sensors,start_drift,0.4,17,6000057,True,False,3.1554,0,0,0.131,10.328,7,94.5
apriltag,start_drift,0.4,17,6000057,True,False,5.6121,0,7,1.774,2.087,8,25.0
full_suite,start_drift,0.4,17,6000057,True,False,4.8415,0,7,0.563,0.22,8,399.49
dead_reckoning,start_drift,0.4,18,6000058,False,False,0.993,1,0,0.673,8.751,1,0.0
odometry_pods,start_drift,0.4,18,6000058,False,False,0.993,1,0,0.649,8.524,1,279.99
distance_sensors,start_drift,0.4,18,6000058,False,False,5.2706,0,1,0.325,9.703,11,94.5
apriltag,start_drift,0.4,18,6000058,False,False,0.993,1,0,0.665,8.751,1,25.0
full_suite,start_drift,0.4,18,6000058,False,False,2.9969,1,3,0.505,0.719,6,399.49
dead_reckoning,start_drift,0.4,19,6000059,False,False,12.9813,0,0,1.227,4.808,23,0.0
odometry_pods,start_drift,0.4,19,6000059,False,False,12.1529,0,0,1.214,6.132,23,279.99
distance_sensors,start_drift,0.4,19,6000059,False,False,0.0,1,0,0.348,6.0,0,94.5
apriltag,start_drift,0.4,19,6000059,False,False,13.1735,0,13,6.266,4.604,23,25.0
full_suite,start_drift,0.4,19,6000059,False,False,0.0,1,0,0.441,6.0,0,399.49
dead_reckoning,start_drift,0.4,20,6000060,False,False,4.8269,1,0,2.46,11.454,9,0.0
odometry_pods,start_drift,0.4,20,6000060,False,False,5.355,1,0,1.977,6.852,10,279.99
distance_sensors,start_drift,0.4,20,6000060,False,False,0.0,1,0,1.184,6.0,0,94.5
apriltag,start_drift,0.4,20,6000060,False,False,5.8403,1,0,2.526,9.143,10,25.0
full_suite,start_drift,0.4,20,6000060,False,False,0.0,1,0,0.872,3.952,0,399.49
dead_reckoning,start_drift,0.4,21,6000061,False,False,5.0666,0,0,0.374,4.226,10,0.0
odometry_pods,start_drift,0.4,21,6000061,False,False,5.3307,0,0,0.37,5.811,10,279.99
distance_sensors,start_drift,0.4,21,6000061,False,False,4.9112,0,0,0.135,4.643,8,94.5
apriltag,start_drift,0.4,21,6000061,True,False,5.2799,0,8,2.007,2.92,9,25.0
full_suite,start_drift,0.4,21,6000061,True,False,4.1392,0,2,0.423,0.743,8,399.49
dead_reckoning,start_drift,0.4,22,6000062,False,False,9.2205,0,0,0.79,4.315,18,0.0
odometry_pods,start_drift,0.4,22,6000062,False,False,9.4846,0,0,0.859,5.531,18,279.99
distance_sensors,start_drift,0.4,22,6000062,False,False,8.4844,0,0,0.226,4.347,17,94.5
apriltag,start_drift,0.4,22,6000062,True,False,9.0838,0,1,1.166,0.753,17,25.0
full_suite,start_drift,0.4,22,6000062,True,False,8.4477,0,3,0.767,0.085,16,399.49
dead_reckoning,start_drift,0.4,23,6000063,False,False,3.8689,1,0,0.271,7.622,7,0.0
odometry_pods,start_drift,0.4,23,6000063,False,False,3.8689,1,0,0.265,6.238,7,279.99
distance_sensors,start_drift,0.4,23,6000063,False,False,0.0,0,0,4.745,6.0,0,94.5
apriltag,start_drift,0.4,23,6000063,False,False,3.8689,1,0,0.3,7.622,7,25.0
full_suite,start_drift,0.4,23,6000063,False,False,0.0,0,0,4.038,6.0,0,399.49
dead_reckoning,start_drift,0.4,24,6000064,False,False,2.6803,1,0,2.554,4.705,5,0.0
odometry_pods,start_drift,0.4,24,6000064,False,False,2.6803,1,0,2.417,5.641,5,279.99
distance_sensors,start_drift,0.4,24,6000064,False,False,3.7017,1,0,0.625,7.077,6,94.5
apriltag,start_drift,0.4,24,6000064,False,False,2.6803,1,0,2.436,4.705,5,25.0
full_suite,start_drift,0.4,24,6000064,False,False,2.6148,1,2,0.955,2.634,4,399.49
dead_reckoning,start_drift,0.5,0,6000050,False,False,5.09,1,0,0.703,14.509,10,0.0
odometry_pods,start_drift,0.5,0,6000050,False,False,5.5407,1,0,0.702,12.738,10,279.99
distance_sensors,start_drift,0.5,0,6000050,False,False,0.0,0,0,4.141,12.0,0,94.5
apriltag,start_drift,0.5,0,6000050,True,False,7.1129,0,10,4.142,1.951,13,25.0
full_suite,start_drift,0.5,0,6000050,False,False,0.0,0,0,4.184,8.749,0,399.49
dead_reckoning,start_drift,0.5,1,6000051,True,False,2.2539,0,0,0.24,12.447,5,0.0
odometry_pods,start_drift,0.5,1,6000051,True,False,2.2539,0,0,0.236,12.085,5,279.99
distance_sensors,start_drift,0.5,1,6000051,True,False,2.2539,0,0,0.054,12.447,5,94.5
apriltag,start_drift,0.5,1,6000051,True,False,2.2539,0,0,0.239,12.447,5,25.0
full_suite,start_drift,0.5,1,6000051,True,False,2.2539,0,0,0.053,12.085,5,399.49
dead_reckoning,start_drift,0.5,2,6000052,False,False,3.5207,1,0,1.56,17.025,6,0.0
odometry_pods,start_drift,0.5,2,6000052,False,False,3.5207,1,0,1.551,16.977,6,279.99
distance_sensors,start_drift,0.5,2,6000052,True,False,10.0315,0,2,1.722,15.216,16,94.5
apriltag,start_drift,0.5,2,6000052,False,False,3.5207,1,0,1.612,17.025,6,25.0
full_suite,start_drift,0.5,2,6000052,False,False,0.6259,1,1,0.894,11.321,1,399.49
dead_reckoning,start_drift,0.5,3,6000053,False,False,8.6585,1,0,1.223,11.195,14,0.0
odometry_pods,start_drift,0.5,3,6000053,False,False,7.7812,1,0,1.154,8.799,14,279.99
distance_sensors,start_drift,0.5,3,6000053,False,False,6.9383,1,1,0.525,10.517,14,94.5
apriltag,start_drift,0.5,3,6000053,False,False,9.9753,1,1,1.477,6.081,17,25.0
full_suite,start_drift,0.5,3,6000053,False,False,7.2023,1,1,0.527,6.154,14,399.49
dead_reckoning,start_drift,0.5,4,6000054,False,False,7.4317,0,0,1.26,8.035,15,0.0
odometry_pods,start_drift,0.5,4,6000054,False,False,7.9598,0,0,1.199,11.548,15,279.99
distance_sensors,start_drift,0.5,4,6000054,False,False,0.0,1,0,0.431,12.0,0,94.5
apriltag,start_drift,0.5,4,6000054,True,False,6.8942,0,2,1.946,2.784,13,25.0
full_suite,start_drift,0.5,4,6000054,False,False,0.0,1,0,0.425,12.0,0,399.49
dead_reckoning,start_drift,0.5,5,6000055,False,False,3.3204,1,0,1.912,11.88,5,0.0
odometry_pods,start_drift,0.5,5,6000055,False,False,2.8971,1,0,1.825,13.029,5,279.99
distance_sensors,start_drift,0.5,5,6000055,False,False,4.2754,1,3,2.068,8.497,7,94.5
apriltag,start_drift,0.5,5,6000055,False,False,3.3204,1,0,1.901,11.88,5,25.0
full_suite,start_drift,0.5,5,6000055,False,False,5.0894,1,6,3.582,1.516,8,399.49
dead_reckoning,start_drift,0.5,6,6000056,False,False,0.0,1,0,0.194,12.0,0,0.0
odometry_pods,start_drift,0.5,6,6000056,False,False,0.0,1,0,0.191,12.0,0,279.99
distance_sensors,start_drift,0.5,6,6000056,False,False,0.0,1,0,0.058,12.0,0,94.5
apriltag,start_drift,0.5,6,6000056,False,False,0.0,1,0,0.196,12.0,0,25.0
full_suite,start_drift,0.5,6,6000056,False,False,0.0,1,0,0.056,12.0,0,399.49
dead_reckoning,start_drift,0.5,7,6000057,False,False,1.423,1,0,0.399,13.34,2,0.0
odometry_pods,start_drift,0.5,7,6000057,False,False,1.423,1,0,0.397,13.401,2,279.99
distance_sensors,start_drift,0.5,7,6000057,False,False,1.273,1,1,0.264,13.935,2,94.5
apriltag,start_drift,0.5,7,6000057,True,False,4.7474,0,6,1.441,0.836,7,25.0
full_suite,start_drift,0.5,7,6000057,False,False,1.0377,1,2,0.181,2.728,2,399.49
dead_reckoning,start_drift,0.5,8,6000058,False,False,3.185,1,0,0.652,15.161,5,0.0
odometry_pods,start_drift,0.5,8,6000058,False,False,3.185,1,0,0.664,16.597,5,279.99
distance_sensors,start_drift,0.5,8,6000058,False,False,5.044,0,0,0.178,16.243,9,94.5
apriltag,start_drift,0.5,8,6000058,False,False,3.185,1,0,0.851,15.161,5,25.0
full_suite,start_drift,0.5,8,6000058,False,False,2.4695,1,1,0.274,11.582,4,399.49
dead_reckoning,start_drift,0.5,9,6000059,False,False,1.2196,1,0,1.222,12.282,2,0.0
odometry_pods,start_drift,0.5,9,6000059,False,False,1.2196,1,0,1.209,12.055,2,279.99
distance_sensors,start_drift,0.5,9,6000059,False,False,0.0,1,0,0.395,12.0,0,94.5
apriltag,start_drift,0.5,9,6000059,False,False,1.2196,1,0,1.232,12.282,2,25.0
full_suite,start_drift,0.5,9,6000059,False,False,0.0,1,0,0.394,12.0,0,399.49
dead_reckoning,start_drift,0.5,10,6000060,False,False,1.018,1,0,1.468,6.679,1,0.0
odometry_pods,start_drift,0.5,10,6000060,False,False,1.018,1,0,1.578,8.123,1,279.99
distance_sensors,start_drift,0.5,10,6000060,False,False,8.9054,1,5,3.317,10.756,14,94.5
apriltag,start_drift,0.5,10,6000060,False,False,1.018,1,0,1.563,6.679,1,25.0
full_suite,start_drift,0.5,10,6000060,False,False,3.3572,1,2,2.169,3.746,5,399.49
dead_reckoning,start_drift,0.5,11,6000061,False,False,5.0666,0,0,0.374,4.226,10,0.0
odometry_pods,start_drift,0.5,11,6000061,False,False,5.3307,0,0,0.365,5.811,10,279.99
distance_sensors,start_drift,0.5,11,6000061,False,False,4.9112,0,0,0.134,4.643,8,94.5
apriltag,start_drift,0.5,11,6000061,True,False,5.2799,0,8,1.632,2.92,9,25.0
full_suite,start_drift,0.5,11,6000061,True,False,4.1392,0,2,0.418,0.743,8,399.49
dead_reckoning,start_drift,0.5,12,6000062,False,False,9.2036,0,0,0.787,7.614,18,0.0
odometry_pods,start_drift,0.5,12,6000062,False,False,9.4676,0,0,0.8,8.022,18,279.99
distance_sensors,start_drift,0.5,12,6000062,True,False,10.3029,0,2,0.922,6.771,19,94.5
apriltag,start_drift,0.5,12,6000062,True,False,9.6021,0,2,1.515,1.37,17,25.0
full_suite,start_drift,0.5,12,6000062,True,False,12.0531,0,5,1.71,0.224,20,399.49
dead_reckoning,start_drift,0.5,13,6000063,False,False,1.6147,1,0,0.273,10.62,3,0.0
odometry_pods,start_drift,0.5,13,6000063,False,False,1.6147,1,0,0.264,11.694,3,279.99
distance_sensors,start_drift,0.5,13,6000063,False,False,0.6485,0,1,3.95,12.267,1,94.5
apriltag,start_drift,0.5,13,6000063,False,False,1.6147,1,0,0.287,10.62,3,25.0
full_suite,start_drift,0.5,13,6000063,False,False,0.6485,0,1,3.935,12.053,1,399.49
dead_reckoning,start_drift,0.5,14,6000064,False,False,1.9586,1,0,2.345,14.286,4,0.0
odometry_pods,start_drift,0.5,14,6000064,False,False,1.9586,1,0,2.324,13.576,4,279.99
distance_sensors,start_drift,0.5,14,6000064,False,False,3.8808,1,1,1.071,15.006,6,94.5
apriltag,start_drift,0.5,14,6000064,False,False,1.9586,1,0,2.344,14.286,4,25.0
full_suite,start_drift,0.5,14,6000064,True,False,16.108,0,11,3.006,0.769,26,399.49
dead_reckoning,start_drift,0.5,15,6000065,True,False,8.2434,0,0,0.614,3.922,15,0.0
odometry_pods,start_drift,0.5,15,6000065,False,False,7.5926,1,0,0.612,4.258,14,279.99
distance_sensors,start_drift,0.5,15,6000065,False,False,0.0,0,0,4.232,6.0,0,94.5
apriltag,start_drift,0.5,15,6000065,True,False,8.5434,0,6,1.502,2.492,15,25.0
full_suite,start_drift,0.5,15,6000065,False,False,0.0,0,0,4.502,6.0,0,399.49
dead_reckoning,start_drift,0.5,16,6000066,False,False,0.0,1,0,0.038,13.416,0,0.0
odometry_pods,start_drift,0.5,16,6000066,False,False,0.0,1,0,0.034,13.416,0,279.99
distance_sensors,start_drift,0.5,16,6000066,True,False,0.9016,0,0,0.063,13.361,2,94.5
apriltag,start_drift,0.5,16,6000066,False,False,0.0,1,0,0.036,13.416,0,25.0
full_suite,start_drift,0.5,16,6000066,True,False,0.9016,0,0,0.063,13.405,2,399.49
dead_reckoning,start_drift,0.5,17,6000067,False,False,3.7376,1,0,0.597,3.776,7,0.0
odometry_pods,start_drift,0.5,17,6000067,True,False,7.3784,0,0,0.594,0.499,14,279.99
distance_sensors,start_drift,0.5,17,6000067,False,False,3.4342,1,0,0.287,4.162,6,94.5
apriltag,start_drift,0.5,17,6000067,False,False,3.7376,1,0,0.599,3.776,7,25.0
full_suite,start_drift,0.5,17,6000067,True,False,6.6381,0,7,0.584,0.05,11,399.49
dead_reckoning,start_drift,0.5,18,6000068,False,False,2.0478,1,0,1.726,14.716,3,0.0
odometry_pods,start_drift,0.5,18,6000068,False,False,2.0478,1,0,1.572,13.673,3,279.99
distance_sensors,start_drift,0.5,18,6000068,False,False,8.9722,0,2,1.345,14.91,14,94.5
apriltag,start_drift,0.5,18,6000068,True,False,12.3367,0,9,7.806,1.418,19,25.0
full_suite,start_drift,0.5,18,6000068,False,False,1.297,1,2,1.719,3.133,2,399.49
dead_reckoning,start_drift,0.5,19,6000069,False,False,9.9716,0,0,0.88,5.394,17,0.0
odometry_pods,start_drift,0.5,19,6000069,True,False,9.4863,0,0,0.801,0.984,17,279.99
distance_sensors,start_drift,0.5,19,6000069,False,False,0.0,1,0,0.279,0.0,0,94.5
apriltag,start_drift,0.5,19,6000069,True,False,9.7863,0,6,1.725,0.916,17,25.0
full_suite,start_drift,0.5,19,6000069,False,False,0.0,1,0,0.28,0.0,0,399.49
dead_reckoning,start_drift,0.5,20,6000070,False,False,3.9031,1,0,0.51,14.927,7,0.0
odometry_pods,start_drift,0.5,20,6000070,False,False,3.9031,1,0,0.506,13.658,7,279.99
distance_sensors,start_drift,0.5,20,6000070,False,False,6.4544,1,0,0.247,14.324,9,94.5
apriltag,start_drift,0.5,20,6000070,False,False,9.0644,0,3,1.31,7.543,14,25.0
full_suite,start_drift,0.5,20,6000070,False,False,2.5714,1,1,0.546,6.156,4,399.49
dead_reckoning,start_drift,0.5,21,6000071,False,False,9.9067,1,0,0.872,7.409,18,0.0
odometry_pods,start_drift,0.5,21,6000071,False,False,8.6987,1,0,0.916,6.01,18,279.99
distance_sensors,start_drift,0.5,21,6000071,True,False,8.3494,0,0,0.268,5.844,18,94.5
apriltag,start_drift,0.5,21,6000071,True,False,9.634,0,13,6.6,1.676,18,25.0
full_suite,start_drift,0.5,21,6000071,True,False,8.9134,0,6,1.289,0.754,18,399.49
dead_reckoning,start_drift,0.5,22,6000072,False,False,4.4737,1,0,1.349,15.884,8,0.0
odometry_pods,start_drift,0.5,22,6000072,False,False,4.4737,1,0,1.344,16.745,8,279.99
distance_sensors,start_drift,0.5,22,6000072,False,False,9.7373,0,2,1.298,14.533,18,94.5
apriltag,start_drift,0.5,22,6000072,False,False,4.4737,1,0,1.406,15.884,8,25.0
full_suite,start_drift,0.5,22,6000072,False,False,5.3943,1,7,2.168,0.759,8,399.49
dead_reckoning,start_drift,0.5,23,6000073,False,False,6.5636,1,0,0.735,7.124,10,0.0
odometry_pods,start_drift,0.5,23,6000073,True,False,5.2784,0,0,0.725,7.486,10,279.99
distance_sensors,start_drift,0.5,23,6000073,False,False,0.5361,1,0,0.306,7.998,1,94.5
apriltag,start_drift,0.5,23,6000073,True,False,5.7784,0,6,2.596,0.27,10,25.0
full_suite,start_drift,0.5,23,6000073,True,False,9.066,0,7,1.502,0.743,13,399.49
dead_reckoning,start_drift,0.5,24,6000074,False,False,7.3539,1,0,1.86,9.081,13,0.0
odometry_pods,start_drift,0.5,24,6000074,False,False,12.3977,0,0,1.85,6.231,24,279.99
distance_sensors,start_drift,0.5,24,6000074,False,False,12.1476,0,3,1.42,5.701,23,94.5
apriltag,start_drift,0.5,24,6000074,False,False,4.8324,1,2,4.257,4.783,11,25.0
full_suite,start_drift,0.5,24,6000074,False,False,6.6333,1,5,1.664,1.686,13,399.49
dead_reckoning,start_drift,0.6,0,6000060,False,False,1.018,1,0,1.702,6.679,1,0.0
odometry_pods,start_drift,0.6,0,6000060,False,False,1.018,1,0,1.493,8.123,1,279.99
distance_sensors,start_drift,0.6,0,6000060,False,False,8.9054,1,5,3.065,10.756,14,94.5
apriltag,start_drift,0.6,0,6000060,False,False,1.018,1,0,1.491,6.679,1,25.0
full_suite,start_drift,0.6,0,6000060,False,False,3.3572,1,2,2.156,3.746,5,399.49
dead_reckoning,start_drift,0.6,1,6000061,False,False,5.0666,0,0,0.377,4.226,10,0.0
odometry_pods,start_drift,0.6,1,6000061,False,False,5.3307,0,0,0.364,5.811,10,279.99
distance_sensors,start_drift,0.6,1,6000061,False,False,4.9112,0,0,0.138,4.643,8,94.5
apriltag,start_drift,0.6,1,6000061,True,False,5.2799,0,8,1.454,2.92,9,25.0
full_suite,start_drift,0.6,1,6000061,True,False,4.1392,0,2,0.406,0.743,8,399.49
dead_reckoning,start_drift,0.6,2,6000062,False,False,9.2036,0,0,0.785,7.614,18,0.0
odometry_pods,start_drift,0.6,2,6000062,False,False,9.4676,0,0,0.785,8.022,18,279.99
distance_sensors,start_drift,0.6,2,6000062,True,False,10.3029,0,2,0.921,6.771,19,94.5
apriltag,start_drift,0.6,2,6000062,True,False,9.6021,0,2,1.555,1.37,17,25.0
full_suite,start_drift,0.6,2,6000062,True,False,12.0531,0,5,1.34,0.224,20,399.49
dead_reckoning,start_drift,0.6,3,6000063,False,False,1.6147,1,0,0.274,10.62,3,0.0
odometry_pods,start_drift,0.6,3,6000063,False,False,1.6147,1,0,0.262,11.694,3,279.99
distance_sensors,start_drift,0.6,3,6000063,False,False,0.6485,0,1,3.923,12.267,1,94.5
apriltag,start_drift,0.6,3,6000063,False,False,1.6147,1,0,0.286,10.62,3,25.0
full_suite,start_drift,0.6,3,6000063,False,False,0.6485,0,1,4.139,12.053,1,399.49
dead_reckoning,start_drift,0.6,4,6000064,False,False,1.9586,1,0,2.436,14.286,4,0.0
odometry_pods,start_drift,0.6,4,6000064,False,False,1.9586,1,0,2.312,13.576,4,279.99
distance_sensors,start_drift,0.6,4,6000064,False,False,3.8808,1,1,1.134,15.006,6,94.5
apriltag,start_drift,0.6,4,6000064,False,False,1.9586,1,0,2.432,14.286,4,25.0
full_suite,start_drift,0.6,4,6000064,True,False,16.108,0,11,2.866,0.769,26,399.49
dead_reckoning,start_drift,0.6,5,6000065,True,False,8.2434,0,0,0.613,3.922,15,0.0
odometry_pods,start_drift,0.6,5,6000065,False,False,7.5926,1,0,0.61,4.258,14,279.99
distance_sensors,start_drift,0.6,5,6000065,False,False,0.0,0,0,4.834,6.0,0,94.5
apriltag,start_drift,0.6,5,6000065,True,False,8.5434,0,6,1.514,2.492,15,25.0
full_suite,start_drift,0.6,5,6000065,False,False,0.0,0,0,4.238,6.0,0,399.49
dead_reckoning,start_drift,0.6,6,6000066,False,False,0.0,1,0,0.038,13.416,0,0.0
odometry_pods,start_drift,0.6,6,6000066,False,False,0.0,1,0,0.034,13.416,0,279.99
distance_sensors,start_drift,0.6,6,6000066,True,False,0.9016,0,0,0.065,13.361,2,94.5
apriltag,start_drift,0.6,6,6000066,False,False,0.0,1,0,0.037,13.416,0,25.0
full_suite,start_drift,0.6,6,6000066,True,False,0.9016,0,0,0.061,13.405,2,399.49
dead_reckoning,start_drift,0.6,7,6000067,False,False,3.7376,1,0,0.616,3.776,7,0.0
odometry_pods,start_drift,0.6,7,6000067,True,False,7.3784,0,0,0.581,0.499,14,279.99
distance_sensors,start_drift,0.6,7,6000067,False,False,3.4342,1,0,0.288,4.162,6,94.5
apriltag,start_drift,0.6,7,6000067,False,False,3.7376,1,0,0.622,3.776,7,25.0
full_suite,start_drift,0.6,7,6000067,True,False,6.6381,0,7,0.611,0.05,11,399.49
dead_reckoning,start_drift,0.6,8,6000068,False,False,2.0478,1,0,1.558,14.716,3,0.0
odometry_pods,start_drift,0.6,8,6000068,False,False,2.0478,1,0,1.559,13.673,3,279.99
distance_sensors,start_drift,0.6,8,6000068,False,False,8.9722,0,2,1.35,14.91,14,94.5
apriltag,start_drift,0.6,8,6000068,True,False,12.3367,0,9,7.763,1.418,19,25.0
full_suite,start_drift,0.6,8,6000068,False,False,1.297,1,2,1.793,3.133,2,399.49
dead_reckoning,start_drift,0.6,9,6000069,False,False,9.9716,0,0,0.803,5.394,17,0.0
odometry_pods,start_drift,0.6,9,6000069,True,False,9.4863,0,0,0.803,0.984,17,279.99
distance_sensors,start_drift,0.6,9,6000069,False,False,0.0,1,0,0.279,0.0,0,94.5
apriltag,start_drift,0.6,9,6000069,True,False,9.7863,0,6,1.71,0.916,17,25.0
full_suite,start_drift,0.6,9,6000069,False,False,0.0,1,0,0.293,0.0,0,399.49
dead_reckoning,start_drift,0.6,10,6000070,False,False,3.9031,1,0,0.507,14.927,7,0.0
odometry_pods,start_drift,0.6,10,6000070,False,False,3.9031,1,0,0.522,13.658,7,279.99
distance_sensors,start_drift,0.6,10,6000070,False,False,6.4544,1,0,0.26,14.324,9,94.5
apriltag,start_drift,0.6,10,6000070,False,False,9.0644,0,3,1.325,7.543,14,25.0
full_suite,start_drift,0.6,10,6000070,False,False,2.5714,1,1,0.391,6.156,4,399.49
dead_reckoning,start_drift,0.6,11,6000071,False,False,9.9067,1,0,0.867,7.409,18,0.0
odometry_pods,start_drift,0.6,11,6000071,False,False,8.6987,1,0,0.884,6.01,18,279.99
distance_sensors,start_drift,0.6,11,6000071,True,False,8.3494,0,0,0.266,5.844,18,94.5
apriltag,start_drift,0.6,11,6000071,True,False,9.634,0,13,6.88,1.676,18,25.0
full_suite,start_drift,0.6,11,6000071,True,False,8.9134,0,6,1.23,0.754,18,399.49
dead_reckoning,start_drift,0.6,12,6000072,False,False,4.4737,1,0,1.348,15.884,8,0.0
odometry_pods,start_drift,0.6,12,6000072,False,False,4.4737,1,0,1.343,16.745,8,279.99
distance_sensors,start_drift,0.6,12,6000072,False,False,9.7373,0,2,1.315,14.533,18,94.5
apriltag,start_drift,0.6,12,6000072,False,False,4.4737,1,0,1.412,15.884,8,25.0
full_suite,start_drift,0.6,12,6000072,False,False,5.3943,1,7,2.117,0.759,8,399.49
dead_reckoning,start_drift,0.6,13,6000073,False,False,6.5636,1,0,0.737,7.124,10,0.0
odometry_pods,start_drift,0.6,13,6000073,True,False,5.2784,0,0,0.729,7.486,10,279.99
distance_sensors,start_drift,0.6,13,6000073,False,False,0.5361,1,0,0.316,7.998,1,94.5
apriltag,start_drift,0.6,13,6000073,True,False,5.7784,0,6,2.866,0.27,10,25.0
full_suite,start_drift,0.6,13,6000073,True,False,9.066,0,7,1.514,0.743,13,399.49
dead_reckoning,start_drift,0.6,14,6000074,False,False,7.3539,1,0,2.322,9.081,13,0.0
odometry_pods,start_drift,0.6,14,6000074,False,False,12.3977,0,0,1.867,6.231,24,279.99
distance_sensors,start_drift,0.6,14,6000074,False,False,12.1476,0,3,1.72,5.701,23,94.5
apriltag,start_drift,0.6,14,6000074,False,False,4.8324,1,2,4.503,4.783,11,25.0
full_suite,start_drift,0.6,14,6000074,False,False,6.6333,1,5,1.899,1.686,13,399.49
dead_reckoning,start_drift,0.6,15,6000075,False,False,0.5045,1,0,0.772,13.697,1,0.0
odometry_pods,start_drift,0.6,15,6000075,False,False,0.5045,1,0,0.766,13.472,1,279.99
distance_sensors,start_drift,0.6,15,6000075,False,False,1.3831,0,1,5.354,13.636,2,94.5
apriltag,start_drift,0.6,15,6000075,False,False,1.5198,1,0,0.878,10.277,2,25.0
full_suite,start_drift,0.6,15,6000075,False,False,0.5545,0,1,6.038,8.599,1,399.49
dead_reckoning,start_drift,0.6,16,6000076,False,False,4.5486,1,0,0.792,6.45,8,0.0
odometry_pods,start_drift,0.6,16,6000076,False,False,4.5486,1,0,0.768,8.078,8,279.99
distance_sensors,start_drift,0.6,16,6000076,False,False,0.0,0,0,4.342,8.485,0,94.5
apriltag,start_drift,0.6,16,6000076,False,False,7.409,0,6,4.596,7.826,12,25.0
full_suite,start_drift,0.6,16,6000076,False,False,0.0,0,0,4.126,3.718,0,399.49
dead_reckoning,start_drift,0.6,17,6000077,False,False,0.0,1,0,0.541,13.416,0,0.0
odometry_pods,start_drift,0.6,17,6000077,False,False,0.0,1,0,0.532,13.416,0,279.99
distance_sensors,start_drift,0.6,17,6000077,False,False,0.0,1,0,0.126,13.416,0,94.5
apriltag,start_drift,0.6,17,6000077,False,False,0.0,1,0,0.545,13.416,0,25.0
full_suite,start_drift,0.6,17,6000077,False,False,0.0,1,0,0.123,13.416,0,399.49
dead_reckoning,start_drift,0.6,18,6000078,False,False,4.9884,1,0,0.611,10.777,10,0.0
odometry_pods,start_drift,0.6,18,6000078,False,False,3.5472,1,0,0.604,11.535,7,279.99
distance_sensors,start_drift,0.6,18,6000078,False,False,0.0,0,0,4.18,12.0,0,94.5
apriltag,start_drift,0.6,18,6000078,True,False,6.2658,0,7,1.757,0.345,12,25.0
full_suite,start_drift,0.6,18,6000078,False,False,0.0,0,0,4.575,12.0,0,399.49
dead_reckoning,start_drift,0.6,19,6000079,False,False,6.754,1,0,0.622,7.564,14,0.0
odometry_pods,start_drift,0.6,19,6000079,True,False,8.4191,0,0,0.608,1.008,16,279.99
distance_sensors,start_drift,0.6,19,6000079,False,False,6.093,0,0,0.269,7.056,11,94.5
apriltag,start_drift,0.6,19,6000079,False,False,6.754,1,0,0.625,7.564,14,25.0
full_suite,start_drift,0.6,19,6000079,False,False,2.903,1,0,0.268,0.765,5,399.49
dead_reckoning,start_drift,0.6,20,6000080,False,False,1.9977,1,0,0.989,12.714,3,0.0
odometry_pods,start_drift,0.6,20,6000080,False,False,1.9977,1,0,1.021,13.26,3,279.99
distance_sensors,start_drift,0.6,20,6000080,False,False,1.162,1,1,0.729,12.52,2,94.5
apriltag,start_drift,0.6,20,6000080,False,False,1.9977,1,0,0.995,12.714,3,25.0
full_suite,start_drift,0.6,20,6000080,False,False,1.162,1,1,0.689,13.234,2,399.49
dead_reckoning,start_drift,0.6,21,6000081,False,False,5.8541,1,0,0.89,12.67,12,0.0
odometry_pods,start_drift,0.6,21,6000081,False,False,5.8541,1,0,0.924,13.222,12,279.99
distance_sensors,start_drift,0.6,21,6000081,False,False,0.0,0,0,3.971,13.416,0,94.5
apriltag,start_drift,0.6,21,6000081,True,False,6.9894,0,9,4.036,3.222,12,25.0
full_suite,start_drift,0.6,21,6000081,False,False,0.0,0,0,4.121,7.899,0,399.49
dead_reckoning,start_drift,0.6,22,6000082,False,False,6.653,1,0,0.576,11.829,11,0.0
odometry_pods,start_drift,0.6,22,6000082,False,False,7.538,0,0,0.585,7.109,12,279.99
distance_sensors,start_drift,0.6,22,6000082,False,False,1.6546,1,0,0.249,5.178,3,94.5
apriltag,start_drift,0.6,22,6000082,False,False,7.1538,1,1,0.739,7.3,11,25.0
full_suite,start_drift,0.6,22,6000082,True,False,6.8167,0,2,0.432,3.042,11,399.49
dead_reckoning,start_drift,0.6,23,6000083,True,False,7.8162,0,0,0.492,4.083,13,0.0
odometry_pods,start_drift,0.6,23,6000083,False,False,7.3309,0,0,0.488,5.708,13,279.99
distance_sensors,start_drift,0.6,23,6000083,False,False,1.1165,1,0,0.316,4.54,2,94.5
apriltag,start_drift,0.6,23,6000083,True,False,8.0162,0,4,1.11,2.662,13,25.0
full_suite,start_drift,0.6,23,6000083,False,False,1.1165,1,0,0.314,5.707,2,399.49
dead_reckoning,start_drift,0.6,24,6000084,False,False,5.9712,1,0,2.378,12.554,11,0.0
odometry_pods,start_drift,0.6,24,6000084,False,False,5.4859,1,0,2.353,12.062,11,279.99
distance_sensors,start_drift,0.6,24,6000084,False,False,2.6312,1,1,2.37,15.098,5,94.5
apriltag,start_drift,0.6,24,6000084,True,False,18.1492,0,12,14.454,9.807,33,25.0
full_suite,start_drift,0.6,24,6000084,False,False,11.145,1,8,4.606,1.542,19,399.49
dead_reckoning,start_drift,0.7,0,6000070,False,False,3.9031,1,0,0.518,14.927,7,0.0
odometry_pods,start_drift,0.7,0,6000070,False,False,3.9031,1,0,0.508,13.658,7,279.99
distance_sensors,start_drift,0.7,0,6000070,False,False,6.4544,1,0,0.25,14.324,9,94.5
apriltag,start_drift,0.7,0,6000070,False,False,9.0644,0,3,1.31,7.543,14,25.0
full_suite,start_drift,0.7,0,6000070,False,False,2.5714,1,1,0.385,6.156,4,399.49
dead_reckoning,start_drift,0.7,1,6000071,False,False,9.9067,1,0,0.874,7.409,18,0.0
odometry_pods,start_drift,0.7,1,6000071,False,False,8.6987,1,0,0.865,6.01,18,279.99
distance_sensors,start_drift,0.7,1,6000071,True,False,8.3494,0,0,0.275,5.844,18,94.5
apriltag,start_drift,0.7,1,6000071,True,False,9.634,0,13,6.556,1.676,18,25.0
full_suite,start_drift,0.7,1,6000071,True,False,8.9134,0,6,1.23,0.754,18,399.49
dead_reckoning,start_drift,0.7,2,6000072,False,False,4.4737,1,0,1.355,15.884,8,0.0
odometry_pods,start_drift,0.7,2,6000072,False,False,4.4737,1,0,1.357,16.745,8,279.99
distance_sensors,start_drift,0.7,2,6000072,False,False,9.7373,0,2,1.256,14.533,18,94.5
apriltag,start_drift,0.7,2,6000072,False,False,4.4737,1,0,1.371,15.884,8,25.0
full_suite,start_drift,0.7,2,6000072,False,False,5.3943,1,7,2.16,0.759,8,399.49
dead_reckoning,start_drift,0.7,3,6000073,False,False,6.5636,1,0,0.727,7.124,10,0.0
odometry_pods,start_drift,0.7,3,6000073,True,False,5.2784,0,0,0.722,7.486,10,279.99
distance_sensors,start_drift,0.7,3,6000073,False,False,0.5361,1,0,0.313,7.998,1,94.5
apriltag,start_drift,0.7,3,6000073,True,False,5.7784,0,6,2.581,0.27,10,25.0
full_suite,start_drift,0.7,3,6000073,True,False,9.066,0,7,1.464,0.743,13,399.49
dead_reckoning,start_drift,0.7,4,6000074,False,False,7.3539,1,0,1.853,9.081,13,0.0
odometry_pods,start_drift,0.7,4,6000074,False,False,12.3977,0,0,1.844,6.231,24,279.99
distance_sensors,start_drift,0.7,4,6000074,False,False,12.1476,0,3,1.419,5.701,23,94.5
apriltag,start_drift,0.7,4,6000074,False,False,4.8324,1,2,4.41,4.783,11,25.0
full_suite,start_drift,0.7,4,6000074,False,False,6.6333,1,5,1.671,1.686,13,399.49
dead_reckoning,start_drift,0.7,5,6000075,False,False,0.5045,1,0,0.76,13.697,1,0.0
odometry_pods,start_drift,0.7,5,6000075,False,False,0.5045,1,0,0.755,13.472,1,279.99
distance_sensors,start_drift,0.7,5,6000075,False,False,1.3831,0,1,4.067,13.636,2,94.5
apriltag,start_drift,0.7,5,6000075,False,False,1.5198,1,0,1.18,10.277,2,25.0
full_suite,start_drift,0.7,5,6000075,False,False,0.5545,0,1,4.648,8.599,1,399.49
dead_reckoning,start_drift,0.7,6,6000076,False,False,4.5486,1,0,0.76,6.45,8,0.0
odometry_pods,start_drift,0.7,6,6000076,False,False,4.5486,1,0,0.757,8.078,8,279.99
distance_sensors,start_drift,0.7,6,6000076,False,False,0.0,0,0,4.102,8.485,0,94.5
apriltag,start_drift,0.7,6,6000076,False,False,7.409,0,6,4.688,7.826,12,25.0
full_suite,start_drift,0.7,6,6000076,False,False,0.0,0,0,4.425,3.718,0,399.49
dead_reckoning,start_drift,0.7,7,6000077,False,False,0.0,1,0,0.536,13.416,0,0.0
odometry_pods,start_drift,0.7,7,6000077,False,False,0.0,1,0,0.532,13.416,0,279.99
distance_sensors,start_drift,0.7,7,6000077,False,False,0.0,1,0,0.129,13.416,0,94.5
apriltag,start_drift,0.7,7,6000077,False,False,0.0,1,0,0.549,13.416,0,25.0
full_suite,start_drift,0.7,7,6000077,False,False,0.0,1,0,0.131,13.416,0,399.49
dead_reckoning,start_drift,0.7,8,6000078,False,False,4.9884,1,0,0.668,10.777,10,0.0
odometry_pods,start_drift,0.7,8,6000078,False,False,3.5472,1,0,0.617,11.535,7,279.99
distance_sensors,start_drift,0.7,8,6000078,False,False,0.0,0,0,4.526,12.0,0,94.5
apriltag,start_drift,0.7,8,6000078,True,False,6.2658,0,7,1.725,0.345,12,25.0
full_suite,start_drift,0.7,8,6000078,False,False,0.0,0,0,4.819,12.0,0,399.49
dead_reckoning,start_drift,0.7,9,6000079,False,False,6.754,1,0,0.611,7.564,14,0.0
odometry_pods,start_drift,0.7,9,6000079,True,False,8.4191,0,0,0.606,1.008,16,279.99
distance_sensors,start_drift,0.7,9,6000079,False,False,6.093,0,0,0.273,7.056,11,94.5
apriltag,start_drift,0.7,9,6000079,False,False,6.754,1,0,0.647,7.564,14,25.0
full_suite,start_drift,0.7,9,6000079,False,False,2.903,1,0,0.273,0.765,5,399.49
dead_reckoning,start_drift,0.7,10,6000080,False,False,1.9977,1,0,1.023,12.714,3,0.0
odometry_pods,start_drift,0.7,10,6000080,False,False,1.9977,1,0,0.963,13.26,3,279.99
distance_sensors,start_drift,0.7,10,6000080,False,False,1.162,1,1,0.714,12.52,2,94.5
apriltag,start_drift,0.7,10,6000080,False,False,1.9977,1,0,0.966,12.714,3,25.0
full_suite,start_drift,0.7,10,6000080,False,False,1.162,1,1,0.621,13.234,2,399.49
dead_reckoning,start_drift,0.7,11,6000081,False,False,5.8541,1,0,0.887,12.67,12,0.0
odometry_pods,start_drift,0.7,11,6000081,False,False,5.8541,1,0,0.973,13.222,12,279.99
distance_sensors,start_drift,0.7,11,6000081,False,False,0.0,0,0,4.007,13.416,0,94.5
apriltag,start_drift,0.7,11,6000081,True,False,6.9894,0,9,4.124,3.222,12,25.0
full_suite,start_drift,0.7,11,6000081,False,False,0.0,0,0,3.967,7.899,0,399.49
dead_reckoning,start_drift,0.7,12,6000082,False,False,6.653,1,0,0.571,11.829,11,0.0
odometry_pods,start_drift,0.7,12,6000082,False,False,7.538,0,0,0.578,7.109,12,279.99
distance_sensors,start_drift,0.7,12,6000082,False,False,1.6546,1,0,0.259,5.178,3,94.5
apriltag,start_drift,0.7,12,6000082,False,False,7.1538,1,1,0.772,7.3,11,25.0
full_suite,start_drift,0.7,12,6000082,True,False,6.8167,0,2,0.434,3.042,11,399.49
dead_reckoning,start_drift,0.7,13,6000083,True,False,7.8162,0,0,0.734,4.083,13,0.0
odometry_pods,start_drift,0.7,13,6000083,False,False,7.3309,0,0,0.504,5.708,13,279.99
distance_sensors,start_drift,0.7,13,6000083,False,False,1.1165,1,0,0.316,4.54,2,94.5
apriltag,start_drift,0.7,13,6000083,True,False,8.0162,0,4,1.156,2.662,13,25.0
full_suite,start_drift,0.7,13,6000083,False,False,1.1165,1,0,0.317,5.707,2,399.49
dead_reckoning,start_drift,0.7,14,6000084,False,False,5.9712,1,0,2.355,12.554,11,0.0
odometry_pods,start_drift,0.7,14,6000084,False,False,5.4859,1,0,2.37,12.062,11,279.99
distance_sensors,start_drift,0.7,14,6000084,False,False,2.6312,1,1,2.37,15.098,5,94.5
apriltag,start_drift,0.7,14,6000084,True,False,18.1492,0,12,14.105,9.807,33,25.0
full_suite,start_drift,0.7,14,6000084,False,False,11.145,1,8,4.934,1.542,19,399.49
dead_reckoning,start_drift,0.7,15,6000085,False,False,5.6666,1,0,1.322,17.618,8,0.0
odometry_pods,start_drift,0.7,15,6000085,False,False,4.8799,1,0,1.309,12.557,8,279.99
distance_sensors,start_drift,0.7,15,6000085,False,False,8.0778,0,0,0.297,19.857,14,94.5
apriltag,start_drift,0.7,15,6000085,True,False,9.8928,0,10,6.75,1.726,17,25.0
full_suite,start_drift,0.7,15,6000085,False,False,6.4675,1,11,2.404,0.201,11,399.49
dead_reckoning,start_drift,0.7,16,6000086,False,False,4.6833,0,0,0.695,12.089,9,0.0
odometry_pods,start_drift,0.7,16,6000086,False,False,5.3129,0,0,0.537,8.871,9,279.99
distance_sensors,start_drift,0.7,16,6000086,False,False,4.3768,0,0,0.17,11.096,9,94.5
apriltag,start_drift,0.7,16,6000086,True,False,5.7284,0,9,2.71,3.695,10,25.0
full_suite,start_drift,0.7,16,6000086,True,False,4.8578,0,7,0.706,0.491,10,399.49
dead_reckoning,start_drift,0.7,17,6000087,False,False,6.0308,1,0,1.789,10.77,10,0.0
odometry_pods,start_drift,0.7,17,6000087,False,False,8.6552,1,0,1.203,8.121,15,279.99
distance_sensors,start_drift,0.7,17,6000087,False,False,1.9548,0,1,3.74,10.863,3,94.5
apriltag,start_drift,0.7,17,6000087,True,False,9.3052,0,13,6.447,1.258,16,25.0
full_suite,start_drift,0.7,17,6000087,False,False,3.4718,1,6,0.889,0.232,6,399.49
dead_reckoning,start_drift,0.7,18,6000088,False,False,10.4254,0,0,0.922,11.605,20,0.0
odometry_pods,start_drift,0.7,18,6000088,False,False,10.0681,0,0,0.922,8.926,20,279.99
distance_sensors,start_drift,0.7,18,6000088,False,False,0.0,1,0,0.368,8.485,0,94.5
apriltag,start_drift,0.7,18,6000088,False,False,10.6733,1,2,1.94,9.339,20,25.0
full_suite,start_drift,0.7,18,6000088,False,False,0.0,1,0,0.367,8.485,0,399.49
dead_reckoning,start_drift,0.7,19,6000089,False,False,1.3727,1,0,0.759,12.659,2,0.0
odometry_pods,start_drift,0.7,19,6000089,False,False,1.3727,1,0,0.769,13.176,2,279.99
distance_sensors,start_drift,0.7,19,6000089,False,False,6.5542,1,0,0.32,13.98,15,94.5
apriltag,start_drift,0.7,19,6000089,False,False,1.3727,1,0,0.761,12.659,2,25.0
full_suite,start_drift,0.7,19,6000089,True,False,9.034,0,1,0.703,1.973,18,399.49
dead_reckoning,start_drift,0.7,20,6000090,False,False,1.1868,1,0,0.664,17.547,2,0.0
odometry_pods,start_drift,0.7,20,6000090,False,False,1.1868,1,0,0.652,17.08,2,279.99
distance_sensors,start_drift,0.7,20,6000090,False,False,5.0784,1,0,0.197,20.912,10,94.5
apriltag,start_drift,0.7,20,6000090,True,False,6.3791,0,9,2.698,1.303,11,25.0
full_suite,start_drift,0.7,20,6000090,True,False,5.4085,0,9,1.061,0.32,11,399.49
dead_reckoning,start_drift,0.7,21,6000091,False,False,2.7882,1,0,0.566,9.499,4,0.0
odometry_pods,start_drift,0.7,21,6000091,False,False,3.1022,1,0,0.563,11.049,4,279.99
distance_sensors,start_drift,0.7,21,6000091,False,False,2.6952,1,1,0.144,8.689,4,94.5
apriltag,start_drift,0.7,21,6000091,True,False,9.9123,0,7,1.906,3.46,17,25.0
full_suite,start_drift,0.7,21,6000091,False,False,0.0,1,0,0.062,8.099,0,399.49
dead_reckoning,start_drift,0.7,22,6000092,False,False,0.479,1,0,0.404,11.857,1,0.0
odometry_pods,start_drift,0.7,22,6000092,False,False,0.479,1,0,0.404,11.958,1,279.99
distance_sensors,start_drift,0.7,22,6000092,False,False,0.7642,1,0,0.097,11.847,1,94.5
apriltag,start_drift,0.7,22,6000092,True,False,5.8847,0,8,1.89,2.154,9,25.0
full_suite,start_drift,0.7,22,6000092,False,False,0.479,1,0,0.095,7.697,1,399.49
dead_reckoning,start_drift,0.7,23,6000093,False,False,5.6075,0,0,0.367,2.335,11,0.0
odometry_pods,start_drift,0.7,23,6000093,True,False,5.4208,0,0,0.416,0.599,11,279.99
distance_sensors,start_drift,0.7,23,6000093,True,False,5.2669,0,0,0.201,2.652,11,94.5
apriltag,start_drift,0.7,23,6000093,True,False,5.8708,0,9,1.509,0.778,11,25.0
full_suite,start_drift,0.7,23,6000093,True,False,5.7169,0,9,0.886,0.189,11,399.49
dead_reckoning,start_drift,0.7,24,6000094,False,False,5.8367,1,0,1.306,17.148,9,0.0
odometry_pods,start_drift,0.7,24,6000094,False,False,5.7134,1,0,1.303,13.629,10,279.99
distance_sensors,start_drift,0.7,24,6000094,False,False,3.0402,1,0,0.412,17.859,6,94.5
apriltag,start_drift,0.7,24,6000094,True,False,10.0533,0,11,6.873,0.514,16,25.0
full_suite,start_drift,0.7,24,6000094,False,False,3.891,1,4,1.096,1.972,7,399.49
dead_reckoning,start_drift,0.8,0,6000080,False,False,1.9977,1,0,0.938,12.714,3,0.0
odometry_pods,start_drift,0.8,0,6000080,False,False,1.9977,1,0,0.939,13.26,3,279.99
distance_sensors,start_drift,0.8,0,6000080,False,False,1.162,1,1,0.662,12.52,2,94.5
apriltag,start_drift,0.8,0,6000080,False,False,1.9977,1,0,0.987,12.714,3,25.0
full_suite,start_drift,0.8,0,6000080,False,False,1.162,1,1,0.639,13.234,2,399.49
dead_reckoning,start_drift,0.8,1,6000081,False,False,5.8541,1,0,0.898,12.67,12,0.0
odometry_pods,start_drift,0.8,1,6000081,False,False,5.8541,1,0,0.896,13.222,12,279.99
distance_sensors,start_drift,0.8,1,6000081,False,False,0.0,0,0,4.034,13.416,0,94.5
apriltag,start_drift,0.8,1,6000081,True,False,6.9894,0,9,3.867,3.222,12,25.0
full_suite,start_drift,0.8,1,6000081,False,False,0.0,0,0,4.408,7.899,0,399.49
dead_reckoning,start_drift,0.8,2,6000082,False,False,6.653,1,0,0.585,11.829,11,0.0
odometry_pods,start_drift,0.8,2,6000082,False,False,7.538,0,0,0.58,7.109,12,279.99
distance_sensors,start_drift,0.8,2,6000082,False,False,1.6546,1,0,0.249,5.178,3,94.5
apriltag,start_drift,0.8,2,6000082,False,False,7.1538,1,1,0.738,7.3,11,25.0
full_suite,start_drift,0.8,2,6000082,True,False,6.8167,0,2,0.436,3.042,11,399.49
dead_reckoning,start_drift,0.8,3,6000083,True,False,7.8162,0,0,0.518,4.083,13,0.0
odometry_pods,start_drift,0.8,3,6000083,False,False,7.3309,0,0,0.53,5.708,13,279.99
distance_sensors,start_drift,0.8,3,6000083,False,False,1.1165,1,0,0.36,4.54,2,94.5
apriltag,start_drift,0.8,3,6000083,True,False,8.0162,0,4,1.155,2.662,13,25.0
full_suite,start_drift,0.8,3,6000083,False,False,1.1165,1,0,0.313,5.707,2,399.49
dead_reckoning,start_drift,0.8,4,6000084,False,False,5.9712,1,0,2.395,12.554,11,0.0
odometry_pods,start_drift,0.8,4,6000084,False,False,5.4859,1,0,2.456,12.062,11,279.99
distance_sensors,start_drift,0.8,4,6000084,False,False,2.6312,1,1,2.4,15.098,5,94.5
apriltag,start_drift,0.8,4,6000084,True,False,18.1492,0,12,14.714,9.807,33,25.0
full_suite,start_drift,0.8,4,6000084,False,False,11.145,1,8,4.429,1.542,19,399.49
dead_reckoning,start_drift,0.8,5,6000085,False,False,5.6666,1,0,1.334,17.618,8,0.0
odometry_pods,start_drift,0.8,5,6000085,False,False,4.8799,1,0,1.313,12.557,8,279.99
distance_sensors,start_drift,0.8,5,6000085,False,False,8.0778,0,0,0.295,19.857,14,94.5
apriltag,start_drift,0.8,5,6000085,True,False,9.8928,0,10,7.787,1.726,17,25.0
full_suite,start_drift,0.8,5,6000085,False,False,6.4675,1,11,2.135,0.201,11,399.49
dead_reckoning,start_drift,0.8,6,6000086,False,False,4.6833,0,0,0.498,12.089,9,0.0
odometry_pods,start_drift,0.8,6,6000086,False,False,5.3129,0,0,0.521,8.871,9,279.99
distance_sensors,start_drift,0.8,6,6000086,False,False,4.3768,0,0,0.179,11.096,9,94.5
apriltag,start_drift,0.8,6,6000086,True,False,5.7284,0,9,2.602,3.695,10,25.0
full_suite,start_drift,0.8,6,6000086,True,False,4.8578,0,7,0.622,0.491,10,399.49
dead_reckoning,start_drift,0.8,7,6000087,False,False,6.0308,1,0,1.17,10.77,10,0.0
odometry_pods,start_drift,0.8,7,6000087,False,False,8.6552,1,0,1.168,8.121,15,279.99
distance_sensors,start_drift,0.8,7,6000087,False,False,1.9548,0,1,4.177,10.863,3,94.5
apriltag,start_drift,0.8,7,6000087,True,False,9.3052,0,13,6.463,1.258,16,25.0
full_suite,start_drift,0.8,7,6000087,False,False,3.4718,1,6,0.742,0.232,6,399.49
dead_reckoning,start_drift,0.8,8,6000088,False,False,10.4254,0,0,0.917,11.605,20,0.0
odometry_pods,start_drift,0.8,8,6000088,False,False,10.0681,0,0,1.012,8.926,20,279.99
distance_sensors,start_drift,0.8,8,6000088,False,False,0.0,1,0,0.38,8.485,0,94.5
apriltag,start_drift,0.8,8,6000088,False,False,10.6733,1,2,2.337,9.339,20,25.0
full_suite,start_drift,0.8,8,6000088,False,False,0.0,1,0,0.379,8.485,0,399.49
dead_reckoning,start_drift,0.8,9,6000089,False,False,1.3727,1,0,0.75,12.659,2,0.0
odometry_pods,start_drift,0.8,9,6000089,False,False,1.3727,1,0,0.734,13.176,2,279.99
distance_sensors,start_drift,0.8,9,6000089,False,False,6.5542,1,0,0.31,13.98,15,94.5
apriltag,start_drift,0.8,9,6000089,False,False,1.3727,1,0,0.8,12.659,2,25.0
full_suite,start_drift,0.8,9,6000089,True,False,9.034,0,1,0.463,1.973,18,399.49
dead_reckoning,start_drift,0.8,10,6000090,False,False,1.1868,1,0,0.653,17.547,2,0.0
odometry_pods,start_drift,0.8,10,6000090,False,False,1.1868,1,0,0.649,17.08,2,279.99
distance_sensors,start_drift,0.8,10,6000090,False,False,5.0784,1,0,0.366,20.912,10,94.5
apriltag,start_drift,0.8,10,6000090,True,False,6.3791,0,9,2.757,1.303,11,25.0
full_suite,start_drift,0.8,10,6000090,True,False,5.4085,0,9,0.931,0.32,11,399.49
dead_reckoning,start_drift,0.8,11,6000091,False,False,2.7882,1,0,0.567,9.499,4,0.0
odometry_pods,start_drift,0.8,11,6000091,False,False,3.1022,1,0,0.561,11.049,4,279.99
distance_sensors,start_drift,0.8,11,6000091,False,False,2.6952,1,1,0.198,8.689,4,94.5
apriltag,start_drift,0.8,11,6000091,True,False,9.9123,0,7,2.09,3.46,17,25.0
full_suite,start_drift,0.8,11,6000091,False,False,0.0,1,0,0.07,8.099,0,399.49
dead_reckoning,start_drift,0.8,12,6000092,False,False,0.479,1,0,0.41,11.857,1,0.0
odometry_pods,start_drift,0.8,12,6000092,False,False,0.479,1,0,0.401,11.958,1,279.99
distance_sensors,start_drift,0.8,12,6000092,False,False,0.7642,1,0,0.105,11.847,1,94.5
apriltag,start_drift,0.8,12,6000092,True,False,5.8847,0,8,1.856,2.154,9,25.0
full_suite,start_drift,0.8,12,6000092,False,False,0.479,1,0,0.091,7.697,1,399.49
dead_reckoning,start_drift,0.8,13,6000093,False,False,5.6075,0,0,0.36,2.335,11,0.0
odometry_pods,start_drift,0.8,13,6000093,True,False,5.4208,0,0,0.36,0.599,11,279.99
distance_sensors,start_drift,0.8,13,6000093,True,False,5.2669,0,0,0.188,2.652,11,94.5
apriltag,start_drift,0.8,13,6000093,True,False,5.8708,0,9,1.51,0.778,11,25.0
full_suite,start_drift,0.8,13,6000093,True,False,5.7169,0,9,0.939,0.189,11,399.49
dead_reckoning,start_drift,0.8,14,6000094,False,False,5.8367,1,0,1.369,17.148,9,0.0
odometry_pods,start_drift,0.8,14,6000094,False,False,5.7134,1,0,1.324,13.629,10,279.99
distance_sensors,start_drift,0.8,14,6000094,False,False,3.0402,1,0,0.418,17.859,6,94.5
apriltag,start_drift,0.8,14,6000094,True,False,10.0533,0,11,6.458,0.514,16,25.0
full_suite,start_drift,0.8,14,6000094,False,False,3.891,1,4,1.113,1.972,7,399.49
dead_reckoning,start_drift,0.8,15,6000095,False,False,3.8807,0,0,0.31,16.406,6,0.0
odometry_pods,start_drift,0.8,15,6000095,False,False,3.7427,0,0,0.306,13.88,6,279.99
distance_sensors,start_drift,0.8,15,6000095,False,False,3.8807,0,0,0.113,16.406,6,94.5
apriltag,start_drift,0.8,15,6000095,True,False,3.0214,0,2,0.59,7.565,5,25.0
full_suite,start_drift,0.8,15,6000095,False,False,1.8698,1,1,0.184,9.614,3,399.49
dead_reckoning,start_drift,0.8,16,6000096,False,False,4.4277,1,0,0.864,10.3,6,0.0
odometry_pods,start_drift,0.8,16,6000096,False,False,3.6916,1,0,0.86,11.301,5,279.99
distance_sensors,start_drift,0.8,16,6000096,False,False,8.3659,0,1,0.321,9.522,16,94.5
apriltag,start_drift,0.8,16,6000096,False,False,4.4277,1,0,1.159,10.3,6,25.0
full_suite,start_drift,0.8,16,6000096,False,False,7.6136,1,9,1.285,0.392,13,399.49
dead_reckoning,start_drift,0.8,17,6000097,False,False,2.1463,1,0,0.2,16.174,3,0.0
odometry_pods,start_drift,0.8,17,6000097,False,False,2.1463,1,0,0.226,13.961,3,279.99
distance_sensors,start_drift,0.8,17,6000097,False,False,1.3282,1,1,0.341,14.961,2,94.5
apriltag,start_drift,0.8,17,6000097,False,False,2.1463,1,0,0.206,16.174,3,25.0
full_suite,start_drift,0.8,17,6000097,False,False,1.3282,1,1,0.436,13.718,2,399.49
dead_reckoning,start_drift,0.8,18,6000098,False,False,0.0,1,0,1.037,13.416,0,0.0
odometry_pods,start_drift,0.8,18,6000098,False,False,0.0,1,0,1.093,13.416,0,279.99
distance_sensors,start_drift,0.8,18,6000098,False,False,0.0,1,0,0.454,13.416,0,94.5
apriltag,start_drift,0.8,18,6000098,False,False,0.0,1,0,1.238,13.416,0,25.0
full_suite,start_drift,0.8,18,6000098,False,False,0.0,1,0,0.462,13.416,0,399.49
dead_reckoning,start_drift,0.8,19,6000099,False,False,5.4778,1,0,2.276,16.163,8,0.0
odometry_pods,start_drift,0.8,19,6000099,False,False,8.5826,1,0,2.273,13.13,16,279.99
distance_sensors,start_drift,0.8,19,6000099,False,False,10.0097,0,3,4.646,15.849,16,94.5
apriltag,start_drift,0.8,19,6000099,False,False,17.5251,0,18,25.799,6.041,30,25.0
full_suite,start_drift,0.8,19,6000099,False,False,6.5926,1,8,4.332,0.196,10,399.49
dead_reckoning,start_drift,0.8,20,6000100,False,False,2.2043,1,0,0.665,15.027,2,0.0
odometry_pods,start_drift,0.8,20,6000100,False,False,2.2043,1,0,0.657,13.73,2,279.99
distance_sensors,start_drift,0.8,20,6000100,False,False,3.6229,0,1,3.353,14.606,7,94.5
apriltag,start_drift,0.8,20,6000100,False,False,2.2043,1,0,0.684,15.027,2,25.0
full_suite,start_drift,0.8,20,6000100,True,False,5.1598,0,4,0.255,1.439,9,399.49
dead_reckoning,start_drift,0.8,21,6000101,False,False,1.926,1,0,1.585,17.972,5,0.0
odometry_pods,start_drift,0.8,21,6000101,False,False,1.926,1,0,1.581,17.074,4,279.99
distance_sensors,start_drift,0.8,21,6000101,False,False,3.2819,1,2,1.984,18.26,4,94.5
apriltag,start_drift,0.8,21,6000101,False,False,1.926,1,0,1.56,17.972,5,25.0
full_suite,start_drift,0.8,21,6000101,True,False,14.8893,0,14,4.526,0.131,25,399.49
dead_reckoning,start_drift,0.8,22,6000102,False,False,3.4181,1,0,0.713,16.645,6,0.0
odometry_pods,start_drift,0.8,22,6000102,False,False,3.4181,1,0,0.712,14.056,6,279.99
distance_sensors,start_drift,0.8,22,6000102,False,False,1.1297,1,0,0.143,14.289,2,94.5
apriltag,start_drift,0.8,22,6000102,False,False,3.4181,1,0,0.718,16.645,6,25.0
full_suite,start_drift,0.8,22,6000102,False,False,1.1297,1,0,0.141,13.591,2,399.49
dead_reckoning,start_drift,0.8,23,6000103,False,False,1.6343,1,0,0.315,15.451,3,0.0
odometry_pods,start_drift,0.8,23,6000103,False,False,1.6343,1,0,0.313,16.663,3,279.99
distance_sensors,start_drift,0.8,23,6000103,False,False,0.0,1,0,0.217,16.971,0,94.5
apriltag,start_drift,0.8,23,6000103,False,False,1.6343,1,0,0.331,15.451,3,25.0
full_suite,start_drift,0.8,23,6000103,False,False,0.0,1,0,0.214,16.971,0,399.49
dead_reckoning,start_drift,0.8,24,6000104,False,False,2.9259,1,0,0.273,8.203,5,0.0
odometry_pods,start_drift,0.8,24,6000104,False,False,3.2752,0,0,0.27,11.196,6,279.99
distance_sensors,start_drift,0.8,24,6000104,True,False,3.0805,0,0,0.133,8.653,5,94.5
apriltag,start_drift,0.8,24,6000104,False,False,2.9259,1,0,0.294,8.203,5,25.0
full_suite,start_drift,0.8,24,6000104,False,False,3.0752,0,0,0.133,11.183,6,399.49
dead_reckoning,start_drift,0.9,0,6000090,False,False,1.1868,1,0,0.651,22.414,2,0.0
odometry_pods,start_drift,0.9,0,6000090,False,False,1.1868,1,0,0.651,21.786,2,279.99
distance_sensors,start_drift,0.9,0,6000090,False,False,5.0784,1,0,0.219,25.3,10,94.5
apriltag,start_drift,0.9,0,6000090,True,False,5.8784,0,8,2.315,1.928,10,25.0
full_suite,start_drift,0.9,0,6000090,True,False,4.9078,0,8,0.822,0.703,10,399.49
dead_reckoning,start_drift,0.9,1,6000091,False,False,0.0,1,0,0.57,12.0,0,0.0
odometry_pods,start_drift,0.9,1,6000091,False,False,0.0,1,0,0.708,12.0,0,279.99
distance_sensors,start_drift,0.9,1,6000091,False,False,0.0,0,0,4.104,12.0,0,94.5
apriltag,start_drift,0.9,1,6000091,False,False,0.0,1,0,0.612,12.0,0,25.0
full_suite,start_drift,0.9,1,6000091,False,False,0.0,0,0,3.939,12.0,0,399.49
dead_reckoning,start_drift,0.9,2,6000092,False,False,0.9269,1,0,0.408,12.173,2,0.0
odometry_pods,start_drift,0.9,2,6000092,False,False,0.9269,1,0,0.405,13.164,2,279.99
distance_sensors,start_drift,0.9,2,6000092,False,False,1.2622,1,1,0.285,11.981,2,94.5
apriltag,start_drift,0.9,2,6000092,True,False,6.3883,0,9,2.324,2.448,10,25.0
full_suite,start_drift,0.9,2,6000092,False,False,0.9769,1,1,0.174,6.046,2,399.49
dead_reckoning,start_drift,0.9,3,6000093,False,False,5.5944,0,0,0.395,18.559,11,0.0
odometry_pods,start_drift,0.9,3,6000093,False,False,5.4077,0,0,0.359,18.699,11,279.99
distance_sensors,start_drift,0.9,3,6000093,False,False,6.1732,0,0,0.11,17.57,12,94.5
apriltag,start_drift,0.9,3,6000093,True,False,7.6953,0,9,1.298,1.184,14,25.0
full_suite,start_drift,0.9,3,6000093,True,False,8.4608,0,9,0.539,0.651,15,399.49
dead_reckoning,start_drift,0.9,4,6000094,False,False,10.2075,0,0,1.312,7.184,18,0.0
odometry_pods,start_drift,0.9,4,6000094,False,False,9.497,0,0,1.345,6.318,18,279.99
distance_sensors,start_drift,0.9,4,6000094,False,False,6.2764,0,2,3.83,10.364,9,94.5
apriltag,start_drift,0.9,4,6000094,True,False,10.5823,0,12,7.561,3.13,18,25.0
full_suite,start_drift,0.9,4,6000094,True,False,11.059,0,12,1.397,0.228,20,399.49
dead_reckoning,start_drift,0.9,5,6000095,False,False,2.6019,1,0,0.309,15.944,4,0.0
odometry_pods,start_drift,0.9,5,6000095,False,False,2.6019,1,0,0.305,13.9,4,279.99
distance_sensors,start_drift,0.9,5,6000095,False,False,1.465,0,1,3.938,14.971,2,94.5
apriltag,start_drift,0.9,5,6000095,False,False,2.6019,1,0,0.328,15.944,4,25.0
full_suite,start_drift,0.9,5,6000095,False,False,1.465,0,1,4.149,13.726,2,399.49
dead_reckoning,start_drift,0.9,6,6000096,False,False,4.4277,1,0,0.876,10.3,6,0.0
odometry_pods,start_drift,0.9,6,6000096,False,False,3.6916,1,0,0.861,11.301,5,279.99
distance_sensors,start_drift,0.9,6,6000096,False,False,8.3659,0,1,0.325,9.522,16,94.5
apriltag,start_drift,0.9,6,6000096,False,False,4.4277,1,0,0.887,10.3,6,25.0
full_suite,start_drift,0.9,6,6000096,False,False,7.6136,1,9,1.164,0.392,13,399.49
dead_reckoning,start_drift,0.9,7,6000097,False,False,2.626,1,0,0.297,13.166,4,0.0
odometry_pods,start_drift,0.9,7,6000097,False,False,4.7144,0,0,0.299,8.157,8,279.99
distance_sensors,start_drift,0.9,7,6000097,False,False,2.8008,1,1,0.264,13.166,4,94.5
apriltag,start_drift,0.9,7,6000097,False,False,2.626,1,0,0.21,13.166,4,25.0
full_suite,start_drift,0.9,7,6000097,True,False,7.2062,0,2,0.283,1.336,11,399.49
dead_reckoning,start_drift,0.9,8,6000098,False,False,0.6177,1,0,1.055,17.984,1,0.0
odometry_pods,start_drift,0.9,8,6000098,False,False,0.6177,1,0,1.04,17.997,1,279.99
distance_sensors,start_drift,0.9,8,6000098,False,False,5.6645,1,1,0.901,13.945,9,94.5
apriltag,start_drift,0.9,8,6000098,False,False,0.5691,1,0,1.115,10.999,1,25.0
full_suite,start_drift,0.9,8,6000098,False,False,6.7763,1,8,3.282,0.842,12,399.49
dead_reckoning,start_drift,0.9,9,6000099,False,False,9.3955,1,0,2.231,10.138,16,0.0
odometry_pods,start_drift,0.9,9,6000099,False,False,15.2874,1,0,2.223,6.877,29,279.99
distance_sensors,start_drift,0.9,9,6000099,False,False,5.9745,1,1,0.981,10.127,9,94.5
apriltag,start_drift,0.9,9,6000099,True,False,16.7587,0,17,23.553,4.056,31,25.0
full_suite,start_drift,0.9,9,6000099,True,False,14.8428,0,17,3.248,0.491,25,399.49
dead_reckoning,start_drift,0.9,10,6000100,False,False,1.294,1,0,0.671,19.345,1,0.0
odometry_pods,start_drift,0.9,10,6000100,False,False,1.294,1,0,0.666,19.048,1,279.99
distance_sensors,start_drift,0.9,10,6000100,False,False,4.1347,0,0,0.159,21.847,8,94.5
apriltag,start_drift,0.9,10,6000100,False,False,1.294,1,0,0.671,19.345,1,25.0
full_suite,start_drift,0.9,10,6000100,False,False,5.22,0,4,0.325,3.697,8,399.49
dead_reckoning,start_drift,0.9,11,6000101,False,False,1.4704,1,0,1.561,25.064,4,0.0
odometry_pods,start_drift,0.9,11,6000101,False,False,1.4704,1,0,1.785,25.33,3,279.99
distance_sensors,start_drift,0.9,11,6000101,False,False,3.227,1,1,1.56,26.435,4,94.5
apriltag,start_drift,0.9,11,6000101,False,False,1.4704,1,0,1.6,25.064,4,25.0
full_suite,start_drift,0.9,11,6000101,False,False,5.2449,1,3,2.31,9.938,8,399.49
dead_reckoning,start_drift,0.9,12,6000102,False,False,3.4578,1,0,0.712,14.763,6,0.0
odometry_pods,start_drift,0.9,12,6000102,False,False,3.4578,1,0,0.711,13.629,6,279.99
distance_sensors,start_drift,0.9,12,6000102,False,False,4.4497,0,0,0.138,17.394,7,94.5
apriltag,start_drift,0.9,12,6000102,False,False,3.793,1,1,1.244,9.552,6,25.0
full_suite,start_drift,0.9,12,6000102,False,False,4.4497,0,0,0.143,14.146,7,399.49
dead_reckoning,start_drift,0.9,13,6000103,False,False,1.2627,1,0,0.319,13.495,2,0.0
odometry_pods,start_drift,0.9,13,6000103,False,False,1.2627,1,0,0.32,13.43,2,279.99
distance_sensors,start_drift,0.9,13,6000103,False,False,2.9856,1,0,0.321,16.106,5,94.5
apriltag,start_drift,0.9,13,6000103,False,False,1.2627,1,0,0.34,13.495,2,25.0
full_suite,start_drift,0.9,13,6000103,False,False,2.9856,1,0,0.312,13.945,5,399.49
dead_reckoning,start_drift,0.9,14,6000104,False,False,3.4187,0,0,0.274,13.532,6,0.0
odometry_pods,start_drift,0.9,14,6000104,False,False,1.6797,1,0,0.27,17.147,3,279.99
distance_sensors,start_drift,0.9,14,6000104,False,False,3.7406,0,0,0.135,13.917,6,94.5
apriltag,start_drift,0.9,14,6000104,False,False,3.4187,0,0,0.288,13.532,6,25.0
full_suite,start_drift,0.9,14,6000104,False,False,2.5812,1,0,0.133,17.222,5,399.49
dead_reckoning,start_drift,0.9,15,6000105,False,False,3.4736,1,0,0.784,24.272,5,0.0
odometry_pods,start_drift,0.9,15,6000105,False,False,3.4736,1,0,0.779,22.146,5,279.99
distance_sensors,start_drift,0.9,15,6000105,False,False,1.967,1,0,0.098,23.109,4,94.5
apriltag,start_drift,0.9,15,6000105,False,False,3.8391,1,0,0.769,18.35,6,25.0
full_suite,start_drift,0.9,15,6000105,False,False,1.967,1,0,0.093,16.711,4,399.49
dead_reckoning,start_drift,0.9,16,6000106,False,False,2.8639,1,0,0.996,18.063,6,0.0
odometry_pods,start_drift,0.9,16,6000106,False,False,2.8639,1,0,0.977,14.181,5,279.99
distance_sensors,start_drift,0.9,16,6000106,False,False,3.3997,1,2,1.233,17.893,5,94.5
apriltag,start_drift,0.9,16,6000106,False,False,2.8639,1,0,1.014,18.063,6,25.0
full_suite,start_drift,0.9,16,6000106,True,False,10.6157,0,8,1.962,1.086,18,399.49
dead_reckoning,start_drift,0.9,17,6000107,False,False,0.8762,1,0,0.513,12.902,1,0.0
odometry_pods,start_drift,0.9,17,6000107,False,False,0.8762,1,0,0.517,13.312,1,279.99
distance_sensors,start_drift,0.9,17,6000107,False,False,3.6528,1,0,0.173,16.814,8,94.5
apriltag,start_drift,0.9,17,6000107,False,False,0.8762,1,0,0.519,12.902,1,25.0
full_suite,start_drift,0.9,17,6000107,True,False,4.9684,0,3,0.328,1.371,10,399.49
dead_reckoning,start_drift,0.9,18,6000108,False,False,1.1951,1,0,1.793,23.612,2,0.0
odometry_pods,start_drift,0.9,18,6000108,False,False,1.6458,1,0,2.163,22.167,3,279.99
distance_sensors,start_drift,0.9,18,6000108,False,False,1.9811,1,1,0.509,24.778,3,94.5
apriltag,start_drift,0.9,18,6000108,False,False,1.1951,1,0,1.844,23.612,2,25.0
full_suite,start_drift,0.9,18,6000108,False,False,1.9811,1,1,0.462,22.236,3,399.49
dead_reckoning,start_drift,0.9,19,6000109,False,False,0.913,1,0,0.518,21.378,1,0.0
odometry_pods,start_drift,0.9,19,6000109,False,False,0.913,1,0,0.516,21.582,1,279.99
distance_sensors,start_drift,0.9,19,6000109,False,False,3.7082,1,0,0.201,17.605,7,94.5
apriltag,start_drift,0.9,19,6000109,False,False,4.7735,1,2,0.984,3.773,7,25.0
full_suite,start_drift,0.9,19,6000109,False,False,4.3735,0,2,0.274,6.034,7,399.49
dead_reckoning,start_drift,0.9,20,6000110,True,False,3.3621,0,0,0.262,2.356,5,0.0
odometry_pods,start_drift,0.9,20,6000110,True,False,3.3621,0,0,0.258,0.471,5,279.99
distance_sensors,start_drift,0.9,20,6000110,False,False,0.0,1,0,0.078,0.0,0,94.5
apriltag,start_drift,0.9,20,6000110,True,False,3.5621,0,4,0.743,0.839,5,25.0
full_suite,start_drift,0.9,20,6000110,False,False,0.0,1,0,0.089,0.0,0,399.49
dead_reckoning,start_drift,0.9,21,6000111,False,False,2.364,1,0,0.63,18.164,5,0.0
odometry_pods,start_drift,0.9,21,6000111,False,False,2.364,1,0,0.613,18.033,5,279.99
distance_sensors,start_drift,0.9,21,6000111,False,False,6.3124,1,0,0.454,27.657,12,94.5
apriltag,start_drift,0.9,21,6000111,False,False,9.268,1,3,1.534,12.805,18,25.0
full_suite,start_drift,0.9,21,6000111,True,False,7.4772,0,1,0.599,10.523,14,399.49
dead_reckoning,start_drift,0.9,22,6000112,False,False,1.8227,1,0,0.792,12.6,4,0.0
odometry_pods,start_drift,0.9,22,6000112,False,False,1.8227,1,0,0.753,13.24,4,279.99
distance_sensors,start_drift,0.9,22,6000112,False,False,1.0211,0,2,4.458,13.321,2,94.5
apriltag,start_drift,0.9,22,6000112,False,False,1.8227,1,0,0.779,12.6,4,25.0
full_suite,start_drift,0.9,22,6000112,False,False,1.0211,0,2,4.19,13.381,2,399.49
dead_reckoning,start_drift,0.9,23,6000113,False,False,3.0665,1,0,0.567,23.097,6,0.0
odometry_pods,start_drift,0.9,23,6000113,False,False,3.0665,1,0,0.565,21.861,5,279.99
distance_sensors,start_drift,0.9,23,6000113,False,False,0.5428,0,1,4.135,20.435,1,94.5
apriltag,start_drift,0.9,23,6000113,False,False,3.1165,1,1,0.963,17.055,5,25.0
full_suite,start_drift,0.9,23,6000113,False,False,0.5428,0,1,4.191,21.394,1,399.49
dead_reckoning,start_drift,0.9,24,6000114,False,False,0.8005,1,0,0.057,9.742,1,0.0
odometry_pods,start_drift,0.9,24,6000114,False,False,0.8005,1,0,0.056,8.735,1,279.99
distance_sensors,start_drift,0.9,24,6000114,True,False,2.5894,0,0,0.119,10.397,5,94.5
apriltag,start_drift,0.9,24,6000114,False,False,0.8005,1,0,0.062,9.742,1,25.0
full_suite,start_drift,0.9,24,6000114,True,False,2.5894,0,0,0.114,8.812,5,399.49
dead_reckoning,start_drift,1.0,0,6000100,False,False,1.294,1,0,0.662,19.345,1,0.0
odometry_pods,start_drift,1.0,0,6000100,False,False,1.294,1,0,0.658,19.048,1,279.99
distance_sensors,start_drift,1.0,0,6000100,False,False,4.1347,0,0,0.15,21.847,8,94.5
apriltag,start_drift,1.0,0,6000100,False,False,1.294,1,0,0.673,19.345,1,25.0
full_suite,start_drift,1.0,0,6000100,False,False,5.22,0,4,0.34,3.697,8,399.49
dead_reckoning,start_drift,1.0,1,6000101,False,False,1.4704,1,0,1.548,25.064,4,0.0
odometry_pods,start_drift,1.0,1,6000101,False,False,1.4704,1,0,1.569,25.33,3,279.99
distance_sensors,start_drift,1.0,1,6000101,False,False,3.227,1,1,1.507,26.435,4,94.5
apriltag,start_drift,1.0,1,6000101,False,False,1.4704,1,0,1.568,25.064,4,25.0
full_suite,start_drift,1.0,1,6000101,False,False,5.2449,1,3,2.348,9.938,8,399.49
dead_reckoning,start_drift,1.0,2,6000102,False,False,3.4578,1,0,0.787,14.763,6,0.0
odometry_pods,start_drift,1.0,2,6000102,False,False,3.4578,1,0,0.742,13.629,6,279.99
distance_sensors,start_drift,1.0,2,6000102,False,False,4.4497,0,0,0.14,17.394,7,94.5
apriltag,start_drift,1.0,2,6000102,False,False,3.793,1,1,1.022,9.552,6,25.0
full_suite,start_drift,1.0,2,6000102,False,False,4.4497,0,0,0.135,14.146,7,399.49
dead_reckoning,start_drift,1.0,3,6000103,False,False,1.2627,1,0,0.314,13.495,2,0.0
odometry_pods,start_drift,1.0,3,6000103,False,False,1.2627,1,0,0.312,13.43,2,279.99
distance_sensors,start_drift,1.0,3,6000103,False,False,2.9856,1,0,0.313,16.106,5,94.5
apriltag,start_drift,1.0,3,6000103,False,False,1.2627,1,0,0.329,13.495,2,25.0
full_suite,start_drift,1.0,3,6000103,False,False,2.9856,1,0,0.313,13.945,5,399.49
dead_reckoning,start_drift,1.0,4,6000104,False,False,3.4187,0,0,0.274,13.532,6,0.0
odometry_pods,start_drift,1.0,4,6000104,False,False,1.6797,1,0,0.272,17.147,3,279.99
distance_sensors,start_drift,1.0,4,6000104,False,False,3.7406,0,0,0.133,13.917,6,94.5
apriltag,start_drift,1.0,4,6000104,False,False,3.4187,0,0,0.292,13.532,6,25.0
full_suite,start_drift,1.0,4,6000104,False,False,2.5812,1,0,0.298,17.222,5,399.49
dead_reckoning,start_drift,1.0,5,6000105,False,False,3.4736,1,0,0.783,24.272,5,0.0
odometry_pods,start_drift,1.0,5,6000105,False,False,3.4736,1,0,0.78,22.146,5,279.99
distance_sensors,start_drift,1.0,5,6000105,False,False,1.967,1,0,0.099,23.109,4,94.5
apriltag,start_drift,1.0,5,6000105,False,False,3.8391,1,0,0.751,18.35,6,25.0
full_suite,start_drift,1.0,5,6000105,False,False,1.967,1,0,0.091,16.711,4,399.49
dead_reckoning,start_drift,1.0,6,6000106,False,False,2.8639,1,0,0.982,18.063,6,0.0
odometry_pods,start_drift,1.0,6,6000106,False,False,2.8639,1,0,0.977,14.181,5,279.99
distance_sensors,start_drift,1.0,6,6000106,False,False,3.3997,1,2,1.226,17.893,5,94.5
apriltag,start_drift,1.0,6,6000106,False,False,2.8639,1,0,1.029,18.063,6,25.0
full_suite,start_drift,1.0,6,6000106,True,False,10.6157,0,8,2.076,1.086,18,399.49
dead_reckoning,start_drift,1.0,7,6000107,False,False,0.8762,1,0,0.517,12.902,1,0.0
odometry_pods,start_drift,1.0,7,6000107,False,False,0.8762,1,0,0.509,13.312,1,279.99
distance_sensors,start_drift,1.0,7,6000107,False,False,3.6528,1,0,0.156,16.814,8,94.5
apriltag,start_drift,1.0,7,6000107,False,False,0.8762,1,0,0.528,12.902,1,25.0
full_suite,start_drift,1.0,7,6000107,True,False,4.9684,0,3,0.331,1.371,10,399.49
dead_reckoning,start_drift,1.0,8,6000108,False,False,1.1951,1,0,1.822,23.612,2,0.0
odometry_pods,start_drift,1.0,8,6000108,False,False,1.6458,1,0,1.863,22.167,3,279.99
distance_sensors,start_drift,1.0,8,6000108,False,False,1.9811,1,1,0.501,24.778,3,94.5
apriltag,start_drift,1.0,8,6000108,False,False,1.1951,1,0,1.807,23.612,2,25.0
full_suite,start_drift,1.0,8,6000108,False,False,1.9811,1,1,0.453,22.236,3,399.49
dead_reckoning,start_drift,1.0,9,6000109,False,False,0.913,1,0,0.57,21.378,1,0.0
odometry_pods,start_drift,1.0,9,6000109,False,False,0.913,1,0,0.523,21.582,1,279.99
distance_sensors,start_drift,1.0,9,6000109,False,False,3.7082,1,0,0.189,17.605,7,94.5
apriltag,start_drift,1.0,9,6000109,False,False,4.7735,1,2,0.983,3.773,7,25.0
full_suite,start_drift,1.0,9,6000109,False,False,4.3735,0,2,0.469,6.034,7,399.49
dead_reckoning,start_drift,1.0,10,6000110,True,False,3.3621,0,0,0.261,2.356,5,0.0
odometry_pods,start_drift,1.0,10,6000110,True,False,3.3621,0,0,0.272,0.471,5,279.99
distance_sensors,start_drift,1.0,10,6000110,False,False,0.0,1,0,0.079,0.0,0,94.5
apriltag,start_drift,1.0,10,6000110,True,False,3.5621,0,4,0.735,0.839,5,25.0
full_suite,start_drift,1.0,10,6000110,False,False,0.0,1,0,0.078,0.0,0,399.49
dead_reckoning,start_drift,1.0,11,6000111,False,False,2.364,1,0,0.627,18.164,5,0.0
odometry_pods,start_drift,1.0,11,6000111,False,False,2.364,1,0,0.606,18.033,5,279.99
distance_sensors,start_drift,1.0,11,6000111,False,False,6.3124,1,0,0.468,27.657,12,94.5
apriltag,start_drift,1.0,11,6000111,False,False,9.268,1,3,1.53,12.805,18,25.0
full_suite,start_drift,1.0,11,6000111,True,False,7.4772,0,1,0.62,10.523,14,399.49
dead_reckoning,start_drift,1.0,12,6000112,False,False,1.8227,1,0,0.766,12.6,4,0.0
odometry_pods,start_drift,1.0,12,6000112,False,False,1.8227,1,0,0.767,13.24,4,279.99
distance_sensors,start_drift,1.0,12,6000112,False,False,1.0211,0,2,4.303,13.321,2,94.5
apriltag,start_drift,1.0,12,6000112,False,False,1.8227,1,0,0.766,12.6,4,25.0
full_suite,start_drift,1.0,12,6000112,False,False,1.0211,0,2,4.164,13.381,2,399.49
dead_reckoning,start_drift,1.0,13,6000113,False,False,3.0665,1,0,0.577,23.097,6,0.0
odometry_pods,start_drift,1.0,13,6000113,False,False,3.0665,1,0,0.584,21.861,5,279.99
distance_sensors,start_drift,1.0,13,6000113,False,False,0.5428,0,1,4.283,20.435,1,94.5
apriltag,start_drift,1.0,13,6000113,False,False,3.1165,1,1,0.783,17.055,5,25.0
full_suite,start_drift,1.0,13,6000113,False,False,0.5428,0,1,4.101,21.394,1,399.49
dead_reckoning,start_drift,1.0,14,6000114,False,False,0.8005,1,0,0.058,9.742,1,0.0
odometry_pods,start_drift,1.0,14,6000114,False,False,0.8005,1,0,0.056,8.735,1,279.99
distance_sensors,start_drift,1.0,14,6000114,True,False,2.5894,0,0,0.12,10.397,5,94.5
apriltag,start_drift,1.0,14,6000114,False,False,0.8005,1,0,0.059,9.742,1,25.0
full_suite,start_drift,1.0,14,6000114,True,False,2.5894,0,0,0.113,8.812,5,399.49
dead_reckoning,start_drift,1.0,15,6000115,False,False,0.0,1,0,0.379,21.633,0,0.0
odometry_pods,start_drift,1.0,15,6000115,False,False,0.0,1,0,0.376,21.633,0,279.99
distance_sensors,start_drift,1.0,15,6000115,False,False,6.4226,1,3,0.802,26.415,12,94.5
apriltag,start_drift,1.0,15,6000115,False,False,0.0,1,0,0.386,14.028,0,25.0
full_suite,start_drift,1.0,15,6000115,False,False,0.0,1,0,0.118,14.028,0,399.49
dead_reckoning,start_drift,1.0,16,6000116,False,False,0.9593,1,0,0.601,21.983,2,0.0
odometry_pods,start_drift,1.0,16,6000116,False,False,0.9593,1,0,0.596,21.701,2,279.99
distance_sensors,start_drift,1.0,16,6000116,False,False,6.992,1,3,1.083,23.937,11,94.5
apriltag,start_drift,1.0,16,6000116,True,False,8.3664,0,3,2.237,2.655,15,25.0
full_suite,start_drift,1.0,16,6000116,False,False,2.3299,1,3,0.757,5.059,3,399.49
dead_reckoning,start_drift,1.0,17,6000117,False,False,0.9132,1,0,1.236,22.29,1,0.0
odometry_pods,start_drift,1.0,17,6000117,False,False,0.9132,1,0,1.219,21.757,1,279.99
distance_sensors,start_drift,1.0,17,6000117,False,False,9.0822,0,1,0.614,20.317,18,94.5
apriltag,start_drift,1.0,17,6000117,False,False,0.9132,1,0,1.234,22.29,1,25.0
full_suite,start_drift,1.0,17,6000117,False,False,5.6062,1,2,0.707,2.059,11,399.49
dead_reckoning,start_drift,1.0,18,6000118,False,False,0.0,1,0,2.252,8.485,0,0.0
odometry_pods,start_drift,1.0,18,6000118,False,False,0.0,1,0,1.931,8.485,0,279.99
distance_sensors,start_drift,1.0,18,6000118,False,False,1.9012,1,1,1.255,8.035,3,94.5
apriltag,start_drift,1.0,18,6000118,False,False,0.0,1,0,1.947,8.485,0,25.0
full_suite,start_drift,1.0,18,6000118,False,False,1.9012,1,1,1.238,8.395,3,399.49
dead_reckoning,start_drift,1.0,19,6000119,False,False,1.3049,1,0,0.4,15.305,2,0.0
odometry_pods,start_drift,1.0,19,6000119,False,False,1.3049,1,0,0.396,13.773,2,279.99
distance_sensors,start_drift,1.0,19,6000119,False,False,3.2711,1,1,0.224,16.104,5,94.5
apriltag,start_drift,1.0,19,6000119,True,False,5.4102,0,5,1.544,2.423,8,25.0
full_suite,start_drift,1.0,19,6000119,True,False,5.5242,0,6,0.734,1.013,9,399.49
dead_reckoning,start_drift,1.0,20,6000120,False,False,7.2,0,0,0.322,10.769,12,0.0
odometry_pods,start_drift,1.0,20,6000120,False,False,6.8508,0,0,0.319,6.81,12,279.99
distance_sensors,start_drift,1.0,20,6000120,False,False,0.0,1,0,0.092,6.0,0,94.5
apriltag,start_drift,1.0,20,6000120,False,False,4.6771,1,4,1.132,4.329,8,25.0
full_suite,start_drift,1.0,20,6000120,False,False,0.0,1,0,0.092,6.0,0,399.49
dead_reckoning,start_drift,1.0,21,6000121,False,False,2.0031,0,0,0.182,14.561,4,0.0
odometry_pods,start_drift,1.0,21,6000121,False,False,2.0031,0,0,0.188,18.091,4,279.99
distance_sensors,start_drift,1.0,21,6000121,False,False,2.0031,0,0,0.047,14.561,4,94.5
apriltag,start_drift,1.0,21,6000121,False,False,2.0031,0,0,0.184,14.561,4,25.0
full_suite,start_drift,1.0,21,6000121,False,False,2.0031,0,0,0.047,18.091,4,399.49
dead_reckoning,start_drift,1.0,22,6000122,False,False,1.2002,1,0,0.561,12.799,2,0.0
odometry_pods,start_drift,1.0,22,6000122,False,False,1.2002,1,0,0.555,13.285,2,279.99
distance_sensors,start_drift,1.0,22,6000122,False,False,4.5557,1,0,0.314,11.509,9,94.5
apriltag,start_drift,1.0,22,6000122,False,False,1.2002,1,0,0.582,12.799,2,25.0
full_suite,start_drift,1.0,22,6000122,False,False,3.6541,1,0,0.622,12.838,7,399.49
dead_reckoning,start_drift,1.0,23,6000123,False,False,1.9732,0,0,0.035,9.509,3,0.0
odometry_pods,start_drift,1.0,23,6000123,False,False,1.9732,0,0,0.032,8.557,3,279.99
distance_sensors,start_drift,1.0,23,6000123,False,False,1.9732,0,0,0.04,9.172,3,94.5
apriltag,start_drift,1.0,23,6000123,False,False,1.9732,0,0,0.032,9.509,3,25.0
full_suite,start_drift,1.0,23,6000123,False,False,1.9732,0,0,0.04,8.481,3,399.49
dead_reckoning,start_drift,1.0,24,6000124,False,False,0.8703,1,0,0.336,15.816,1,0.0
odometry_pods,start_drift,1.0,24,6000124,False,False,0.8703,1,0,0.326,16.738,1,279.99
distance_sensors,start_drift,1.0,24,6000124,False,False,2.2734,1,0,0.185,12.757,5,94.5
apriltag,start_drift,1.0,24,6000124,False,False,0.8703,1,0,0.341,15.816,1,25.0
full_suite,start_drift,1.0,24,6000124,True,False,6.3149,0,3,0.524,0.489,13,399.49
dead_reckoning,obstacle_drift,0.0,0,7000000,False,False,7.4341,0,0,1.205,2.765,12,0.0
odometry_pods,obstacle_drift,0.0,0,7000000,True,False,6.4074,0,0,1.229,0.643,12,279.99
distance_sensors,obstacle_drift,0.0,0,7000000,False,False,1.4946,1,0,0.344,4.266,3,94.5
apriltag,obstacle_drift,0.0,0,7000000,True,False,6.7574,0,7,5.214,2.769,12,25.0
full_suite,obstacle_drift,0.0,0,7000000,False,False,3.4822,1,3,0.885,0.267,6,399.49
dead_reckoning,obstacle_drift,0.0,1,7000001,True,False,7.7256,0,0,0.405,3.595,13,0.0
odometry_pods,obstacle_drift,0.0,1,7000001,True,False,7.9897,0,0,0.402,1.041,14,279.99
distance_sensors,obstacle_drift,0.0,1,7000001,True,False,6.5226,0,0,0.323,3.911,11,94.5
apriltag,obstacle_drift,0.0,1,7000001,False,False,7.2881,1,4,1.54,3.744,12,25.0
full_suite,obstacle_drift,0.0,1,7000001,True,False,7.2381,0,3,0.768,1.059,12,399.49
dead_reckoning,obstacle_drift,0.0,2,7000002,False,False,11.6902,1,0,2.072,7.463,20,0.0
odometry_pods,obstacle_drift,0.0,2,7000002,True,False,15.2001,0,0,2.063,2.181,27,279.99
distance_sensors,obstacle_drift,0.0,2,7000002,False,False,1.1548,1,0,1.144,1.005,2,94.5
apriltag,obstacle_drift,0.0,2,7000002,False,False,16.3529,0,11,15.336,7.196,27,25.0
full_suite,obstacle_drift,0.0,2,7000002,False,False,1.1548,1,0,1.159,0.201,2,399.49
dead_reckoning,obstacle_drift,0.0,3,7000003,False,False,5.6621,1,0,2.368,5.432,9,0.0
odometry_pods,obstacle_drift,0.0,3,7000003,True,False,12.2107,0,0,2.183,0.676,22,279.99
distance_sensors,obstacle_drift,0.0,3,7000003,False,False,13.2838,0,1,1.154,7.152,21,94.5
apriltag,obstacle_drift,0.0,3,7000003,True,False,12.5107,0,6,6.24,3.466,22,25.0
full_suite,obstacle_drift,0.0,3,7000003,True,False,14.1952,0,7,2.769,1.142,21,399.49
dead_reckoning,obstacle_drift,0.0,4,7000004,True,False,3.5933,0,0,0.156,2.139,6,0.0
odometry_pods,obstacle_drift,0.0,4,7000004,True,False,3.5933,0,0,0.153,0.428,6,279.99
distance_sensors,obstacle_drift,0.0,4,7000004,True,False,3.1572,0,0,0.137,2.378,6,94.5
apriltag,obstacle_drift,0.0,4,7000004,True,False,3.8433,0,5,0.496,0.395,6,25.0
full_suite,obstacle_drift,0.0,4,7000004,True,False,3.8072,0,5,0.397,0.108,6,399.49
dead_reckoning,obstacle_drift,0.0,5,7000005,True,False,2.0376,0,0,0.086,1.046,3,0.0
odometry_pods,obstacle_drift,0.0,5,7000005,True,False,2.0376,0,0,0.083,0.209,3,279.99
distance_sensors,obstacle_drift,0.0,5,7000005,True,False,1.0721,0,0,0.031,1.395,2,94.5
apriltag,obstacle_drift,0.0,5,7000005,True,False,2.0876,0,1,0.097,1.768,3,25.0
full_suite,obstacle_drift,0.0,5,7000005,True,False,1.1221,0,1,0.052,0.329,2,399.49
dead_reckoning,obstacle_drift,0.0,6,7000006,False,False,2.4048,1,0,0.526,4.392,3,0.0
odometry_pods,obstacle_drift,0.0,6,7000006,True,False,5.3095,0,0,0.523,1.215,9,279.99
distance_sensors,obstacle_drift,0.0,6,7000006,False,False,0.0,1,0,0.134,0.0,0,94.5
apriltag,obstacle_drift,0.0,6,7000006,False,False,2.4048,1,0,0.538,4.392,3,25.0
full_suite,obstacle_drift,0.0,6,7000006,False,False,0.0,1,0,0.132,0.0,0,399.49
dead_reckoning,obstacle_drift,0.0,7,7000007,True,False,2.8838,0,0,0.057,3.196,6,0.0
odometry_pods,obstacle_drift,0.0,7,7000007,True,False,3.1479,0,0,0.053,0.947,6,279.99
distance_sensors,obstacle_drift,0.0,7,7000007,True,False,2.7679,0,0,0.096,2.909,6,94.5
apriltag,obstacle_drift,0.0,7,7000007,True,False,2.8838,0,0,0.059,3.196,6,25.0
full_suite,obstacle_drift,0.0,7,7000007,True,False,3.032,0,0,0.095,0.92,6,399.49
dead_reckoning,obstacle_drift,0.0,8,7000008,False,False,6.1838,0,0,0.513,6.323,10,0.0
odometry_pods,obstacle_drift,0.0,8,7000008,True,False,5.8819,0,0,0.51,1.267,10,279.99
distance_sensors,obstacle_drift,0.0,8,7000008,False,False,5.7838,0,0,0.248,6.207,10,94.5
apriltag,obstacle_drift,0.0,8,7000008,False,False,6.5226,0,1,0.961,6.486,10,25.0
full_suite,obstacle_drift,0.0,8,7000008,True,False,5.4819,0,0,0.25,1.236,10,399.49
dead_reckoning,obstacle_drift,0.0,9,7000009,False,False,2.0879,1,0,1.204,3.4,3,0.0
odometry_pods,obstacle_drift,0.0,9,7000009,True,False,13.7116,0,0,1.164,3.569,26,279.99
distance_sensors,obstacle_drift,0.0,9,7000009,False,False,1.4366,1,2,0.7,3.438,2,94.5
apriltag,obstacle_drift,0.0,9,7000009,False,False,2.0879,1,0,1.183,3.4,3,25.0
full_suite,obstacle_drift,0.0,9,7000009,True,False,12.1735,0,12,2.278,0.324,23,399.49
dead_reckoning,obstacle_drift,0.0,10,7000010,True,False,5.7383,0,0,0.453,0.927,10,0.0
odometry_pods,obstacle_drift,0.0,10,7000010,True,False,5.7383,0,0,0.46,0.185,10,279.99
distance_sensors,obstacle_drift,0.0,10,7000010,True,False,4.8184,0,0,0.174,0.739,10,94.5
apriltag,obstacle_drift,0.0,10,7000010,True,False,5.9883,0,5,1.785,1.393,10,25.0
full_suite,obstacle_drift,0.0,10,7000010,True,False,5.0684,0,5,0.73,0.257,10,399.49
dead_reckoning,obstacle_drift,0.0,11,7000011,False,False,5.164,1,0,1.309,7.325,9,0.0
odometry_pods,obstacle_drift,0.0,11,7000011,True,False,9.5242,0,0,1.277,1.925,16,279.99
distance_sensors,obstacle_drift,0.0,11,7000011,False,False,2.6803,1,0,0.347,4.34,5,94.5
apriltag,obstacle_drift,0.0,11,7000011,False,False,6.3496,1,1,2.177,6.963,9,25.0
full_suite,obstacle_drift,0.0,11,7000011,True,False,8.7432,0,3,0.434,0.614,14,399.49
dead_reckoning,obstacle_drift,0.0,12,7000012,False,False,8.6209,1,0,1.314,4.939,15,0.0
odometry_pods,obstacle_drift,0.0,12,7000012,True,False,8.8717,0,0,1.577,0.654,16,279.99
distance_sensors,obstacle_drift,0.0,12,7000012,False,False,7.2781,1,0,0.587,4.258,14,94.5
apriltag,obstacle_drift,0.0,12,7000012,False,False,7.0393,1,8,7.511,4.066,13,25.0
full_suite,obstacle_drift,0.0,12,7000012,True,False,8.0289,0,6,1.736,0.715,15,399.49
dead_reckoning,obstacle_drift,0.0,13,7000013,False,False,4.3548,0,0,0.225,6.098,7,0.0
odometry_pods,obstacle_drift,0.0,13,7000013,True,False,4.1681,0,0,0.227,0.884,7,279.99
distance_sensors,obstacle_drift,0.0,13,7000013,True,False,2.7679,0,0,0.076,1.859,6,94.5
apriltag,obstacle_drift,0.0,13,7000013,True,False,4.4681,0,6,0.733,0.71,7,25.0
full_suite,obstacle_drift,0.0,13,7000013,True,False,3.032,0,0,0.07,0.766,6,399.49
dead_reckoning,obstacle_drift,0.0,14,7000014,False,False,5.6998,0,0,0.48,4.839,11,0.0
odometry_pods,obstacle_drift,0.0,14,7000014,True,False,6.1913,0,0,0.481,1.713,11,279.99
distance_sensors,obstacle_drift,0.0,14,7000014,False,False,5.2241,0,0,0.186,4.171,11,94.5
apriltag,obstacle_drift,0.0,14,7000014,True,False,6.6413,0,9,2.51,1.825,11,25.0
full_suite,obstacle_drift,0.0,14,7000014,True,False,5.6669,0,8,0.788,0.015,11,399.49
dead_reckoning,obstacle_drift,0.0,15,7000015,True,False,5.2784,0,0,0.161,1.069,10,0.0
odometry_pods,obstacle_drift,0.0,15,7000015,True,False,5.2784,0,0,0.158,0.214,10,279.99
distance_sensors,obstacle_drift,0.0,15,7000015,True,False,4.5078,0,0,0.108,1.166,10,94.5
apriltag,obstacle_drift,0.0,15,7000015,True,False,5.2784,0,0,0.165,1.069,10,25.0
full_suite,obstacle_drift,0.0,15,7000015,True,False,4.5578,0,1,0.187,0.234,10,399.49
dead_reckoning,obstacle_drift,0.0,16,7000016,False,False,5.9317,1,0,1.395,5.88,11,0.0
odometry_pods,obstacle_drift,0.0,16,7000016,True,False,17.454,0,0,1.611,1.365,34,279.99
distance_sensors,obstacle_drift,0.0,16,7000016,False,False,0.0,1,0,0.439,0.0,0,94.5
apriltag,obstacle_drift,0.0,16,7000016,False,False,5.9317,1,0,1.417,5.88,11,25.0
full_suite,obstacle_drift,0.0,16,7000016,False,False,0.0,1,0,0.43,0.0,0,399.49
dead_reckoning,obstacle_drift,0.0,17,7000017,False,False,13.1641,0,0,1.529,6.583,22,0.0
odometry_pods,obstacle_drift,0.0,17,7000017,True,False,11.7341,0,0,1.511,1.205,22,279.99
distance_sensors,obstacle_drift,0.0,17,7000017,False,False,2.529,1,1,0.874,1.419,4,94.5
apriltag,obstacle_drift,0.0,17,7000017,True,False,11.8201,0,7,6.286,0.949,22,25.0
full_suite,obstacle_drift,0.0,17,7000017,False,False,2.579,1,2,1.236,0.467,4,399.49
dead_reckoning,obstacle_drift,0.0,18,7000018,False,False,12.5319,0,0,1.029,8.245,23,0.0
odometry_pods,obstacle_drift,0.0,18,7000018,True,False,12.0305,0,0,1.019,1.871,23,279.99
distance_sensors,obstacle_drift,0.0,18,7000018,False,False,11.145,0,0,0.554,6.058,21,94.5
apriltag,obstacle_drift,0.0,18,7000018,False,False,12.1183,0,1,1.418,7.94,22,25.0
full_suite,obstacle_drift,0.0,18,7000018,True,False,10.6789,0,3,0.964,1.224,21,399.49
dead_reckoning,obstacle_drift,0.0,19,7000019,True,False,2.3508,0,0,0.098,1.388,4,0.0
odometry_pods,obstacle_drift,0.0,19,7000019,True,False,2.3508,0,0,0.096,0.278,4,279.99
distance_sensors,obstacle_drift,0.0,19,7000019,True,False,2.1508,0,0,0.079,1.501,4,94.5
apriltag,obstacle_drift,0.0,19,7000019,True,False,2.5008,0,3,0.218,1.76,4,25.0
full_suite,obstacle_drift,0.0,19,7000019,True,False,2.3008,0,3,0.18,0.479,4,399.49
dead_reckoning,obstacle_drift,0.0,20,7000020,False,False,5.6131,0,0,0.271,7.241,9,0.0
odometry_pods,obstacle_drift,0.0,20,7000020,True,False,5.1116,0,0,0.269,1.298,9,279.99
distance_sensors,obstacle_drift,0.0,20,7000020,False,False,4.1396,0,0,0.111,5.994,9,94.5
apriltag,obstacle_drift,0.0,20,7000020,True,False,6.5991,0,1,0.323,2.189,10,25.0
full_suite,obstacle_drift,0.0,20,7000020,True,False,4.3705,0,0,0.112,1.097,9,399.49
dead_reckoning,obstacle_drift,0.0,21,7000021,False,False,4.257,1,0,1.932,4.727,9,0.0
odometry_pods,obstacle_drift,0.0,21,7000021,True,False,15.9021,0,0,1.961,2.77,33,279.99
distance_sensors,obstacle_drift,0.0,21,7000021,False,False,15.561,1,3,3.434,7.839,23,94.5
apriltag,obstacle_drift,0.0,21,7000021,False,False,10.092,1,1,3.674,3.562,20,25.0
full_suite,obstacle_drift,0.0,21,7000021,True,False,15.4937,0,7,4.768,2.103,26,399.49
dead_reckoning,obstacle_drift,0.0,22,7000022,False,False,15.8364,1,0,2.363,7.387,28,0.0
odometry_pods,obstacle_drift,0.0,22,7000022,True,False,17.0506,0,0,2.33,2.287,34,279.99
distance_sensors,obstacle_drift,0.0,22,7000022,False,False,1.2038,1,0,0.544,3.334,2,94.5
apriltag,obstacle_drift,0.0,22,7000022,False,False,15.7209,1,1,3.841,11.602,27,25.0
full_suite,obstacle_drift,0.0,22,7000022,True,False,13.9973,0,9,2.596,1.254,24,399.49
dead_reckoning,obstacle_drift,0.0,23,7000023,True,False,11.6511,0,0,0.964,9.365,19,0.0
odometry_pods,obstacle_drift,0.0,23,7000023,True,False,10.7355,0,0,0.96,2.147,20,279.99
distance_sensors,obstacle_drift,0.0,23,7000023,False,False,6.9502,1,1,0.729,7.771,11,94.5
apriltag,obstacle_drift,0.0,23,7000023,False,False,10.5185,1,1,1.531,7.948,18,25.0
full_suite,obstacle_drift,0.0,23,7000023,True,False,10.5391,0,2,1.1,2.415,17,399.49
dead_reckoning,obstacle_drift,0.0,24,7000024,False,False,10.8652,0,0,1.256,9.764,19,0.0
odometry_pods,obstacle_drift,0.0,24,7000024,True,False,9.6992,0,0,1.243,1.972,19,279.99
distance_sensors,obstacle_drift,0.0,24,7000024,False,False,0.6222,1,1,0.861,2.594,1,94.5
apriltag,obstacle_drift,0.0,24,7000024,True,False,10.2492,0,11,4.847,0.747,19,25.0
full_suite,obstacle_drift,0.0,24,7000024,False,False,0.6222,1,1,1.072,0.519,1,399.49
dead_reckoning,obstacle_drift,0.1,0,7000010,True,False,5.7383,0,0,0.456,0.927,10,0.0
odometry_pods,obstacle_drift,0.1,0,7000010,True,False,5.7383,0,0,0.45,0.185,10,279.99
distance_sensors,obstacle_drift,0.1,0,7000010,True,False,4.8184,0,0,0.175,0.739,10,94.5
apriltag,obstacle_drift,0.1,0,7000010,True,False,5.9883,0,5,1.784,1.393,10,25.0
full_suite,obstacle_drift,0.1,0,7000010,True,False,5.0684,0,5,0.73,0.257,10,399.49
dead_reckoning,obstacle_drift,0.1,1,7000011,False,False,5.164,1,0,1.276,7.325,9,0.0
odometry_pods,obstacle_drift,0.1,1,7000011,True,False,9.5242,0,0,1.506,1.925,16,279.99
distance_sensors,obstacle_drift,0.1,1,7000011,False,False,2.6803,1,0,0.354,4.34,5,94.5
apriltag,obstacle_drift,0.1,1,7000011,False,False,6.3496,1,1,2.172,6.963,9,25.0
full_suite,obstacle_drift,0.1,1,7000011,True,False,8.7432,0,3,0.444,0.614,14,399.49
dead_reckoning,obstacle_drift,0.1,2,7000012,False,False,8.6209,1,0,1.645,4.939,15,0.0
odometry_pods,obstacle_drift,0.1,2,7000012,True,False,8.8717,0,0,1.313,0.654,16,279.99
distance_sensors,obstacle_drift,0.1,2,7000012,False,False,7.2781,1,0,0.57,4.258,14,94.5
apriltag,obstacle_drift,0.1,2,7000012,False,False,7.0393,1,8,7.79,4.066,13,25.0
full_suite,obstacle_drift,0.1,2,7000012,True,False,8.0289,0,6,1.784,0.715,15,399.49
dead_reckoning,obstacle_drift,0.1,3,7000013,False,False,4.3548,0,0,0.228,6.098,7,0.0
odometry_pods,obstacle_drift,0.1,3,7000013,True,False,4.1681,0,0,0.225,0.884,7,279.99
distance_sensors,obstacle_drift,0.1,3,7000013,True,False,2.7679,0,0,0.071,1.859,6,94.5
apriltag,obstacle_drift,0.1,3,7000013,True,False,4.4681,0,6,0.73,0.71,7,25.0
full_suite,obstacle_drift,0.1,3,7000013,True,False,3.032,0,0,0.072,0.766,6,399.49
dead_reckoning,obstacle_drift,0.1,4,7000014,False,False,5.6998,0,0,0.487,4.839,11,0.0
odometry_pods,obstacle_drift,0.1,4,7000014,True,False,6.1913,0,0,0.488,1.713,11,279.99
distance_sensors,obstacle_drift,0.1,4,7000014,False,False,5.2241,0,0,0.19,4.171,11,94.5
apriltag,obstacle_drift,0.1,4,7000014,True,False,6.4913,0,6,2.229,1.602,11,25.0
full_suite,obstacle_drift,0.1,4,7000014,True,False,5.5169,0,5,0.587,0.26,11,399.49
dead_reckoning,obstacle_drift,0.1,5,7000015,True,False,5.2784,0,0,0.164,1.069,10,0.0
odometry_pods,obstacle_drift,0.1,5,7000015,True,False,5.2784,0,0,0.158,0.214,10,279.99
distance_sensors,obstacle_drift,0.1,5,7000015,True,False,4.5078,0,0,0.135,1.166,10,94.5
apriltag,obstacle_drift,0.1,5,7000015,True,False,5.2784,0,0,0.164,1.069,10,25.0
full_suite,obstacle_drift,0.1,5,7000015,True,False,4.5578,0,1,0.191,0.234,10,399.49
dead_reckoning,obstacle_drift,0.1,6,7000016,False,False,5.9317,1,0,1.389,5.88,11,0.0
odometry_pods,obstacle_drift,0.1,6,7000016,True,False,17.454,0,0,1.38,1.365,34,279.99
distance_sensors,obstacle_drift,0.1,6,7000016,False,False,0.0,1,0,0.434,0.0,0,94.5
apriltag,obstacle_drift,0.1,6,7000016,False,False,5.9317,1,0,2.148,5.88,11,25.0
full_suite,obstacle_drift,0.1,6,7000016,False,False,0.0,1,0,0.434,0.0,0,399.49
dead_reckoning,obstacle_drift,0.1,7,7000017,False,False,13.1641,0,0,1.51,6.583,22,0.0
odometry_pods,obstacle_drift,0.1,7,7000017,True,False,11.7341,0,0,1.511,1.205,22,279.99
distance_sensors,obstacle_drift,0.1,7,7000017,False,False,2.529,1,1,0.892,1.419,4,94.5
apriltag,obstacle_drift,0.1,7,7000017,True,False,11.8201,0,7,6.335,0.949,22,25.0
full_suite,obstacle_drift,0.1,7,7000017,False,False,2.579,1,2,1.258,0.467,4,399.49
dead_reckoning,obstacle_drift,0.1,8,7000018,False,False,12.5319,0,0,1.062,8.245,23,0.0
odometry_pods,obstacle_drift,0.1,8,7000018,True,False,12.0305,0,0,1.029,1.871,23,279.99
distance_sensors,obstacle_drift,0.1,8,7000018,False,False,11.145,0,0,0.551,6.058,21,94.5
apriltag,obstacle_drift,0.1,8,7000018,False,False,12.1183,0,1,1.383,7.94,22,25.0
full_suite,obstacle_drift,0.1,8,7000018,True,False,10.6789,0,3,0.936,1.224,21,399.49
dead_reckoning,obstacle_drift,0.1,9,7000019,True,False,2.3508,0,0,0.102,1.388,4,0.0
odometry_pods,obstacle_drift,0.1,9,7000019,True,False,2.3508,0,0,0.094,0.278,4,279.99
distance_sensors,obstacle_drift,0.1,9,7000019,True,False,2.1508,0,0,0.076,1.501,4,94.5
apriltag,obstacle_drift,0.1,9,7000019,True,False,2.5008,0,3,0.256,1.76,4,25.0
full_suite,obstacle_drift,0.1,9,7000019,True,False,2.3008,0,3,0.196,0.479,4,399.49
dead_reckoning,obstacle_drift,0.1,10,7000020,False,False,5.6131,0,0,0.287,7.241,9,0.0
odometry_pods,obstacle_drift,0.1,10,7000020,True,False,5.1116,0,0,0.332,1.298,9,279.99
distance_sensors,obstacle_drift,0.1,10,7000020,False,False,4.1396,0,0,0.122,5.994,9,94.5
apriltag,obstacle_drift,0.1,10,7000020,True,False,6.5991,0,1,0.34,2.189,10,25.0
full_suite,obstacle_drift,0.1,10,7000020,True,False,4.3705,0,0,0.115,1.097,9,399.49
dead_reckoning,obstacle_drift,0.1,11,7000021,False,False,4.257,1,0,1.956,4.727,9,0.0
odometry_pods,obstacle_drift,0.1,11,7000021,True,False,15.9021,0,0,1.966,2.77,33,279.99
distance_sensors,obstacle_drift,0.1,11,7000021,False,False,15.561,1,3,3.429,7.839,23,94.5
apriltag,obstacle_drift,0.1,11,7000021,False,False,10.092,1,1,3.322,3.562,20,25.0
full_suite,obstacle_drift,0.1,11,7000021,True,False,15.4937,0,7,4.973,2.103,26,399.49
dead_reckoning,obstacle_drift,0.1,12,7000022,False,False,15.8364,1,0,2.343,7.387,28,0.0
odometry_pods,obstacle_drift,0.1,12,7000022,True,False,17.0506,0,0,2.358,2.287,34,279.99
distance_sensors,obstacle_drift,0.1,12,7000022,False,False,1.2038,1,0,0.546,3.334,2,94.5
apriltag,obstacle_drift,0.1,12,7000022,False,False,15.7209,1,1,3.974,11.602,27,25.0
full_suite,obstacle_drift,0.1,12,7000022,True,False,15.0834,0,8,3.041,1.533,25,399.49
dead_reckoning,obstacle_drift,0.1,13,7000023,True,False,11.6511,0,0,0.986,9.365,19,0.0
odometry_pods,obstacle_drift,0.1,13,7000023,True,False,10.7355,0,0,0.986,2.147,20,279.99
distance_sensors,obstacle_drift,0.1,13,7000023,False,False,6.9502,1,1,0.73,7.771,11,94.5
apriltag,obstacle_drift,0.1,13,7000023,False,False,10.5185,1,1,1.614,7.948,18,25.0
full_suite,obstacle_drift,0.1,13,7000023,True,False,10.5391,0,2,0.936,2.415,17,399.49
dead_reckoning,obstacle_drift,0.1,14,7000024,False,False,10.8652,0,0,1.249,9.764,19,0.0
odometry_pods,obstacle_drift,0.1,14,7000024,True,False,9.6992,0,0,1.243,1.972,19,279.99
distance_sensors,obstacle_drift,0.1,14,7000024,False,False,0.6222,1,1,0.861,2.594,1,94.5
apriltag,obstacle_drift,0.1,14,7000024,True,False,10.2492,0,11,5.113,0.747,19,25.0
full_suite,obstacle_drift,0.1,14,7000024,False,False,0.6222,1,1,0.863,0.519,1,399.49
dead_reckoning,obstacle_drift,0.1,15,7000025,False,False,5.4995,1,0,0.379,5.986,11,0.0
odometry_pods,obstacle_drift,0.1,15,7000025,True,False,6.8519,0,0,0.375,1.175,13,279.99
distance_sensors,obstacle_drift,0.1,15,7000025,False,False,3.6619,1,0,0.193,6.379,7,94.5
apriltag,obstacle_drift,0.1,15,7000025,True,False,6.6378,0,1,0.698,1.9,13,25.0
full_suite,obstacle_drift,0.1,15,7000025,True,False,6.3313,0,1,0.32,0.462,13,399.49
dead_reckoning,obstacle_drift,0.1,16,7000026,False,False,15.4266,0,0,2.523,5.406,26,0.0
odometry_pods,obstacle_drift,0.1,16,7000026,True,False,14.2693,0,0,2.291,1.004,26,279.99
distance_sensors,obstacle_drift,0.1,16,7000026,False,False,14.6643,0,3,1.458,5.462,23,94.5
apriltag,obstacle_drift,0.1,16,7000026,True,False,15.0193,0,15,16.15,2.071,26,25.0
full_suite,obstacle_drift,0.1,16,7000026,True,False,13.3225,0,12,3.123,0.859,24,399.49
dead_reckoning,obstacle_drift,0.1,17,7000027,False,False,10.6275,0,0,1.125,5.391,17,0.0
odometry_pods,obstacle_drift,0.1,17,7000027,True,False,9.4569,0,0,1.119,0.791,17,279.99
distance_sensors,obstacle_drift,0.1,17,7000027,True,False,7.1898,0,0,0.384,3.206,14,94.5
apriltag,obstacle_drift,0.1,17,7000027,True,False,10.0569,0,12,4.614,2.24,17,25.0
full_suite,obstacle_drift,0.1,17,7000027,True,False,8.6053,0,5,1.223,0.888,15,399.49
dead_reckoning,obstacle_drift,0.1,18,7000028,True,False,4.9457,0,0,0.409,2.11,9,0.0
odometry_pods,obstacle_drift,0.1,18,7000028,True,False,5.2098,0,0,0.403,0.353,9,279.99
distance_sensors,obstacle_drift,0.1,18,7000028,True,False,4.2096,0,0,0.148,1.572,7,94.5
apriltag,obstacle_drift,0.1,18,7000028,True,False,4.9957,0,1,0.804,2.662,9,25.0
full_suite,obstacle_drift,0.1,18,7000028,True,False,4.4737,0,0,0.183,0.174,8,399.49
dead_reckoning,obstacle_drift,0.1,19,7000029,True,False,16.699,0,0,1.782,1.522,29,0.0
odometry_pods,obstacle_drift,0.1,19,7000029,True,False,15.7631,0,0,1.759,0.383,29,279.99
distance_sensors,obstacle_drift,0.1,19,7000029,False,False,6.7418,1,1,1.064,5.584,9,94.5
apriltag,obstacle_drift,0.1,19,7000029,False,False,16.5343,0,11,9.742,6.433,29,25.0
full_suite,obstacle_drift,0.1,19,7000029,True,False,13.1955,0,9,2.218,0.478,20,399.49
dead_reckoning,obstacle_drift,0.1,20,7000030,False,False,8.4063,0,0,0.638,4.547,15,0.0
odometry_pods,obstacle_drift,0.1,20,7000030,True,False,8.2916,0,0,0.822,0.936,15,279.99
distance_sensors,obstacle_drift,0.1,20,7000030,False,False,9.0589,0,2,0.859,3.724,16,94.5
apriltag,obstacle_drift,0.1,20,7000030,False,False,8.3063,0,2,0.905,5.672,15,25.0
full_suite,obstacle_drift,0.1,20,7000030,True,False,9.107,0,9,1.115,0.472,16,399.49
dead_reckoning,obstacle_drift,0.1,21,7000031,True,False,11.2499,0,0,1.221,4.684,21,0.0
odometry_pods,obstacle_drift,0.1,21,7000031,True,False,11.4794,0,0,1.406,0.386,22,279.99
distance_sensors,obstacle_drift,0.1,21,7000031,False,False,4.3902,1,0,0.742,3.686,7,94.5
apriltag,obstacle_drift,0.1,21,7000031,True,False,11.6654,0,9,7.222,3.096,22,25.0
full_suite,obstacle_drift,0.1,21,7000031,True,False,9.6814,0,8,2.346,0.461,17,399.49
dead_reckoning,obstacle_drift,0.1,22,7000032,True,False,4.8276,0,0,0.412,1.25,9,0.0
odometry_pods,obstacle_drift,0.1,22,7000032,True,False,4.8276,0,0,0.408,0.25,9,279.99
distance_sensors,obstacle_drift,0.1,22,7000032,True,False,5.0276,0,0,0.103,1.627,9,94.5
apriltag,obstacle_drift,0.1,22,7000032,True,False,4.8776,0,1,0.436,1.222,9,25.0
full_suite,obstacle_drift,0.1,22,7000032,True,False,4.8776,0,1,0.136,0.244,9,399.49
dead_reckoning,obstacle_drift,0.1,23,7000033,False,False,13.6859,0,0,1.406,5.902,20,0.0
odometry_pods,obstacle_drift,0.1,23,7000033,True,False,10.6653,0,0,1.579,1.065,20,279.99
distance_sensors,obstacle_drift,0.1,23,7000033,False,False,13.8493,0,3,1.271,6.086,20,94.5
apriltag,obstacle_drift,0.1,23,7000033,True,False,11.6593,0,10,4.555,1.87,19,25.0
full_suite,obstacle_drift,0.1,23,7000033,True,False,11.2775,0,12,1.953,0.209,20,399.49
dead_reckoning,obstacle_drift,0.1,24,7000034,False,False,5.3798,0,0,0.303,8.678,9,0.0
odometry_pods,obstacle_drift,0.1,24,7000034,True,False,4.9719,0,0,0.3,1.281,9,279.99
distance_sensors,obstacle_drift,0.1,24,7000034,False,False,4.9419,0,1,0.335,6.254,9,94.5
apriltag,obstacle_drift,0.1,24,7000034,True,False,5.0078,0,6,1.108,1.036,8,25.0
full_suite,obstacle_drift,0.1,24,7000034,True,False,5.2833,0,8,0.769,0.204,9,399.49
dead_reckoning,obstacle_drift,0.2,0,7000020,False,False,5.6131,0,0,0.274,7.241,9,0.0
odometry_pods,obstacle_drift,0.2,0,7000020,True,False,5.1116,0,0,0.271,1.298,9,279.99
distance_sensors,obstacle_drift,0.2,0,7000020,False,False,4.1396,0,0,0.117,5.994,9,94.5
apriltag,obstacle_drift,0.2,0,7000020,True,False,6.5991,0,1,0.341,2.189,10,25.0
full_suite,obstacle_drift,0.2,0,7000020,True,False,4.3705,0,0,0.115,1.097,9,399.49
dead_reckoning,obstacle_drift,0.2,1,7000021,False,False,4.257,1,0,1.942,4.727,9,0.0
odometry_pods,obstacle_drift,0.2,1,7000021,True,False,15.9021,0,0,1.925,2.77,33,279.99
distance_sensors,obstacle_drift,0.2,1,7000021,False,False,15.561,1,3,3.39,7.839,23,94.5
apriltag,obstacle_drift,0.2,1,7000021,False,False,10.092,1,1,3.141,3.562,20,25.0
full_suite,obstacle_drift,0.2,1,7000021,True,False,15.4937,0,7,5.086,2.103,26,399.49
dead_reckoning,obstacle_drift,0.2,2,7000022,False,False,15.8364,1,0,2.328,7.387,28,0.0
odometry_pods,obstacle_drift,0.2,2,7000022,True,False,17.0506,0,0,2.316,2.287,34,279.99
distance_sensors,obstacle_drift,0.2,2,7000022,False,False,1.2038,1,0,0.546,3.334,2,94.5
apriltag,obstacle_drift,0.2,2,7000022,False,False,15.7209,1,1,4.236,11.602,27,25.0
full_suite,obstacle_drift,0.2,2,7000022,True,False,15.0834,0,8,2.744,1.533,25,399.49
dead_reckoning,obstacle_drift,0.2,3,7000023,True,False,11.6511,0,0,0.974,9.365,19,0.0
odometry_pods,obstacle_drift,0.2,3,7000023,True,False,10.7355,0,0,0.971,2.147,20,279.99
distance_sensors,obstacle_drift,0.2,3,7000023,False,False,6.9502,1,1,0.816,7.771,11,94.5
apriltag,obstacle_drift,0.2,3,7000023,False,False,10.5185,1,1,1.616,7.948,18,25.0
full_suite,obstacle_drift,0.2,3,7000023,True,False,10.5391,0,2,1.008,2.415,17,399.49
dead_reckoning,obstacle_drift,0.2,4,7000024,False,False,10.8652,0,0,1.272,9.764,19,0.0
odometry_pods,obstacle_drift,0.2,4,7000024,True,False,9.6992,0,0,1.445,1.972,19,279.99
distance_sensors,obstacle_drift,0.2,4,7000024,False,False,0.6222,1,1,0.87,2.594,1,94.5
apriltag,obstacle_drift,0.2,4,7000024,True,False,10.2492,0,11,4.915,0.747,19,25.0
full_suite,obstacle_drift,0.2,4,7000024,False,False,0.6222,1,1,0.861,0.519,1,399.49
dead_reckoning,obstacle_drift,0.2,5,7000025,False,False,5.4995,1,0,0.379,5.986,11,0.0
odometry_pods,obstacle_drift,0.2,5,7000025,True,False,6.8519,0,0,0.374,1.175,13,279.99
distance_sensors,obstacle_drift,0.2,5,7000025,False,False,3.6619,1,0,0.193,6.379,7,94.5
apriltag,obstacle_drift,0.2,5,7000025,True,False,6.6378,0,1,0.702,1.9,13,25.0
full_suite,obstacle_drift,0.2,5,7000025,True,False,6.3313,0,1,0.32,0.462,13,399.49
dead_reckoning,obstacle_drift,0.2,6,7000026,False,False,15.4266,0,0,2.285,5.406,26,0.0
odometry_pods,obstacle_drift,0.2,6,7000026,True,False,14.2693,0,0,2.329,1.004,26,279.99
distance_sensors,obstacle_drift,0.2,6,7000026,False,False,14.6643,0,3,1.474,5.462,23,94.5
apriltag,obstacle_drift,0.2,6,7000026,True,False,15.0193,0,15,16.27,2.071,26,25.0
full_suite,obstacle_drift,0.2,6,7000026,True,False,13.3225,0,12,3.089,0.859,24,399.49
dead_reckoning,obstacle_drift,0.2,7,7000027,False,False,10.6275,0,0,1.126,5.391,17,0.0
odometry_pods,obstacle_drift,0.2,7,7000027,True,False,9.4569,0,0,1.411,0.791,17,279.99
distance_sensors,obstacle_drift,0.2,7,7000027,True,False,7.1898,0,0,0.422,3.206,14,94.5
apriltag,obstacle_drift,0.2,7,7000027,True,False,10.0569,0,12,4.271,2.24,17,25.0
full_suite,obstacle_drift,0.2,7,7000027,True,False,8.6053,0,5,1.217,0.888,15,399.49
dead_reckoning,obstacle_drift,0.2,8,7000028,True,False,4.9457,0,0,0.437,2.11,9,0.0
odometry_pods,obstacle_drift,0.2,8,7000028,True,False,5.2098,0,0,0.41,0.353,9,279.99
distance_sensors,obstacle_drift,0.2,8,7000028,True,False,4.2096,0,0,0.155,1.572,7,94.5
apriltag,obstacle_drift,0.2,8,7000028,True,False,4.9957,0,1,0.735,2.662,9,25.0
full_suite,obstacle_drift,0.2,8,7000028,True,False,4.4737,0,0,0.15,0.174,8,399.49
dead_reckoning,obstacle_drift,0.2,9,7000029,True,False,16.699,0,0,1.736,1.522,29,0.0
odometry_pods,obstacle_drift,0.2,9,7000029,True,False,15.7631,0,0,1.723,0.383,29,279.99
distance_sensors,obstacle_drift,0.2,9,7000029,False,False,6.7418,1,1,1.289,5.584,9,94.5
apriltag,obstacle_drift,0.2,9,7000029,False,False,16.5343,0,11,9.599,6.433,29,25.0
full_suite,obstacle_drift,0.2,9,7000029,True,False,13.1955,0,9,2.453,0.478,20,399.49
dead_reckoning,obstacle_drift,0.2,10,7000030,False,False,8.4063,0,0,0.642,4.547,15,0.0
odometry_pods,obstacle_drift,0.2,10,7000030,True,False,8.2916,0,0,0.635,0.936,15,279.99
distance_sensors,obstacle_drift,0.2,10,7000030,False,False,9.0589,0,2,0.835,3.724,16,94.5
apriltag,obstacle_drift,0.2,10,7000030,False,False,8.3063,0,2,0.906,5.672,15,25.0
full_suite,obstacle_drift,0.2,10,7000030,True,False,9.107,0,9,1.173,0.472,16,399.49
dead_reckoning,obstacle_drift,0.2,11,7000031,True,False,11.2499,0,0,1.204,4.684,21,0.0
odometry_pods,obstacle_drift,0.2,11,7000031,True,False,11.4794,0,0,1.211,0.386,22,279.99
distance_sensors,obstacle_drift,0.2,11,7000031,False,False,4.3902,1,0,0.723,3.686,7,94.5
apriltag,obstacle_drift,0.2,11,7000031,True,False,11.6654,0,9,8.848,3.096,22,25.0
full_suite,obstacle_drift,0.2,11,7000031,True,False,9.6814,0,8,2.333,0.461,17,399.49
dead_reckoning,obstacle_drift,0.2,12,7000032,True,False,4.8276,0,0,0.415,1.25,9,0.0
odometry_pods,obstacle_drift,0.2,12,7000032,True,False,4.8276,0,0,0.408,0.25,9,279.99
distance_sensors,obstacle_drift,0.2,12,7000032,True,False,5.0276,0,0,0.103,1.627,9,94.5
apriltag,obstacle_drift,0.2,12,7000032,True,False,4.8776,0,1,0.445,1.222,9,25.0
full_suite,obstacle_drift,0.2,12,7000032,True,False,4.8776,0,1,0.14,0.244,9,399.49
dead_reckoning,obstacle_drift,0.2,13,7000033,False,False,13.6859,0,0,1.462,5.902,20,0.0
odometry_pods,obstacle_drift,0.2,13,7000033,True,False,10.6653,0,0,1.421,1.065,20,279.99
distance_sensors,obstacle_drift,0.2,13,7000033,False,False,13.8493,0,3,1.263,6.086,20,94.5
apriltag,obstacle_drift,0.2,13,7000033,True,False,11.6593,0,10,5.079,1.87,19,25.0
full_suite,obstacle_drift,0.2,13,7000033,True,False,11.2775,0,12,1.975,0.209,20,399.49
dead_reckoning,obstacle_drift,0.2,14,7000034,False,False,5.3798,0,0,0.303,8.678,9,0.0
odometry_pods,obstacle_drift,0.2,14,7000034,True,False,4.9719,0,0,0.298,1.281,9,279.99
distance_sensors,obstacle_drift,0.2,14,7000034,False,False,4.9419,0,1,0.497,6.254,9,94.5
apriltag,obstacle_drift,0.2,14,7000034,True,False,5.0078,0,6,1.137,1.036,8,25.0
full_suite,obstacle_drift,0.2,14,7000034,True,False,5.2833,0,8,0.785,0.204,9,399.49
dead_reckoning,obstacle_drift,0.2,15,7000035,True,False,3.7144,0,0,0.403,2.153,7,0.0
odometry_pods,obstacle_drift,0.2,15,7000035,True,False,3.7144,0,0,0.393,0.431,7,279.99
distance_sensors,obstacle_drift,0.2,15,7000035,True,False,4.3144,0,0,0.123,2.255,7,94.5
apriltag,obstacle_drift,0.2,15,7000035,True,False,3.9144,0,4,1.035,0.498,7,25.0
full_suite,obstacle_drift,0.2,15,7000035,True,False,4.6644,0,3,0.243,0.748,7,399.49
dead_reckoning,obstacle_drift,0.2,16,7000036,False,False,7.2062,0,0,0.624,6.14,12,0.0
odometry_pods,obstacle_drift,0.2,16,7000036,True,False,6.7717,0,0,0.62,1.69,12,279.99
distance_sensors,obstacle_drift,0.2,16,7000036,False,False,1.9088,1,1,0.483,1.893,3,94.5
apriltag,obstacle_drift,0.2,16,7000036,True,False,7.2717,0,10,2.869,0.523,12,25.0
full_suite,obstacle_drift,0.2,16,7000036,False,False,1.9088,1,1,0.484,0.732,3,399.49
dead_reckoning,obstacle_drift,0.2,17,7000037,False,False,3.7293,1,0,0.69,3.163,5,0.0
odometry_pods,obstacle_drift,0.2,17,7000037,True,False,11.1712,0,0,0.673,2.57,23,279.99
distance_sensors,obstacle_drift,0.2,17,7000037,False,False,9.1964,1,2,1.213,9.204,17,94.5
apriltag,obstacle_drift,0.2,17,7000037,False,False,8.9673,1,1,0.932,4.558,19,25.0
full_suite,obstacle_drift,0.2,17,7000037,False,False,1.6402,1,1,0.842,0.116,2,399.49
dead_reckoning,obstacle_drift,0.2,18,7000038,False,False,6.7671,0,0,0.546,7.476,12,0.0
odometry_pods,obstacle_drift,0.2,18,7000038,True,False,6.1438,0,0,0.544,1.074,12,279.99
distance_sensors,obstacle_drift,0.2,18,7000038,False,False,6.565,0,0,0.345,5.669,11,94.5
apriltag,obstacle_drift,0.2,18,7000038,True,False,6.2449,0,5,2.003,3.038,11,25.0
full_suite,obstacle_drift,0.2,18,7000038,True,False,6.8283,0,9,1.247,0.167,11,399.49
dead_reckoning,obstacle_drift,0.2,19,7000039,True,False,12.3302,0,0,1.376,0.198,21,0.0
odometry_pods,obstacle_drift,0.2,19,7000039,True,False,10.5725,0,0,1.352,0.387,21,279.99
distance_sensors,obstacle_drift,0.2,19,7000039,True,False,12.9291,0,1,0.818,1.147,22,94.5
apriltag,obstacle_drift,0.2,19,7000039,True,False,10.707,0,14,12.096,1.736,21,25.0
full_suite,obstacle_drift,0.2,19,7000039,True,False,10.907,0,10,3.314,0.904,20,399.49
dead_reckoning,obstacle_drift,0.2,20,7000040,False,False,14.7223,0,0,0.853,5.113,26,0.0
odometry_pods,obstacle_drift,0.2,20,7000040,True,False,12.765,0,0,0.836,0.573,26,279.99
distance_sensors,obstacle_drift,0.2,20,7000040,False,False,3.8877,1,2,1.409,3.49,6,94.5
apriltag,obstacle_drift,0.2,20,7000040,False,False,10.4322,1,2,1.597,4.648,18,25.0
full_suite,obstacle_drift,0.2,20,7000040,True,False,13.1701,0,9,2.982,1.424,23,399.49
dead_reckoning,obstacle_drift,0.2,21,7000041,False,False,5.3807,1,0,1.013,9.423,9,0.0
odometry_pods,obstacle_drift,0.2,21,7000041,True,False,10.79,0,0,0.964,1.089,21,279.99
distance_sensors,obstacle_drift,0.2,21,7000041,False,False,1.1899,1,1,0.849,4.853,2,94.5
apriltag,obstacle_drift,0.2,21,7000041,False,False,7.1485,1,9,4.466,4.267,13,25.0
full_suite,obstacle_drift,0.2,21,7000041,False,False,1.2399,1,2,1.417,0.508,2,399.49
dead_reckoning,obstacle_drift,0.2,22,7000042,False,False,13.0395,1,0,2.434,3.631,25,0.0
odometry_pods,obstacle_drift,0.2,22,7000042,True,False,17.3307,0,0,2.356,0.365,34,279.99
distance_sensors,obstacle_drift,0.2,22,7000042,False,False,1.1088,1,0,0.881,1.835,2,94.5
apriltag,obstacle_drift,0.2,22,7000042,True,False,18.6473,0,2,4.511,4.146,35,25.0
full_suite,obstacle_drift,0.2,22,7000042,False,False,1.1088,1,0,1.02,0.367,2,399.49
dead_reckoning,obstacle_drift,0.2,23,7000043,False,False,11.2108,1,0,2.092,3.597,21,0.0
odometry_pods,obstacle_drift,0.2,23,7000043,True,False,13.35,0,0,2.069,0.83,26,279.99
distance_sensors,obstacle_drift,0.2,23,7000043,False,False,12.41,0,3,1.774,3.999,21,94.5
apriltag,obstacle_drift,0.2,23,7000043,False,False,13.5492,0,13,16.213,3.7,26,25.0
full_suite,obstacle_drift,0.2,23,7000043,True,False,11.4541,0,5,2.103,0.208,21,399.49
dead_reckoning,obstacle_drift,0.2,24,7000044,False,False,4.8745,0,0,0.276,7.458,10,0.0
odometry_pods,obstacle_drift,0.2,24,7000044,True,False,4.8184,0,0,0.254,1.25,10,279.99
distance_sensors,obstacle_drift,0.2,24,7000044,False,False,4.8745,0,0,0.149,7.458,10,94.5
apriltag,obstacle_drift,0.2,24,7000044,True,False,4.8684,0,1,0.298,1.87,10,25.0
full_suite,obstacle_drift,0.2,24,7000044,True,False,4.8684,0,1,0.209,0.374,10,399.49
dead_reckoning,obstacle_drift,0.3,0,7000030,False,False,8.4063,0,0,0.636,4.547,15,0.0
odometry_pods,obstacle_drift,0.3,0,7000030,True,False,8.2916,0,0,0.633,0.936,15,279.99
distance_sensors,obstacle_drift,0.3,0,7000030,False,False,9.0589,0,2,0.826,3.724,16,94.5
apriltag,obstacle_drift,0.3,0,7000030,False,False,8.3063,0,2,0.888,5.672,15,25.0
full_suite,obstacle_drift,0.3,0,7000030,True,False,9.107,0,9,1.141,0.472,16,399.49
dead_reckoning,obstacle_drift,0.3,1,7000031,True,False,11.2499,0,0,1.218,4.684,21,0.0
odometry_pods,obstacle_drift,0.3,1,7000031,True,False,11.4794,0,0,1.191,0.386,22,279.99
distance_sensors,obstacle_drift,0.3,1,7000031,False,False,4.3902,1,0,0.725,3.686,7,94.5
apriltag,obstacle_drift,0.3,1,7000031,True,False,11.6654,0,9,7.275,3.096,22,25.0
full_suite,obstacle_drift,0.3,1,7000031,True,False,9.6814,0,8,2.404,0.461,17,399.49
dead_reckoning,obstacle_drift,0.3,2,7000032,True,False,4.8276,0,0,0.429,1.25,9,0.0
odometry_pods,obstacle_drift,0.3,2,7000032,True,False,4.8276,0,0,0.412,0.25,9,279.99
distance_sensors,obstacle_drift,0.3,2,7000032,True,False,5.0276,0,0,0.103,1.627,9,94.5
apriltag,obstacle_drift,0.3,2,7000032,True,False,4.8776,0,1,0.473,1.222,9,25.0
full_suite,obstacle_drift,0.3,2,7000032,True,False,4.8776,0,1,0.144,0.244,9,399.49
dead_reckoning,obstacle_drift,0.3,3,7000033,False,False,13.6859,0,0,1.861,5.902,20,0.0
odometry_pods,obstacle_drift,0.3,3,7000033,True,False,10.6653,0,0,1.414,1.065,20,279.99
distance_sensors,obstacle_drift,0.3,3,7000033,False,False,13.8493,0,3,1.261,6.086,20,94.5
apriltag,obstacle_drift,0.3,3,7000033,True,False,11.6593,0,10,4.728,1.87,19,25.0
full_suite,obstacle_drift,0.3,3,7000033,True,False,11.2775,0,12,2.183,0.209,20,399.49
dead_reckoning,obstacle_drift,0.3,4,7000034,False,False,5.3798,0,0,0.305,8.678,9,0.0
odometry_pods,obstacle_drift,0.3,4,7000034,True,False,4.9719,0,0,0.299,1.281,9,279.99
distance_sensors,obstacle_drift,0.3,4,7000034,False,False,4.9419,0,1,0.333,6.254,9,94.5
apriltag,obstacle_drift,0.3,4,7000034,True,False,5.0078,0,6,1.162,1.036,8,25.0
full_suite,obstacle_drift,0.3,4,7000034,True,False,5.2833,0,8,0.877,0.204,9,399.49
dead_reckoning,obstacle_drift,0.3,5,7000035,True,False,3.7144,0,0,0.397,2.153,7,0.0
odometry_pods,obstacle_drift,0.3,5,7000035,True,False,3.7144,0,0,0.39,0.431,7,279.99
distance_sensors,obstacle_drift,0.3,5,7000035,True,False,4.3144,0,0,0.135,2.255,7,94.5
apriltag,obstacle_drift,0.3,5,7000035,True,False,3.9144,0,4,1.039,0.498,7,25.0
full_suite,obstacle_drift,0.3,5,7000035,True,False,4.6644,0,3,0.213,0.748,7,399.49
dead_reckoning,obstacle_drift,0.3,6,7000036,False,False,7.2062,0,0,0.605,6.14,12,0.0
odometry_pods,obstacle_drift,0.3,6,7000036,True,False,6.7717,0,0,0.601,1.69,12,279.99
distance_sensors,obstacle_drift,0.3,6,7000036,False,False,1.9088,1,1,0.487,1.893,3,94.5
apriltag,obstacle_drift,0.3,6,7000036,True,False,7.2717,0,10,3.359,0.523,12,25.0
full_suite,obstacle_drift,0.3,6,7000036,False,False,1.9088,1,1,0.502,0.732,3,399.49
dead_reckoning,obstacle_drift,0.3,7,7000037,False,False,3.7293,1,0,0.676,3.163,5,0.0
odometry_pods,obstacle_drift,0.3,7,7000037,True,False,11.1712,0,0,0.672,2.57,23,279.99
distance_sensors,obstacle_drift,0.3,7,7000037,False,False,9.1964,1,2,1.212,9.204,17,94.5
apriltag,obstacle_drift,0.3,7,7000037,False,False,8.9673,1,1,0.978,4.558,19,25.0
full_suite,obstacle_drift,0.3,7,7000037,False,False,1.6402,1,1,0.697,0.116,2,399.49
dead_reckoning,obstacle_drift,0.3,8,7000038,False,False,6.7671,0,0,0.654,7.476,12,0.0
odometry_pods,obstacle_drift,0.3,8,7000038,True,False,6.1438,0,0,0.708,1.074,12,279.99
distance_sensors,obstacle_drift,0.3,8,7000038,False,False,6.565,0,0,0.358,5.669,11,94.5
apriltag,obstacle_drift,0.3,8,7000038,True,False,6.2449,0,5,1.934,3.038,11,25.0
full_suite,obstacle_drift,0.3,8,7000038,True,False,6.8283,0,9,1.218,0.167,11,399.49
dead_reckoning,obstacle_drift,0.3,9,7000039,True,False,12.3302,0,0,1.445,0.198,21,0.0
odometry_pods,obstacle_drift,0.3,9,7000039,True,False,10.5725,0,0,1.703,0.387,21,279.99
distance_sensors,obstacle_drift,0.3,9,7000039,True,False,12.9291,0,1,0.818,1.147,22,94.5
apriltag,obstacle_drift,0.3,9,7000039,True,False,10.707,0,14,14.634,1.736,21,25.0
full_suite,obstacle_drift,0.3,9,7000039,True,False,10.907,0,10,3.383,0.904,20,399.49
dead_reckoning,obstacle_drift,0.3,10,7000040,False,False,14.7223,0,0,0.849,5.113,26,0.0
odometry_pods,obstacle_drift,0.3,10,7000040,True,False,12.765,0,0,0.838,0.573,26,279.99
distance_sensors,obstacle_drift,0.3,10,7000040,False,False,3.8877,1,2,1.429,3.49,6,94.5
apriltag,obstacle_drift,0.3,10,7000040,False,False,10.4322,1,2,1.687,4.648,18,25.0
full_suite,obstacle_drift,0.3,10,7000040,True,False,13.1701,0,9,2.953,1.424,23,399.49
dead_reckoning,obstacle_drift,0.3,11,7000041,False,False,5.3807,1,0,0.978,9.423,9,0.0
odometry_pods,obstacle_drift,0.3,11,7000041,True,False,10.79,0,0,0.978,1.089,21,279.99
distance_sensors,obstacle_drift,0.3,11,7000041,False,False,1.1899,1,1,0.858,4.853,2,94.5
apriltag,obstacle_drift,0.3,11,7000041,False,False,7.1485,1,9,4.609,4.267,13,25.0
full_suite,obstacle_drift,0.3,11,7000041,False,False,1.2399,1,2,1.243,0.508,2,399.49
dead_reckoning,obstacle_drift,0.3,12,7000042,False,False,13.0395,1,0,2.39,3.631,25,0.0
odometry_pods,obstacle_drift,0.3,12,7000042,True,False,17.3307,0,0,2.415,0.365,34,279.99
distance_sensors,obstacle_drift,0.3,12,7000042,False,False,1.1088,1,0,0.874,1.835,2,94.5
apriltag,obstacle_drift,0.3,12,7000042,True,False,18.6473,0,2,4.548,4.146,35,25.0
full_suite,obstacle_drift,0.3,12,7000042,False,False,1.1088,1,0,0.919,0.367,2,399.49
dead_reckoning,obstacle_drift,0.3,13,7000043,False,False,11.2108,1,0,2.087,3.597,21,0.0
odometry_pods,obstacle_drift,0.3,13,7000043,True,False,13.35,0,0,2.177,0.83,26,279.99
distance_sensors,obstacle_drift,0.3,13,7000043,False,False,12.41,0,3,1.829,3.999,21,94.5
apriltag,obstacle_drift,0.3,13,7000043,False,False,13.5492,0,13,16.474,3.7,26,25.0
full_suite,obstacle_drift,0.3,13,7000043,True,False,11.4541,0,5,2.608,0.208,21,399.49
dead_reckoning,obstacle_drift,0.3,14,7000044,False,False,4.8745,0,0,0.29,7.458,10,0.0
odometry_pods,obstacle_drift,0.3,14,7000044,True,False,4.8184,0,0,0.293,1.25,10,279.99
distance_sensors,obstacle_drift,0.3,14,7000044,False,False,4.8745,0,0,0.154,7.458,10,94.5
apriltag,obstacle_drift,0.3,14,7000044,True,False,4.8684,0,1,0.305,1.87,10,25.0
full_suite,obstacle_drift,0.3,14,7000044,True,False,4.8684,0,1,0.164,0.374,10,399.49
dead_reckoning,obstacle_drift,0.3,15,7000045,False,False,9.6882,1,0,0.883,7.249,20,0.0
odometry_pods,obstacle_drift,0.3,15,7000045,True,False,11.1391,0,0,0.882,1.704,21,279.99
distance_sensors,obstacle_drift,0.3,15,7000045,False,False,0.7191,1,0,0.473,2.507,1,94.5
apriltag,obstacle_drift,0.3,15,7000045,False,False,9.6882,1,0,0.893,7.249,20,25.0
full_suite,obstacle_drift,0.3,15,7000045,False,False,0.7191,1,0,0.462,0.501,1,399.49
dead_reckoning,obstacle_drift,0.3,16,7000046,True,False,3.4769,0,0,0.177,0.652,7,0.0
odometry_pods,obstacle_drift,0.3,16,7000046,True,False,3.4769,0,0,0.177,0.13,7,279.99
distance_sensors,obstacle_drift,0.3,16,7000046,True,False,3.4769,0,0,0.109,0.652,7,94.5
apriltag,obstacle_drift,0.3,16,7000046,True,False,3.4769,0,0,0.176,1.593,7,25.0
full_suite,obstacle_drift,0.3,16,7000046,True,False,3.4769,0,0,0.109,0.319,7,399.49
dead_reckoning,obstacle_drift,0.3,17,7000047,False,False,4.4395,1,0,0.39,4.858,6,0.0
odometry_pods,obstacle_drift,0.3,17,7000047,True,False,5.4177,0,0,0.386,0.703,9,279.99
distance_sensors,obstacle_drift,0.3,17,7000047,False,False,3.0013,1,0,0.202,4.843,5,94.5
apriltag,obstacle_drift,0.3,17,7000047,False,False,4.4395,1,0,0.403,4.858,6,25.0
full_suite,obstacle_drift,0.3,17,7000047,True,False,4.6522,0,0,0.234,0.834,8,399.49
dead_reckoning,obstacle_drift,0.3,18,7000048,False,False,9.6632,1,0,1.984,9.328,17,0.0
odometry_pods,obstacle_drift,0.3,18,7000048,True,False,11.8024,0,0,1.988,0.658,22,279.99
distance_sensors,obstacle_drift,0.3,18,7000048,False,False,13.1608,0,1,0.748,4.658,20,94.5
apriltag,obstacle_drift,0.3,18,7000048,True,False,12.6524,0,17,16.145,1.292,22,25.0
full_suite,obstacle_drift,0.3,18,7000048,True,False,11.5303,0,12,1.498,0.087,20,399.49
dead_reckoning,obstacle_drift,0.3,19,7000049,False,False,6.5375,1,0,0.445,1.441,15,0.0
odometry_pods,obstacle_drift,0.3,19,7000049,False,False,6.8015,1,0,0.44,0.394,15,279.99
distance_sensors,obstacle_drift,0.3,19,7000049,True,False,10.0148,0,2,0.945,3.237,21,94.5
apriltag,obstacle_drift,0.3,19,7000049,False,False,6.5875,1,1,0.82,3.245,15,25.0
full_suite,obstacle_drift,0.3,19,7000049,False,False,6.8559,1,2,0.837,0.633,13,399.49
dead_reckoning,obstacle_drift,0.3,20,7000050,False,False,12.1643,0,0,1.491,3.055,20,0.0
odometry_pods,obstacle_drift,0.3,20,7000050,True,False,11.007,0,0,1.485,0.446,20,279.99
distance_sensors,obstacle_drift,0.3,20,7000050,False,False,4.334,1,0,0.569,6.072,7,94.5
apriltag,obstacle_drift,0.3,20,7000050,True,False,11.757,0,15,8.604,0.579,20,25.0
full_suite,obstacle_drift,0.3,20,7000050,True,False,10.0899,0,3,0.925,0.166,17,399.49
dead_reckoning,obstacle_drift,0.3,21,7000051,True,False,6.1799,0,0,0.41,6.709,12,0.0
odometry_pods,obstacle_drift,0.3,21,7000051,True,False,6.5454,0,0,0.401,1.127,13,279.99
distance_sensors,obstacle_drift,0.3,21,7000051,False,False,1.1016,1,0,0.238,0.525,2,94.5
apriltag,obstacle_drift,0.3,21,7000051,False,False,3.0914,1,0,0.595,6.216,6,25.0
full_suite,obstacle_drift,0.3,21,7000051,False,False,1.1016,1,0,0.24,0.426,2,399.49
dead_reckoning,obstacle_drift,0.3,22,7000052,True,False,7.9523,0,0,0.863,2.116,14,0.0
odometry_pods,obstacle_drift,0.3,22,7000052,True,False,7.9523,0,0,0.858,0.423,14,279.99
distance_sensors,obstacle_drift,0.3,22,7000052,True,False,6.8208,0,0,0.447,0.458,12,94.5
apriltag,obstacle_drift,0.3,22,7000052,True,False,8.5523,0,12,6.152,0.511,14,25.0
full_suite,obstacle_drift,0.3,22,7000052,True,False,7.2708,0,9,1.699,0.195,12,399.49
dead_reckoning,obstacle_drift,0.3,23,7000053,False,False,4.8603,1,0,2.144,8.11,10,0.0
odometry_pods,obstacle_drift,0.3,23,7000053,True,False,16.1532,0,0,2.128,0.745,33,279.99
distance_sensors,obstacle_drift,0.3,23,7000053,False,False,5.7147,1,2,1.932,10.573,10,94.5
apriltag,obstacle_drift,0.3,23,7000053,True,False,15.7251,0,2,3.669,1.439,31,25.0
full_suite,obstacle_drift,0.3,23,7000053,True,False,16.3742,0,7,1.572,0.965,26,399.49
dead_reckoning,obstacle_drift,0.3,24,7000054,True,False,4.8062,0,0,0.572,2.389,8,0.0
odometry_pods,obstacle_drift,0.3,24,7000054,True,False,4.8062,0,0,0.58,0.478,8,279.99
distance_sensors,obstacle_drift,0.3,24,7000054,True,False,4.8062,0,0,0.123,2.389,8,94.5
apriltag,obstacle_drift,0.3,24,7000054,True,False,5.0562,0,5,0.931,0.405,8,25.0
full_suite,obstacle_drift,0.3,24,7000054,True,False,5.0562,0,5,0.276,0.081,8,399.49
dead_reckoning,obstacle_drift,0.4,0,7000040,False,False,14.7223,0,0,0.839,5.113,26,0.0
odometry_pods,obstacle_drift,0.4,0,7000040,True,False,12.765,0,0,0.87,0.573,26,279.99
distance_sensors,obstacle_drift,0.4,0,7000040,False,False,3.8877,1,2,1.464,3.49,6,94.5
apriltag,obstacle_drift,0.4,0,7000040,False,False,10.4322,1,2,1.67,4.648,18,25.0
full_suite,obstacle_drift,0.4,0,7000040,True,False,13.1701,0,9,3.128,1.424,23,399.49
dead_reckoning,obstacle_drift,0.4,1,7000041,False,False,5.3807,1,0,0.981,9.423,9,0.0
odometry_pods,obstacle_drift,0.4,1,7000041,True,False,10.79,0,0,1.717,1.089,21,279.99
distance_sensors,obstacle_drift,0.4,1,7000041,False,False,1.1899,1,1,1.41,4.853,2,94.5
apriltag,obstacle_drift,0.4,1,7000041,False,False,7.1485,1,9,5.411,4.267,13,25.0
full_suite,obstacle_drift,0.4,1,7000041,False,False,1.2399,1,2,1.299,0.508,2,399.49
dead_reckoning,obstacle_drift,0.4,2,7000042,False,False,13.0395,1,0,2.586,3.631,25,0.0
odometry_pods,obstacle_drift,0.4,2,7000042,True,False,17.3307,0,0,2.404,0.365,34,279.99
distance_sensors,obstacle_drift,0.4,2,7000042,False,False,1.1088,1,0,1.074,1.835,2,94.5
apriltag,obstacle_drift,0.4,2,7000042,True,False,18.6473,0,2,4.495,4.146,35,25.0
full_suite,obstacle_drift,0.4,2,7000042,False,False,1.1088,1,0,0.871,0.367,2,399.49
dead_reckoning,obstacle_drift,0.4,3,7000043,False,False,11.2108,1,0,2.123,3.597,21,0.0
odometry_pods,obstacle_drift,0.4,3,7000043,True,False,13.35,0,0,2.071,0.83,26,279.99
distance_sensors,obstacle_drift,0.4,3,7000043,False,False,12.41,0,3,2.04,3.999,21,94.5
apriltag,obstacle_drift,0.4,3,7000043,False,False,13.5492,0,13,16.335,3.7,26,25.0
full_suite,obstacle_drift,0.4,3,7000043,True,False,11.4541,0,5,2.093,0.208,21,399.49
dead_reckoning,obstacle_drift,0.4,4,7000044,False,False,4.8745,0,0,0.256,7.458,10,0.0
odometry_pods,obstacle_drift,0.4,4,7000044,True,False,4.8184,0,0,0.252,1.25,10,279.99
distance_sensors,obstacle_drift,0.4,4,7000044,False,False,4.8745,0,0,0.146,7.458,10,94.5
apriltag,obstacle_drift,0.4,4,7000044,True,False,4.8684,0,1,0.289,1.87,10,25.0
full_suite,obstacle_drift,0.4,4,7000044,True,False,4.8684,0,1,0.159,0.374,10,399.49
dead_reckoning,obstacle_drift,0.4,5,7000045,False,False,9.6882,1,0,0.901,7.249,20,0.0
odometry_pods,obstacle_drift,0.4,5,7000045,True,False,11.1391,0,0,0.843,1.704,21,279.99
distance_sensors,obstacle_drift,0.4,5,7000045,False,False,0.7191,1,0,0.462,2.507,1,94.5
apriltag,obstacle_drift,0.4,5,7000045,False,False,9.6882,1,0,0.861,7.249,20,25.0
full_suite,obstacle_drift,0.4,5,7000045,False,False,0.7191,1,0,0.459,0.501,1,399.49
dead_reckoning,obstacle_drift,0.4,6,7000046,True,False,3.4769,0,0,0.221,0.652,7,0.0
odometry_pods,obstacle_drift,0.4,6,7000046,True,False,3.4769,0,0,0.174,0.13,7,279.99
distance_sensors,obstacle_drift,0.4,6,7000046,True,False,3.4769,0,0,0.112,0.652,7,94.5
apriltag,obstacle_drift,0.4,6,7000046,True,False,3.4769,0,0,0.356,1.593,7,25.0
full_suite,obstacle_drift,0.4,6,7000046,True,False,3.4769,0,0,0.111,0.319,7,399.49
dead_reckoning,obstacle_drift,0.4,7,7000047,False,False,4.4395,1,0,0.393,4.858,6,0.0
odometry_pods,obstacle_drift,0.4,7,7000047,True,False,5.4177,0,0,0.376,0.703,9,279.99
distance_sensors,obstacle_drift,0.4,7,7000047,False,False,3.0013,1,0,0.201,4.843,5,94.5
apriltag,obstacle_drift,0.4,7,7000047,False,False,4.4395,1,0,0.388,4.858,6,25.0
full_suite,obstacle_drift,0.4,7,7000047,True,False,4.6522,0,0,0.201,0.834,8,399.49
dead_reckoning,obstacle_drift,0.4,8,7000048,False,False,9.6632,1,0,1.995,9.328,17,0.0
odometry_pods,obstacle_drift,0.4,8,7000048,True,False,11.8024,0,0,1.973,0.658,22,279.99
distance_sensors,obstacle_drift,0.4,8,7000048,False,False,13.1608,0,1,0.795,4.658,20,94.5
apriltag,obstacle_drift,0.4,8,7000048,True,False,12.6524,0,17,16.813,1.292,22,25.0
full_suite,obstacle_drift,0.4,8,7000048,True,False,11.5303,0,12,1.499,0.087,20,399.49
dead_reckoning,obstacle_drift,0.4,9,7000049,False,False,6.5375,1,0,0.46,1.441,15,0.0
odometry_pods,obstacle_drift,0.4,9,7000049,False,False,6.8015,1,0,0.444,0.394,15,279.99
distance_sensors,obstacle_drift,0.4,9,7000049,True,False,10.0148,0,2,0.878,3.237,21,94.5
apriltag,obstacle_drift,0.4,9,7000049,False,False,6.5875,1,1,0.801,3.245,15,25.0
full_suite,obstacle_drift,0.4,9,7000049,False,False,6.8559,1,2,0.936,0.633,13,399.49
dead_reckoning,obstacle_drift,0.4,10,7000050,False,False,12.1643,0,0,1.981,3.055,20,0.0
odometry_pods,obstacle_drift,0.4,10,7000050,True,False,11.007,0,0,1.544,0.446,20,279.99
distance_sensors,obstacle_drift,0.4,10,7000050,False,False,4.334,1,0,0.581,6.072,7,94.5
apriltag,obstacle_drift,0.4,10,7000050,True,False,11.757,0,15,8.955,0.579,20,25.0
full_suite,obstacle_drift,0.4,10,7000050,True,False,10.0899,0,3,0.939,0.166,17,399.49
dead_reckoning,obstacle_drift,0.4,11,7000051,True,False,6.1799,0,0,0.429,6.709,12,0.0
odometry_pods,obstacle_drift,0.4,11,7000051,True,False,6.5454,0,0,0.403,1.127,13,279.99
distance_sensors,obstacle_drift,0.4,11,7000051,False,False,1.1016,1,0,0.239,0.525,2,94.5
apriltag,obstacle_drift,0.4,11,7000051,False,False,3.0914,1,0,0.48,6.216,6,25.0
full_suite,obstacle_drift,0.4,11,7000051,False,False,1.1016,1,0,0.26,0.426,2,399.49
dead_reckoning,obstacle_drift,0.4,12,7000052,True,False,7.9523,0,0,0.859,2.116,14,0.0
odometry_pods,obstacle_drift,0.4,12,7000052,True,False,7.9523,0,0,0.854,0.423,14,279.99
distance_sensors,obstacle_drift,0.4,12,7000052,True,False,6.8208,0,0,0.451,0.458,12,94.5
apriltag,obstacle_drift,0.4,12,7000052,True,False,8.5523,0,12,6.257,0.511,14,25.0
full_suite,obstacle_drift,0.4,12,7000052,True,False,7.2708,0,9,1.783,0.195,12,399.49
dead_reckoning,obstacle_drift,0.4,13,7000053,False,False,4.8603,1,0,2.133,8.11,10,0.0
odometry_pods,obstacle_drift,0.4,13,7000053,True,False,16.1532,0,0,2.121,0.745,33,279.99
distance_sensors,obstacle_drift,0.4,13,7000053,False,False,5.7147,1,2,1.822,10.573,10,94.5
apriltag,obstacle_drift,0.4,13,7000053,True,False,15.7251,0,2,3.553,1.439,31,25.0
full_suite,obstacle_drift,0.4,13,7000053,True,False,16.3742,0,7,1.607,0.965,26,399.49
dead_reckoning,obstacle_drift,0.4,14,7000054,True,False,4.8062,0,0,0.581,2.389,8,0.0
odometry_pods,obstacle_drift,0.4,14,7000054,True,False,4.8062,0,0,0.578,0.478,8,279.99
distance_sensors,obstacle_drift,0.4,14,7000054,True,False,4.8062,0,0,0.124,2.389,8,94.5
apriltag,obstacle_drift,0.4,14,7000054,True,False,5.0562,0,5,0.906,0.405,8,25.0
full_suite,obstacle_drift,0.4,14,7000054,True,False,5.0562,0,5,0.287,0.081,8,399.49
dead_reckoning,obstacle_drift,0.4,15,7000055,True,False,10.8844,0,0,1.871,0.456,20,0.0
odometry_pods,obstacle_drift,0.4,15,7000055,True,False,11.1485,0,0,1.893,0.201,20,279.99
distance_sensors,obstacle_drift,0.4,15,7000055,False,False,1.1433,1,1,1.265,1.952,2,94.5
apriltag,obstacle_drift,0.4,15,7000055,False,False,8.2387,1,8,10.517,3.69,15,25.0
full_suite,obstacle_drift,0.4,15,7000055,False,False,1.1433,1,1,1.262,0.3,2,399.49
dead_reckoning,obstacle_drift,0.4,16,7000056,False,False,10.7093,0,0,0.983,5.47,19,0.0
odometry_pods,obstacle_drift,0.4,16,7000056,True,False,10.7093,0,0,0.981,1.057,19,279.99
distance_sensors,obstacle_drift,0.4,16,7000056,False,False,0.0,1,0,0.204,0.0,0,94.5
apriltag,obstacle_drift,0.4,16,7000056,True,False,12.8954,0,9,2.802,1.753,20,25.0
full_suite,obstacle_drift,0.4,16,7000056,False,False,0.0,1,0,0.202,0.0,0,399.49
dead_reckoning,obstacle_drift,0.4,17,7000057,False,False,13.4683,0,0,1.095,7.281,25,0.0
odometry_pods,obstacle_drift,0.4,17,7000057,True,False,12.7877,0,0,1.346,1.203,25,279.99
distance_sensors,obstacle_drift,0.4,17,7000057,False,False,0.0,1,0,0.621,0.0,0,94.5
apriltag,obstacle_drift,0.4,17,7000057,True,False,13.0676,0,1,1.207,2.666,24,25.0
full_suite,obstacle_drift,0.4,17,7000057,False,False,0.0,1,0,0.616,0.0,0,399.49
dead_reckoning,obstacle_drift,0.4,18,7000058,False,False,10.2145,0,0,1.459,3.986,19,0.0
odometry_pods,obstacle_drift,0.4,18,7000058,True,False,10.3933,0,0,1.45,1.124,19,279.99
distance_sensors,obstacle_drift,0.4,18,7000058,False,False,5.8461,1,1,0.81,3.99,9,94.5
apriltag,obstacle_drift,0.4,18,7000058,True,False,11.2433,0,17,11.049,2.479,19,25.0
full_suite,obstacle_drift,0.4,18,7000058,True,False,10.517,0,8,1.423,0.146,17,399.49
dead_reckoning,obstacle_drift,0.4,19,7000059,False,False,10.3045,1,0,1.025,11.977,22,0.0
odometry_pods,obstacle_drift,0.4,19,7000059,True,False,12.0682,0,0,0.899,2.454,23,279.99
distance_sensors,obstacle_drift,0.4,19,7000059,False,False,6.1758,1,1,0.821,10.569,15,94.5
apriltag,obstacle_drift,0.4,19,7000059,False,False,9.2805,1,1,1.391,6.326,19,25.0
full_suite,obstacle_drift,0.4,19,7000059,True,False,10.4806,0,5,2.078,0.519,20,399.49
dead_reckoning,obstacle_drift,0.4,20,7000060,False,False,8.8354,1,0,1.723,4.686,19,0.0
odometry_pods,obstacle_drift,0.4,20,7000060,True,False,16.0478,0,0,1.723,2.119,34,279.99
distance_sensors,obstacle_drift,0.4,20,7000060,False,False,1.1377,1,0,1.004,0.989,2,94.5
apriltag,obstacle_drift,0.4,20,7000060,False,False,15.0513,1,2,3.241,4.803,30,25.0
full_suite,obstacle_drift,0.4,20,7000060,False,False,1.1377,1,0,0.97,0.198,2,399.49
dead_reckoning,obstacle_drift,0.4,21,7000061,True,False,17.6685,0,0,2.274,0.362,27,0.0
odometry_pods,obstacle_drift,0.4,21,7000061,True,False,15.0554,0,0,1.807,0.28,27,279.99
distance_sensors,obstacle_drift,0.4,21,7000061,False,False,10.1435,1,2,1.339,1.085,17,94.5
apriltag,obstacle_drift,0.4,21,7000061,True,False,15.9605,0,10,10.1,1.469,27,25.0
full_suite,obstacle_drift,0.4,21,7000061,True,False,12.6915,0,11,2.813,0.582,22,399.49
dead_reckoning,obstacle_drift,0.4,22,7000062,False,False,10.6143,1,0,1.286,4.43,20,0.0
odometry_pods,obstacle_drift,0.4,22,7000062,False,False,10.8783,1,0,1.389,1.12,21,279.99
distance_sensors,obstacle_drift,0.4,22,7000062,True,False,11.9666,0,0,0.349,5.483,23,94.5
apriltag,obstacle_drift,0.4,22,7000062,False,False,11.5783,1,14,9.332,1.066,21,25.0
full_suite,obstacle_drift,0.4,22,7000062,True,False,12.8807,0,13,2.198,0.421,24,399.49
dead_reckoning,obstacle_drift,0.4,23,7000063,True,False,10.9171,0,0,1.038,3.263,18,0.0
odometry_pods,obstacle_drift,0.4,23,7000063,True,False,10.9171,0,0,1.037,0.653,18,279.99
distance_sensors,obstacle_drift,0.4,23,7000063,False,False,0.0,1,0,0.317,0.0,0,94.5
apriltag,obstacle_drift,0.4,23,7000063,True,False,10.9171,0,0,1.232,2.72,18,25.0
full_suite,obstacle_drift,0.4,23,7000063,False,False,0.0,1,0,0.321,0.0,0,399.49
dead_reckoning,obstacle_drift,0.4,24,7000064,True,False,3.2868,0,0,0.127,1.349,6,0.0
odometry_pods,obstacle_drift,0.4,24,7000064,True,False,3.2868,0,0,0.123,0.27,6,279.99
distance_sensors,obstacle_drift,0.4,24,7000064,True,False,2.7214,0,0,0.111,0.556,5,94.5
apriltag,obstacle_drift,0.4,24,7000064,True,False,3.2868,0,0,0.129,1.349,6,25.0
full_suite,obstacle_drift,0.4,24,7000064,True,False,2.7214,0,0,0.109,0.111,5,399.49
dead_reckoning,obstacle_drift,0.5,0,7000050,False,False,12.1643,0,0,1.491,3.055,20,0.0
odometry_pods,obstacle_drift,0.5,0,7000050,True,False,11.007,0,0,1.495,0.446,20,279.99
distance_sensors,obstacle_drift,0.5,0,7000050,False,False,5.3495,1,1,0.992,6.179,8,94.5
apriltag,obstacle_drift,0.5,0,7000050,True,False,11.757,0,15,8.353,0.579,20,25.0
full_suite,obstacle_drift,0.5,0,7000050,True,False,10.4554,0,3,1.043,0.122,18,399.49
dead_reckoning,obstacle_drift,0.5,1,7000051,True,False,6.1799,0,0,0.409,6.709,12,0.0
odometry_pods,obstacle_drift,0.5,1,7000051,True,False,6.5454,0,0,0.402,1.127,13,279.99
distance_sensors,obstacle_drift,0.5,1,7000051,False,False,1.1016,1,0,0.237,0.525,2,94.5
apriltag,obstacle_drift,0.5,1,7000051,False,False,3.0914,1,0,0.414,6.216,6,25.0
full_suite,obstacle_drift,0.5,1,7000051,False,False,1.1016,1,0,0.492,0.426,2,399.49
dead_reckoning,obstacle_drift,0.5,2,7000052,True,False,7.9523,0,0,0.859,2.116,14,0.0
odometry_pods,obstacle_drift,0.5,2,7000052,True,False,7.9523,0,0,0.856,0.423,14,279.99
distance_sensors,obstacle_drift,0.5,2,7000052,True,False,6.8208,0,0,0.446,0.458,12,94.5
apriltag,obstacle_drift,0.5,2,7000052,True,False,8.5523,0,12,6.292,0.511,14,25.0
full_suite,obstacle_drift,0.5,2,7000052,True,False,7.2708,0,9,1.846,0.195,12,399.49
dead_reckoning,obstacle_drift,0.5,3,7000053,False,False,4.8603,1,0,2.128,8.11,10,0.0
odometry_pods,obstacle_drift,0.5,3,7000053,True,False,16.1532,0,0,2.243,0.745,33,279.99
distance_sensors,obstacle_drift,0.5,3,7000053,False,False,5.7147,1,2,1.898,10.573,10,94.5
apriltag,obstacle_drift,0.5,3,7000053,True,False,15.7251,0,2,3.514,1.439,31,25.0
full_suite,obstacle_drift,0.5,3,7000053,True,False,16.3742,0,7,1.981,0.965,26,399.49
dead_reckoning,obstacle_drift,0.5,4,7000054,True,False,4.8062,0,0,0.598,2.389,8,0.0
odometry_pods,obstacle_drift,0.5,4,7000054,True,False,4.8062,0,0,0.707,0.478,8,279.99
distance_sensors,obstacle_drift,0.5,4,7000054,True,False,4.8062,0,0,0.134,2.389,8,94.5
apriltag,obstacle_drift,0.5,4,7000054,True,False,5.0562,0,5,1.003,0.405,8,25.0
full_suite,obstacle_drift,0.5,4,7000054,True,False,5.0562,0,5,0.282,0.081,8,399.49
dead_reckoning,obstacle_drift,0.5,5,7000055,True,False,10.8844,0,0,1.885,0.456,20,0.0
odometry_pods,obstacle_drift,0.5,5,7000055,True,False,11.1485,0,0,1.951,0.201,20,279.99
distance_sensors,obstacle_drift,0.5,5,7000055,False,False,1.1433,1,1,1.302,1.952,2,94.5
apriltag,obstacle_drift,0.5,5,7000055,False,False,8.2387,1,8,12.115,3.69,15,25.0
full_suite,obstacle_drift,0.5,5,7000055,False,False,1.1433,1,1,1.444,0.3,2,399.49
dead_reckoning,obstacle_drift,0.5,6,7000056,False,False,10.7093,0,0,1.345,5.47,19,0.0
odometry_pods,obstacle_drift,0.5,6,7000056,True,False,10.7093,0,0,1.077,1.057,19,279.99
distance_sensors,obstacle_drift,0.5,6,7000056,False,False,0.0,1,0,0.207,0.0,0,94.5
apriltag,obstacle_drift,0.5,6,7000056,True,False,12.8954,0,9,2.825,1.753,20,25.0
full_suite,obstacle_drift,0.5,6,7000056,False,False,0.0,1,0,0.205,0.0,0,399.49
dead_reckoning,obstacle_drift,0.5,7,7000057,False,False,13.4683,0,0,1.105,7.281,25,0.0
odometry_pods,obstacle_drift,0.5,7,7000057,True,False,12.7877,0,0,1.222,1.203,25,279.99
distance_sensors,obstacle_drift,0.5,7,7000057,False,False,0.0,1,0,0.695,0.0,0,94.5
apriltag,obstacle_drift,0.5,7,7000057,True,False,13.0676,0,1,1.23,2.666,24,25.0
full_suite,obstacle_drift,0.5,7,7000057,False,False,0.0,1,0,0.622,0.0,0,399.49
dead_reckoning,obstacle_drift,0.5,8,7000058,False,False,10.2145,0,0,1.497,3.986,19,0.0
odometry_pods,obstacle_drift,0.5,8,7000058,True,False,10.3933,0,0,1.465,1.124,19,279.99
distance_sensors,obstacle_drift,0.5,8,7000058,False,False,5.8461,1,1,0.818,3.99,9,94.5
apriltag,obstacle_drift,0.5,8,7000058,True,False,11.2433,0,17,11.095,2.479,19,25.0
full_suite,obstacle_drift,0.5,8,7000058,True,False,10.517,0,8,1.457,0.146,17,399.49
dead_reckoning,obstacle_drift,0.5,9,7000059,False,False,10.3045,1,0,0.895,11.977,22,0.0
odometry_pods,obstacle_drift,0.5,9,7000059,True,False,12.0682,0,0,0.893,2.454,23,279.99
distance_sensors,obstacle_drift,0.5,9,7000059,False,False,6.1758,1,1,0.822,10.569,15,94.5
apriltag,obstacle_drift,0.5,9,7000059,False,False,9.2805,1,1,1.417,6.326,19,25.0
full_suite,obstacle_drift,0.5,9,7000059,True,False,10.4806,0,5,2.069,0.519,20,399.49
dead_reckoning,obstacle_drift,0.5,10,7000060,False,False,8.8354,1,0,1.785,4.686,19,0.0
odometry_pods,obstacle_drift,0.5,10,7000060,True,False,16.0478,0,0,2.404,2.119,34,279.99
distance_sensors,obstacle_drift,0.5,10,7000060,False,False,1.1377,1,0,1.0,0.989,2,94.5
apriltag,obstacle_drift,0.5,10,7000060,False,False,7.9839,1,1,3.044,3.855,16,25.0
full_suite,obstacle_drift,0.5,10,7000060,False,False,1.1377,1,0,1.036,0.198,2,399.49
dead_reckoning,obstacle_drift,0.5,11,7000061,True,False,17.6685,0,0,1.957,0.362,27,0.0
odometry_pods,obstacle_drift,0.5,11,7000061,True,False,15.0554,0,0,1.856,0.28,27,279.99
distance_sensors,obstacle_drift,0.5,11,7000061,False,False,10.1435,1,2,1.608,1.085,17,94.5
apriltag,obstacle_drift,0.5,11,7000061,True,False,15.9605,0,10,11.196,1.469,27,25.0
full_suite,obstacle_drift,0.5,11,7000061,True,False,12.6915,0,11,2.871,0.582,22,399.49
dead_reckoning,obstacle_drift,0.5,12,7000062,False,False,10.6143,1,0,1.421,4.43,20,0.0
odometry_pods,obstacle_drift,0.5,12,7000062,False,False,10.8783,1,0,1.28,1.12,21,279.99
distance_sensors,obstacle_drift,0.5,12,7000062,True,False,11.9666,0,0,0.408,5.483,23,94.5
apriltag,obstacle_drift,0.5,12,7000062,False,False,11.5783,1,14,9.455,1.066,21,25.0
full_suite,obstacle_drift,0.5,12,7000062,True,False,12.8807,0,13,2.439,0.421,24,399.49
dead_reckoning,obstacle_drift,0.5,13,7000063,True,False,10.9171,0,0,1.11,3.263,18,0.0
odometry_pods,obstacle_drift,0.5,13,7000063,True,False,10.9171,0,0,1.081,0.653,18,279.99
distance_sensors,obstacle_drift,0.5,13,7000063,False,False,0.0,1,0,0.312,0.0,0,94.5
apriltag,obstacle_drift,0.5,13,7000063,True,False,10.9171,0,0,1.065,2.72,18,25.0
full_suite,obstacle_drift,0.5,13,7000063,False,False,0.0,1,0,0.507,0.0,0,399.49
dead_reckoning,obstacle_drift,0.5,14,7000064,True,False,3.2868,0,0,0.139,1.349,6,0.0
odometry_pods,obstacle_drift,0.5,14,7000064,True,False,3.2868,0,0,0.134,0.27,6,279.99
distance_sensors,obstacle_drift,0.5,14,7000064,True,False,2.7214,0,0,0.115,0.556,5,94.5
apriltag,obstacle_drift,0.5,14,7000064,True,False,3.2868,0,0,0.131,1.349,6,25.0
full_suite,obstacle_drift,0.5,14,7000064,True,False,2.7214,0,0,0.11,0.111,5,399.49
dead_reckoning,obstacle_drift,0.5,15,7000065,False,False,3.891,1,0,1.4,3.293,7,0.0
odometry_pods,obstacle_drift,0.5,15,7000065,True,False,7.4464,0,0,1.377,0.68,14,279.99
distance_sensors,obstacle_drift,0.5,15,7000065,True,False,7.8304,0,1,0.54,2.382,13,94.5
apriltag,obstacle_drift,0.5,15,7000065,True,False,7.8464,0,8,5.274,2.262,14,25.0
full_suite,obstacle_drift,0.5,15,7000065,True,False,7.9304,0,3,0.618,0.473,13,399.49
dead_reckoning,obstacle_drift,0.5,16,7000066,False,False,13.8195,1,0,2.028,8.697,26,0.0
odometry_pods,obstacle_drift,0.5,16,7000066,True,False,17.3389,0,0,2.038,0.42,32,279.99
distance_sensors,obstacle_drift,0.5,16,7000066,False,False,0.6177,1,1,1.929,2.316,1,94.5
apriltag,obstacle_drift,0.5,16,7000066,True,False,16.9387,0,12,15.556,4.343,30,25.0
full_suite,obstacle_drift,0.5,16,7000066,False,False,0.6177,1,1,1.968,0.463,1,399.49
dead_reckoning,obstacle_drift,0.5,17,7000067,False,False,3.2628,1,0,0.774,3.687,6,0.0
odometry_pods,obstacle_drift,0.5,17,7000067,False,False,3.9136,1,0,0.533,0.656,7,279.99
distance_sensors,obstacle_drift,0.5,17,7000067,False,False,1.7605,1,1,0.441,1.896,3,94.5
apriltag,obstacle_drift,0.5,17,7000067,False,False,4.1136,1,4,1.739,0.369,7,25.0
full_suite,obstacle_drift,0.5,17,7000067,True,False,8.1551,0,7,1.115,0.392,15,399.49
dead_reckoning,obstacle_drift,0.5,18,7000068,False,False,11.7532,1,0,1.422,5.167,16,0.0
odometry_pods,obstacle_drift,0.5,18,7000068,True,False,16.3116,0,0,1.382,1.05,31,279.99
distance_sensors,obstacle_drift,0.5,18,7000068,False,False,11.0029,1,0,0.755,5.751,20,94.5
apriltag,obstacle_drift,0.5,18,7000068,False,False,11.7532,1,0,1.444,5.167,16,25.0
full_suite,obstacle_drift,0.5,18,7000068,True,False,11.3023,0,7,3.075,0.623,21,399.49
dead_reckoning,obstacle_drift,0.5,19,7000069,False,False,6.5436,1,0,0.554,4.686,11,0.0
odometry_pods,obstacle_drift,0.5,19,7000069,True,False,7.7304,0,0,0.537,0.255,13,279.99
distance_sensors,obstacle_drift,0.5,19,7000069,False,False,0.0,1,0,0.086,0.0,0,94.5
apriltag,obstacle_drift,0.5,19,7000069,True,False,8.0304,0,6,2.33,0.895,13,25.0
full_suite,obstacle_drift,0.5,19,7000069,False,False,0.0,1,0,0.086,0.0,0,399.49
dead_reckoning,obstacle_drift,0.5,20,7000070,True,False,20.8171,0,0,2.185,5.078,36,0.0
odometry_pods,obstacle_drift,0.5,20,7000070,True,False,19.358,0,0,2.197,0.897,37,279.99
distance_sensors,obstacle_drift,0.5,20,7000070,False,False,8.7129,1,4,2.341,4.457,15,94.5
apriltag,obstacle_drift,0.5,20,7000070,True,False,19.7091,0,10,10.136,3.723,36,25.0
full_suite,obstacle_drift,0.5,20,7000070,True,False,17.0775,0,11,4.182,0.536,28,399.49
dead_reckoning,obstacle_drift,0.5,21,7000071,False,False,10.7134,1,0,2.448,18.731,17,0.0
odometry_pods,obstacle_drift,0.5,21,7000071,False,False,3.891,1,0,2.409,1.515,7,279.99
distance_sensors,obstacle_drift,0.5,21,7000071,False,False,2.1879,1,2,2.989,5.35,3,94.5
apriltag,obstacle_drift,0.5,21,7000071,True,False,19.7648,0,9,10.675,3.426,32,25.0
full_suite,obstacle_drift,0.5,21,7000071,True,False,16.2191,0,7,3.607,0.858,28,399.49
dead_reckoning,obstacle_drift,0.5,22,7000072,False,False,10.7035,1,0,1.871,7.87,20,0.0
odometry_pods,obstacle_drift,0.5,22,7000072,True,False,13.656,0,0,1.852,1.702,25,279.99
distance_sensors,obstacle_drift,0.5,22,7000072,False,False,9.2044,0,0,0.48,8.486,19,94.5
apriltag,obstacle_drift,0.5,22,7000072,True,False,14.306,0,13,13.516,0.093,25,25.0
full_suite,obstacle_drift,0.5,22,7000072,True,False,13.6291,0,12,2.136,0.533,24,399.49
dead_reckoning,obstacle_drift,0.5,23,7000073,False,False,9.6185,1,0,1.985,7.243,19,0.0
odometry_pods,obstacle_drift,0.5,23,7000073,False,False,10.1466,1,0,1.992,2.272,20,279.99
distance_sensors,obstacle_drift,0.5,23,7000073,False,False,11.396,1,1,1.184,8.825,19,94.5
apriltag,obstacle_drift,0.5,23,7000073,False,False,10.0185,1,8,8.43,2.009,19,25.0
full_suite,obstacle_drift,0.5,23,7000073,False,False,10.7307,1,6,2.274,0.869,19,399.49
dead_reckoning,obstacle_drift,0.5,24,7000074,False,False,11.0217,0,0,1.014,12.8,16,0.0
odometry_pods,obstacle_drift,0.5,24,7000074,True,False,9.2051,0,0,0.957,2.2,16,279.99
distance_sensors,obstacle_drift,0.5,24,7000074,False,False,9.5493,0,0,0.236,10.437,16,94.5
apriltag,obstacle_drift,0.5,24,7000074,True,False,9.6551,0,9,4.732,1.942,16,25.0
full_suite,obstacle_drift,0.5,24,7000074,True,False,8.464,0,4,0.736,1.098,16,399.49
dead_reckoning,obstacle_drift,0.6,0,7000060,False,False,8.8354,1,0,1.808,4.686,19,0.0
odometry_pods,obstacle_drift,0.6,0,7000060,True,False,16.0478,0,0,1.674,2.119,34,279.99
distance_sensors,obstacle_drift,0.6,0,7000060,False,False,1.1377,1,0,1.029,0.989,2,94.5
apriltag,obstacle_drift,0.6,0,7000060,False,False,7.9839,1,1,3.2,3.855,16,25.0
full_suite,obstacle_drift,0.6,0,7000060,False,False,1.1377,1,0,0.99,0.198,2,399.49
dead_reckoning,obstacle_drift,0.6,1,7000061,True,False,17.6685,0,0,1.808,0.362,27,0.0
odometry_pods,obstacle_drift,0.6,1,7000061,True,False,15.0554,0,0,1.771,0.28,27,279.99
distance_sensors,obstacle_drift,0.6,1,7000061,False,False,10.1435,1,2,1.337,1.085,17,94.5
apriltag,obstacle_drift,0.6,1,7000061,True,False,15.9605,0,10,9.96,1.469,27,25.0
full_suite,obstacle_drift,0.6,1,7000061,True,False,12.6915,0,11,3.013,0.582,22,399.49
dead_reckoning,obstacle_drift,0.6,2,7000062,False,False,10.6143,1,0,1.27,4.43,20,0.0
odometry_pods,obstacle_drift,0.6,2,7000062,False,False,10.8783,1,0,1.26,1.12,21,279.99
distance_sensors,obstacle_drift,0.6,2,7000062,True,False,11.9666,0,0,0.352,5.483,23,94.5
apriltag,obstacle_drift,0.6,2,7000062,False,False,11.5783,1,14,9.512,1.066,21,25.0
full_suite,obstacle_drift,0.6,2,7000062,True,False,12.8807,0,13,2.443,0.421,24,399.49
dead_reckoning,obstacle_drift,0.6,3,7000063,True,False,10.9171,0,0,1.056,3.263,18,0.0
odometry_pods,obstacle_drift,0.6,3,7000063,True,False,10.9171,0,0,1.055,0.653,18,279.99
distance_sensors,obstacle_drift,0.6,3,7000063,False,False,0.0,1,0,0.314,0.0,0,94.5
apriltag,obstacle_drift,0.6,3,7000063,True,False,10.9171,0,0,1.055,2.72,18,25.0
full_suite,obstacle_drift,0.6,3,7000063,False,False,0.0,1,0,0.311,0.0,0,399.49
dead_reckoning,obstacle_drift,0.6,4,7000064,True,False,3.2868,0,0,0.128,1.349,6,0.0
odometry_pods,obstacle_drift,0.6,4,7000064,True,False,3.2868,0,0,0.126,0.27,6,279.99
distance_sensors,obstacle_drift,0.6,4,7000064,True,False,2.7214,0,0,0.112,0.556,5,94.5
apriltag,obstacle_drift,0.6,4,7000064,True,False,3.2868,0,0,0.131,1.349,6,25.0
full_suite,obstacle_drift,0.6,4,7000064,True,False,2.7214,0,0,0.11,0.111,5,399.49
dead_reckoning,obstacle_drift,0.6,5,7000065,False,False,3.891,1,0,1.606,3.293,7,0.0
odometry_pods,obstacle_drift,0.6,5,7000065,True,False,7.4464,0,0,1.437,0.68,14,279.99
distance_sensors,obstacle_drift,0.6,5,7000065,True,False,7.8304,0,1,0.536,2.382,13,94.5
apriltag,obstacle_drift,0.6,5,7000065,True,False,7.7964,0,7,3.865,5.291,14,25.0
full_suite,obstacle_drift,0.6,5,7000065,True,False,7.9304,0,3,0.601,0.473,13,399.49
dead_reckoning,obstacle_drift,0.6,6,7000066,False,False,13.8195,1,0,2.086,8.697,26,0.0
odometry_pods,obstacle_drift,0.6,6,7000066,True,False,17.3389,0,0,1.979,0.42,32,279.99
distance_sensors,obstacle_drift,0.6,6,7000066,False,False,0.6177,1,1,1.737,2.316,1,94.5
apriltag,obstacle_drift,0.6,6,7000066,True,False,16.9387,0,12,13.489,4.343,30,25.0
full_suite,obstacle_drift,0.6,6,7000066,False,False,0.6177,1,1,1.757,0.463,1,399.49
dead_reckoning,obstacle_drift,0.6,7,7000067,False,False,3.2628,1,0,0.517,3.687,6,0.0
odometry_pods,obstacle_drift,0.6,7,7000067,False,False,3.9136,1,0,0.515,0.656,7,279.99
distance_sensors,obstacle_drift,0.6,7,7000067,False,False,1.7605,1,1,0.434,1.896,3,94.5
apriltag,obstacle_drift,0.6,7,7000067,False,False,4.1136,1,4,1.748,0.369,7,25.0
full_suite,obstacle_drift,0.6,7,7000067,True,False,8.1551,0,7,1.166,0.392,15,399.49
dead_reckoning,obstacle_drift,0.6,8,7000068,False,False,11.7532,1,0,1.425,5.167,16,0.0
odometry_pods,obstacle_drift,0.6,8,7000068,True,False,16.3116,0,0,1.389,1.05,31,279.99
distance_sensors,obstacle_drift,0.6,8,7000068,False,False,8.4673,1,2,1.586,1.87,13,94.5
apriltag,obstacle_drift,0.6,8,7000068,False,False,11.7532,1,0,1.642,5.167,16,25.0
full_suite,obstacle_drift,0.6,8,7000068,True,False,12.6678,0,7,3.406,0.504,22,399.49
dead_reckoning,obstacle_drift,0.6,9,7000069,False,False,6.5436,1,0,0.538,4.686,11,0.0
odometry_pods,obstacle_drift,0.6,9,7000069,True,False,7.7304,0,0,0.534,0.255,13,279.99
distance_sensors,obstacle_drift,0.6,9,7000069,False,False,0.0,1,0,0.084,0.0,0,94.5
apriltag,obstacle_drift,0.6,9,7000069,True,False,8.0304,0,6,2.502,0.895,13,25.0
full_suite,obstacle_drift,0.6,9,7000069,False,False,0.0,1,0,0.095,0.0,0,399.49
dead_reckoning,obstacle_drift,0.6,10,7000070,True,False,20.8171,0,0,2.12,5.078,36,0.0
odometry_pods,obstacle_drift,0.6,10,7000070,True,False,19.358,0,0,2.137,0.897,37,279.99
distance_sensors,obstacle_drift,0.6,10,7000070,False,False,8.7129,1,4,2.312,4.457,15,94.5
apriltag,obstacle_drift,0.6,10,7000070,True,False,19.7091,0,10,10.153,3.723,36,25.0
full_suite,obstacle_drift,0.6,10,7000070,True,False,17.0775,0,11,4.289,0.536,28,399.49
dead_reckoning,obstacle_drift,0.6,11,7000071,False,False,10.7134,1,0,2.428,18.731,17,0.0
odometry_pods,obstacle_drift,0.6,11,7000071,False,False,3.891,1,0,2.413,1.515,7,279.99
distance_sensors,obstacle_drift,0.6,11,7000071,False,False,2.1879,1,2,3.192,5.35,3,94.5
apriltag,obstacle_drift,0.6,11,7000071,False,False,20.5015,0,4,6.819,4.079,32,25.0
full_suite,obstacle_drift,0.6,11,7000071,True,False,16.2191,0,7,3.558,0.858,28,399.49
dead_reckoning,obstacle_drift,0.6,12,7000072,False,False,10.7035,1,0,1.863,7.87,20,0.0
odometry_pods,obstacle_drift,0.6,12,7000072,True,False,13.656,0,0,1.851,1.702,25,279.99
distance_sensors,obstacle_drift,0.6,12,7000072,False,False,9.2044,0,0,0.454,8.486,19,94.5
apriltag,obstacle_drift,0.6,12,7000072,True,False,14.306,0,13,13.48,0.093,25,25.0
full_suite,obstacle_drift,0.6,12,7000072,True,False,13.6291,0,12,2.17,0.533,24,399.49
dead_reckoning,obstacle_drift,0.6,13,7000073,False,False,9.6185,1,0,1.978,7.243,19,0.0
odometry_pods,obstacle_drift,0.6,13,7000073,False,False,10.1466,1,0,1.972,2.272,20,279.99
distance_sensors,obstacle_drift,0.6,13,7000073,False,False,11.396,1,1,1.212,8.825,19,94.5
apriltag,obstacle_drift,0.6,13,7000073,False,False,10.0185,1,8,8.351,2.009,19,25.0
full_suite,obstacle_drift,0.6,13,7000073,False,False,10.7307,1,6,2.284,0.869,19,399.49
dead_reckoning,obstacle_drift,0.6,14,7000074,False,False,11.0217,0,0,0.986,12.8,16,0.0
odometry_pods,obstacle_drift,0.6,14,7000074,True,False,9.2051,0,0,0.959,2.2,16,279.99
distance_sensors,obstacle_drift,0.6,14,7000074,False,False,10.0846,0,1,0.508,11.243,17,94.5
apriltag,obstacle_drift,0.6,14,7000074,True,False,9.6551,0,9,4.229,1.942,16,25.0
full_suite,obstacle_drift,0.6,14,7000074,True,False,9.5,0,6,1.145,0.618,17,399.49
dead_reckoning,obstacle_drift,0.6,15,7000075,True,False,6.2262,0,0,0.435,2.782,10,0.0
odometry_pods,obstacle_drift,0.6,15,7000075,True,False,5.4669,0,0,0.432,1.141,11,279.99
distance_sensors,obstacle_drift,0.6,15,7000075,True,False,5.5684,0,0,0.187,5.138,11,94.5
apriltag,obstacle_drift,0.6,15,7000075,True,False,5.6169,0,3,0.959,3.383,11,25.0
full_suite,obstacle_drift,0.6,15,7000075,True,False,5.3669,0,2,0.468,0.83,11,399.49
dead_reckoning,obstacle_drift,0.6,16,7000076,False,False,5.7045,1,0,1.542,2.89,11,0.0
odometry_pods,obstacle_drift,0.6,16,7000076,False,False,5.9686,1,0,1.522,0.795,11,279.99
distance_sensors,obstacle_drift,0.6,16,7000076,False,False,9.4092,0,4,4.782,4.825,17,94.5
apriltag,obstacle_drift,0.6,16,7000076,False,False,5.7045,1,0,1.565,2.89,11,25.0
full_suite,obstacle_drift,0.6,16,7000076,True,False,11.6117,0,5,2.338,0.153,21,399.49
dead_reckoning,obstacle_drift,0.6,17,7000077,True,False,5.4669,0,0,0.41,2.232,11,0.0
odometry_pods,obstacle_drift,0.6,17,7000077,True,False,5.4669,0,0,0.407,0.446,11,279.99
distance_sensors,obstacle_drift,0.6,17,7000077,True,False,5.2669,0,0,0.19,2.752,11,94.5
apriltag,obstacle_drift,0.6,17,7000077,True,False,5.6669,0,4,1.218,1.628,11,25.0
full_suite,obstacle_drift,0.6,17,7000077,True,False,5.4169,0,3,0.497,0.348,11,399.49
dead_reckoning,obstacle_drift,0.6,18,7000078,False,False,3.5572,1,0,0.393,3.091,6,0.0
odometry_pods,obstacle_drift,0.6,18,7000078,False,False,3.5572,1,0,0.376,0.618,6,279.99
distance_sensors,obstacle_drift,0.6,18,7000078,False,False,4.8596,1,1,0.42,4.655,8,94.5
apriltag,obstacle_drift,0.6,18,7000078,False,False,3.5572,1,0,0.395,3.091,6,25.0
full_suite,obstacle_drift,0.6,18,7000078,True,False,7.0119,0,1,0.416,1.082,11,399.49
dead_reckoning,obstacle_drift,0.6,19,7000079,False,False,4.2686,1,0,2.274,3.293,9,0.0
odometry_pods,obstacle_drift,0.6,19,7000079,True,False,20.8163,0,0,2.271,2.512,44,279.99
distance_sensors,obstacle_drift,0.6,19,7000079,False,False,0.0,1,0,0.622,0.0,0,94.5
apriltag,obstacle_drift,0.6,19,7000079,False,False,4.2686,1,0,2.288,3.293,9,25.0
full_suite,obstacle_drift,0.6,19,7000079,False,False,0.0,1,0,0.608,0.0,0,399.49
dead_reckoning,obstacle_drift,0.6,20,7000080,False,False,8.6749,0,0,0.878,5.877,14,0.0
odometry_pods,obstacle_drift,0.6,20,7000080,True,False,7.7044,0,0,0.876,1.095,14,279.99
distance_sensors,obstacle_drift,0.6,20,7000080,False,False,6.8931,0,0,0.295,6.666,13,94.5
apriltag,obstacle_drift,0.6,20,7000080,True,False,8.0544,0,7,4.396,1.013,14,25.0
full_suite,obstacle_drift,0.6,20,7000080,True,False,6.9931,0,6,1.093,0.606,13,399.49
dead_reckoning,obstacle_drift,0.6,21,7000081,False,False,9.2713,0,0,0.872,8.077,14,0.0
odometry_pods,obstacle_drift,0.6,21,7000081,True,False,7.5434,0,0,0.887,1.699,14,279.99
distance_sensors,obstacle_drift,0.6,21,7000081,False,False,8.3139,0,0,0.261,8.08,12,94.5
apriltag,obstacle_drift,0.6,21,7000081,True,False,9.0809,0,10,3.595,1.136,15,25.0
full_suite,obstacle_drift,0.6,21,7000081,True,False,7.7073,0,10,0.91,0.127,13,399.49
dead_reckoning,obstacle_drift,0.6,22,7000082,False,False,10.6816,1,0,2.053,11.511,18,0.0
odometry_pods,obstacle_drift,0.6,22,7000082,True,False,12.2385,0,0,1.849,2.02,22,279.99
distance_sensors,obstacle_drift,0.6,22,7000082,False,False,0.0,1,0,0.583,0.0,0,94.5
apriltag,obstacle_drift,0.6,22,7000082,False,False,14.1038,0,3,4.489,6.029,22,25.0
full_suite,obstacle_drift,0.6,22,7000082,False,False,0.0,1,0,0.556,0.0,0,399.49
dead_reckoning,obstacle_drift,0.6,23,7000083,True,False,3.9031,0,0,0.259,2.083,7,0.0
odometry_pods,obstacle_drift,0.6,23,7000083,True,False,3.9031,0,0,0.256,0.417,7,279.99
distance_sensors,obstacle_drift,0.6,23,7000083,True,False,6.1299,0,1,0.234,1.547,9,94.5
apriltag,obstacle_drift,0.6,23,7000083,True,False,3.9531,0,1,0.456,1.235,7,25.0
full_suite,obstacle_drift,0.6,23,7000083,True,False,6.2299,0,3,0.365,0.845,9,399.49
dead_reckoning,obstacle_drift,0.6,24,7000084,False,False,2.4567,1,0,0.593,1.385,4,0.0
odometry_pods,obstacle_drift,0.6,24,7000084,False,False,2.4567,1,0,0.535,0.277,4,279.99
distance_sensors,obstacle_drift,0.6,24,7000084,False,False,0.7677,1,0,0.164,2.147,1,94.5
apriltag,obstacle_drift,0.6,24,7000084,False,False,2.4567,1,0,0.555,1.385,4,25.0
full_suite,obstacle_drift,0.6,24,7000084,False,False,0.7677,1,0,0.163,0.429,1,399.49
dead_reckoning,obstacle_drift,0.7,0,7000070,True,False,20.8171,0,0,2.073,5.078,36,0.0
odometry_pods,obstacle_drift,0.7,0,7000070,True,False,19.358,0,0,2.047,0.897,37,279.99
distance_sensors,obstacle_drift,0.7,0,7000070,False,False,8.7129,1,4,2.365,4.457,15,94.5
apriltag,obstacle_drift,0.7,0,7000070,True,False,19.7091,0,10,9.879,3.723,36,25.0
full_suite,obstacle_drift,0.7,0,7000070,True,False,17.0775,0,11,4.343,0.536,28,399.49
dead_reckoning,obstacle_drift,0.7,1,7000071,False,False,10.7134,1,0,2.424,18.731,17,0.0
odometry_pods,obstacle_drift,0.7,1,7000071,False,False,3.891,1,0,2.452,1.515,7,279.99
distance_sensors,obstacle_drift,0.7,1,7000071,False,False,2.1879,1,2,3.207,5.35,3,94.5
apriltag,obstacle_drift,0.7,1,7000071,False,False,20.5015,0,4,6.796,4.079,32,25.0
full_suite,obstacle_drift,0.7,1,7000071,True,False,16.2191,0,7,3.547,0.858,28,399.49
dead_reckoning,obstacle_drift,0.7,2,7000072,False,False,10.7035,1,0,1.842,7.87,20,0.0
odometry_pods,obstacle_drift,0.7,2,7000072,True,False,13.656,0,0,1.829,1.702,25,279.99
distance_sensors,obstacle_drift,0.7,2,7000072,False,False,9.2044,0,0,0.452,8.486,19,94.5
apriltag,obstacle_drift,0.7,2,7000072,True,False,14.306,0,13,14.437,0.093,25,25.0
full_suite,obstacle_drift,0.7,2,7000072,True,False,13.6291,0,12,2.43,0.533,24,399.49
dead_reckoning,obstacle_drift,0.7,3,7000073,False,False,9.6185,1,0,2.083,7.243,19,0.0
odometry_pods,obstacle_drift,0.7,3,7000073,False,False,10.1466,1,0,2.058,2.272,20,279.99
distance_sensors,obstacle_drift,0.7,3,7000073,False,False,11.396,1,1,1.209,8.825,19,94.5
apriltag,obstacle_drift,0.7,3,7000073,False,False,10.0185,1,8,8.873,2.009,19,25.0
full_suite,obstacle_drift,0.7,3,7000073,False,False,10.7307,1,6,2.228,0.869,19,399.49
dead_reckoning,obstacle_drift,0.7,4,7000074,False,False,11.0217,0,0,0.974,12.8,16,0.0
odometry_pods,obstacle_drift,0.7,4,7000074,True,False,9.2051,0,0,0.957,2.2,16,279.99
distance_sensors,obstacle_drift,0.7,4,7000074,False,False,10.0846,0,1,0.539,11.243,17,94.5
apriltag,obstacle_drift,0.7,4,7000074,True,False,9.6551,0,9,4.348,1.942,16,25.0
full_suite,obstacle_drift,0.7,4,7000074,True,False,9.5,0,6,1.366,0.618,17,399.49
dead_reckoning,obstacle_drift,0.7,5,7000075,True,False,6.2262,0,0,0.435,2.782,10,0.0
odometry_pods,obstacle_drift,0.7,5,7000075,True,False,5.4669,0,0,0.428,1.141,11,279.99
distance_sensors,obstacle_drift,0.7,5,7000075,True,False,5.5684,0,0,0.187,5.138,11,94.5
apriltag,obstacle_drift,0.7,5,7000075,True,False,5.6169,0,3,0.955,3.383,11,25.0
full_suite,obstacle_drift,0.7,5,7000075,True,False,5.3669,0,2,0.4,0.83,11,399.49
dead_reckoning,obstacle_drift,0.7,6,7000076,False,False,5.7045,1,0,1.921,2.89,11,0.0
odometry_pods,obstacle_drift,0.7,6,7000076,False,False,5.9686,1,0,1.532,0.795,11,279.99
distance_sensors,obstacle_drift,0.7,6,7000076,False,False,9.4092,0,4,4.906,4.825,17,94.5
apriltag,obstacle_drift,0.7,6,7000076,False,False,5.7045,1,0,1.555,2.89,11,25.0
full_suite,obstacle_drift,0.7,6,7000076,True,False,11.6117,0,5,2.496,0.153,21,399.49
dead_reckoning,obstacle_drift,0.7,7,7000077,True,False,5.4669,0,0,0.411,2.232,11,0.0
odometry_pods,obstacle_drift,0.7,7,7000077,True,False,5.4669,0,0,0.406,0.446,11,279.99
distance_sensors,obstacle_drift,0.7,7,7000077,True,False,5.2669,0,0,0.189,2.752,11,94.5
apriltag,obstacle_drift,0.7,7,7000077,True,False,5.6669,0,4,1.199,1.628,11,25.0
full_suite,obstacle_drift,0.7,7,7000077,True,False,5.4169,0,3,0.531,0.348,11,399.49
dead_reckoning,obstacle_drift,0.7,8,7000078,False,False,3.5572,1,0,0.378,3.091,6,0.0
odometry_pods,obstacle_drift,0.7,8,7000078,False,False,3.5572,1,0,0.41,0.618,6,279.99
distance_sensors,obstacle_drift,0.7,8,7000078,False,False,4.8596,1,1,0.434,4.655,8,94.5
apriltag,obstacle_drift,0.7,8,7000078,False,False,3.5572,1,0,0.409,3.091,6,25.0
full_suite,obstacle_drift,0.7,8,7000078,True,False,7.0119,0,1,0.419,1.082,11,399.49
dead_reckoning,obstacle_drift,0.7,9,7000079,False,False,4.2686,1,0,2.34,3.293,9,0.0
odometry_pods,obstacle_drift,0.7,9,7000079,True,False,20.8163,0,0,2.457,2.512,44,279.99
distance_sensors,obstacle_drift,0.7,9,7000079,False,False,0.0,1,0,0.612,0.0,0,94.5
apriltag,obstacle_drift,0.7,9,7000079,False,False,4.2686,1,0,2.315,3.293,9,25.0
full_suite,obstacle_drift,0.7,9,7000079,False,False,0.0,1,0,0.606,0.0,0,399.49
dead_reckoning,obstacle_drift,0.7,10,7000080,False,False,8.6749,0,0,0.874,5.877,14,0.0
odometry_pods,obstacle_drift,0.7,10,7000080,True,False,7.7044,0,0,0.883,1.095,14,279.99
distance_sensors,obstacle_drift,0.7,10,7000080,False,False,6.8931,0,0,0.296,6.666,13,94.5
apriltag,obstacle_drift,0.7,10,7000080,True,False,8.0544,0,7,5.908,1.013,14,25.0
full_suite,obstacle_drift,0.7,10,7000080,True,False,6.9931,0,6,1.141,0.606,13,399.49
dead_reckoning,obstacle_drift,0.7,11,7000081,False,False,9.2713,0,0,0.93,8.077,14,0.0
odometry_pods,obstacle_drift,0.7,11,7000081,True,False,7.5434,0,0,0.932,1.699,14,279.99
distance_sensors,obstacle_drift,0.7,11,7000081,False,False,8.3139,0,0,0.267,8.08,12,94.5
apriltag,obstacle_drift,0.7,11,7000081,True,False,9.0809,0,10,4.001,1.136,15,25.0
full_suite,obstacle_drift,0.7,11,7000081,True,False,7.7073,0,10,0.921,0.127,13,399.49
dead_reckoning,obstacle_drift,0.7,12,7000082,False,False,10.6816,1,0,1.851,11.511,18,0.0
odometry_pods,obstacle_drift,0.7,12,7000082,True,False,12.2385,0,0,1.963,2.02,22,279.99
distance_sensors,obstacle_drift,0.7,12,7000082,False,False,0.0,1,0,0.783,0.0,0,94.5
apriltag,obstacle_drift,0.7,12,7000082,False,False,14.1038,0,3,4.521,6.029,22,25.0
full_suite,obstacle_drift,0.7,12,7000082,False,False,0.0,1,0,0.556,0.0,0,399.49
dead_reckoning,obstacle_drift,0.7,13,7000083,True,False,3.9031,0,0,0.269,2.083,7,0.0
odometry_pods,obstacle_drift,0.7,13,7000083,True,False,3.9031,0,0,0.256,0.417,7,279.99
distance_sensors,obstacle_drift,0.7,13,7000083,True,False,6.1299,0,1,0.233,1.547,9,94.5
apriltag,obstacle_drift,0.7,13,7000083,True,False,3.9531,0,1,0.448,1.235,7,25.0
full_suite,obstacle_drift,0.7,13,7000083,True,False,6.2299,0,3,0.371,0.845,9,399.49
dead_reckoning,obstacle_drift,0.7,14,7000084,False,False,2.4567,1,0,0.549,1.385,4,0.0
odometry_pods,obstacle_drift,0.7,14,7000084,False,False,2.4567,1,0,0.55,0.277,4,279.99
distance_sensors,obstacle_drift,0.7,14,7000084,False,False,0.7677,1,0,0.17,2.147,1,94.5
apriltag,obstacle_drift,0.7,14,7000084,False,False,2.4567,1,0,0.558,1.385,4,25.0
full_suite,obstacle_drift,0.7,14,7000084,False,False,0.7677,1,0,0.165,0.429,1,399.49
dead_reckoning,obstacle_drift,0.7,15,7000085,False,False,6.6307,0,0,0.759,7.05,14,0.0
odometry_pods,obstacle_drift,0.7,15,7000085,True,False,7.0815,0,0,0.751,1.661,14,279.99
distance_sensors,obstacle_drift,0.7,15,7000085,False,False,3.0245,1,0,0.402,2.22,5,94.5
apriltag,obstacle_drift,0.7,15,7000085,True,False,7.4815,0,8,3.624,4.148,14,25.0
full_suite,obstacle_drift,0.7,15,7000085,True,False,7.266,0,7,1.413,0.482,13,399.49
dead_reckoning,obstacle_drift,0.7,16,7000086,False,False,4.0115,1,0,2.281,3.988,8,0.0
odometry_pods,obstacle_drift,0.7,16,7000086,False,False,15.5795,1,0,2.328,1.211,33,279.99
distance_sensors,obstacle_drift,0.7,16,7000086,False,False,0.0,1,0,0.41,0.0,0,94.5
apriltag,obstacle_drift,0.7,16,7000086,False,False,4.0115,1,0,2.28,3.988,8,25.0
full_suite,obstacle_drift,0.7,16,7000086,False,False,0.0,1,0,0.404,0.0,0,399.49
dead_reckoning,obstacle_drift,0.7,17,7000087,True,False,7.7452,0,0,0.727,11.368,15,0.0
odometry_pods,obstacle_drift,0.7,17,7000087,True,False,8.8943,0,0,1.13,1.534,17,279.99
distance_sensors,obstacle_drift,0.7,17,7000087,False,False,5.4906,1,1,0.854,9.898,8,94.5
apriltag,obstacle_drift,0.7,17,7000087,True,False,9.0443,0,3,2.009,2.071,17,25.0
full_suite,obstacle_drift,0.7,17,7000087,True,False,9.3133,0,7,1.501,0.55,15,399.49
dead_reckoning,obstacle_drift,0.7,18,7000088,True,False,12.5436,0,0,1.267,2.083,21,0.0
odometry_pods,obstacle_drift,0.7,18,7000088,False,False,5.5683,1,0,1.502,1.037,9,279.99
distance_sensors,obstacle_drift,0.7,18,7000088,True,False,11.379,0,2,0.587,4.07,20,94.5
apriltag,obstacle_drift,0.7,18,7000088,True,False,12.4982,0,11,3.716,0.411,21,25.0
full_suite,obstacle_drift,0.7,18,7000088,True,False,10.671,0,12,2.114,0.579,20,399.49
dead_reckoning,obstacle_drift,0.7,19,7000089,False,False,9.0093,1,0,1.172,7.433,14,0.0
odometry_pods,obstacle_drift,0.7,19,7000089,True,False,13.0955,0,0,1.19,1.545,23,279.99
distance_sensors,obstacle_drift,0.7,19,7000089,False,False,2.3372,1,3,0.965,3.102,4,94.5
apriltag,obstacle_drift,0.7,19,7000089,True,False,14.3161,0,5,5.165,0.392,23,25.0
full_suite,obstacle_drift,0.7,19,7000089,True,False,10.4555,0,4,1.155,1.006,20,399.49
dead_reckoning,obstacle_drift,0.7,20,7000090,False,False,12.2172,0,0,1.808,8.722,23,0.0
odometry_pods,obstacle_drift,0.7,20,7000090,True,False,12.3533,0,0,2.027,1.344,23,279.99
distance_sensors,obstacle_drift,0.7,20,7000090,False,False,9.6722,0,1,0.708,7.721,18,94.5
apriltag,obstacle_drift,0.7,20,7000090,False,False,12.2679,1,8,9.546,9.227,21,25.0
full_suite,obstacle_drift,0.7,20,7000090,True,False,10.973,0,10,2.193,0.574,18,399.49
dead_reckoning,obstacle_drift,0.7,21,7000091,False,False,14.8131,0,0,1.848,11.998,25,0.0
odometry_pods,obstacle_drift,0.7,21,7000091,False,False,4.0903,1,0,1.826,0.792,7,279.99
distance_sensors,obstacle_drift,0.7,21,7000091,False,False,5.8445,1,4,2.232,3.999,9,94.5
apriltag,obstacle_drift,0.7,21,7000091,True,False,15.4786,0,6,2.796,1.702,26,25.0
full_suite,obstacle_drift,0.7,21,7000091,True,False,13.7439,0,10,2.542,0.725,23,399.49
dead_reckoning,obstacle_drift,0.7,22,7000092,True,False,7.2127,0,0,0.711,2.969,11,0.0
odometry_pods,obstacle_drift,0.7,22,7000092,True,False,6.0714,0,0,0.803,0.651,11,279.99
distance_sensors,obstacle_drift,0.7,22,7000092,False,False,4.9353,0,1,0.771,5.002,10,94.5
apriltag,obstacle_drift,0.7,22,7000092,True,False,6.2714,0,4,2.114,1.413,11,25.0
full_suite,obstacle_drift,0.7,22,7000092,True,False,5.8714,0,1,0.406,0.255,10,399.49
dead_reckoning,obstacle_drift,0.7,23,7000093,True,False,9.8243,0,0,0.48,8.008,17,0.0
odometry_pods,obstacle_drift,0.7,23,7000093,True,False,10.1371,0,0,0.506,1.591,18,279.99
distance_sensors,obstacle_drift,0.7,23,7000093,False,False,0.0,1,0,0.184,0.0,0,94.5
apriltag,obstacle_drift,0.7,23,7000093,True,False,10.6896,0,4,1.691,3.622,17,25.0
full_suite,obstacle_drift,0.7,23,7000093,False,False,0.0,1,0,0.33,0.0,0,399.49
dead_reckoning,obstacle_drift,0.7,24,7000094,True,False,10.2539,0,0,1.391,6.008,15,0.0
odometry_pods,obstacle_drift,0.7,24,7000094,True,False,9.2268,0,0,1.312,0.827,16,279.99
distance_sensors,obstacle_drift,0.7,24,7000094,False,False,3.3476,1,1,0.756,3.972,5,94.5
apriltag,obstacle_drift,0.7,24,7000094,True,False,10.1846,0,6,2.935,1.649,15,25.0
full_suite,obstacle_drift,0.7,24,7000094,False,False,3.3976,1,2,1.209,0.749,5,399.49
dead_reckoning,obstacle_drift,0.8,0,7000080,False,False,8.6749,0,0,0.959,5.877,14,0.0
odometry_pods,obstacle_drift,0.8,0,7000080,True,False,7.7044,0,0,1.241,1.095,14,279.99
distance_sensors,obstacle_drift,0.8,0,7000080,False,False,6.8931,0,0,0.336,6.666,13,94.5
apriltag,obstacle_drift,0.8,0,7000080,True,False,8.0544,0,7,4.388,1.013,14,25.0
full_suite,obstacle_drift,0.8,0,7000080,True,False,6.9931,0,6,1.248,0.606,13,399.49
dead_reckoning,obstacle_drift,0.8,1,7000081,False,False,9.2713,0,0,1.044,8.077,14,0.0
odometry_pods,obstacle_drift,0.8,1,7000081,True,False,7.5434,0,0,0.895,1.699,14,279.99
distance_sensors,obstacle_drift,0.8,1,7000081,False,False,8.3139,0,0,0.272,8.08,12,94.5
apriltag,obstacle_drift,0.8,1,7000081,True,False,9.0809,0,10,3.533,1.136,15,25.0
full_suite,obstacle_drift,0.8,1,7000081,True,False,7.7073,0,10,1.128,0.127,13,399.49
dead_reckoning,obstacle_drift,0.8,2,7000082,False,False,10.6816,1,0,1.814,11.511,18,0.0
odometry_pods,obstacle_drift,0.8,2,7000082,True,False,12.2385,0,0,1.805,2.02,22,279.99
distance_sensors,obstacle_drift,0.8,2,7000082,False,False,0.0,1,0,0.567,0.0,0,94.5
apriltag,obstacle_drift,0.8,2,7000082,False,False,14.1038,0,3,4.537,6.029,22,25.0
full_suite,obstacle_drift,0.8,2,7000082,False,False,0.0,1,0,0.588,0.0,0,399.49
dead_reckoning,obstacle_drift,0.8,3,7000083,True,False,3.9031,0,0,0.278,2.083,7,0.0
odometry_pods,obstacle_drift,0.8,3,7000083,True,False,3.9031,0,0,0.285,0.417,7,279.99
distance_sensors,obstacle_drift,0.8,3,7000083,True,False,6.1299,0,1,0.423,1.547,9,94.5
apriltag,obstacle_drift,0.8,3,7000083,True,False,3.9531,0,1,0.468,1.235,7,25.0
full_suite,obstacle_drift,0.8,3,7000083,True,False,6.2299,0,3,0.432,0.845,9,399.49
dead_reckoning,obstacle_drift,0.8,4,7000084,False,False,2.4567,1,0,0.542,1.385,4,0.0
odometry_pods,obstacle_drift,0.8,4,7000084,False,False,2.4567,1,0,0.537,0.277,4,279.99
distance_sensors,obstacle_drift,0.8,4,7000084,False,False,0.7677,1,0,0.171,2.147,1,94.5
apriltag,obstacle_drift,0.8,4,7000084,False,False,2.4567,1,0,0.545,1.385,4,25.0
full_suite,obstacle_drift,0.8,4,7000084,False,False,0.7677,1,0,0.17,0.429,1,399.49
dead_reckoning,obstacle_drift,0.8,5,7000085,False,False,6.6307,0,0,0.845,7.05,14,0.0
odometry_pods,obstacle_drift,0.8,5,7000085,True,False,7.0815,0,0,0.768,1.661,14,279.99
distance_sensors,obstacle_drift,0.8,5,7000085,False,False,3.0245,1,0,0.404,2.22,5,94.5
apriltag,obstacle_drift,0.8,5,7000085,True,False,7.4815,0,8,3.971,4.148,14,25.0
full_suite,obstacle_drift,0.8,5,7000085,True,False,7.266,0,7,1.381,0.482,13,399.49
dead_reckoning,obstacle_drift,0.8,6,7000086,False,False,4.0115,1,0,2.303,3.988,8,0.0
odometry_pods,obstacle_drift,0.8,6,7000086,False,False,15.5795,1,0,2.495,1.211,33,279.99
distance_sensors,obstacle_drift,0.8,6,7000086,False,False,0.0,1,0,0.416,0.0,0,94.5
apriltag,obstacle_drift,0.8,6,7000086,False,False,4.0115,1,0,2.287,3.988,8,25.0
full_suite,obstacle_drift,0.8,6,7000086,False,False,0.0,1,0,0.403,0.0,0,399.49
dead_reckoning,obstacle_drift,0.8,7,7000087,True,False,7.7452,0,0,0.728,11.368,15,0.0
odometry_pods,obstacle_drift,0.8,7,7000087,True,False,8.8943,0,0,0.723,1.534,17,279.99
distance_sensors,obstacle_drift,0.8,7,7000087,False,False,2.1128,1,2,0.776,5.593,3,94.5
apriltag,obstacle_drift,0.8,7,7000087,True,False,9.0443,0,3,1.955,2.071,17,25.0
full_suite,obstacle_drift,0.8,7,7000087,True,False,9.3737,0,9,1.613,0.193,17,399.49
dead_reckoning,obstacle_drift,0.8,8,7000088,True,False,12.5436,0,0,1.16,2.083,21,0.0
odometry_pods,obstacle_drift,0.8,8,7000088,False,False,5.5683,1,0,1.153,1.037,9,279.99
distance_sensors,obstacle_drift,0.8,8,7000088,True,False,11.379,0,2,0.591,4.07,20,94.5
apriltag,obstacle_drift,0.8,8,7000088,True,False,12.4982,0,11,3.775,0.411,21,25.0
full_suite,obstacle_drift,0.8,8,7000088,True,False,10.671,0,12,1.629,0.579,20,399.49
dead_reckoning,obstacle_drift,0.8,9,7000089,False,False,9.0093,1,0,1.176,7.433,14,0.0
odometry_pods,obstacle_drift,0.8,9,7000089,True,False,13.0955,0,0,1.182,1.545,23,279.99
distance_sensors,obstacle_drift,0.8,9,7000089,False,False,2.3372,1,3,0.976,3.102,4,94.5
apriltag,obstacle_drift,0.8,9,7000089,True,False,14.3161,0,5,4.801,0.392,23,25.0
full_suite,obstacle_drift,0.8,9,7000089,True,False,10.4555,0,4,1.019,1.006,20,399.49
dead_reckoning,obstacle_drift,0.8,10,7000090,False,False,12.2172,0,0,1.805,8.722,23,0.0
odometry_pods,obstacle_drift,0.8,10,7000090,True,False,12.3533,0,0,1.845,1.344,23,279.99
distance_sensors,obstacle_drift,0.8,10,7000090,False,False,9.6722,0,1,0.713,7.721,18,94.5
apriltag,obstacle_drift,0.8,10,7000090,False,False,12.2679,1,8,9.457,9.227,21,25.0
full_suite,obstacle_drift,0.8,10,7000090,True,False,10.973,0,10,2.311,0.574,18,399.49
dead_reckoning,obstacle_drift,0.8,11,7000091,False,False,14.8131,0,0,1.836,11.998,25,0.0
odometry_pods,obstacle_drift,0.8,11,7000091,False,False,4.0903,1,0,1.91,0.792,7,279.99
distance_sensors,obstacle_drift,0.8,11,7000091,False,False,5.8445,1,4,2.364,3.999,9,94.5
apriltag,obstacle_drift,0.8,11,7000091,True,False,15.4786,0,6,2.423,1.702,26,25.0
full_suite,obstacle_drift,0.8,11,7000091,True,False,13.7439,0,10,2.516,0.725,23,399.49
dead_reckoning,obstacle_drift,0.8,12,7000092,True,False,7.2127,0,0,0.751,2.969,11,0.0
odometry_pods,obstacle_drift,0.8,12,7000092,True,False,6.0714,0,0,0.701,0.651,11,279.99
distance_sensors,obstacle_drift,0.8,12,7000092,False,False,4.9353,0,1,0.406,5.002,10,94.5
apriltag,obstacle_drift,0.8,12,7000092,True,False,6.2714,0,4,2.084,1.413,11,25.0
full_suite,obstacle_drift,0.8,12,7000092,True,False,5.8714,0,1,0.404,0.255,10,399.49
dead_reckoning,obstacle_drift,0.8,13,7000093,True,False,9.8243,0,0,0.466,8.008,17,0.0
odometry_pods,obstacle_drift,0.8,13,7000093,True,False,10.1371,0,0,0.459,1.591,18,279.99
distance_sensors,obstacle_drift,0.8,13,7000093,False,False,0.0,1,0,0.174,0.0,0,94.5
apriltag,obstacle_drift,0.8,13,7000093,True,False,10.6896,0,4,1.414,3.622,17,25.0
full_suite,obstacle_drift,0.8,13,7000093,False,False,0.0,1,0,0.245,0.0,0,399.49
dead_reckoning,obstacle_drift,0.8,14,7000094,True,False,10.2539,0,0,1.273,6.008,15,0.0
odometry_pods,obstacle_drift,0.8,14,7000094,True,False,9.2268,0,0,1.287,0.827,16,279.99
distance_sensors,obstacle_drift,0.8,14,7000094,False,False,3.3476,1,1,0.759,3.972,5,94.5
apriltag,obstacle_drift,0.8,14,7000094,True,False,10.1846,0,6,2.932,1.649,15,25.0
full_suite,obstacle_drift,0.8,14,7000094,False,False,3.3976,1,2,1.079,0.749,5,399.49
dead_reckoning,obstacle_drift,0.8,15,7000095,True,False,4.284,0,0,0.373,1.382,7,0.0
odometry_pods,obstacle_drift,0.8,15,7000095,True,False,4.284,0,0,0.37,0.276,7,279.99
distance_sensors,obstacle_drift,0.8,15,7000095,True,False,2.8838,0,0,0.069,2.655,5,94.5
apriltag,obstacle_drift,0.8,15,7000095,True,False,4.484,0,4,1.297,0.861,7,25.0
full_suite,obstacle_drift,0.8,15,7000095,True,False,3.2479,0,2,0.182,0.684,6,399.49
dead_reckoning,obstacle_drift,0.8,16,7000096,False,False,7.675,1,0,1.436,3.175,15,0.0
odometry_pods,obstacle_drift,0.8,16,7000096,True,False,16.0551,0,0,1.435,1.011,29,279.99
distance_sensors,obstacle_drift,0.8,16,7000096,False,False,15.4675,0,5,1.824,7.208,26,94.5
apriltag,obstacle_drift,0.8,16,7000096,True,False,15.3141,0,4,3.112,3.249,28,25.0
full_suite,obstacle_drift,0.8,16,7000096,True,False,14.8124,0,8,2.142,0.509,27,399.49
dead_reckoning,obstacle_drift,0.8,17,7000097,True,False,6.144,0,0,0.637,3.105,11,0.0
odometry_pods,obstacle_drift,0.8,17,7000097,True,False,6.0426,0,0,0.599,0.735,11,279.99
distance_sensors,obstacle_drift,0.8,17,7000097,True,False,7.516,0,2,0.635,4.029,12,94.5
apriltag,obstacle_drift,0.8,17,7000097,True,False,6.1426,0,2,1.336,2.848,11,25.0
full_suite,obstacle_drift,0.8,17,7000097,True,False,7.7787,0,4,0.881,1.464,12,399.49
dead_reckoning,obstacle_drift,0.8,18,7000098,False,False,7.1239,0,0,0.962,6.026,13,0.0
odometry_pods,obstacle_drift,0.8,18,7000098,True,False,7.2866,0,0,0.961,1.418,13,279.99
distance_sensors,obstacle_drift,0.8,18,7000098,False,False,5.2621,1,0,0.502,5.65,8,94.5
apriltag,obstacle_drift,0.8,18,7000098,True,False,8.3737,0,6,4.097,2.772,13,25.0
full_suite,obstacle_drift,0.8,18,7000098,True,False,7.5866,0,2,1.224,0.902,13,399.49
dead_reckoning,obstacle_drift,0.8,19,7000099,True,False,12.332,0,0,0.447,2.696,20,0.0
odometry_pods,obstacle_drift,0.8,19,7000099,True,False,10.2841,0,0,0.442,0.821,20,279.99
distance_sensors,obstacle_drift,0.8,19,7000099,False,False,4.8403,1,0,0.275,3.848,9,94.5
apriltag,obstacle_drift,0.8,19,7000099,False,False,9.2318,1,2,0.907,3.621,17,25.0
full_suite,obstacle_drift,0.8,19,7000099,True,False,9.4636,0,3,0.696,1.245,20,399.49
dead_reckoning,obstacle_drift,0.8,20,7000100,False,False,0.0,1,0,0.276,0.0,0,0.0
odometry_pods,obstacle_drift,0.8,20,7000100,False,False,0.0,1,0,0.272,0.0,0,279.99
distance_sensors,obstacle_drift,0.8,20,7000100,False,False,2.6768,1,0,0.106,4.9,4,94.5
apriltag,obstacle_drift,0.8,20,7000100,False,False,0.0,1,0,0.281,0.0,0,25.0
full_suite,obstacle_drift,0.8,20,7000100,True,False,4.6144,0,2,0.217,0.822,7,399.49
dead_reckoning,obstacle_drift,0.8,21,7000101,True,False,5.6034,0,0,0.344,1.106,8,0.0
odometry_pods,obstacle_drift,0.8,21,7000101,True,False,4.9802,0,0,0.343,0.168,8,279.99
distance_sensors,obstacle_drift,0.8,21,7000101,True,False,4.0441,0,0,0.151,0.622,7,94.5
apriltag,obstacle_drift,0.8,21,7000101,True,False,5.1802,0,4,1.164,1.901,8,25.0
full_suite,obstacle_drift,0.8,21,7000101,True,False,4.1941,0,3,0.291,0.254,7,399.49
dead_reckoning,obstacle_drift,0.8,22,7000102,True,False,2.5737,0,0,0.142,3.95,4,0.0
odometry_pods,obstacle_drift,0.8,22,7000102,True,False,2.5737,0,0,0.135,0.79,4,279.99
distance_sensors,obstacle_drift,0.8,22,7000102,True,False,1.8031,0,0,0.048,2.893,4,94.5
apriltag,obstacle_drift,0.8,22,7000102,True,False,2.6737,0,2,0.327,2.067,4,25.0
full_suite,obstacle_drift,0.8,22,7000102,True,False,1.9531,0,3,0.115,0.216,4,399.49
dead_reckoning,obstacle_drift,0.8,23,7000103,True,False,3.0606,0,0,0.11,0.988,5,0.0
odometry_pods,obstacle_drift,0.8,23,7000103,True,False,3.0606,0,0,0.106,0.198,5,279.99
distance_sensors,obstacle_drift,0.8,23,7000103,True,False,3.2606,0,0,0.097,1.152,5,94.5
apriltag,obstacle_drift,0.8,23,7000103,True,False,3.1106,0,1,0.197,1.408,5,25.0
full_suite,obstacle_drift,0.8,23,7000103,True,False,3.2606,0,0,0.098,0.136,5,399.49
dead_reckoning,obstacle_drift,0.8,24,7000104,True,False,8.6979,0,0,1.602,2.595,16,0.0
odometry_pods,obstacle_drift,0.8,24,7000104,True,False,8.6979,0,0,1.101,0.519,16,279.99
distance_sensors,obstacle_drift,0.8,24,7000104,True,False,8.6463,0,1,0.647,3.091,14,94.5
apriltag,obstacle_drift,0.8,24,7000104,True,False,9.1479,0,9,4.149,3.592,17,25.0
full_suite,obstacle_drift,0.8,24,7000104,True,False,8.9577,0,9,1.612,0.457,14,399.49
dead_reckoning,obstacle_drift,0.9,0,7000090,False,False,12.2172,0,0,1.804,8.722,23,0.0
odometry_pods,obstacle_drift,0.9,0,7000090,True,False,12.3533,0,0,1.805,1.344,23,279.99
distance_sensors,obstacle_drift,0.9,0,7000090,False,False,9.6722,0,1,0.712,7.721,18,94.5
apriltag,obstacle_drift,0.9,0,7000090,False,False,12.2679,1,8,9.915,9.227,21,25.0
full_suite,obstacle_drift,0.9,0,7000090,True,False,10.973,0,10,2.072,0.574,18,399.49
dead_reckoning,obstacle_drift,0.9,1,7000091,False,False,14.8131,0,0,1.84,11.998,25,0.0
odometry_pods,obstacle_drift,0.9,1,7000091,False,False,4.0903,1,0,1.834,0.792,7,279.99
distance_sensors,obstacle_drift,0.9,1,7000091,False,False,5.8445,1,4,2.254,3.999,9,94.5
apriltag,obstacle_drift,0.9,1,7000091,True,False,15.4786,0,6,2.369,1.702,26,25.0
full_suite,obstacle_drift,0.9,1,7000091,True,False,13.7439,0,10,2.503,0.725,23,399.49
dead_reckoning,obstacle_drift,0.9,2,7000092,True,False,7.2127,0,0,0.727,2.969,11,0.0
odometry_pods,obstacle_drift,0.9,2,7000092,True,False,6.0714,0,0,0.697,0.651,11,279.99
distance_sensors,obstacle_drift,0.9,2,7000092,False,False,4.9353,0,1,0.404,5.002,10,94.5
apriltag,obstacle_drift,0.9,2,7000092,True,False,6.2714,0,4,2.071,1.413,11,25.0
full_suite,obstacle_drift,0.9,2,7000092,True,False,5.8714,0,1,0.408,0.255,10,399.49
dead_reckoning,obstacle_drift,0.9,3,7000093,True,False,9.8243,0,0,0.466,8.008,17,0.0
odometry_pods,obstacle_drift,0.9,3,7000093,True,False,10.1371,0,0,0.461,1.591,18,279.99
distance_sensors,obstacle_drift,0.9,3,7000093,False,False,0.0,1,0,0.176,0.0,0,94.5
apriltag,obstacle_drift,0.9,3,7000093,True,False,10.6896,0,4,1.448,3.622,17,25.0
full_suite,obstacle_drift,0.9,3,7000093,False,False,0.0,1,0,0.175,0.0,0,399.49
dead_reckoning,obstacle_drift,0.9,4,7000094,True,False,10.2539,0,0,1.269,6.008,15,0.0
odometry_pods,obstacle_drift,0.9,4,7000094,True,False,9.2268,0,0,1.269,0.827,16,279.99
distance_sensors,obstacle_drift,0.9,4,7000094,False,False,3.3476,1,1,0.757,3.972,5,94.5
apriltag,obstacle_drift,0.9,4,7000094,True,False,10.1846,0,6,3.023,1.649,15,25.0
full_suite,obstacle_drift,0.9,4,7000094,False,False,3.3976,1,2,1.098,0.749,5,399.49
dead_reckoning,obstacle_drift,0.9,5,7000095,True,False,4.284,0,0,0.382,1.382,7,0.0
odometry_pods,obstacle_drift,0.9,5,7000095,True,False,4.284,0,0,0.369,0.276,7,279.99
distance_sensors,obstacle_drift,0.9,5,7000095,True,False,2.8838,0,0,0.069,2.655,5,94.5
apriltag,obstacle_drift,0.9,5,7000095,True,False,4.484,0,4,1.196,0.861,7,25.0
full_suite,obstacle_drift,0.9,5,7000095,True,False,3.2479,0,2,0.156,0.684,6,399.49
dead_reckoning,obstacle_drift,0.9,6,7000096,False,False,7.675,1,0,1.467,3.175,15,0.0
odometry_pods,obstacle_drift,0.9,6,7000096,True,False,16.0551,0,0,1.509,1.011,29,279.99
distance_sensors,obstacle_drift,0.9,6,7000096,False,False,15.4675,0,5,2.238,7.208,26,94.5
apriltag,obstacle_drift,0.9,6,7000096,True,False,15.3141,0,4,3.087,3.249,28,25.0
full_suite,obstacle_drift,0.9,6,7000096,True,False,14.8124,0,8,2.246,0.509,27,399.49
dead_reckoning,obstacle_drift,0.9,7,7000097,True,False,6.144,0,0,0.571,3.105,11,0.0
odometry_pods,obstacle_drift,0.9,7,7000097,True,False,6.0426,0,0,0.568,0.735,11,279.99
distance_sensors,obstacle_drift,0.9,7,7000097,True,False,7.516,0,2,0.642,4.029,12,94.5
apriltag,obstacle_drift,0.9,7,7000097,True,False,6.1426,0,2,1.31,2.848,11,25.0
full_suite,obstacle_drift,0.9,7,7000097,True,False,7.7787,0,4,1.348,1.464,12,399.49
dead_reckoning,obstacle_drift,0.9,8,7000098,False,False,7.1239,0,0,0.959,6.026,13,0.0
odometry_pods,obstacle_drift,0.9,8,7000098,True,False,7.2866,0,0,0.955,1.418,13,279.99
distance_sensors,obstacle_drift,0.9,8,7000098,False,False,5.2621,1,0,0.487,5.65,8,94.5
apriltag,obstacle_drift,0.9,8,7000098,True,False,8.3737,0,6,4.042,2.772,13,25.0
full_suite,obstacle_drift,0.9,8,7000098,True,False,7.5866,0,2,1.476,0.902,13,399.49
dead_reckoning,obstacle_drift,0.9,9,7000099,True,False,12.332,0,0,0.445,2.696,20,0.0
odometry_pods,obstacle_drift,0.9,9,7000099,True,False,10.2841,0,0,0.442,0.821,20,279.99
distance_sensors,obstacle_drift,0.9,9,7000099,False,False,4.8403,1,0,0.276,3.848,9,94.5
apriltag,obstacle_drift,0.9,9,7000099,False,False,9.2318,1,2,0.862,3.621,17,25.0
full_suite,obstacle_drift,0.9,9,7000099,True,False,9.4636,0,3,0.725,1.245,20,399.49
dead_reckoning,obstacle_drift,0.9,10,7000100,False,False,0.0,1,0,0.276,0.0,0,0.0
odometry_pods,obstacle_drift,0.9,10,7000100,False,False,0.0,1,0,0.312,0.0,0,279.99
distance_sensors,obstacle_drift,0.9,10,7000100,False,False,2.6768,1,0,0.115,4.9,4,94.5
apriltag,obstacle_drift,0.9,10,7000100,False,False,0.0,1,0,0.286,0.0,0,25.0
full_suite,obstacle_drift,0.9,10,7000100,True,False,4.6144,0,2,0.229,0.822,7,399.49
dead_reckoning,obstacle_drift,0.9,11,7000101,True,False,5.6034,0,0,0.344,1.106,8,0.0
odometry_pods,obstacle_drift,0.9,11,7000101,True,False,4.9802,0,0,0.345,0.168,8,279.99
distance_sensors,obstacle_drift,0.9,11,7000101,True,False,4.0441,0,0,0.152,0.622,7,94.5
apriltag,obstacle_drift,0.9,11,7000101,True,False,5.1802,0,4,0.905,1.901,8,25.0
full_suite,obstacle_drift,0.9,11,7000101,True,False,4.1941,0,3,0.281,0.254,7,399.49
dead_reckoning,obstacle_drift,0.9,12,7000102,True,False,2.5737,0,0,0.142,3.95,4,0.0
odometry_pods,obstacle_drift,0.9,12,7000102,True,False,2.5737,0,0,0.137,0.79,4,279.99
distance_sensors,obstacle_drift,0.9,12,7000102,True,False,1.8031,0,0,0.047,2.893,4,94.5
apriltag,obstacle_drift,0.9,12,7000102,True,False,2.6737,0,2,0.3,2.067,4,25.0
full_suite,obstacle_drift,0.9,12,7000102,True,False,1.9531,0,3,0.117,0.216,4,399.49
dead_reckoning,obstacle_drift,0.9,13,7000103,True,False,3.0606,0,0,0.115,0.988,5,0.0
odometry_pods,obstacle_drift,0.9,13,7000103,True,False,3.0606,0,0,0.231,0.198,5,279.99
distance_sensors,obstacle_drift,0.9,13,7000103,True,False,3.2606,0,0,0.098,1.152,5,94.5
apriltag,obstacle_drift,0.9,13,7000103,True,False,3.1106,0,1,0.215,1.408,5,25.0
full_suite,obstacle_drift,0.9,13,7000103,True,False,3.2606,0,0,0.096,0.136,5,399.49
dead_reckoning,obstacle_drift,0.9,14,7000104,True,False,8.6979,0,0,1.052,2.595,16,0.0
odometry_pods,obstacle_drift,0.9,14,7000104,True,False,8.6979,0,0,1.088,0.519,16,279.99
distance_sensors,obstacle_drift,0.9,14,7000104,True,False,8.6463,0,1,0.643,3.091,14,94.5
apriltag,obstacle_drift,0.9,14,7000104,True,False,9.1479,0,9,4.227,3.592,17,25.0
full_suite,obstacle_drift,0.9,14,7000104,True,False,8.9577,0,9,1.63,0.457,14,399.49
dead_reckoning,obstacle_drift,0.9,15,7000105,False,False,4.8454,1,0,0.292,6.174,9,0.0
odometry_pods,obstacle_drift,0.9,15,7000105,True,False,5.9309,0,0,0.286,1.564,10,279.99
distance_sensors,obstacle_drift,0.9,15,7000105,False,False,2.7866,1,0,0.159,3.271,6,94.5
apriltag,obstacle_drift,0.9,15,7000105,False,False,4.8454,1,0,0.296,6.174,9,25.0
full_suite,obstacle_drift,0.9,15,7000105,True,False,4.0881,0,0,0.157,0.835,8,399.49
dead_reckoning,obstacle_drift,0.9,16,7000106,False,False,2.7254,0,0,0.039,4.008,4,0.0
odometry_pods,obstacle_drift,0.9,16,7000106,True,False,2.5387,0,0,0.036,0.745,4,279.99
distance_sensors,obstacle_drift,0.9,16,7000106,True,False,1.9732,0,0,0.041,3.866,3,94.5
apriltag,obstacle_drift,0.9,16,7000106,False,False,2.7254,0,0,0.037,4.008,4,25.0
full_suite,obstacle_drift,0.9,16,7000106,True,False,1.9732,0,0,0.039,0.773,3,399.49
dead_reckoning,obstacle_drift,0.9,17,7000107,True,False,5.2609,0,0,0.442,1.132,10,0.0
odometry_pods,obstacle_drift,0.9,17,7000107,True,False,5.2609,0,0,1.061,0.226,10,279.99
distance_sensors,obstacle_drift,0.9,17,7000107,False,False,4.9511,0,0,0.142,1.637,8,94.5
apriltag,obstacle_drift,0.9,17,7000107,True,False,5.6609,0,8,1.746,0.627,10,25.0
full_suite,obstacle_drift,0.9,17,7000107,True,False,4.9799,0,5,0.375,0.274,8,399.49
dead_reckoning,obstacle_drift,0.9,18,7000108,False,False,3.7143,0,0,0.053,4.69,6,0.0
odometry_pods,obstacle_drift,0.9,18,7000108,True,False,3.4931,0,0,0.049,0.887,6,279.99
distance_sensors,obstacle_drift,0.9,18,7000108,False,False,2.6861,0,1,0.147,4.44,5,94.5
apriltag,obstacle_drift,0.9,18,7000108,True,False,4.0496,0,1,0.077,1.707,5,25.0
full_suite,obstacle_drift,0.9,18,7000108,True,False,2.8214,0,2,0.149,0.317,5,399.49
dead_reckoning,obstacle_drift,0.9,19,7000109,False,False,14.5975,0,0,1.62,5.03,28,0.0
odometry_pods,obstacle_drift,0.9,19,7000109,True,False,14.9468,0,0,1.37,1.213,28,279.99
distance_sensors,obstacle_drift,0.9,19,7000109,False,False,13.665,0,2,1.035,4.356,24,94.5
apriltag,obstacle_drift,0.9,19,7000109,True,False,15.1828,0,10,5.412,1.456,27,25.0
full_suite,obstacle_drift,0.9,19,7000109,True,False,14.5092,0,12,2.755,0.288,25,399.49
dead_reckoning,obstacle_drift,0.9,20,7000110,True,False,6.4765,0,0,0.339,3.991,9,0.0
odometry_pods,obstacle_drift,0.9,20,7000110,True,False,5.9751,0,0,0.336,0.949,9,279.99
distance_sensors,obstacle_drift,0.9,20,7000110,False,False,5.2768,0,0,0.136,1.012,7,94.5
apriltag,obstacle_drift,0.9,20,7000110,True,False,6.5765,0,2,0.451,0.412,9,25.0
full_suite,obstacle_drift,0.9,20,7000110,True,False,4.7235,0,1,0.158,0.503,7,399.49
dead_reckoning,obstacle_drift,0.9,21,7000111,False,False,3.2305,1,0,1.068,3.207,5,0.0
odometry_pods,obstacle_drift,0.9,21,7000111,True,False,11.7841,0,0,1.11,1.538,21,279.99
distance_sensors,obstacle_drift,0.9,21,7000111,False,False,0.0,1,0,0.59,0.0,0,94.5
apriltag,obstacle_drift,0.9,21,7000111,False,False,3.2305,1,0,1.113,3.207,5,25.0
full_suite,obstacle_drift,0.9,21,7000111,False,False,0.0,1,0,0.541,0.0,0,399.49
dead_reckoning,obstacle_drift,0.9,22,7000112,False,False,10.5492,1,0,1.561,4.969,20,0.0
odometry_pods,obstacle_drift,0.9,22,7000112,True,False,16.0226,0,0,1.552,1.882,31,279.99
distance_sensors,obstacle_drift,0.9,22,7000112,True,False,12.2442,0,1,1.337,3.906,23,94.5
apriltag,obstacle_drift,0.9,22,7000112,False,False,16.1437,1,2,2.267,5.427,30,25.0
full_suite,obstacle_drift,0.9,22,7000112,False,False,4.2334,1,2,1.872,0.586,7,399.49
dead_reckoning,obstacle_drift,0.9,23,7000113,True,False,7.7793,0,0,0.594,3.308,12,0.0
odometry_pods,obstacle_drift,0.9,23,7000113,True,False,7.6778,0,0,0.599,0.576,12,279.99
distance_sensors,obstacle_drift,0.9,23,7000113,False,False,0.7781,1,0,0.206,0.767,1,94.5
apriltag,obstacle_drift,0.9,23,7000113,True,False,7.8778,0,4,1.112,2.799,12,25.0
full_suite,obstacle_drift,0.9,23,7000113,False,False,0.7781,1,0,0.203,0.153,1,399.49
dead_reckoning,obstacle_drift,0.9,24,7000114,False,False,9.0704,0,0,0.704,3.532,15,0.0
odometry_pods,obstacle_drift,0.9,24,7000114,True,False,7.9618,0,0,0.551,0.813,15,279.99
distance_sensors,obstacle_drift,0.9,24,7000114,False,False,3.6042,1,1,0.661,4.258,6,94.5
apriltag,obstacle_drift,0.9,24,7000114,False,False,9.3439,0,4,1.259,3.127,14,25.0
full_suite,obstacle_drift,0.9,24,7000114,True,False,7.7422,0,4,0.835,0.786,13,399.49
dead_reckoning,obstacle_drift,1.0,0,7000100,False,False,0.0,1,0,0.275,0.0,0,0.0
odometry_pods,obstacle_drift,1.0,0,7000100,False,False,0.0,1,0,0.273,0.0,0,279.99
distance_sensors,obstacle_drift,1.0,0,7000100,False,False,2.6768,1,0,0.105,4.9,4,94.5
apriltag,obstacle_drift,1.0,0,7000100,False,False,0.0,1,0,0.279,0.0,0,25.0
full_suite,obstacle_drift,1.0,0,7000100,True,False,4.6144,0,2,0.216,0.822,7,399.49
dead_reckoning,obstacle_drift,1.0,1,7000101,True,False,5.6034,0,0,0.469,1.106,8,0.0
odometry_pods,obstacle_drift,1.0,1,7000101,True,False,4.9802,0,0,0.348,0.168,8,279.99
distance_sensors,obstacle_drift,1.0,1,7000101,True,False,4.0441,0,0,0.16,0.622,7,94.5
apriltag,obstacle_drift,1.0,1,7000101,True,False,5.1802,0,4,0.921,1.901,8,25.0
full_suite,obstacle_drift,1.0,1,7000101,True,False,4.1941,0,3,0.276,0.254,7,399.49
dead_reckoning,obstacle_drift,1.0,2,7000102,True,False,2.5737,0,0,0.138,3.95,4,0.0
odometry_pods,obstacle_drift,1.0,2,7000102,True,False,2.5737,0,0,0.144,0.79,4,279.99
distance_sensors,obstacle_drift,1.0,2,7000102,True,False,1.8031,0,0,0.047,2.893,4,94.5
apriltag,obstacle_drift,1.0,2,7000102,True,False,2.6737,0,2,0.302,2.067,4,25.0
full_suite,obstacle_drift,1.0,2,7000102,True,False,1.9531,0,3,0.116,0.216,4,399.49
dead_reckoning,obstacle_drift,1.0,3,7000103,True,False,3.0606,0,0,0.11,0.988,5,0.0
odometry_pods,obstacle_drift,1.0,3,7000103,True,False,3.0606,0,0,0.107,0.198,5,279.99
distance_sensors,obstacle_drift,1.0,3,7000103,True,False,3.2606,0,0,0.098,1.152,5,94.5
apriltag,obstacle_drift,1.0,3,7000103,True,False,3.1106,0,1,0.198,1.408,5,25.0
full_suite,obstacle_drift,1.0,3,7000103,True,False,3.2606,0,0,0.095,0.136,5,399.49
dead_reckoning,obstacle_drift,1.0,4,7000104,True,False,8.6979,0,0,1.228,2.595,16,0.0
odometry_pods,obstacle_drift,1.0,4,7000104,True,False,8.6979,0,0,1.135,0.519,16,279.99
distance_sensors,obstacle_drift,1.0,4,7000104,True,False,8.6463,0,1,0.644,3.091,14,94.5
apriltag,obstacle_drift,1.0,4,7000104,True,False,9.1479,0,9,4.103,3.592,17,25.0
full_suite,obstacle_drift,1.0,4,7000104,True,False,8.9577,0,9,1.67,0.457,14,399.49
dead_reckoning,obstacle_drift,1.0,5,7000105,False,False,4.8454,1,0,0.303,6.174,9,0.0
odometry_pods,obstacle_drift,1.0,5,7000105,True,False,5.9309,0,0,0.287,1.564,10,279.99
distance_sensors,obstacle_drift,1.0,5,7000105,False,False,2.7866,1,0,0.158,3.271,6,94.5
apriltag,obstacle_drift,1.0,5,7000105,False,False,4.8454,1,0,0.295,6.174,9,25.0
full_suite,obstacle_drift,1.0,5,7000105,True,False,4.0881,0,0,0.156,0.835,8,399.49
dead_reckoning,obstacle_drift,1.0,6,7000106,False,False,2.7254,0,0,0.039,4.008,4,0.0
odometry_pods,obstacle_drift,1.0,6,7000106,True,False,2.5387,0,0,0.036,0.745,4,279.99
distance_sensors,obstacle_drift,1.0,6,7000106,True,False,1.9732,0,0,0.042,3.866,3,94.5
apriltag,obstacle_drift,1.0,6,7000106,False,False,2.7254,0,0,0.036,4.008,4,25.0
full_suite,obstacle_drift,1.0,6,7000106,True,False,1.9732,0,0,0.04,0.773,3,399.49
dead_reckoning,obstacle_drift,1.0,7,7000107,True,False,5.2609,0,0,0.442,1.132,10,0.0
odometry_pods,obstacle_drift,1.0,7,7000107,True,False,5.2609,0,0,0.441,0.226,10,279.99
distance_sensors,obstacle_drift,1.0,7,7000107,False,False,4.9511,0,0,0.136,1.637,8,94.5
apriltag,obstacle_drift,1.0,7,7000107,True,False,5.6609,0,8,1.688,0.627,10,25.0
full_suite,obstacle_drift,1.0,7,7000107,True,False,4.9799,0,5,0.429,0.274,8,399.49
dead_reckoning,obstacle_drift,1.0,8,7000108,False,False,3.7143,0,0,0.053,4.69,6,0.0
odometry_pods,obstacle_drift,1.0,8,7000108,True,False,3.4931,0,0,0.05,0.887,6,279.99
distance_sensors,obstacle_drift,1.0,8,7000108,False,False,2.6861,0,1,0.149,4.44,5,94.5
apriltag,obstacle_drift,1.0,8,7000108,True,False,4.0496,0,1,0.071,1.707,5,25.0
full_suite,obstacle_drift,1.0,8,7000108,True,False,2.8214,0,2,0.142,0.317,5,399.49
dead_reckoning,obstacle_drift,1.0,9,7000109,False,False,0.8641,1,0,1.324,1.195,1,0.0
odometry_pods,obstacle_drift,1.0,9,7000109,False,False,0.8641,1,0,1.315,0.239,1,279.99
distance_sensors,obstacle_drift,1.0,9,7000109,False,False,13.665,0,2,0.999,4.356,24,94.5
apriltag,obstacle_drift,1.0,9,7000109,False,False,0.8641,1,0,1.376,1.195,1,25.0
full_suite,obstacle_drift,1.0,9,7000109,True,False,14.5092,0,12,2.661,0.288,25,399.49
dead_reckoning,obstacle_drift,1.0,10,7000110,True,False,6.4765,0,0,0.375,3.991,9,0.0
odometry_pods,obstacle_drift,1.0,10,7000110,True,False,5.9751,0,0,0.472,0.949,9,279.99
distance_sensors,obstacle_drift,1.0,10,7000110,False,False,5.2768,0,0,0.142,1.012,7,94.5
apriltag,obstacle_drift,1.0,10,7000110,True,False,6.5765,0,2,0.44,0.412,9,25.0
full_suite,obstacle_drift,1.0,10,7000110,True,False,4.7235,0,1,0.155,0.503,7,399.49
dead_reckoning,obstacle_drift,1.0,11,7000111,False,False,3.2305,1,0,1.079,3.207,5,0.0
odometry_pods,obstacle_drift,1.0,11,7000111,True,False,11.7841,0,0,1.064,1.538,21,279.99
distance_sensors,obstacle_drift,1.0,11,7000111,False,False,0.0,1,0,0.546,0.0,0,94.5
apriltag,obstacle_drift,1.0,11,7000111,False,False,3.2305,1,0,1.086,3.207,5,25.0
full_suite,obstacle_drift,1.0,11,7000111,False,False,0.0,1,0,0.541,0.0,0,399.49
dead_reckoning,obstacle_drift,1.0,12,7000112,False,False,10.5492,1,0,1.544,4.969,20,0.0
odometry_pods,obstacle_drift,1.0,12,7000112,True,False,16.0226,0,0,1.73,1.882,31,279.99
distance_sensors,obstacle_drift,1.0,12,7000112,True,False,12.2442,0,1,1.361,3.906,23,94.5
apriltag,obstacle_drift,1.0,12,7000112,False,False,16.1437,1,2,2.163,5.427,30,25.0
full_suite,obstacle_drift,1.0,12,7000112,False,False,4.2334,1,2,1.895,0.586,7,399.49
dead_reckoning,obstacle_drift,1.0,13,7000113,True,False,7.7793,0,0,0.606,3.308,12,0.0
odometry_pods,obstacle_drift,1.0,13,7000113,True,False,7.6778,0,0,0.584,0.576,12,279.99
distance_sensors,obstacle_drift,1.0,13,7000113,False,False,0.7781,1,0,0.219,0.767,1,94.5
apriltag,obstacle_drift,1.0,13,7000113,True,False,7.8778,0,4,1.149,2.799,12,25.0
full_suite,obstacle_drift,1.0,13,7000113,False,False,0.7781,1,0,0.207,0.153,1,399.49
dead_reckoning,obstacle_drift,1.0,14,7000114,False,False,9.0704,0,0,0.467,3.532,15,0.0
odometry_pods,obstacle_drift,1.0,14,7000114,True,False,7.9618,0,0,0.502,0.813,15,279.99
distance_sensors,obstacle_drift,1.0,14,7000114,False,False,3.6042,1,1,0.677,4.258,6,94.5
apriltag,obstacle_drift,1.0,14,7000114,False,False,9.3439,0,4,1.253,3.127,14,25.0
full_suite,obstacle_drift,1.0,14,7000114,True,False,7.7422,0,4,0.835,0.786,13,399.49
dead_reckoning,obstacle_drift,1.0,15,7000115,False,False,15.3349,0,0,2.293,7.698,28,0.0
odometry_pods,obstacle_drift,1.0,15,7000115,True,False,14.8249,0,0,2.197,1.161,28,279.99
distance_sensors,obstacle_drift,1.0,15,7000115,False,False,0.0,1,0,1.078,0.0,0,94.5
apriltag,obstacle_drift,1.0,15,7000115,False,False,11.7559,1,3,5.18,5.068,19,25.0
full_suite,obstacle_drift,1.0,15,7000115,False,False,0.0,1,0,1.027,0.0,0,399.49
dead_reckoning,obstacle_drift,1.0,16,7000116,True,False,5.708,0,0,0.49,1.836,10,0.0
odometry_pods,obstacle_drift,1.0,16,7000116,True,False,5.708,0,0,0.575,0.367,10,279.99
distance_sensors,obstacle_drift,1.0,16,7000116,True,False,6.2693,0,1,0.372,2.524,10,94.5
apriltag,obstacle_drift,1.0,16,7000116,True,False,5.858,0,3,1.615,3.311,10,25.0
full_suite,obstacle_drift,1.0,16,7000116,True,False,6.2693,0,1,0.345,0.599,10,399.49
dead_reckoning,obstacle_drift,1.0,17,7000117,True,False,6.0851,0,0,0.912,5.891,10,0.0
odometry_pods,obstacle_drift,1.0,17,7000117,True,False,6.6506,0,0,0.832,1.236,11,279.99
distance_sensors,obstacle_drift,1.0,17,7000117,False,False,1.1377,1,0,0.257,3.697,2,94.5
apriltag,obstacle_drift,1.0,17,7000117,True,False,6.1851,0,2,1.001,3.145,10,25.0
full_suite,obstacle_drift,1.0,17,7000117,True,False,6.2851,0,4,0.444,0.233,10,399.49
dead_reckoning,obstacle_drift,1.0,18,7000118,True,False,8.3979,0,0,0.569,3.845,13,0.0
odometry_pods,obstacle_drift,1.0,18,7000118,False,False,3.0211,1,0,0.534,0.712,5,279.99
distance_sensors,obstacle_drift,1.0,18,7000118,False,False,3.1917,1,0,0.159,3.838,5,94.5
apriltag,obstacle_drift,1.0,18,7000118,False,False,8.2346,0,1,0.674,2.838,13,25.0
full_suite,obstacle_drift,1.0,18,7000118,True,False,5.1448,0,3,0.248,0.029,9,399.49
dead_reckoning,obstacle_drift,1.0,19,7000119,True,False,10.8402,0,0,0.975,1.17,19,0.0
odometry_pods,obstacle_drift,1.0,19,7000119,True,False,10.0531,0,0,0.984,0.069,19,279.99
distance_sensors,obstacle_drift,1.0,19,7000119,False,False,7.5049,1,0,0.415,0.8,14,94.5
apriltag,obstacle_drift,1.0,19,7000119,True,False,10.5531,0,10,5.345,1.383,19,25.0
full_suite,obstacle_drift,1.0,19,7000119,True,False,9.9588,0,8,1.913,0.472,19,399.49
dead_reckoning,obstacle_drift,1.0,20,7000120,True,False,6.2287,0,0,0.519,11.346,10,0.0
odometry_pods,obstacle_drift,1.0,20,7000120,True,False,6.1913,0,0,0.534,2.08,11,279.99
distance_sensors,obstacle_drift,1.0,20,7000120,True,False,4.6082,0,0,0.192,9.65,9,94.5
apriltag,obstacle_drift,1.0,20,7000120,True,False,6.4913,0,6,1.393,1.639,11,25.0
full_suite,obstacle_drift,1.0,20,7000120,True,False,5.5669,0,2,0.408,1.414,11,399.49
dead_reckoning,obstacle_drift,1.0,21,7000121,False,False,7.9759,1,0,0.369,3.942,13,0.0
odometry_pods,obstacle_drift,1.0,21,7000121,True,False,8.112,0,0,0.366,0.856,14,279.99
distance_sensors,obstacle_drift,1.0,21,7000121,False,False,7.5855,1,2,0.543,3.82,13,94.5
apriltag,obstacle_drift,1.0,21,7000121,False,False,7.9759,1,0,0.488,3.942,13,25.0
full_suite,obstacle_drift,1.0,21,7000121,True,False,8.3216,0,2,0.544,0.775,14,399.49
dead_reckoning,obstacle_drift,1.0,22,7000122,False,False,4.5205,1,0,1.158,2.781,10,0.0
odometry_pods,obstacle_drift,1.0,22,7000122,False,False,4.5205,1,0,1.14,0.556,10,279.99
distance_sensors,obstacle_drift,1.0,22,7000122,False,False,8.4897,1,0,0.277,5.18,16,94.5
apriltag,obstacle_drift,1.0,22,7000122,False,False,4.7705,1,5,5.374,0.211,10,25.0
full_suite,obstacle_drift,1.0,22,7000122,True,False,10.1636,0,13,1.468,0.594,20,399.49
dead_reckoning,obstacle_drift,1.0,23,7000123,False,False,0.9639,1,0,0.107,2.645,2,0.0
odometry_pods,obstacle_drift,1.0,23,7000123,False,False,0.9639,1,0,0.144,0.529,2,279.99
distance_sensors,obstacle_drift,1.0,23,7000123,False,False,0.5632,1,1,0.121,0.944,1,94.5
apriltag,obstacle_drift,1.0,23,7000123,False,False,0.9639,1,0,0.109,2.645,2,25.0
full_suite,obstacle_drift,1.0,23,7000123,False,False,0.5632,1,1,0.126,0.189,1,399.49
dead_reckoning,obstacle_drift,1.0,24,7000124,False,False,7.0665,0,0,0.913,5.282,15,0.0
odometry_pods,obstacle_drift,1.0,24,7000124,True,False,7.5173,0,0,0.743,1.202,15,279.99
distance_sensors,obstacle_drift,1.0,24,7000124,False,False,1.9879,1,1,0.502,3.485,3,94.5
apriltag,obstacle_drift,1.0,24,7000124,True,False,7.7673,0,5,2.969,0.854,15,25.0
full_suite,obstacle_drift,1.0,24,7000124,False,False,2.6894,1,1,0.613,0.09,5,399.49
dead_reckoning,unplanned_blocker,0.0,0,8000000,False,False,11.4972,0,0,0.67,12.403,21,0.0
odometry_pods,unplanned_blocker,0.0,0,8000000,True,False,10.6872,0,0,0.672,2.323,21,279.99
distance_sensors,unplanned_blocker,0.0,0,8000000,False,False,1.3866,1,1,0.569,2.473,2,94.5
apriltag,unplanned_blocker,0.0,0,8000000,False,False,11.4972,0,0,0.692,12.403,21,25.0
full_suite,unplanned_blocker,0.0,0,8000000,False,False,1.3866,1,1,0.56,0.495,2,399.49
dead_reckoning,unplanned_blocker,0.0,1,8000001,True,False,4.361,0,0,0.54,1.161,7,0.0
odometry_pods,unplanned_blocker,0.0,1,8000001,True,False,4.361,0,0,0.366,0.232,7,279.99
distance_sensors,unplanned_blocker,0.0,1,8000001,True,False,4.361,0,0,0.096,1.179,7,94.5
apriltag,unplanned_blocker,0.0,1,8000001,True,False,4.361,0,0,0.369,1.161,7,25.0
full_suite,unplanned_blocker,0.0,1,8000001,True,False,4.411,0,1,0.149,0.339,7,399.49
dead_reckoning,unplanned_blocker,0.0,2,8000002,False,False,7.5294,1,0,0.84,6.118,14,0.0
odometry_pods,unplanned_blocker,0.0,2,8000002,True,False,12.3224,0,0,0.8,0.639,23,279.99
distance_sensors,unplanned_blocker,0.0,2,8000002,False,False,1.2002,1,0,0.433,1.766,2,94.5
apriltag,unplanned_blocker,0.0,2,8000002,True,False,14.5459,0,1,0.869,0.462,23,25.0
full_suite,unplanned_blocker,0.0,2,8000002,False,False,1.2002,1,0,0.41,0.345,2,399.49
dead_reckoning,unplanned_blocker,0.0,3,8000003,False,False,10.4758,1,0,1.036,4.236,15,0.0
odometry_pods,unplanned_blocker,0.0,3,8000003,True,False,9.5394,0,0,1.05,0.582,16,279.99
distance_sensors,unplanned_blocker,0.0,3,8000003,False,False,6.6002,1,0,0.552,4.716,12,94.5
apriltag,unplanned_blocker,0.0,3,8000003,True,False,10.2111,0,1,1.194,4.559,15,25.0
full_suite,unplanned_blocker,0.0,3,8000003,True,False,7.8328,0,0,0.53,0.714,15,399.49
dead_reckoning,unplanned_blocker,0.0,4,8000004,False,False,9.7757,0,0,1.193,8.079,17,0.0
odometry_pods,unplanned_blocker,0.0,4,8000004,True,False,9.4165,0,0,1.194,1.806,17,279.99
distance_sensors,unplanned_blocker,0.0,4,8000004,False,False,5.2603,1,1,0.919,7.785,9,94.5
apriltag,unplanned_blocker,0.0,4,8000004,False,False,10.8738,0,6,5.557,5.335,17,25.0
full_suite,unplanned_blocker,0.0,4,8000004,False,False,1.6497,1,0,0.57,1.016,3,399.49
dead_reckoning,unplanned_blocker,0.0,5,8000005,False,False,16.6853,0,0,1.246,7.089,30,0.0
odometry_pods,unplanned_blocker,0.0,5,8000005,True,False,15.264,0,0,1.266,1.3,30,279.99
distance_sensors,unplanned_blocker,0.0,5,8000005,False,False,10.0276,1,1,1.678,4.153,15,94.5
apriltag,unplanned_blocker,0.0,5,8000005,False,False,16.8069,0,2,1.617,4.873,30,25.0
full_suite,unplanned_blocker,0.0,5,8000005,True,False,11.9483,0,9,3.563,0.647,20,399.49
dead_reckoning,unplanned_blocker,0.0,6,8000006,True,False,11.3402,0,0,1.966,6.214,21,0.0
odometry_pods,unplanned_blocker,0.0,6,8000006,True,False,11.7669,0,0,1.979,0.648,22,279.99
distance_sensors,unplanned_blocker,0.0,6,8000006,False,False,2.2816,1,1,0.682,3.322,3,94.5
apriltag,unplanned_blocker,0.0,6,8000006,True,False,12.0528,0,11,8.475,2.107,21,25.0
full_suite,unplanned_blocker,0.0,6,8000006,True,False,11.2653,0,8,1.825,0.092,20,399.49
dead_reckoning,unplanned_blocker,0.0,7,8000007,False,False,9.5847,0,0,0.682,5.55,15,0.0
odometry_pods,unplanned_blocker,0.0,7,8000007,True,False,7.9767,0,0,0.679,0.865,15,279.99
distance_sensors,unplanned_blocker,0.0,7,8000007,False,False,1.6821,1,0,0.316,0.416,3,94.5
apriltag,unplanned_blocker,0.0,7,8000007,True,False,8.8347,0,1,0.797,2.825,15,25.0
full_suite,unplanned_blocker,0.0,7,8000007,False,False,1.6821,1,0,0.312,0.083,3,399.49
dead_reckoning,unplanned_blocker,0.0,8,8000008,False,False,3.0105,1,0,1.761,5.289,4,0.0
odometry_pods,unplanned_blocker,0.0,8,8000008,True,False,15.3146,0,0,1.757,1.357,30,279.99
distance_sensors,unplanned_blocker,0.0,8,8000008,False,False,1.2514,1,0,0.719,4.043,2,94.5
apriltag,unplanned_blocker,0.0,8,8000008,False,False,3.0105,1,0,1.751,5.289,4,25.0
full_suite,unplanned_blocker,0.0,8,8000008,False,False,8.2519,1,5,1.856,0.474,14,399.49
dead_reckoning,unplanned_blocker,0.0,9,8000009,False,False,2.6194,1,0,0.731,6.325,4,0.0
odometry_pods,unplanned_blocker,0.0,9,8000009,True,False,8.4471,0,0,0.94,2.252,15,279.99
distance_sensors,unplanned_blocker,0.0,9,8000009,False,False,8.5662,0,1,0.479,11.329,11,94.5
apriltag,unplanned_blocker,0.0,9,8000009,False,False,8.3684,0,2,1.312,9.163,14,25.0
full_suite,unplanned_blocker,0.0,9,8000009,True,False,7.8364,0,7,1.082,0.653,13,399.49
dead_reckoning,unplanned_blocker,0.0,10,8000010,True,False,4.5705,0,0,0.277,0.757,9,0.0
odometry_pods,unplanned_blocker,0.0,10,8000010,True,False,4.5705,0,0,0.273,0.151,9,279.99
distance_sensors,unplanned_blocker,0.0,10,8000010,True,False,4.3705,0,0,0.163,1.258,9,94.5
apriltag,unplanned_blocker,0.0,10,8000010,True,False,4.8205,0,5,0.787,1.307,9,25.0
full_suite,unplanned_blocker,0.0,10,8000010,True,False,4.6705,0,6,0.545,0.24,9,399.49
dead_reckoning,unplanned_blocker,0.0,11,8000011,False,False,10.4972,0,0,0.718,4.185,18,0.0
odometry_pods,unplanned_blocker,0.0,11,8000011,True,False,9.2119,0,0,0.71,0.868,18,279.99
distance_sensors,unplanned_blocker,0.0,11,8000011,False,False,6.3014,1,1,0.588,5.139,12,94.5
apriltag,unplanned_blocker,0.0,11,8000011,True,False,9.8133,0,2,1.79,3.282,18,25.0
full_suite,unplanned_blocker,0.0,11,8000011,True,False,9.1119,0,2,0.914,0.896,18,399.49
dead_reckoning,unplanned_blocker,0.0,12,8000012,False,False,6.3816,1,0,0.94,6.126,11,0.0
odometry_pods,unplanned_blocker,0.0,12,8000012,True,False,8.87,0,0,0.959,0.687,15,279.99
distance_sensors,unplanned_blocker,0.0,12,8000012,False,False,7.3626,0,1,0.734,4.825,13,94.5
apriltag,unplanned_blocker,0.0,12,8000012,True,False,9.57,0,6,3.885,0.889,15,25.0
full_suite,unplanned_blocker,0.0,12,8000012,True,False,7.0273,0,4,1.256,0.731,13,399.49
dead_reckoning,unplanned_blocker,0.0,13,8000013,False,False,7.0623,0,0,0.496,2.624,13,0.0
odometry_pods,unplanned_blocker,0.0,13,8000013,True,False,7.3476,0,0,0.491,0.477,13,279.99
distance_sensors,unplanned_blocker,0.0,13,8000013,True,False,6.6167,0,0,0.284,2.37,11,94.5
apriltag,unplanned_blocker,0.0,13,8000013,True,False,7.5476,0,4,1.118,2.818,13,25.0
full_suite,unplanned_blocker,0.0,13,8000013,True,False,6.7167,0,2,0.327,0.366,11,399.49
dead_reckoning,unplanned_blocker,0.0,14,8000014,False,False,3.3139,1,0,0.951,3.175,6,0.0
odometry_pods,unplanned_blocker,0.0,14,8000014,True,False,12.8148,0,0,1.037,2.806,26,279.99
distance_sensors,unplanned_blocker,0.0,14,8000014,False,False,0.0,1,0,0.679,0.0,0,94.5
apriltag,unplanned_blocker,0.0,14,8000014,False,False,7.4209,1,1,1.847,3.881,15,25.0
full_suite,unplanned_blocker,0.0,14,8000014,False,False,0.0,1,0,0.672,0.0,0,399.49
dead_reckoning,unplanned_blocker,0.0,15,8000015,True,False,6.4011,0,0,0.396,1.915,13,0.0
odometry_pods,unplanned_blocker,0.0,15,8000015,True,False,7.2307,0,0,0.394,0.255,13,279.99
distance_sensors,unplanned_blocker,0.0,15,8000015,False,False,5.7798,0,0,0.223,2.101,12,94.5
apriltag,unplanned_blocker,0.0,15,8000015,True,False,6.4011,0,0,0.412,1.915,13,25.0
full_suite,unplanned_blocker,0.0,15,8000015,True,False,6.5446,0,1,0.331,0.222,12,399.49
dead_reckoning,unplanned_blocker,0.0,16,8000016,False,False,12.7532,0,0,1.598,7.213,22,0.0
odometry_pods,unplanned_blocker,0.0,16,8000016,True,False,11.4393,0,0,1.9,0.8,22,279.99
distance_sensors,unplanned_blocker,0.0,16,8000016,False,False,10.8758,0,2,1.732,5.262,19,94.5
apriltag,unplanned_blocker,0.0,16,8000016,False,False,11.3386,1,11,10.43,3.825,21,25.0
full_suite,unplanned_blocker,0.0,16,8000016,True,False,9.5811,0,11,3.862,0.676,19,399.49
dead_reckoning,unplanned_blocker,0.0,17,8000017,True,False,2.7214,0,0,0.283,2.175,5,0.0
odometry_pods,unplanned_blocker,0.0,17,8000017,True,False,2.7214,0,0,0.28,0.435,5,279.99
distance_sensors,unplanned_blocker,0.0,17,8000017,True,False,2.7214,0,0,0.111,2.175,5,94.5
apriltag,unplanned_blocker,0.0,17,8000017,True,False,2.8714,0,3,0.746,2.002,5,25.0
full_suite,unplanned_blocker,0.0,17,8000017,True,False,3.2214,0,2,0.179,0.361,5,399.49
dead_reckoning,unplanned_blocker,0.0,18,8000018,False,False,6.8144,1,0,0.965,3.931,13,0.0
odometry_pods,unplanned_blocker,0.0,18,8000018,True,False,13.4451,0,0,0.955,0.959,26,279.99
distance_sensors,unplanned_blocker,0.0,18,8000018,False,False,1.6531,1,1,0.682,2.3,2,94.5
apriltag,unplanned_blocker,0.0,18,8000018,False,False,13.7163,0,1,1.423,2.733,26,25.0
full_suite,unplanned_blocker,0.0,18,8000018,False,False,1.6531,1,1,0.653,0.46,2,399.49
dead_reckoning,unplanned_blocker,0.0,19,8000019,True,False,2.4381,0,0,0.131,0.819,4,0.0
odometry_pods,unplanned_blocker,0.0,19,8000019,True,False,2.4381,0,0,0.126,0.164,4,279.99
distance_sensors,unplanned_blocker,0.0,19,8000019,True,False,1.9732,0,0,0.036,0.968,3,94.5
apriltag,unplanned_blocker,0.0,19,8000019,True,False,2.4381,0,0,0.128,0.819,4,25.0
full_suite,unplanned_blocker,0.0,19,8000019,True,False,1.9732,0,0,0.035,0.194,3,399.49
dead_reckoning,unplanned_blocker,0.0,20,8000020,False,False,12.6167,0,0,0.772,5.026,25,0.0
odometry_pods,unplanned_blocker,0.0,20,8000020,True,False,12.5152,0,0,0.828,1.003,25,279.99
distance_sensors,unplanned_blocker,0.0,20,8000020,False,False,7.2912,1,2,1.531,2.826,13,94.5
apriltag,unplanned_blocker,0.0,20,8000020,False,False,10.7276,1,1,0.947,4.627,22,25.0
full_suite,unplanned_blocker,0.0,20,8000020,True,False,10.8966,0,11,2.305,1.207,20,399.49
dead_reckoning,unplanned_blocker,0.0,21,8000021,False,False,10.4726,1,0,1.853,5.963,17,0.0
odometry_pods,unplanned_blocker,0.0,21,8000021,True,False,12.2884,0,0,1.829,1.245,23,279.99
distance_sensors,unplanned_blocker,0.0,21,8000021,False,False,11.4412,0,2,1.109,5.385,20,94.5
apriltag,unplanned_blocker,0.0,21,8000021,True,False,12.9949,0,8,8.316,4.087,23,25.0
full_suite,unplanned_blocker,0.0,21,8000021,True,False,10.461,0,4,1.841,1.124,18,399.49
dead_reckoning,unplanned_blocker,0.0,22,8000022,True,False,3.7255,0,0,0.152,2.692,6,0.0
odometry_pods,unplanned_blocker,0.0,22,8000022,True,False,3.7255,0,0,0.145,0.538,6,279.99
distance_sensors,unplanned_blocker,0.0,22,8000022,True,False,2.5894,0,0,0.065,1.062,5,94.5
apriltag,unplanned_blocker,0.0,22,8000022,True,False,3.7255,0,0,0.151,2.692,6,25.0
full_suite,unplanned_blocker,0.0,22,8000022,True,False,2.5894,0,0,0.063,0.212,5,399.49
dead_reckoning,unplanned_blocker,0.0,23,8000023,False,False,2.7392,1,0,0.944,4.953,6,0.0
odometry_pods,unplanned_blocker,0.0,23,8000023,True,False,6.5799,0,0,1.485,0.745,12,279.99
distance_sensors,unplanned_blocker,0.0,23,8000023,False,False,1.6376,1,0,0.241,4.123,4,94.5
apriltag,unplanned_blocker,0.0,23,8000023,True,False,6.9799,0,8,3.79,1.959,12,25.0
full_suite,unplanned_blocker,0.0,23,8000023,True,False,6.8799,0,10,1.049,0.207,12,399.49
dead_reckoning,unplanned_blocker,0.0,24,8000024,False,False,2.2959,1,0,0.947,4.984,5,0.0
odometry_pods,unplanned_blocker,0.0,24,8000024,True,False,7.158,0,0,0.942,1.053,13,279.99
distance_sensors,unplanned_blocker,0.0,24,8000024,False,False,2.2959,1,0,0.211,4.984,5,94.5
apriltag,unplanned_blocker,0.0,24,8000024,False,False,7.7099,0,5,3.111,5.118,13,25.0
full_suite,unplanned_blocker,0.0,24,8000024,True,False,7.3374,0,7,0.892,0.165,13,399.49
dead_reckoning,unplanned_blocker,0.1,0,8000010,False,False,2.2821,1,0,0.274,0.817,5,0.0
odometry_pods,unplanned_blocker,0.1,0,8000010,False,False,2.2821,1,0,0.272,0.163,5,279.99
distance_sensors,unplanned_blocker,0.1,0,8000010,True,False,4.3705,0,0,0.146,1.258,9,94.5
apriltag,unplanned_blocker,0.1,0,8000010,False,False,2.4321,1,3,0.785,0.473,5,25.0
full_suite,unplanned_blocker,0.1,0,8000010,True,False,4.6705,0,6,0.512,0.239,9,399.49
dead_reckoning,unplanned_blocker,0.1,1,8000011,False,False,10.4972,0,0,0.724,4.185,18,0.0
odometry_pods,unplanned_blocker,0.1,1,8000011,True,False,9.2119,0,0,0.75,0.868,18,279.99
distance_sensors,unplanned_blocker,0.1,1,8000011,False,False,6.3014,1,1,0.645,5.139,12,94.5
apriltag,unplanned_blocker,0.1,1,8000011,True,False,9.8133,0,2,1.984,3.282,18,25.0
full_suite,unplanned_blocker,0.1,1,8000011,True,False,9.1119,0,2,1.296,0.896,18,399.49
dead_reckoning,unplanned_blocker,0.1,2,8000012,False,False,6.3816,1,0,0.915,6.126,11,0.0
odometry_pods,unplanned_blocker,0.1,2,8000012,True,False,8.87,0,0,1.033,0.687,15,279.99
distance_sensors,unplanned_blocker,0.1,2,8000012,False,False,7.3626,0,1,0.764,4.825,13,94.5
apriltag,unplanned_blocker,0.1,2,8000012,True,False,9.57,0,6,4.244,0.889,15,25.0
full_suite,unplanned_blocker,0.1,2,8000012,True,False,7.0273,0,4,1.25,0.731,13,399.49
dead_reckoning,unplanned_blocker,0.1,3,8000013,False,False,7.0623,0,0,0.496,2.624,13,0.0
odometry_pods,unplanned_blocker,0.1,3,8000013,True,False,7.3476,0,0,0.49,0.477,13,279.99
distance_sensors,unplanned_blocker,0.1,3,8000013,True,False,6.6167,0,0,0.286,2.37,11,94.5
apriltag,unplanned_blocker,0.1,3,8000013,True,False,7.5476,0,4,1.278,2.818,13,25.0
full_suite,unplanned_blocker,0.1,3,8000013,True,False,6.7167,0,2,0.349,0.366,11,399.49
dead_reckoning,unplanned_blocker,0.1,4,8000014,False,False,3.3139,1,0,0.951,3.175,6,0.0
odometry_pods,unplanned_blocker,0.1,4,8000014,True,False,12.8148,0,0,0.945,2.806,26,279.99
distance_sensors,unplanned_blocker,0.1,4,8000014,False,False,0.0,1,0,0.671,0.0,0,94.5
apriltag,unplanned_blocker,0.1,4,8000014,False,False,7.4209,1,1,1.678,3.881,15,25.0
full_suite,unplanned_blocker,0.1,4,8000014,False,False,0.0,1,0,0.676,0.0,0,399.49
dead_reckoning,unplanned_blocker,0.1,5,8000015,False,False,3.1392,1,0,0.394,2.473,5,0.0
odometry_pods,unplanned_blocker,0.1,5,8000015,False,False,3.1392,1,0,0.392,0.495,5,279.99
distance_sensors,unplanned_blocker,0.1,5,8000015,False,False,5.7798,0,0,0.308,2.101,12,94.5
apriltag,unplanned_blocker,0.1,5,8000015,False,False,3.1392,1,0,0.437,2.473,5,25.0
full_suite,unplanned_blocker,0.1,5,8000015,True,False,6.5446,0,1,0.596,0.222,12,399.49
dead_reckoning,unplanned_blocker,0.1,6,8000016,False,False,12.7532,0,0,1.664,7.213,22,0.0
odometry_pods,unplanned_blocker,0.1,6,8000016,True,False,11.4393,0,0,1.624,0.8,22,279.99
distance_sensors,unplanned_blocker,0.1,6,8000016,False,False,10.8758,0,2,1.707,5.262,19,94.5
apriltag,unplanned_blocker,0.1,6,8000016,False,False,11.3386,1,11,10.702,3.825,21,25.0
full_suite,unplanned_blocker,0.1,6,8000016,True,False,9.5811,0,11,4.159,0.676,19,399.49
dead_reckoning,unplanned_blocker,0.1,7,8000017,True,False,2.7214,0,0,0.284,2.175,5,0.0
odometry_pods,unplanned_blocker,0.1,7,8000017,True,False,2.7214,0,0,0.281,0.435,5,279.99
distance_sensors,unplanned_blocker,0.1,7,8000017,True,False,2.7214,0,0,0.11,2.175,5,94.5
apriltag,unplanned_blocker,0.1,7,8000017,True,False,2.8714,0,3,0.633,2.002,5,25.0
full_suite,unplanned_blocker,0.1,7,8000017,True,False,3.2214,0,2,0.164,0.361,5,399.49
dead_reckoning,unplanned_blocker,0.1,8,8000018,False,False,6.8144,1,0,0.985,3.931,13,0.0
odometry_pods,unplanned_blocker,0.1,8,8000018,True,False,13.4451,0,0,0.982,0.959,26,279.99
distance_sensors,unplanned_blocker,0.1,8,8000018,False,False,1.6531,1,1,0.68,2.3,2,94.5
apriltag,unplanned_blocker,0.1,8,8000018,False,False,13.7163,0,1,1.913,2.733,26,25.0
full_suite,unplanned_blocker,0.1,8,8000018,False,False,1.6531,1,1,0.678,0.46,2,399.49
dead_reckoning,unplanned_blocker,0.1,9,8000019,True,False,2.4381,0,0,0.136,0.819,4,0.0
odometry_pods,unplanned_blocker,0.1,9,8000019,True,False,2.4381,0,0,0.132,0.164,4,279.99
distance_sensors,unplanned_blocker,0.1,9,8000019,True,False,1.9732,0,0,0.037,0.968,3,94.5
apriltag,unplanned_blocker,0.1,9,8000019,True,False,2.4381,0,0,0.131,0.819,4,25.0
full_suite,unplanned_blocker,0.1,9,8000019,True,False,1.9732,0,0,0.094,0.194,3,399.49
dead_reckoning,unplanned_blocker,0.1,10,8000020,False,False,12.6167,0,0,0.784,5.026,25,0.0
odometry_pods,unplanned_blocker,0.1,10,8000020,True,False,12.5152,0,0,0.803,1.003,25,279.99
distance_sensors,unplanned_blocker,0.1,10,8000020,False,False,7.2912,1,2,1.124,2.826,13,94.5
apriltag,unplanned_blocker,0.1,10,8000020,False,False,10.7276,1,1,0.95,4.627,22,25.0
full_suite,unplanned_blocker,0.1,10,8000020,True,False,10.8966,0,11,2.371,1.207,20,399.49
dead_reckoning,unplanned_blocker,0.1,11,8000021,False,False,10.4726,1,0,1.875,5.963,17,0.0
odometry_pods,unplanned_blocker,0.1,11,8000021,True,False,12.2884,0,0,1.874,1.245,23,279.99
distance_sensors,unplanned_blocker,0.1,11,8000021,False,False,11.4412,0,2,1.12,5.385,20,94.5
apriltag,unplanned_blocker,0.1,11,8000021,True,False,12.9949,0,8,8.205,4.087,23,25.0
full_suite,unplanned_blocker,0.1,11,8000021,True,False,10.461,0,4,1.915,1.124,18,399.49
dead_reckoning,unplanned_blocker,0.1,12,8000022,True,False,3.7255,0,0,0.152,2.692,6,0.0
odometry_pods,unplanned_blocker,0.1,12,8000022,True,False,3.7255,0,0,0.145,0.538,6,279.99
distance_sensors,unplanned_blocker,0.1,12,8000022,True,False,2.5894,0,0,0.068,1.062,5,94.5
apriltag,unplanned_blocker,0.1,12,8000022,True,False,3.7255,0,0,0.153,2.692,6,25.0
full_suite,unplanned_blocker,0.1,12,8000022,True,False,2.5894,0,0,0.065,0.212,5,399.49
dead_reckoning,unplanned_blocker,0.1,13,8000023,False,False,2.7392,1,0,0.943,4.953,6,0.0
odometry_pods,unplanned_blocker,0.1,13,8000023,True,False,6.5799,0,0,0.944,0.745,12,279.99
distance_sensors,unplanned_blocker,0.1,13,8000023,False,False,1.6376,1,0,0.241,4.123,4,94.5
apriltag,unplanned_blocker,0.1,13,8000023,True,False,6.9799,0,8,4.08,1.959,12,25.0
full_suite,unplanned_blocker,0.1,13,8000023,True,False,6.8799,0,10,1.088,0.207,12,399.49
dead_reckoning,unplanned_blocker,0.1,14,8000024,False,False,2.2959,1,0,0.951,4.984,5,0.0
odometry_pods,unplanned_blocker,0.1,14,8000024,True,False,7.158,0,0,0.935,1.053,13,279.99
distance_sensors,unplanned_blocker,0.1,14,8000024,False,False,2.2959,1,0,0.204,4.984,5,94.5
apriltag,unplanned_blocker,0.1,14,8000024,False,False,7.7099,0,5,3.361,5.118,13,25.0
full_suite,unplanned_blocker,0.1,14,8000024,True,False,7.3374,0,7,1.116,0.165,13,399.49
dead_reckoning,unplanned_blocker,0.1,15,8000025,False,False,5.8865,1,0,1.529,0.899,10,0.0
odometry_pods,unplanned_blocker,0.1,15,8000025,False,False,5.8865,1,0,1.529,0.18,10,279.99
distance_sensors,unplanned_blocker,0.1,15,8000025,False,False,10.0323,0,2,0.685,5.717,18,94.5
apriltag,unplanned_blocker,0.1,15,8000025,False,False,5.8865,1,0,1.662,0.899,10,25.0
full_suite,unplanned_blocker,0.1,15,8000025,False,False,7.0578,1,7,1.728,0.779,13,399.49
dead_reckoning,unplanned_blocker,0.1,16,8000026,False,False,5.3157,0,0,0.232,5.881,9,0.0
odometry_pods,unplanned_blocker,0.1,16,8000026,True,False,4.8276,0,0,0.226,0.888,9,279.99
distance_sensors,unplanned_blocker,0.1,16,8000026,False,False,4.3423,0,0,0.096,4.573,9,94.5
apriltag,unplanned_blocker,0.1,16,8000026,False,False,5.3657,0,1,0.232,3.166,9,25.0
full_suite,unplanned_blocker,0.1,16,8000026,True,False,4.057,0,0,0.101,0.87,9,399.49
dead_reckoning,unplanned_blocker,0.1,17,8000027,False,False,1.874,1,0,0.169,3.18,4,0.0
odometry_pods,unplanned_blocker,0.1,17,8000027,True,False,3.5969,0,0,0.171,1.464,7,279.99
distance_sensors,unplanned_blocker,0.1,17,8000027,False,False,1.874,1,0,0.143,3.18,4,94.5
apriltag,unplanned_blocker,0.1,17,8000027,False,False,1.874,1,0,0.192,3.18,4,25.0
full_suite,unplanned_blocker,0.1,17,8000027,True,False,3.5969,0,0,0.124,1.464,7,399.49
dead_reckoning,unplanned_blocker,0.1,18,8000028,False,False,11.4971,1,0,1.713,11.294,19,0.0
odometry_pods,unplanned_blocker,0.1,18,8000028,False,False,15.8955,0,0,1.62,3.448,29,279.99
distance_sensors,unplanned_blocker,0.1,18,8000028,False,False,6.1179,1,2,1.766,5.873,11,94.5
apriltag,unplanned_blocker,0.1,18,8000028,False,False,16.5653,0,11,10.367,8.888,29,25.0
full_suite,unplanned_blocker,0.1,18,8000028,True,False,13.9347,0,11,3.637,0.846,25,399.49
dead_reckoning,unplanned_blocker,0.1,19,8000029,False,False,3.3293,1,0,0.654,3.07,5,0.0
odometry_pods,unplanned_blocker,0.1,19,8000029,True,False,9.3437,0,0,0.644,1.31,16,279.99
distance_sensors,unplanned_blocker,0.1,19,8000029,False,False,1.7072,1,1,0.662,1.244,3,94.5
apriltag,unplanned_blocker,0.1,19,8000029,False,False,9.4952,0,1,0.935,7.853,16,25.0
full_suite,unplanned_blocker,0.1,19,8000029,False,False,1.8072,1,3,0.979,0.044,3,399.49
dead_reckoning,unplanned_blocker,0.1,20,8000030,True,False,4.2026,0,0,0.361,5.309,6,0.0
odometry_pods,unplanned_blocker,0.1,20,8000030,True,False,4.2026,0,0,0.359,1.062,6,279.99
distance_sensors,unplanned_blocker,0.1,20,8000030,True,False,3.032,0,0,0.081,4.429,6,94.5
apriltag,unplanned_blocker,0.1,20,8000030,True,False,4.2026,0,0,0.363,5.309,6,25.0
full_suite,unplanned_blocker,0.1,20,8000030,True,False,3.032,0,0,0.082,0.886,6,399.49
dead_reckoning,unplanned_blocker,0.1,21,8000031,False,False,3.5988,1,0,1.934,4.296,6,0.0
odometry_pods,unplanned_blocker,0.1,21,8000031,True,False,14.1555,0,0,1.906,0.703,26,279.99
distance_sensors,unplanned_blocker,0.1,21,8000031,False,False,3.9988,1,0,0.469,3.678,6,94.5
apriltag,unplanned_blocker,0.1,21,8000031,True,False,18.3791,0,13,6.076,0.647,28,25.0
full_suite,unplanned_blocker,0.1,21,8000031,False,False,8.2748,1,3,1.127,0.777,13,399.49
dead_reckoning,unplanned_blocker,0.1,22,8000032,False,False,2.5392,0,0,0.078,3.333,5,0.0
odometry_pods,unplanned_blocker,0.1,22,8000032,True,False,2.2539,0,0,0.075,0.683,5,279.99
distance_sensors,unplanned_blocker,0.1,22,8000032,False,False,2.5392,0,0,0.041,3.333,5,94.5
apriltag,unplanned_blocker,0.1,22,8000032,False,False,2.5392,0,0,0.076,3.333,5,25.0
full_suite,unplanned_blocker,0.1,22,8000032,True,False,2.2539,0,0,0.039,0.683,5,399.49
dead_reckoning,unplanned_blocker,0.1,23,8000033,False,False,6.1554,1,0,0.732,5.948,11,0.0
odometry_pods,unplanned_blocker,0.1,23,8000033,True,False,7.7077,0,0,0.782,1.432,14,279.99
distance_sensors,unplanned_blocker,0.1,23,8000033,False,False,6.4907,1,1,0.874,5.138,12,94.5
apriltag,unplanned_blocker,0.1,23,8000033,True,False,7.9642,0,3,1.555,3.9,13,25.0
full_suite,unplanned_blocker,0.1,23,8000033,True,False,7.3922,0,1,0.719,1.154,13,399.49
dead_reckoning,unplanned_blocker,0.1,24,8000034,False,False,7.956,0,0,0.388,4.456,12,0.0
odometry_pods,unplanned_blocker,0.1,24,8000034,True,False,6.8129,0,0,0.385,0.949,12,279.99
distance_sensors,unplanned_blocker,0.1,24,8000034,False,False,4.6098,1,0,0.252,4.619,8,94.5
apriltag,unplanned_blocker,0.1,24,8000034,False,False,7.956,0,0,0.402,4.456,12,25.0
full_suite,unplanned_blocker,0.1,24,8000034,True,False,5.5319,0,1,0.255,0.655,10,399.49
dead_reckoning,unplanned_blocker,0.2,0,8000020,False,False,12.6167,0,0,0.776,5.026,25,0.0
odometry_pods,unplanned_blocker,0.2,0,8000020,True,False,12.5152,0,0,0.775,1.003,25,279.99
distance_sensors,unplanned_blocker,0.2,0,8000020,False,False,7.2912,1,2,1.347,2.826,13,94.5
apriltag,unplanned_blocker,0.2,0,8000020,False,False,10.7276,1,1,0.95,4.627,22,25.0
full_suite,unplanned_blocker,0.2,0,8000020,True,False,10.8966,0,11,2.298,1.207,20,399.49
dead_reckoning,unplanned_blocker,0.2,1,8000021,False,False,10.4726,1,0,2.122,5.963,17,0.0
odometry_pods,unplanned_blocker,0.2,1,8000021,True,False,12.2884,0,0,1.837,1.245,23,279.99
distance_sensors,unplanned_blocker,0.2,1,8000021,False,False,11.4412,0,2,1.105,5.385,20,94.5
apriltag,unplanned_blocker,0.2,1,8000021,True,False,12.9949,0,8,8.497,4.087,23,25.0
full_suite,unplanned_blocker,0.2,1,8000021,True,False,10.461,0,4,1.857,1.124,18,399.49
dead_reckoning,unplanned_blocker,0.2,2,8000022,True,False,3.7255,0,0,0.149,2.692,6,0.0
odometry_pods,unplanned_blocker,0.2,2,8000022,True,False,3.7255,0,0,0.144,0.538,6,279.99
distance_sensors,unplanned_blocker,0.2,2,8000022,True,False,2.5894,0,0,0.065,1.062,5,94.5
apriltag,unplanned_blocker,0.2,2,8000022,True,False,3.7255,0,0,0.152,2.692,6,25.0
full_suite,unplanned_blocker,0.2,2,8000022,True,False,2.5894,0,0,0.063,0.212,5,399.49
dead_reckoning,unplanned_blocker,0.2,3,8000023,False,False,2.7392,1,0,1.004,4.953,6,0.0
odometry_pods,unplanned_blocker,0.2,3,8000023,True,False,6.5799,0,0,1.321,0.745,12,279.99
distance_sensors,unplanned_blocker,0.2,3,8000023,False,False,1.6376,1,0,0.254,4.123,4,94.5
apriltag,unplanned_blocker,0.2,3,8000023,True,False,6.9799,0,8,3.759,1.959,12,25.0
full_suite,unplanned_blocker,0.2,3,8000023,True,False,6.8799,0,10,1.038,0.207,12,399.49
dead_reckoning,unplanned_blocker,0.2,4,8000024,False,False,2.2959,1,0,0.944,4.984,5,0.0
odometry_pods,unplanned_blocker,0.2,4,8000024,True,False,7.158,0,0,0.945,1.053,13,279.99
distance_sensors,unplanned_blocker,0.2,4,8000024,False,False,2.2959,1,0,0.421,4.984,5,94.5
apriltag,unplanned_blocker,0.2,4,8000024,False,False,7.7099,0,5,3.073,5.118,13,25.0
full_suite,unplanned_blocker,0.2,4,8000024,True,False,7.3374,0,7,0.892,0.165,13,399.49
dead_reckoning,unplanned_blocker,0.2,5,8000025,False,False,5.8865,1,0,1.528,0.899,10,0.0
odometry_pods,unplanned_blocker,0.2,5,8000025,False,False,5.8865,1,0,1.764,0.18,10,279.99
distance_sensors,unplanned_blocker,0.2,5,8000025,False,False,10.0323,0,2,0.688,5.717,18,94.5
apriltag,unplanned_blocker,0.2,5,8000025,False,False,5.8865,1,0,1.58,0.899,10,25.0
full_suite,unplanned_blocker,0.2,5,8000025,False,False,7.0578,1,7,1.676,0.779,13,399.49
dead_reckoning,unplanned_blocker,0.2,6,8000026,False,False,3.19,1,0,0.224,2.966,6,0.0
odometry_pods,unplanned_blocker,0.2,6,8000026,False,False,3.19,1,0,0.224,0.593,6,279.99
distance_sensors,unplanned_blocker,0.2,6,8000026,False,False,4.3423,0,0,0.303,4.573,9,94.5
apriltag,unplanned_blocker,0.2,6,8000026,False,False,3.19,1,0,0.252,2.966,6,25.0
full_suite,unplanned_blocker,0.2,6,8000026,True,False,4.057,0,0,0.102,0.87,9,399.49
dead_reckoning,unplanned_blocker,0.2,7,8000027,False,False,0.0,1,0,0.162,0.0,0,0.0
odometry_pods,unplanned_blocker,0.2,7,8000027,False,False,0.0,1,0,0.162,0.0,0,279.99
distance_sensors,unplanned_blocker,0.2,7,8000027,False,False,0.0,1,0,0.124,0.0,0,94.5
apriltag,unplanned_blocker,0.2,7,8000027,False,False,0.0,1,0,0.173,0.0,0,25.0
full_suite,unplanned_blocker,0.2,7,8000027,False,False,0.0,1,0,0.122,0.0,0,399.49
dead_reckoning,unplanned_blocker,0.2,8,8000028,False,False,11.4971,1,0,1.607,11.294,19,0.0
odometry_pods,unplanned_blocker,0.2,8,8000028,False,False,15.8955,0,0,1.603,3.448,29,279.99
distance_sensors,unplanned_blocker,0.2,8,8000028,False,False,6.1179,1,2,1.841,5.873,11,94.5
apriltag,unplanned_blocker,0.2,8,8000028,False,False,16.5653,0,11,9.96,8.888,29,25.0
full_suite,unplanned_blocker,0.2,8,8000028,True,False,13.9347,0,11,3.715,0.846,25,399.49
dead_reckoning,unplanned_blocker,0.2,9,8000029,False,False,3.3293,1,0,0.653,3.07,5,0.0
odometry_pods,unplanned_blocker,0.2,9,8000029,True,False,9.3437,0,0,0.645,1.31,16,279.99
distance_sensors,unplanned_blocker,0.2,9,8000029,False,False,1.7072,1,1,0.647,1.244,3,94.5
apriltag,unplanned_blocker,0.2,9,8000029,False,False,9.4952,0,1,1.145,7.853,16,25.0
full_suite,unplanned_blocker,0.2,9,8000029,False,False,1.8072,1,3,1.039,0.044,3,399.49
dead_reckoning,unplanned_blocker,0.2,10,8000030,True,False,4.2026,0,0,0.37,5.309,6,0.0
odometry_pods,unplanned_blocker,0.2,10,8000030,True,False,4.2026,0,0,0.361,1.062,6,279.99
distance_sensors,unplanned_blocker,0.2,10,8000030,True,False,3.032,0,0,0.222,4.429,6,94.5
apriltag,unplanned_blocker,0.2,10,8000030,True,False,4.2026,0,0,0.387,5.309,6,25.0
full_suite,unplanned_blocker,0.2,10,8000030,True,False,3.032,0,0,0.085,0.886,6,399.49
dead_reckoning,unplanned_blocker,0.2,11,8000031,False,False,3.5988,1,0,1.929,4.296,6,0.0
odometry_pods,unplanned_blocker,0.2,11,8000031,True,False,14.1555,0,0,1.911,0.703,26,279.99
distance_sensors,unplanned_blocker,0.2,11,8000031,False,False,3.9988,1,0,0.466,3.678,6,94.5
apriltag,unplanned_blocker,0.2,11,8000031,True,False,18.3791,0,13,6.406,0.647,28,25.0
full_suite,unplanned_blocker,0.2,11,8000031,False,False,8.2748,1,3,1.045,0.777,13,399.49
dead_reckoning,unplanned_blocker,0.2,12,8000032,False,False,2.5392,0,0,0.077,3.333,5,0.0
odometry_pods,unplanned_blocker,0.2,12,8000032,True,False,2.2539,0,0,0.074,0.683,5,279.99
distance_sensors,unplanned_blocker,0.2,12,8000032,False,False,2.5392,0,0,0.041,3.333,5,94.5
apriltag,unplanned_blocker,0.2,12,8000032,False,False,2.5392,0,0,0.077,3.333,5,25.0
full_suite,unplanned_blocker,0.2,12,8000032,True,False,2.2539,0,0,0.04,0.683,5,399.49
dead_reckoning,unplanned_blocker,0.2,13,8000033,False,False,6.1554,1,0,0.736,5.948,11,0.0
odometry_pods,unplanned_blocker,0.2,13,8000033,True,False,7.7077,0,0,0.728,1.432,14,279.99
distance_sensors,unplanned_blocker,0.2,13,8000033,False,False,6.4907,1,1,0.725,5.138,12,94.5
apriltag,unplanned_blocker,0.2,13,8000033,True,False,7.9642,0,3,1.488,3.9,13,25.0
full_suite,unplanned_blocker,0.2,13,8000033,True,False,7.3922,0,1,0.729,1.154,13,399.49
dead_reckoning,unplanned_blocker,0.2,14,8000034,False,False,7.956,0,0,0.47,4.456,12,0.0
odometry_pods,unplanned_blocker,0.2,14,8000034,True,False,6.8129,0,0,0.389,0.949,12,279.99
distance_sensors,unplanned_blocker,0.2,14,8000034,False,False,4.6098,1,0,0.249,4.619,8,94.5
apriltag,unplanned_blocker,0.2,14,8000034,False,False,7.956,0,0,0.412,4.456,12,25.0
full_suite,unplanned_blocker,0.2,14,8000034,True,False,5.5319,0,1,0.265,0.655,10,399.49
dead_reckoning,unplanned_blocker,0.2,15,8000035,False,False,8.1451,1,0,1.19,4.063,13,0.0
odometry_pods,unplanned_blocker,0.2,15,8000035,True,False,9.9961,0,0,1.291,0.647,17,279.99
distance_sensors,unplanned_blocker,0.2,15,8000035,False,False,3.7671,1,0,0.618,4.258,7,94.5
apriltag,unplanned_blocker,0.2,15,8000035,False,False,8.1451,1,0,1.212,4.063,13,25.0
full_suite,unplanned_blocker,0.2,15,8000035,True,False,7.7534,0,0,0.6,1.015,15,399.49
dead_reckoning,unplanned_blocker,0.2,16,8000036,False,False,9.1277,0,0,0.767,6.934,17,0.0
odometry_pods,unplanned_blocker,0.2,16,8000036,False,False,8.539,1,0,0.584,1.304,15,279.99
distance_sensors,unplanned_blocker,0.2,16,8000036,False,False,4.2605,1,0,0.523,3.722,7,94.5
apriltag,unplanned_blocker,0.2,16,8000036,False,False,8.739,1,4,1.612,2.191,15,25.0
full_suite,unplanned_blocker,0.2,16,8000036,True,False,9.2373,0,4,1.107,0.347,15,399.49
dead_reckoning,unplanned_blocker,0.2,17,8000037,False,False,11.8321,1,0,1.45,8.432,20,0.0
odometry_pods,unplanned_blocker,0.2,17,8000037,True,False,11.8961,0,0,1.451,1.569,21,279.99
distance_sensors,unplanned_blocker,0.2,17,8000037,False,False,0.0,1,0,0.27,0.0,0,94.5
apriltag,unplanned_blocker,0.2,17,8000037,True,False,12.3961,0,10,4.983,1.565,22,25.0
full_suite,unplanned_blocker,0.2,17,8000037,False,False,0.0,1,0,0.259,0.0,0,399.49
dead_reckoning,unplanned_blocker,0.2,18,8000038,False,False,8.6851,1,0,1.025,2.724,14,0.0
odometry_pods,unplanned_blocker,0.2,18,8000038,False,False,7.5145,1,0,1.026,0.501,14,279.99
distance_sensors,unplanned_blocker,0.2,18,8000038,False,False,0.0,1,0,0.236,0.0,0,94.5
apriltag,unplanned_blocker,0.2,18,8000038,False,False,7.0637,1,0,1.039,3.181,14,25.0
full_suite,unplanned_blocker,0.2,18,8000038,False,False,0.0,1,0,0.234,0.0,0,399.49
dead_reckoning,unplanned_blocker,0.2,19,8000039,True,False,6.3313,0,0,0.66,1.322,10,0.0
odometry_pods,unplanned_blocker,0.2,19,8000039,True,False,5.5441,0,0,0.651,0.401,10,279.99
distance_sensors,unplanned_blocker,0.2,19,8000039,False,False,5.0016,1,2,0.457,3.702,8,94.5
apriltag,unplanned_blocker,0.2,19,8000039,True,False,5.8941,0,7,2.484,2.232,10,25.0
full_suite,unplanned_blocker,0.2,19,8000039,True,False,5.9677,0,7,0.711,0.416,9,399.49
dead_reckoning,unplanned_blocker,0.2,20,8000040,True,False,1.3523,0,0,0.024,2.054,3,0.0
odometry_pods,unplanned_blocker,0.2,20,8000040,True,False,1.3523,0,0,0.024,0.411,3,279.99
distance_sensors,unplanned_blocker,0.2,20,8000040,True,False,1.3523,0,0,0.026,2.054,3,94.5
apriltag,unplanned_blocker,0.2,20,8000040,True,False,1.3523,0,0,0.023,2.054,3,25.0
full_suite,unplanned_blocker,0.2,20,8000040,True,False,1.3523,0,0,0.026,0.411,3,399.49
dead_reckoning,unplanned_blocker,0.2,21,8000041,False,False,2.8361,0,0,0.175,2.578,5,0.0
odometry_pods,unplanned_blocker,0.2,21,8000041,True,False,2.7214,0,0,0.169,0.488,5,279.99
distance_sensors,unplanned_blocker,0.2,21,8000041,False,False,2.8361,0,0,0.11,2.578,5,94.5
apriltag,unplanned_blocker,0.2,21,8000041,True,False,3.8868,0,4,0.517,1.718,6,25.0
full_suite,unplanned_blocker,0.2,21,8000041,True,False,3.3214,0,4,0.276,0.614,5,399.49
dead_reckoning,unplanned_blocker,0.2,22,8000042,False,False,2.1593,1,0,1.838,4.369,4,0.0
odometry_pods,unplanned_blocker,0.2,22,8000042,True,False,15.3059,0,0,1.567,0.61,30,279.99
distance_sensors,unplanned_blocker,0.2,22,8000042,False,False,8.8855,1,1,0.982,7.244,15,94.5
apriltag,unplanned_blocker,0.2,22,8000042,False,False,2.1593,1,0,1.556,4.369,4,25.0
full_suite,unplanned_blocker,0.2,22,8000042,True,False,12.4029,0,5,2.029,1.48,23,399.49
dead_reckoning,unplanned_blocker,0.2,23,8000043,False,False,18.5993,0,0,2.046,7.423,33,0.0
odometry_pods,unplanned_blocker,0.2,23,8000043,True,False,18.2056,0,0,2.152,0.908,33,279.99
distance_sensors,unplanned_blocker,0.2,23,8000043,False,False,2.4055,1,1,1.449,2.854,4,94.5
apriltag,unplanned_blocker,0.2,23,8000043,True,False,19.9262,0,15,14.871,4.202,33,25.0
full_suite,unplanned_blocker,0.2,23,8000043,False,False,2.4055,1,1,1.397,0.571,4,399.49
dead_reckoning,unplanned_blocker,0.2,24,8000044,False,False,10.0734,0,0,0.881,6.445,15,0.0
odometry_pods,unplanned_blocker,0.2,24,8000044,True,False,8.6175,0,0,1.167,1.309,15,279.99
distance_sensors,unplanned_blocker,0.2,24,8000044,False,False,0.0,1,0,0.416,0.0,0,94.5
apriltag,unplanned_blocker,0.2,24,8000044,True,False,10.8742,0,7,2.457,1.611,16,25.0
full_suite,unplanned_blocker,0.2,24,8000044,False,False,0.0,1,0,0.403,0.0,0,399.49
dead_reckoning,unplanned_blocker,0.3,0,8000030,True,False,4.2026,0,0,0.359,5.309,6,0.0
odometry_pods,unplanned_blocker,0.3,0,8000030,True,False,4.2026,0,0,0.359,1.062,6,279.99
distance_sensors,unplanned_blocker,0.3,0,8000030,True,False,3.032,0,0,0.093,4.429,6,94.5
apriltag,unplanned_blocker,0.3,0,8000030,True,False,4.2026,0,0,0.368,5.309,6,25.0
full_suite,unplanned_blocker,0.3,0,8000030,True,False,3.032,0,0,0.081,0.886,6,399.49
dead_reckoning,unplanned_blocker,0.3,1,8000031,False,False,3.5988,1,0,1.907,4.296,6,0.0
odometry_pods,unplanned_blocker,0.3,1,8000031,True,False,14.1555,0,0,2.113,0.703,26,279.99
distance_sensors,unplanned_blocker,0.3,1,8000031,False,False,3.9988,1,0,0.479,3.678,6,94.5
apriltag,unplanned_blocker,0.3,1,8000031,True,False,18.3791,0,13,6.265,0.647,28,25.0
full_suite,unplanned_blocker,0.3,1,8000031,False,False,8.2748,1,3,1.048,0.777,13,399.49
dead_reckoning,unplanned_blocker,0.3,2,8000032,False,False,2.5392,0,0,0.078,3.333,5,0.0
odometry_pods,unplanned_blocker,0.3,2,8000032,True,False,2.2539,0,0,0.074,0.683,5,279.99
distance_sensors,unplanned_blocker,0.3,2,8000032,False,False,2.5392,0,0,0.041,3.333,5,94.5
apriltag,unplanned_blocker,0.3,2,8000032,False,False,2.5392,0,0,0.086,3.333,5,25.0
full_suite,unplanned_blocker,0.3,2,8000032,True,False,2.2539,0,0,0.042,0.683,5,399.49
dead_reckoning,unplanned_blocker,0.3,3,8000033,False,False,6.1554,1,0,0.808,5.948,11,0.0
odometry_pods,unplanned_blocker,0.3,3,8000033,True,False,7.7077,0,0,0.758,1.432,14,279.99
distance_sensors,unplanned_blocker,0.3,3,8000033,False,False,6.4907,1,1,0.702,5.138,12,94.5
apriltag,unplanned_blocker,0.3,3,8000033,True,False,7.9642,0,3,1.455,3.9,13,25.0
full_suite,unplanned_blocker,0.3,3,8000033,True,False,7.3922,0,1,0.702,1.154,13,399.49
dead_reckoning,unplanned_blocker,0.3,4,8000034,False,False,7.956,0,0,0.608,4.456,12,0.0
odometry_pods,unplanned_blocker,0.3,4,8000034,True,False,6.8129,0,0,0.786,0.949,12,279.99
distance_sensors,unplanned_blocker,0.3,4,8000034,False,False,4.6098,1,0,0.252,4.619,8,94.5
apriltag,unplanned_blocker,0.3,4,8000034,False,False,7.956,0,0,0.409,4.456,12,25.0
full_suite,unplanned_blocker,0.3,4,8000034,True,False,5.5319,0,1,0.261,0.655,10,399.49
dead_reckoning,unplanned_blocker,0.3,5,8000035,False,False,8.1451,1,0,1.181,4.063,13,0.0
odometry_pods,unplanned_blocker,0.3,5,8000035,True,False,9.9961,0,0,1.179,0.647,17,279.99
distance_sensors,unplanned_blocker,0.3,5,8000035,False,False,3.7671,1,0,0.605,4.258,7,94.5
apriltag,unplanned_blocker,0.3,5,8000035,False,False,8.1451,1,0,1.235,4.063,13,25.0
full_suite,unplanned_blocker,0.3,5,8000035,True,False,7.7534,0,0,0.637,1.015,15,399.49
dead_reckoning,unplanned_blocker,0.3,6,8000036,False,False,9.1277,0,0,0.55,6.934,17,0.0
odometry_pods,unplanned_blocker,0.3,6,8000036,False,False,8.539,1,0,0.548,1.304,15,279.99
distance_sensors,unplanned_blocker,0.3,6,8000036,False,False,4.2605,1,0,0.521,3.722,7,94.5
apriltag,unplanned_blocker,0.3,6,8000036,False,False,8.739,1,4,1.523,2.191,15,25.0
full_suite,unplanned_blocker,0.3,6,8000036,True,False,9.2373,0,4,1.103,0.347,15,399.49
dead_reckoning,unplanned_blocker,0.3,7,8000037,False,False,11.8321,1,0,1.451,8.432,20,0.0
odometry_pods,unplanned_blocker,0.3,7,8000037,True,False,11.8961,0,0,1.442,1.569,21,279.99
distance_sensors,unplanned_blocker,0.3,7,8000037,False,False,0.0,1,0,0.261,0.0,0,94.5
apriltag,unplanned_blocker,0.3,7,8000037,True,False,12.3961,0,10,4.727,1.565,22,25.0
full_suite,unplanned_blocker,0.3,7,8000037,False,False,0.0,1,0,0.257,0.0,0,399.49
dead_reckoning,unplanned_blocker,0.3,8,8000038,False,False,8.6851,1,0,1.02,2.724,14,0.0
odometry_pods,unplanned_blocker,0.3,8,8000038,False,False,7.5145,1,0,1.018,0.501,14,279.99
distance_sensors,unplanned_blocker,0.3,8,8000038,False,False,0.0,1,0,0.239,0.0,0,94.5
apriltag,unplanned_blocker,0.3,8,8000038,False,False,7.0637,1,0,1.308,3.181,14,25.0
full_suite,unplanned_blocker,0.3,8,8000038,False,False,0.0,1,0,0.244,0.0,0,399.49
dead_reckoning,unplanned_blocker,0.3,9,8000039,True,False,6.3313,0,0,0.644,1.322,10,0.0
odometry_pods,unplanned_blocker,0.3,9,8000039,True,False,5.5441,0,0,0.64,0.401,10,279.99
distance_sensors,unplanned_blocker,0.3,9,8000039,False,False,5.0016,1,2,0.434,3.702,8,94.5
apriltag,unplanned_blocker,0.3,9,8000039,True,False,5.8941,0,7,2.392,2.232,10,25.0
full_suite,unplanned_blocker,0.3,9,8000039,True,False,5.9677,0,7,0.698,0.416,9,399.49
dead_reckoning,unplanned_blocker,0.3,10,8000040,True,False,1.3523,0,0,0.025,2.054,3,0.0
odometry_pods,unplanned_blocker,0.3,10,8000040,True,False,1.3523,0,0,0.024,0.411,3,279.99
distance_sensors,unplanned_blocker,0.3,10,8000040,True,False,1.3523,0,0,0.026,2.054,3,94.5
apriltag,unplanned_blocker,0.3,10,8000040,True,False,1.3523,0,0,0.023,2.054,3,25.0
full_suite,unplanned_blocker,0.3,10,8000040,True,False,1.3523,0,0,0.026,0.411,3,399.49
dead_reckoning,unplanned_blocker,0.3,11,8000041,False,False,2.8361,0,0,0.17,2.578,5,0.0
odometry_pods,unplanned_blocker,0.3,11,8000041,True,False,2.7214,0,0,0.169,0.488,5,279.99
distance_sensors,unplanned_blocker,0.3,11,8000041,False,False,2.8361,0,0,0.109,2.578,5,94.5
apriltag,unplanned_blocker,0.3,11,8000041,True,False,3.8868,0,4,0.531,1.718,6,25.0
full_suite,unplanned_blocker,0.3,11,8000041,True,False,3.3214,0,4,0.277,0.614,5,399.49
dead_reckoning,unplanned_blocker,0.3,12,8000042,False,False,2.1593,1,0,1.603,4.369,4,0.0
odometry_pods,unplanned_blocker,0.3,12,8000042,True,False,15.3059,0,0,1.523,0.61,30,279.99
distance_sensors,unplanned_blocker,0.3,12,8000042,False,False,8.8855,1,1,0.97,7.244,15,94.5
apriltag,unplanned_blocker,0.3,12,8000042,False,False,2.1593,1,0,1.584,4.369,4,25.0
full_suite,unplanned_blocker,0.3,12,8000042,True,False,12.4029,0,5,2.032,1.48,23,399.49
dead_reckoning,unplanned_blocker,0.3,13,8000043,False,False,18.5993,0,0,2.07,7.423,33,0.0
odometry_pods,unplanned_blocker,0.3,13,8000043,True,False,18.2056,0,0,2.047,0.908,33,279.99
distance_sensors,unplanned_blocker,0.3,13,8000043,False,False,2.4055,1,1,1.454,2.854,4,94.5
apriltag,unplanned_blocker,0.3,13,8000043,True,False,19.9262,0,15,14.514,4.202,33,25.0
full_suite,unplanned_blocker,0.3,13,8000043,False,False,2.4055,1,1,1.418,0.571,4,399.49
dead_reckoning,unplanned_blocker,0.3,14,8000044,False,False,10.0734,0,0,0.879,6.445,15,0.0
odometry_pods,unplanned_blocker,0.3,14,8000044,True,False,8.6175,0,0,0.874,1.309,15,279.99
distance_sensors,unplanned_blocker,0.3,14,8000044,False,False,0.0,1,0,0.402,0.0,0,94.5
apriltag,unplanned_blocker,0.3,14,8000044,True,False,10.8742,0,7,2.433,1.611,16,25.0
full_suite,unplanned_blocker,0.3,14,8000044,False,False,0.0,1,0,0.397,0.0,0,399.49
dead_reckoning,unplanned_blocker,0.3,15,8000045,False,False,8.6012,1,0,1.006,11.173,16,0.0
odometry_pods,unplanned_blocker,0.3,15,8000045,True,False,12.378,0,0,1.005,1.911,23,279.99
distance_sensors,unplanned_blocker,0.3,15,8000045,False,False,1.6531,1,1,0.541,2.178,2,94.5
apriltag,unplanned_blocker,0.3,15,8000045,False,False,13.0478,0,3,1.54,3.777,24,25.0
full_suite,unplanned_blocker,0.3,15,8000045,False,False,1.6531,1,1,0.564,0.436,2,399.49
dead_reckoning,unplanned_blocker,0.3,16,8000046,False,False,3.012,1,0,1.396,3.222,6,0.0
odometry_pods,unplanned_blocker,0.3,16,8000046,True,False,16.5241,0,0,1.387,0.581,33,279.99
distance_sensors,unplanned_blocker,0.3,16,8000046,True,False,11.6633,0,1,1.107,3.071,23,94.5
apriltag,unplanned_blocker,0.3,16,8000046,False,False,3.012,1,0,1.415,3.222,6,25.0
full_suite,unplanned_blocker,0.3,16,8000046,True,False,14.5878,0,13,4.152,0.553,24,399.49
dead_reckoning,unplanned_blocker,0.3,17,8000047,False,False,6.0911,1,0,1.631,3.554,13,0.0
odometry_pods,unplanned_blocker,0.3,17,8000047,False,False,6.0911,1,0,2.366,0.711,12,279.99
distance_sensors,unplanned_blocker,0.3,17,8000047,False,False,10.3361,0,1,0.795,4.651,17,94.5
apriltag,unplanned_blocker,0.3,17,8000047,False,False,6.6411,1,11,11.611,0.505,12,25.0
full_suite,unplanned_blocker,0.3,17,8000047,True,False,10.2163,0,17,3.173,0.169,18,399.49
dead_reckoning,unplanned_blocker,0.3,18,8000048,False,False,1.8031,1,0,0.608,4.527,4,0.0
odometry_pods,unplanned_blocker,0.3,18,8000048,False,False,2.7047,1,0,0.619,1.268,6,279.99
distance_sensors,unplanned_blocker,0.3,18,8000048,False,False,2.7547,1,1,0.427,6.34,6,94.5
apriltag,unplanned_blocker,0.3,18,8000048,False,False,3.0047,1,6,2.242,1.461,6,25.0
full_suite,unplanned_blocker,0.3,18,8000048,True,False,5.0776,0,5,0.713,1.273,9,399.49
dead_reckoning,unplanned_blocker,0.3,19,8000049,False,False,8.3788,1,0,1.952,11.707,15,0.0
odometry_pods,unplanned_blocker,0.3,19,8000049,True,False,12.833,0,0,1.955,2.579,23,279.99
distance_sensors,unplanned_blocker,0.3,19,8000049,False,False,2.8417,1,0,0.774,3.511,5,94.5
apriltag,unplanned_blocker,0.3,19,8000049,True,False,13.5344,0,12,6.024,3.381,23,25.0
full_suite,unplanned_blocker,0.3,19,8000049,True,False,12.2092,0,15,3.407,0.514,20,399.49
dead_reckoning,unplanned_blocker,0.3,20,8000050,False,False,2.9242,1,0,0.975,4.267,5,0.0
odometry_pods,unplanned_blocker,0.3,20,8000050,True,False,8.6533,0,0,0.974,1.429,16,279.99
distance_sensors,unplanned_blocker,0.3,20,8000050,False,False,3.0394,1,0,0.346,4.077,5,94.5
apriltag,unplanned_blocker,0.3,20,8000050,False,False,5.064,1,3,3.098,7.479,9,25.0
full_suite,unplanned_blocker,0.3,20,8000050,False,False,2.7394,1,2,0.76,0.157,5,399.49
dead_reckoning,unplanned_blocker,0.3,21,8000051,True,False,7.3571,0,0,0.648,1.742,13,0.0
odometry_pods,unplanned_blocker,0.3,21,8000051,True,False,7.2224,0,0,0.66,0.47,13,279.99
distance_sensors,unplanned_blocker,0.3,21,8000051,False,False,6.6011,0,0,0.226,2.439,12,94.5
apriltag,unplanned_blocker,0.3,21,8000051,True,False,7.7224,0,10,2.589,0.224,13,25.0
full_suite,unplanned_blocker,0.3,21,8000051,True,False,6.3364,0,1,0.242,0.605,12,399.49
dead_reckoning,unplanned_blocker,0.3,22,8000052,False,False,5.2425,0,0,0.317,8.748,9,0.0
odometry_pods,unplanned_blocker,0.3,22,8000052,True,False,4.5705,0,0,0.315,1.529,9,279.99
distance_sensors,unplanned_blocker,0.3,22,8000052,False,False,4.5572,0,0,0.16,8.112,9,94.5
apriltag,unplanned_blocker,0.3,22,8000052,True,False,4.9705,0,8,1.195,0.982,9,25.0
full_suite,unplanned_blocker,0.3,22,8000052,True,False,4.4205,0,1,0.303,0.97,9,399.49
dead_reckoning,unplanned_blocker,0.3,23,8000053,False,False,8.3926,0,0,0.851,4.698,14,0.0
odometry_pods,unplanned_blocker,0.3,23,8000053,True,False,7.9607,0,0,0.841,1.035,14,279.99
distance_sensors,unplanned_blocker,0.3,23,8000053,True,False,5.6462,0,0,0.157,4.548,11,94.5
apriltag,unplanned_blocker,0.3,23,8000053,True,False,8.4107,0,9,2.866,1.977,14,25.0
full_suite,unplanned_blocker,0.3,23,8000053,True,False,6.2936,0,4,0.508,0.948,11,399.49
dead_reckoning,unplanned_blocker,0.3,24,8000054,False,False,8.8438,0,0,0.554,5.452,14,0.0
odometry_pods,unplanned_blocker,0.3,24,8000054,True,False,7.7585,0,0,0.552,1.176,14,279.99
distance_sensors,unplanned_blocker,0.3,24,8000054,False,False,8.8439,0,2,0.731,5.297,15,94.5
apriltag,unplanned_blocker,0.3,24,8000054,True,False,9.4497,0,3,0.764,3.187,14,25.0
full_suite,unplanned_blocker,0.3,24,8000054,True,False,8.974,0,9,1.079,0.39,15,399.49
dead_reckoning,unplanned_blocker,0.4,0,8000040,True,False,1.3523,0,0,0.024,2.054,3,0.0
odometry_pods,unplanned_blocker,0.4,0,8000040,True,False,1.3523,0,0,0.024,0.411,3,279.99
distance_sensors,unplanned_blocker,0.4,0,8000040,True,False,1.3523,0,0,0.027,2.054,3,94.5
apriltag,unplanned_blocker,0.4,0,8000040,True,False,1.3523,0,0,0.024,2.054,3,25.0
full_suite,unplanned_blocker,0.4,0,8000040,True,False,1.3523,0,0,0.025,0.411,3,399.49
dead_reckoning,unplanned_blocker,0.4,1,8000041,False,False,0.9984,1,0,0.17,0.402,2,0.0
odometry_pods,unplanned_blocker,0.4,1,8000041,False,False,0.9984,1,0,0.171,0.08,2,279.99
distance_sensors,unplanned_blocker,0.4,1,8000041,True,False,3.1714,0,1,0.195,0.828,5,94.5
apriltag,unplanned_blocker,0.4,1,8000041,False,False,1.0984,1,2,0.443,1.228,2,25.0
full_suite,unplanned_blocker,0.4,1,8000041,True,False,3.3214,0,4,0.285,0.518,5,399.49
dead_reckoning,unplanned_blocker,0.4,2,8000042,False,False,2.1593,1,0,1.533,4.369,4,0.0
odometry_pods,unplanned_blocker,0.4,2,8000042,True,False,15.3059,0,0,1.561,0.61,30,279.99
distance_sensors,unplanned_blocker,0.4,2,8000042,False,False,8.8855,1,1,0.975,7.244,15,94.5
apriltag,unplanned_blocker,0.4,2,8000042,False,False,2.1593,1,0,1.59,4.369,4,25.0
full_suite,unplanned_blocker,0.4,2,8000042,True,False,12.4029,0,5,2.032,1.48,23,399.49
dead_reckoning,unplanned_blocker,0.4,3,8000043,False,False,18.5993,0,0,2.04,7.423,33,0.0
odometry_pods,unplanned_blocker,0.4,3,8000043,True,False,18.2056,0,0,2.436,0.908,33,279.99
distance_sensors,unplanned_blocker,0.4,3,8000043,False,False,2.4055,1,1,1.394,2.854,4,94.5
apriltag,unplanned_blocker,0.4,3,8000043,True,False,19.9262,0,15,14.36,4.202,33,25.0
full_suite,unplanned_blocker,0.4,3,8000043,False,False,2.4055,1,1,1.382,0.571,4,399.49
dead_reckoning,unplanned_blocker,0.4,4,8000044,False,False,10.0734,0,0,0.88,6.445,15,0.0
odometry_pods,unplanned_blocker,0.4,4,8000044,True,False,8.6175,0,0,0.89,1.309,15,279.99
distance_sensors,unplanned_blocker,0.4,4,8000044,False,False,0.0,1,0,0.399,0.0,0,94.5
apriltag,unplanned_blocker,0.4,4,8000044,True,False,10.8742,0,7,2.442,1.611,16,25.0
full_suite,unplanned_blocker,0.4,4,8000044,False,False,0.0,1,0,0.398,0.0,0,399.49
dead_reckoning,unplanned_blocker,0.4,5,8000045,False,False,8.6012,1,0,1.017,11.173,16,0.0
odometry_pods,unplanned_blocker,0.4,5,8000045,True,False,12.378,0,0,1.001,1.911,23,279.99
distance_sensors,unplanned_blocker,0.4,5,8000045,False,False,1.6531,1,1,0.563,2.178,2,94.5
apriltag,unplanned_blocker,0.4,5,8000045,False,False,13.0478,0,3,1.441,3.777,24,25.0
full_suite,unplanned_blocker,0.4,5,8000045,False,False,1.6531,1,1,0.55,0.436,2,399.49
dead_reckoning,unplanned_blocker,0.4,6,8000046,False,False,3.012,1,0,1.425,3.222,6,0.0
odometry_pods,unplanned_blocker,0.4,6,8000046,True,False,16.5241,0,0,1.382,0.581,33,279.99
distance_sensors,unplanned_blocker,0.4,6,8000046,True,False,11.6633,0,1,1.089,3.071,23,94.5
apriltag,unplanned_blocker,0.4,6,8000046,False,False,3.012,1,0,1.649,3.222,6,25.0
full_suite,unplanned_blocker,0.4,6,8000046,True,False,14.5878,0,13,3.891,0.553,24,399.49
dead_reckoning,unplanned_blocker,0.4,7,8000047,False,False,6.0911,1,0,1.888,3.554,13,0.0
odometry_pods,unplanned_blocker,0.4,7,8000047,False,False,6.0911,1,0,1.671,0.711,12,279.99
distance_sensors,unplanned_blocker,0.4,7,8000047,False,False,10.3361,0,1,0.753,4.651,17,94.5
apriltag,unplanned_blocker,0.4,7,8000047,False,False,6.6411,1,11,11.574,0.505,12,25.0
full_suite,unplanned_blocker,0.4,7,8000047,True,False,10.2163,0,17,3.222,0.169,18,399.49
dead_reckoning,unplanned_blocker,0.4,8,8000048,False,False,1.8031,1,0,0.615,4.527,4,0.0
odometry_pods,unplanned_blocker,0.4,8,8000048,False,False,2.7047,1,0,1.195,1.268,6,279.99
distance_sensors,unplanned_blocker,0.4,8,8000048,False,False,2.7547,1,1,0.24,6.34,6,94.5
apriltag,unplanned_blocker,0.4,8,8000048,False,False,3.0047,1,6,2.4,1.461,6,25.0
full_suite,unplanned_blocker,0.4,8,8000048,True,False,5.0776,0,5,0.643,1.273,9,399.49
dead_reckoning,unplanned_blocker,0.4,9,8000049,False,False,8.3788,1,0,1.931,11.707,15,0.0
odometry_pods,unplanned_blocker,0.4,9,8000049,True,False,12.833,0,0,1.936,2.579,23,279.99
distance_sensors,unplanned_blocker,0.4,9,8000049,False,False,2.8417,1,0,1.252,3.511,5,94.5
apriltag,unplanned_blocker,0.4,9,8000049,True,False,13.5344,0,12,5.987,3.381,23,25.0
full_suite,unplanned_blocker,0.4,9,8000049,True,False,12.2092,0,15,3.694,0.514,20,399.49
dead_reckoning,unplanned_blocker,0.4,10,8000050,False,False,2.9242,1,0,1.08,4.267,5,0.0
odometry_pods,unplanned_blocker,0.4,10,8000050,True,False,8.6533,0,0,0.986,1.429,16,279.99
distance_sensors,unplanned_blocker,0.4,10,8000050,False,False,3.0394,1,0,0.344,4.077,5,94.5
apriltag,unplanned_blocker,0.4,10,8000050,False,False,5.064,1,3,3.16,7.479,9,25.0
full_suite,unplanned_blocker,0.4,10,8000050,False,False,2.7394,1,2,0.748,0.157,5,399.49
dead_reckoning,unplanned_blocker,0.4,11,8000051,True,False,7.3571,0,0,0.954,1.742,13,0.0
odometry_pods,unplanned_blocker,0.4,11,8000051,True,False,7.2224,0,0,0.671,0.47,13,279.99
distance_sensors,unplanned_blocker,0.4,11,8000051,False,False,6.6011,0,0,0.236,2.439,12,94.5
apriltag,unplanned_blocker,0.4,11,8000051,True,False,7.7224,0,10,2.567,0.224,13,25.0
full_suite,unplanned_blocker,0.4,11,8000051,True,False,6.3364,0,1,0.247,0.605,12,399.49
dead_reckoning,unplanned_blocker,0.4,12,8000052,False,False,5.2425,0,0,0.314,8.748,9,0.0
odometry_pods,unplanned_blocker,0.4,12,8000052,True,False,4.5705,0,0,0.312,1.529,9,279.99
distance_sensors,unplanned_blocker,0.4,12,8000052,False,False,4.5572,0,0,0.16,8.112,9,94.5
apriltag,unplanned_blocker,0.4,12,8000052,True,False,4.9705,0,8,1.208,0.982,9,25.0
full_suite,unplanned_blocker,0.4,12,8000052,True,False,4.4205,0,1,0.295,0.97,9,399.49
dead_reckoning,unplanned_blocker,0.4,13,8000053,False,False,8.3926,0,0,0.852,4.698,14,0.0
odometry_pods,unplanned_blocker,0.4,13,8000053,True,False,7.9607,0,0,0.858,1.035,14,279.99
distance_sensors,unplanned_blocker,0.4,13,8000053,True,False,5.6462,0,0,0.182,4.548,11,94.5
apriltag,unplanned_blocker,0.4,13,8000053,True,False,8.4107,0,9,2.895,1.977,14,25.0
full_suite,unplanned_blocker,0.4,13,8000053,True,False,6.2936,0,4,0.683,0.948,11,399.49
dead_reckoning,unplanned_blocker,0.4,14,8000054,False,False,8.8438,0,0,0.554,5.452,14,0.0
odometry_pods,unplanned_blocker,0.4,14,8000054,True,False,7.7585,0,0,0.552,1.176,14,279.99
distance_sensors,unplanned_blocker,0.4,14,8000054,False,False,8.8439,0,2,0.729,5.297,15,94.5
apriltag,unplanned_blocker,0.4,14,8000054,True,False,9.4497,0,3,0.758,3.187,14,25.0
full_suite,unplanned_blocker,0.4,14,8000054,True,False,8.974,0,9,1.084,0.39,15,399.49
dead_reckoning,unplanned_blocker,0.4,15,8000055,False,False,3.6062,1,0,0.472,3.369,8,0.0
odometry_pods,unplanned_blocker,0.4,15,8000055,True,False,7.6632,0,0,0.466,0.352,17,279.99
distance_sensors,unplanned_blocker,0.4,15,8000055,False,False,3.6062,1,0,0.109,3.369,8,94.5
apriltag,unplanned_blocker,0.4,15,8000055,False,False,3.6062,1,0,0.464,3.369,8,25.0
full_suite,unplanned_blocker,0.4,15,8000055,True,False,7.7132,0,1,0.166,0.584,17,399.49
dead_reckoning,unplanned_blocker,0.4,16,8000056,False,False,5.3151,1,0,1.05,4.167,9,0.0
odometry_pods,unplanned_blocker,0.4,16,8000056,False,False,3.843,1,0,1.05,0.774,7,279.99
distance_sensors,unplanned_blocker,0.4,16,8000056,True,False,6.3526,0,0,0.286,3.868,11,94.5
apriltag,unplanned_blocker,0.4,16,8000056,False,False,4.193,1,7,5.426,1.453,7,25.0
full_suite,unplanned_blocker,0.4,16,8000056,True,False,7.3322,0,3,0.693,0.443,12,399.49
dead_reckoning,unplanned_blocker,0.4,17,8000057,False,False,4.3091,1,0,1.283,6.061,8,0.0
odometry_pods,unplanned_blocker,0.4,17,8000057,True,False,10.9743,0,0,1.252,1.694,19,279.99
distance_sensors,unplanned_blocker,0.4,17,8000057,False,False,8.1137,1,2,0.89,5.754,13,94.5
apriltag,unplanned_blocker,0.4,17,8000057,True,False,10.4447,0,2,3.281,5.892,18,25.0
full_suite,unplanned_blocker,0.4,17,8000057,True,False,8.1712,0,0,0.423,0.911,15,399.49
dead_reckoning,unplanned_blocker,0.4,18,8000058,False,False,10.5114,0,0,0.851,7.255,17,0.0
odometry_pods,unplanned_blocker,0.4,18,8000058,True,False,9.4394,0,0,0.849,0.984,17,279.99
distance_sensors,unplanned_blocker,0.4,18,8000058,False,False,1.1518,1,0,0.613,1.753,2,94.5
apriltag,unplanned_blocker,0.4,18,8000058,True,False,9.8394,0,8,2.356,0.642,17,25.0
full_suite,unplanned_blocker,0.4,18,8000058,False,False,1.1518,1,0,0.448,0.351,2,399.49
dead_reckoning,unplanned_blocker,0.4,19,8000059,False,False,3.6636,0,0,0.261,7.942,7,0.0
odometry_pods,unplanned_blocker,0.4,19,8000059,True,False,3.4769,0,0,0.259,1.452,7,279.99
distance_sensors,unplanned_blocker,0.4,19,8000059,False,False,3.6636,0,0,0.126,7.942,7,94.5
apriltag,unplanned_blocker,0.4,19,8000059,True,False,3.7769,0,6,0.883,1.08,7,25.0
full_suite,unplanned_blocker,0.4,19,8000059,True,False,3.7769,0,6,0.466,0.216,7,399.49
dead_reckoning,unplanned_blocker,0.4,20,8000060,False,False,4.8189,1,0,0.355,0.514,8,0.0
odometry_pods,unplanned_blocker,0.4,20,8000060,False,False,4.8189,1,0,0.354,0.103,8,279.99
distance_sensors,unplanned_blocker,0.4,20,8000060,True,False,4.9894,0,0,0.212,0.505,8,94.5
apriltag,unplanned_blocker,0.4,20,8000060,False,False,4.8689,1,1,0.443,0.328,8,25.0
full_suite,unplanned_blocker,0.4,20,8000060,True,False,5.0394,0,1,0.26,0.055,8,399.49
dead_reckoning,unplanned_blocker,0.4,21,8000061,True,False,5.4784,0,0,0.397,3.538,10,0.0
odometry_pods,unplanned_blocker,0.4,21,8000061,True,False,5.4784,0,0,0.395,0.708,10,279.99
distance_sensors,unplanned_blocker,0.4,21,8000061,True,False,4.5078,0,0,0.106,3.314,10,94.5
apriltag,unplanned_blocker,0.4,21,8000061,True,False,5.9284,0,9,1.63,0.227,10,25.0
full_suite,unplanned_blocker,0.4,21,8000061,True,False,4.9078,0,8,0.503,0.388,10,399.49
dead_reckoning,unplanned_blocker,0.4,22,8000062,True,False,3.7313,0,0,0.173,3.699,6,0.0
odometry_pods,unplanned_blocker,0.4,22,8000062,True,False,3.2786,0,0,0.169,0.892,6,279.99
distance_sensors,unplanned_blocker,0.4,22,8000062,False,False,3.2931,1,0,0.086,4.098,5,94.5
apriltag,unplanned_blocker,0.4,22,8000062,True,False,3.3286,0,1,0.324,1.009,6,25.0
full_suite,unplanned_blocker,0.4,22,8000062,True,False,3.9925,0,3,0.252,0.731,6,399.49
dead_reckoning,unplanned_blocker,0.4,23,8000063,False,False,12.3424,0,0,1.103,4.993,21,0.0
odometry_pods,unplanned_blocker,0.4,23,8000063,True,False,12.0111,0,0,1.092,1.188,21,279.99
distance_sensors,unplanned_blocker,0.4,23,8000063,False,False,6.868,1,1,0.83,4.299,11,94.5
apriltag,unplanned_blocker,0.4,23,8000063,False,False,10.1227,1,4,2.751,3.975,17,25.0
full_suite,unplanned_blocker,0.4,23,8000063,True,False,10.558,0,7,1.448,0.266,17,399.49
dead_reckoning,unplanned_blocker,0.4,24,8000064,False,False,6.1026,0,0,0.219,4.847,10,0.0
odometry_pods,unplanned_blocker,0.4,24,8000064,True,False,5.7878,0,0,0.213,1.039,10,279.99
distance_sensors,unplanned_blocker,0.4,24,8000064,False,False,6.5026,0,0,0.211,5.587,10,94.5
apriltag,unplanned_blocker,0.4,24,8000064,False,False,6.1026,0,0,0.226,4.847,10,25.0
full_suite,unplanned_blocker,0.4,24,8000064,True,False,6.2378,0,1,0.257,0.921,10,399.49
dead_reckoning,unplanned_blocker,0.5,0,8000050,False,False,2.9242,1,0,0.981,4.267,5,0.0
odometry_pods,unplanned_blocker,0.5,0,8000050,True,False,8.6533,0,0,0.984,1.429,16,279.99
distance_sensors,unplanned_blocker,0.5,0,8000050,False,False,3.0394,1,0,0.344,4.077,5,94.5
apriltag,unplanned_blocker,0.5,0,8000050,False,False,5.064,1,3,3.16,7.479,9,25.0
full_suite,unplanned_blocker,0.5,0,8000050,False,False,2.7394,1,2,0.757,0.157,5,399.49
dead_reckoning,unplanned_blocker,0.5,1,8000051,True,False,7.3571,0,0,0.646,1.742,13,0.0
odometry_pods,unplanned_blocker,0.5,1,8000051,True,False,7.2224,0,0,0.645,0.47,13,279.99
distance_sensors,unplanned_blocker,0.5,1,8000051,False,False,6.6011,0,0,0.227,2.439,12,94.5
apriltag,unplanned_blocker,0.5,1,8000051,True,False,7.7224,0,10,2.769,0.224,13,25.0
full_suite,unplanned_blocker,0.5,1,8000051,True,False,6.3364,0,1,0.255,0.605,12,399.49
dead_reckoning,unplanned_blocker,0.5,2,8000052,False,False,1.8658,1,0,0.317,3.535,3,0.0
odometry_pods,unplanned_blocker,0.5,2,8000052,False,False,2.3166,1,0,0.316,0.917,4,279.99
distance_sensors,unplanned_blocker,0.5,2,8000052,False,False,4.5572,0,0,0.144,8.112,9,94.5
apriltag,unplanned_blocker,0.5,2,8000052,False,False,2.5166,1,4,1.011,0.718,4,25.0
full_suite,unplanned_blocker,0.5,2,8000052,True,False,4.4205,0,1,0.261,0.97,9,399.49
dead_reckoning,unplanned_blocker,0.5,3,8000053,False,False,8.3926,0,0,0.852,4.698,14,0.0
odometry_pods,unplanned_blocker,0.5,3,8000053,True,False,7.9607,0,0,0.844,1.035,14,279.99
distance_sensors,unplanned_blocker,0.5,3,8000053,True,False,5.6462,0,0,0.325,4.548,11,94.5
apriltag,unplanned_blocker,0.5,3,8000053,True,False,8.4107,0,9,2.909,1.977,14,25.0
full_suite,unplanned_blocker,0.5,3,8000053,True,False,6.2936,0,4,0.486,0.948,11,399.49
dead_reckoning,unplanned_blocker,0.5,4,8000054,False,False,8.8438,0,0,0.555,5.452,14,0.0
odometry_pods,unplanned_blocker,0.5,4,8000054,True,False,7.7585,0,0,0.591,1.176,14,279.99
distance_sensors,unplanned_blocker,0.5,4,8000054,False,False,8.8439,0,2,0.734,5.297,15,94.5
apriltag,unplanned_blocker,0.5,4,8000054,True,False,9.4497,0,3,0.797,3.187,14,25.0
full_suite,unplanned_blocker,0.5,4,8000054,True,False,8.974,0,9,1.098,0.39,15,399.49
dead_reckoning,unplanned_blocker,0.5,5,8000055,False,False,3.6062,1,0,0.459,3.369,8,0.0
odometry_pods,unplanned_blocker,0.5,5,8000055,True,False,7.6632,0,0,0.456,0.352,17,279.99
distance_sensors,unplanned_blocker,0.5,5,8000055,False,False,3.6062,1,0,0.109,3.369,8,94.5
apriltag,unplanned_blocker,0.5,5,8000055,False,False,3.6062,1,0,0.464,3.369,8,25.0
full_suite,unplanned_blocker,0.5,5,8000055,True,False,7.7132,0,1,0.192,0.584,17,399.49
dead_reckoning,unplanned_blocker,0.5,6,8000056,False,False,5.3151,1,0,1.066,4.167,9,0.0
odometry_pods,unplanned_blocker,0.5,6,8000056,False,False,3.843,1,0,1.05,0.774,7,279.99
distance_sensors,unplanned_blocker,0.5,6,8000056,True,False,6.3526,0,0,0.291,3.868,11,94.5
apriltag,unplanned_blocker,0.5,6,8000056,False,False,4.193,1,7,5.413,1.453,7,25.0
full_suite,unplanned_blocker,0.5,6,8000056,True,False,7.3322,0,3,0.784,0.443,12,399.49
dead_reckoning,unplanned_blocker,0.5,7,8000057,False,False,4.3091,1,0,1.322,6.061,8,0.0
odometry_pods,unplanned_blocker,0.5,7,8000057,True,False,10.9743,0,0,1.248,1.694,19,279.99
distance_sensors,unplanned_blocker,0.5,7,8000057,False,False,8.1137,1,2,0.736,5.754,13,94.5
apriltag,unplanned_blocker,0.5,7,8000057,True,False,10.4447,0,2,3.621,5.892,18,25.0
full_suite,unplanned_blocker,0.5,7,8000057,True,False,8.1712,0,0,0.437,0.911,15,399.49
dead_reckoning,unplanned_blocker,0.5,8,8000058,False,False,10.5114,0,0,0.85,7.255,17,0.0
odometry_pods,unplanned_blocker,0.5,8,8000058,True,False,9.4394,0,0,0.848,0.984,17,279.99
distance_sensors,unplanned_blocker,0.5,8,8000058,False,False,1.1518,1,0,0.446,1.753,2,94.5
apriltag,unplanned_blocker,0.5,8,8000058,True,False,9.8394,0,8,2.496,0.642,17,25.0
full_suite,unplanned_blocker,0.5,8,8000058,False,False,1.1518,1,0,0.466,0.351,2,399.49
dead_reckoning,unplanned_blocker,0.5,9,8000059,False,False,3.6636,0,0,0.263,7.942,7,0.0
odometry_pods,unplanned_blocker,0.5,9,8000059,True,False,3.4769,0,0,0.259,1.452,7,279.99
distance_sensors,unplanned_blocker,0.5,9,8000059,False,False,3.6636,0,0,0.13,7.942,7,94.5
apriltag,unplanned_blocker,0.5,9,8000059,True,False,3.7769,0,6,0.936,1.08,7,25.0
full_suite,unplanned_blocker,0.5,9,8000059,True,False,3.7769,0,6,0.476,0.216,7,399.49
dead_reckoning,unplanned_blocker,0.5,10,8000060,False,False,4.8189,1,0,0.367,0.514,8,0.0
odometry_pods,unplanned_blocker,0.5,10,8000060,False,False,4.8189,1,0,0.355,0.103,8,279.99
distance_sensors,unplanned_blocker,0.5,10,8000060,True,False,4.9894,0,0,0.212,0.505,8,94.5
apriltag,unplanned_blocker,0.5,10,8000060,False,False,4.8689,1,1,0.422,0.328,8,25.0
full_suite,unplanned_blocker,0.5,10,8000060,True,False,5.0394,0,1,0.255,0.055,8,399.49
dead_reckoning,unplanned_blocker,0.5,11,8000061,True,False,5.4784,0,0,0.393,3.538,10,0.0
odometry_pods,unplanned_blocker,0.5,11,8000061,True,False,5.4784,0,0,0.396,0.708,10,279.99
distance_sensors,unplanned_blocker,0.5,11,8000061,True,False,4.5078,0,0,0.112,3.314,10,94.5
apriltag,unplanned_blocker,0.5,11,8000061,True,False,5.9284,0,9,1.651,0.227,10,25.0
full_suite,unplanned_blocker,0.5,11,8000061,True,False,4.9078,0,8,0.509,0.388,10,399.49
dead_reckoning,unplanned_blocker,0.5,12,8000062,False,False,1.0196,1,0,0.173,3.082,2,0.0
odometry_pods,unplanned_blocker,0.5,12,8000062,False,False,1.0196,1,0,0.169,0.616,2,279.99
distance_sensors,unplanned_blocker,0.5,12,8000062,False,False,3.2931,1,0,0.086,4.098,5,94.5
apriltag,unplanned_blocker,0.5,12,8000062,False,False,1.0696,1,1,0.314,0.573,2,25.0
full_suite,unplanned_blocker,0.5,12,8000062,True,False,3.9925,0,3,0.249,0.731,6,399.49
dead_reckoning,unplanned_blocker,0.5,13,8000063,False,False,12.3424,0,0,1.19,4.993,21,0.0
odometry_pods,unplanned_blocker,0.5,13,8000063,True,False,12.0111,0,0,1.268,1.188,21,279.99
distance_sensors,unplanned_blocker,0.5,13,8000063,False,False,6.868,1,1,0.885,4.299,11,94.5
apriltag,unplanned_blocker,0.5,13,8000063,False,False,10.1227,1,4,2.839,3.975,17,25.0
full_suite,unplanned_blocker,0.5,13,8000063,True,False,10.558,0,7,1.465,0.266,17,399.49
dead_reckoning,unplanned_blocker,0.5,14,8000064,False,False,2.9075,1,0,0.213,1.85,5,0.0
odometry_pods,unplanned_blocker,0.5,14,8000064,False,False,2.9075,1,0,0.211,0.37,5,279.99
distance_sensors,unplanned_blocker,0.5,14,8000064,False,False,6.5814,0,1,0.648,4.117,11,94.5
apriltag,unplanned_blocker,0.5,14,8000064,False,False,2.9075,1,0,0.24,1.85,5,25.0
full_suite,unplanned_blocker,0.5,14,8000064,True,False,7.0822,0,2,0.78,1.059,12,399.49
dead_reckoning,unplanned_blocker,0.5,15,8000065,False,False,8.0315,0,0,1.116,7.617,15,0.0
odometry_pods,unplanned_blocker,0.5,15,8000065,True,False,8.4175,0,0,1.123,1.37,15,279.99
distance_sensors,unplanned_blocker,0.5,15,8000065,False,False,8.6843,0,0,0.223,8.005,15,94.5
apriltag,unplanned_blocker,0.5,15,8000065,False,False,10.0234,0,3,2.283,5.421,16,25.0
full_suite,unplanned_blocker,0.5,15,8000065,True,False,7.9469,0,2,0.435,1.047,15,399.49
dead_reckoning,unplanned_blocker,0.5,16,8000066,True,False,5.1453,0,0,0.181,6.7,11,0.0
odometry_pods,unplanned_blocker,0.5,16,8000066,True,False,5.4093,0,0,0.177,1.485,12,279.99
distance_sensors,unplanned_blocker,0.5,16,8000066,True,False,5.1453,0,0,0.094,6.7,11,94.5
apriltag,unplanned_blocker,0.5,16,8000066,True,False,5.1953,0,1,0.284,3.499,11,25.0
full_suite,unplanned_blocker,0.5,16,8000066,True,False,5.4593,0,1,0.144,0.595,12,399.49
dead_reckoning,unplanned_blocker,0.5,17,8000067,False,False,15.9977,0,0,1.493,3.847,24,0.0
odometry_pods,unplanned_blocker,0.5,17,8000067,True,False,13.2954,0,0,1.27,0.513,24,279.99
distance_sensors,unplanned_blocker,0.5,17,8000067,True,False,11.9072,0,3,1.717,3.907,21,94.5
apriltag,unplanned_blocker,0.5,17,8000067,True,False,13.5032,0,13,4.561,2.343,24,25.0
full_suite,unplanned_blocker,0.5,17,8000067,True,False,12.2072,0,9,2.967,1.031,21,399.49
dead_reckoning,unplanned_blocker,0.5,18,8000068,True,False,7.2693,0,0,0.273,3.733,12,0.0
odometry_pods,unplanned_blocker,0.5,18,8000068,True,False,6.6821,0,0,0.269,0.708,12,279.99
distance_sensors,unplanned_blocker,0.5,18,8000068,True,False,6.1512,0,0,0.278,4.051,10,94.5
apriltag,unplanned_blocker,0.5,18,8000068,True,False,6.8821,0,4,0.551,2.336,12,25.0
full_suite,unplanned_blocker,0.5,18,8000068,True,False,6.2512,0,2,0.318,0.413,10,399.49
dead_reckoning,unplanned_blocker,0.5,19,8000069,False,False,5.1318,1,0,1.101,3.631,11,0.0
odometry_pods,unplanned_blocker,0.5,19,8000069,False,False,5.3959,1,0,1.134,0.797,11,279.99
distance_sensors,unplanned_blocker,0.5,19,8000069,False,False,11.7486,0,0,0.45,8.037,21,94.5
apriltag,unplanned_blocker,0.5,19,8000069,False,False,5.6959,1,6,5.594,0.56,11,25.0
full_suite,unplanned_blocker,0.5,19,8000069,True,False,11.0054,0,11,2.676,0.077,21,399.49
dead_reckoning,unplanned_blocker,0.5,20,8000070,False,False,5.399,0,0,0.179,10.034,8,0.0
odometry_pods,unplanned_blocker,0.5,20,8000070,False,False,1.5021,1,0,0.177,0.912,3,279.99
distance_sensors,unplanned_blocker,0.5,20,8000070,False,False,1.5521,0,1,0.079,4.559,3,94.5
apriltag,unplanned_blocker,0.5,20,8000070,False,False,5.399,0,0,0.186,10.034,8,25.0
full_suite,unplanned_blocker,0.5,20,8000070,True,False,3.961,0,0,0.074,1.69,7,399.49
dead_reckoning,unplanned_blocker,0.5,21,8000071,False,False,10.0605,0,0,0.748,6.467,16,0.0
odometry_pods,unplanned_blocker,0.5,21,8000071,True,False,9.6538,0,0,0.955,1.047,16,279.99
distance_sensors,unplanned_blocker,0.5,21,8000071,False,False,1.1165,1,0,0.355,2.861,2,94.5
apriltag,unplanned_blocker,0.5,21,8000071,False,False,9.9406,0,2,0.761,4.611,16,25.0
full_suite,unplanned_blocker,0.5,21,8000071,False,False,1.1165,1,0,0.35,0.572,2,399.49
dead_reckoning,unplanned_blocker,0.5,22,8000072,True,False,4.284,0,0,0.243,2.121,7,0.0
odometry_pods,unplanned_blocker,0.5,22,8000072,True,False,4.284,0,0,0.241,0.424,7,279.99
distance_sensors,unplanned_blocker,0.5,22,8000072,True,False,3.9134,0,0,0.07,1.818,7,94.5
apriltag,unplanned_blocker,0.5,22,8000072,True,False,4.434,0,3,0.81,2.358,7,25.0
full_suite,unplanned_blocker,0.5,22,8000072,True,False,4.0134,0,2,0.194,0.79,7,399.49
dead_reckoning,unplanned_blocker,0.5,23,8000073,False,False,14.3333,1,0,2.692,5.612,27,0.0
odometry_pods,unplanned_blocker,0.5,23,8000073,True,False,15.6857,0,0,2.475,1.171,30,279.99
distance_sensors,unplanned_blocker,0.5,23,8000073,True,False,14.7752,0,1,1.006,3.791,26,94.5
apriltag,unplanned_blocker,0.5,23,8000073,False,False,15.8083,0,4,6.402,4.503,29,25.0
full_suite,unplanned_blocker,0.5,23,8000073,True,False,15.1392,0,7,2.044,1.082,27,399.49
dead_reckoning,unplanned_blocker,0.5,24,8000074,False,False,0.0,1,0,1.342,0.0,0,0.0
odometry_pods,unplanned_blocker,0.5,24,8000074,False,False,0.0,1,0,1.292,0.0,0,279.99
distance_sensors,unplanned_blocker,0.5,24,8000074,False,False,0.0,1,0,0.453,0.0,0,94.5
apriltag,unplanned_blocker,0.5,24,8000074,False,False,0.0,1,0,1.308,0.0,0,25.0
full_suite,unplanned_blocker,0.5,24,8000074,False,False,0.0,1,0,0.424,0.0,0,399.49
dead_reckoning,unplanned_blocker,0.6,0,8000060,False,False,4.8189,1,0,0.355,0.514,8,0.0
odometry_pods,unplanned_blocker,0.6,0,8000060,False,False,4.8189,1,0,0.354,0.103,8,279.99
distance_sensors,unplanned_blocker,0.6,0,8000060,True,False,4.9894,0,0,0.211,0.505,8,94.5
apriltag,unplanned_blocker,0.6,0,8000060,False,False,4.8689,1,1,0.423,0.328,8,25.0
full_suite,unplanned_blocker,0.6,0,8000060,True,False,5.0394,0,1,0.253,0.055,8,399.49
dead_reckoning,unplanned_blocker,0.6,1,8000061,False,False,2.5737,1,0,0.42,1.824,4,0.0
odometry_pods,unplanned_blocker,0.6,1,8000061,False,False,2.5737,1,0,0.395,0.365,4,279.99
distance_sensors,unplanned_blocker,0.6,1,8000061,True,False,5.2143,0,0,0.177,2.972,10,94.5
apriltag,unplanned_blocker,0.6,1,8000061,False,False,2.7737,1,4,1.427,0.575,4,25.0
full_suite,unplanned_blocker,0.6,1,8000061,True,False,5.4784,0,4,0.626,0.333,10,399.49
dead_reckoning,unplanned_blocker,0.6,2,8000062,False,False,1.0196,1,0,0.17,3.082,2,0.0
odometry_pods,unplanned_blocker,0.6,2,8000062,False,False,1.0196,1,0,0.171,0.616,2,279.99
distance_sensors,unplanned_blocker,0.6,2,8000062,False,False,3.2931,1,0,0.086,4.098,5,94.5
apriltag,unplanned_blocker,0.6,2,8000062,False,False,1.0696,1,1,0.313,0.573,2,25.0
full_suite,unplanned_blocker,0.6,2,8000062,True,False,3.9925,0,3,0.25,0.731,6,399.49
dead_reckoning,unplanned_blocker,0.6,3,8000063,False,False,12.3424,0,0,1.095,4.993,21,0.0
odometry_pods,unplanned_blocker,0.6,3,8000063,True,False,12.0111,0,0,1.351,1.188,21,279.99
distance_sensors,unplanned_blocker,0.6,3,8000063,False,False,6.868,1,1,0.858,4.299,11,94.5
apriltag,unplanned_blocker,0.6,3,8000063,False,False,10.1227,1,4,2.807,3.975,17,25.0
full_suite,unplanned_blocker,0.6,3,8000063,True,False,10.558,0,7,1.426,0.266,17,399.49
dead_reckoning,unplanned_blocker,0.6,4,8000064,False,False,2.9075,1,0,0.221,1.85,5,0.0
odometry_pods,unplanned_blocker,0.6,4,8000064,False,False,2.9075,1,0,0.212,0.37,5,279.99
distance_sensors,unplanned_blocker,0.6,4,8000064,False,False,6.5814,0,1,0.748,4.117,11,94.5
apriltag,unplanned_blocker,0.6,4,8000064,False,False,2.9075,1,0,0.239,1.85,5,25.0
full_suite,unplanned_blocker,0.6,4,8000064,True,False,7.0822,0,2,0.762,1.059,12,399.49
dead_reckoning,unplanned_blocker,0.6,5,8000065,False,False,4.4915,1,0,1.108,4.731,9,0.0
odometry_pods,unplanned_blocker,0.6,5,8000065,False,False,4.4915,1,0,1.111,0.946,8,279.99
distance_sensors,unplanned_blocker,0.6,5,8000065,False,False,6.057,1,0,0.198,4.707,9,94.5
apriltag,unplanned_blocker,0.6,5,8000065,False,False,5.4423,1,2,2.371,2.972,10,25.0
full_suite,unplanned_blocker,0.6,5,8000065,True,False,8.9624,0,3,0.385,0.637,16,399.49
dead_reckoning,unplanned_blocker,0.6,6,8000066,True,False,5.1453,0,0,0.18,6.7,11,0.0
odometry_pods,unplanned_blocker,0.6,6,8000066,True,False,5.4093,0,0,0.177,1.485,12,279.99
distance_sensors,unplanned_blocker,0.6,6,8000066,True,False,5.1453,0,0,0.095,6.7,11,94.5
apriltag,unplanned_blocker,0.6,6,8000066,True,False,5.1953,0,1,0.296,3.499,11,25.0
full_suite,unplanned_blocker,0.6,6,8000066,True,False,5.4593,0,1,0.148,0.595,12,399.49
dead_reckoning,unplanned_blocker,0.6,7,8000067,False,False,15.9977,0,0,1.267,3.847,24,0.0
odometry_pods,unplanned_blocker,0.6,7,8000067,True,False,13.2954,0,0,1.216,0.513,24,279.99
distance_sensors,unplanned_blocker,0.6,7,8000067,True,False,11.9072,0,3,1.675,3.907,21,94.5
apriltag,unplanned_blocker,0.6,7,8000067,True,False,13.5032,0,13,4.584,2.343,24,25.0
full_suite,unplanned_blocker,0.6,7,8000067,True,False,12.2072,0,9,2.773,1.031,21,399.49
dead_reckoning,unplanned_blocker,0.6,8,8000068,True,False,7.2693,0,0,0.276,3.733,12,0.0
odometry_pods,unplanned_blocker,0.6,8,8000068,True,False,6.6821,0,0,0.274,0.708,12,279.99
distance_sensors,unplanned_blocker,0.6,8,8000068,True,False,6.1512,0,0,0.281,4.051,10,94.5
apriltag,unplanned_blocker,0.6,8,8000068,True,False,6.8821,0,4,0.569,2.336,12,25.0
full_suite,unplanned_blocker,0.6,8,8000068,True,False,6.2512,0,2,0.328,0.413,10,399.49
dead_reckoning,unplanned_blocker,0.6,9,8000069,False,False,5.1318,1,0,1.112,3.631,11,0.0
odometry_pods,unplanned_blocker,0.6,9,8000069,False,False,5.3959,1,0,1.098,0.797,11,279.99
distance_sensors,unplanned_blocker,0.6,9,8000069,False,False,11.7486,0,0,0.426,8.037,21,94.5
apriltag,unplanned_blocker,0.6,9,8000069,False,False,5.6959,1,6,6.326,0.56,11,25.0
full_suite,unplanned_blocker,0.6,9,8000069,True,False,11.0054,0,11,2.568,0.077,21,399.49
dead_reckoning,unplanned_blocker,0.6,10,8000070,False,False,5.399,0,0,0.18,10.034,8,0.0
odometry_pods,unplanned_blocker,0.6,10,8000070,False,False,1.5021,1,0,0.178,0.912,3,279.99
distance_sensors,unplanned_blocker,0.6,10,8000070,False,False,1.5521,0,1,0.08,4.559,3,94.5
apriltag,unplanned_blocker,0.6,10,8000070,False,False,5.399,0,0,0.189,10.034,8,25.0
full_suite,unplanned_blocker,0.6,10,8000070,True,False,3.961,0,0,0.073,1.69,7,399.49
dead_reckoning,unplanned_blocker,0.6,11,8000071,False,False,10.0605,0,0,0.738,6.467,16,0.0
odometry_pods,unplanned_blocker,0.6,11,8000071,True,False,9.6538,0,0,0.725,1.047,16,279.99
distance_sensors,unplanned_blocker,0.6,11,8000071,False,False,1.1165,1,0,0.349,2.861,2,94.5
apriltag,unplanned_blocker,0.6,11,8000071,False,False,9.9406,0,2,0.78,4.611,16,25.0
full_suite,unplanned_blocker,0.6,11,8000071,False,False,1.1165,1,0,0.361,0.572,2,399.49
dead_reckoning,unplanned_blocker,0.6,12,8000072,False,False,0.8087,1,0,0.245,0.524,1,0.0
odometry_pods,unplanned_blocker,0.6,12,8000072,False,False,0.8087,1,0,0.244,0.105,1,279.99
distance_sensors,unplanned_blocker,0.6,12,8000072,True,False,3.9134,0,0,0.069,1.818,7,94.5
apriltag,unplanned_blocker,0.6,12,8000072,False,False,0.8087,1,0,0.249,0.524,1,25.0
full_suite,unplanned_blocker,0.6,12,8000072,True,False,3.9634,0,1,0.114,0.95,7,399.49
dead_reckoning,unplanned_blocker,0.6,13,8000073,False,False,14.3333,1,0,2.94,5.612,27,0.0
odometry_pods,unplanned_blocker,0.6,13,8000073,True,False,15.6857,0,0,2.437,1.171,30,279.99
distance_sensors,unplanned_blocker,0.6,13,8000073,True,False,14.7752,0,1,0.949,3.791,26,94.5
apriltag,unplanned_blocker,0.6,13,8000073,False,False,15.8083,0,4,5.294,4.503,29,25.0
full_suite,unplanned_blocker,0.6,13,8000073,True,False,15.1392,0,7,1.819,1.082,27,399.49
dead_reckoning,unplanned_blocker,0.6,14,8000074,False,False,0.0,1,0,1.287,0.0,0,0.0
odometry_pods,unplanned_blocker,0.6,14,8000074,False,False,0.0,1,0,1.503,0.0,0,279.99
distance_sensors,unplanned_blocker,0.6,14,8000074,False,False,0.0,1,0,0.459,0.0,0,94.5
apriltag,unplanned_blocker,0.6,14,8000074,False,False,0.0,1,0,1.328,0.0,0,25.0
full_suite,unplanned_blocker,0.6,14,8000074,False,False,0.0,1,0,0.425,0.0,0,399.49
dead_reckoning,unplanned_blocker,0.6,15,8000075,False,False,6.3678,1,0,0.985,2.86,12,0.0
odometry_pods,unplanned_blocker,0.6,15,8000075,False,False,6.3678,1,0,0.983,0.572,12,279.99
distance_sensors,unplanned_blocker,0.6,15,8000075,False,False,0.5482,1,0,0.438,2.599,1,94.5
apriltag,unplanned_blocker,0.6,15,8000075,False,False,6.5678,1,4,2.206,1.073,12,25.0
full_suite,unplanned_blocker,0.6,15,8000075,False,False,0.5482,1,0,0.434,0.52,1,399.49
dead_reckoning,unplanned_blocker,0.6,16,8000076,False,False,0.4508,1,0,0.118,0.633,1,0.0
odometry_pods,unplanned_blocker,0.6,16,8000076,False,False,0.4508,1,0,0.116,0.127,1,279.99
distance_sensors,unplanned_blocker,0.6,16,8000076,True,False,3.0245,0,0,0.105,3.328,5,94.5
apriltag,unplanned_blocker,0.6,16,8000076,False,False,0.4508,1,0,0.124,0.633,1,25.0
full_suite,unplanned_blocker,0.6,16,8000076,True,False,3.0245,0,0,0.104,0.666,5,399.49
dead_reckoning,unplanned_blocker,0.6,17,8000077,False,False,7.3443,1,0,1.365,2.7,13,0.0
odometry_pods,unplanned_blocker,0.6,17,8000077,False,False,7.3443,1,0,1.36,0.54,13,279.99
distance_sensors,unplanned_blocker,0.6,17,8000077,False,False,5.1272,1,1,1.039,3.898,11,94.5
apriltag,unplanned_blocker,0.6,17,8000077,False,False,7.3443,1,0,1.419,2.7,13,25.0
full_suite,unplanned_blocker,0.6,17,8000077,True,False,15.0661,0,11,2.544,0.102,26,399.49
dead_reckoning,unplanned_blocker,0.6,18,8000078,False,False,5.3111,1,0,0.363,3.812,10,0.0
odometry_pods,unplanned_blocker,0.6,18,8000078,False,False,5.7619,1,0,0.362,0.727,11,279.99
distance_sensors,unplanned_blocker,0.6,18,8000078,False,False,8.7487,1,2,0.505,4.031,14,94.5
apriltag,unplanned_blocker,0.6,18,8000078,False,False,5.3111,1,0,0.386,3.812,10,25.0
full_suite,unplanned_blocker,0.6,18,8000078,True,False,8.0789,0,3,0.61,0.488,15,399.49
dead_reckoning,unplanned_blocker,0.6,19,8000079,False,False,0.0,1,0,0.923,0.0,0,0.0
odometry_pods,unplanned_blocker,0.6,19,8000079,False,False,0.0,1,0,0.869,0.0,0,279.99
distance_sensors,unplanned_blocker,0.6,19,8000079,False,False,6.4006,1,0,0.276,5.712,10,94.5
apriltag,unplanned_blocker,0.6,19,8000079,False,False,0.0,1,0,0.883,0.0,0,25.0
full_suite,unplanned_blocker,0.6,19,8000079,True,False,8.5678,0,10,1.168,0.577,15,399.49
dead_reckoning,unplanned_blocker,0.6,20,8000080,False,False,6.3436,1,0,1.005,3.836,12,0.0
odometry_pods,unplanned_blocker,0.6,20,8000080,False,False,5.9436,1,0,0.999,0.788,11,279.99
distance_sensors,unplanned_blocker,0.6,20,8000080,False,False,1.9585,1,1,0.592,3.533,3,94.5
apriltag,unplanned_blocker,0.6,20,8000080,True,False,9.3878,0,4,3.499,2.619,14,25.0
full_suite,unplanned_blocker,0.6,20,8000080,True,False,8.1229,0,4,1.187,0.569,14,399.49
dead_reckoning,unplanned_blocker,0.6,21,8000081,False,False,5.7455,1,0,0.636,6.563,10,0.0
odometry_pods,unplanned_blocker,0.6,21,8000081,True,False,9.9843,0,0,0.869,1.948,18,279.99
distance_sensors,unplanned_blocker,0.6,21,8000081,False,False,5.8578,0,0,0.232,5.962,10,94.5
apriltag,unplanned_blocker,0.6,21,8000081,False,False,8.2614,1,0,0.69,5.837,15,25.0
full_suite,unplanned_blocker,0.6,21,8000081,True,False,6.6353,0,3,0.549,0.841,11,399.49
dead_reckoning,unplanned_blocker,0.6,22,8000082,False,False,9.7949,1,0,0.919,3.186,19,0.0
odometry_pods,unplanned_blocker,0.6,22,8000082,True,False,10.5309,0,0,0.895,0.751,20,279.99
distance_sensors,unplanned_blocker,0.6,22,8000082,False,False,2.734,1,1,0.865,2.247,5,94.5
apriltag,unplanned_blocker,0.6,22,8000082,True,False,10.9309,0,8,2.496,1.575,20,25.0
full_suite,unplanned_blocker,0.6,22,8000082,False,False,2.734,1,1,0.898,0.449,5,399.49
dead_reckoning,unplanned_blocker,0.6,23,8000083,False,False,10.3105,1,0,1.435,13.461,18,0.0
odometry_pods,unplanned_blocker,0.6,23,8000083,False,False,7.1979,1,0,1.425,1.156,13,279.99
distance_sensors,unplanned_blocker,0.6,23,8000083,False,False,0.0,1,0,0.467,0.0,0,94.5
apriltag,unplanned_blocker,0.6,23,8000083,False,False,7.7979,1,12,9.498,1.058,13,25.0
full_suite,unplanned_blocker,0.6,23,8000083,False,False,0.0,1,0,0.466,0.0,0,399.49
dead_reckoning,unplanned_blocker,0.6,24,8000084,False,False,9.1621,1,0,0.795,8.585,13,0.0
odometry_pods,unplanned_blocker,0.6,24,8000084,True,False,9.9277,0,0,0.798,1.495,16,279.99
distance_sensors,unplanned_blocker,0.6,24,8000084,False,False,0.0,1,0,0.151,0.0,0,94.5
apriltag,unplanned_blocker,0.6,24,8000084,False,False,10.7879,0,2,1.068,3.437,17,25.0
full_suite,unplanned_blocker,0.6,24,8000084,False,False,0.0,1,0,0.149,0.0,0,399.49
dead_reckoning,unplanned_blocker,0.7,0,8000070,False,False,5.399,0,0,0.178,10.034,8,0.0
odometry_pods,unplanned_blocker,0.7,0,8000070,False,False,1.5021,1,0,0.177,0.912,3,279.99
distance_sensors,unplanned_blocker,0.7,0,8000070,False,False,1.5521,0,1,0.08,4.559,3,94.5
apriltag,unplanned_blocker,0.7,0,8000070,False,False,5.399,0,0,0.186,10.034,8,25.0
full_suite,unplanned_blocker,0.7,0,8000070,True,False,3.961,0,0,0.074,1.69,7,399.49
dead_reckoning,unplanned_blocker,0.7,1,8000071,False,False,10.0605,0,0,0.726,6.467,16,0.0
odometry_pods,unplanned_blocker,0.7,1,8000071,True,False,9.6538,0,0,0.723,1.047,16,279.99
distance_sensors,unplanned_blocker,0.7,1,8000071,False,False,1.1165,1,0,0.396,2.861,2,94.5
apriltag,unplanned_blocker,0.7,1,8000071,False,False,9.9406,0,2,0.841,4.611,16,25.0
full_suite,unplanned_blocker,0.7,1,8000071,False,False,1.1165,1,0,0.367,0.572,2,399.49
dead_reckoning,unplanned_blocker,0.7,2,8000072,False,False,0.8087,1,0,0.239,0.524,1,0.0
odometry_pods,unplanned_blocker,0.7,2,8000072,False,False,0.8087,1,0,0.238,0.105,1,279.99
distance_sensors,unplanned_blocker,0.7,2,8000072,True,False,3.9134,0,0,0.076,1.818,7,94.5
apriltag,unplanned_blocker,0.7,2,8000072,False,False,0.8087,1,0,0.256,0.524,1,25.0
full_suite,unplanned_blocker,0.7,2,8000072,True,False,3.9634,0,1,0.114,0.95,7,399.49
dead_reckoning,unplanned_blocker,0.7,3,8000073,False,False,14.3333,1,0,2.392,5.612,27,0.0
odometry_pods,unplanned_blocker,0.7,3,8000073,True,False,15.6857,0,0,2.398,1.171,30,279.99
distance_sensors,unplanned_blocker,0.7,3,8000073,True,False,14.7752,0,1,1.151,3.791,26,94.5
apriltag,unplanned_blocker,0.7,3,8000073,False,False,15.8083,0,4,5.073,4.503,29,25.0
full_suite,unplanned_blocker,0.7,3,8000073,True,False,15.1392,0,7,1.823,1.082,27,399.49
dead_reckoning,unplanned_blocker,0.7,4,8000074,False,False,0.0,1,0,1.451,0.0,0,0.0
odometry_pods,unplanned_blocker,0.7,4,8000074,False,False,0.0,1,0,1.31,0.0,0,279.99
distance_sensors,unplanned_blocker,0.7,4,8000074,False,False,0.0,1,0,0.43,0.0,0,94.5
apriltag,unplanned_blocker,0.7,4,8000074,False,False,0.0,1,0,1.396,0.0,0,25.0
full_suite,unplanned_blocker,0.7,4,8000074,False,False,0.0,1,0,0.618,0.0,0,399.49
dead_reckoning,unplanned_blocker,0.7,5,8000075,False,False,6.3678,1,0,0.985,2.86,12,0.0
odometry_pods,unplanned_blocker,0.7,5,8000075,False,False,6.3678,1,0,0.98,0.572,12,279.99
distance_sensors,unplanned_blocker,0.7,5,8000075,False,False,0.5482,1,0,0.449,2.599,1,94.5
apriltag,unplanned_blocker,0.7,5,8000075,False,False,6.5678,1,4,2.215,1.073,12,25.0
full_suite,unplanned_blocker,0.7,5,8000075,False,False,0.5482,1,0,0.434,0.52,1,399.49
dead_reckoning,unplanned_blocker,0.7,6,8000076,False,False,0.4508,1,0,0.118,0.633,1,0.0
odometry_pods,unplanned_blocker,0.7,6,8000076,False,False,0.4508,1,0,0.117,0.127,1,279.99
distance_sensors,unplanned_blocker,0.7,6,8000076,True,False,3.0245,0,0,0.105,3.328,5,94.5
apriltag,unplanned_blocker,0.7,6,8000076,False,False,0.4508,1,0,0.126,0.633,1,25.0
full_suite,unplanned_blocker,0.7,6,8000076,True,False,3.0245,0,0,0.104,0.666,5,399.49
dead_reckoning,unplanned_blocker,0.7,7,8000077,False,False,7.3443,1,0,1.614,2.7,13,0.0
odometry_pods,unplanned_blocker,0.7,7,8000077,False,False,7.3443,1,0,1.391,0.54,13,279.99
distance_sensors,unplanned_blocker,0.7,7,8000077,False,False,5.1272,1,1,1.043,3.898,11,94.5
apriltag,unplanned_blocker,0.7,7,8000077,False,False,7.3443,1,0,1.485,2.7,13,25.0
full_suite,unplanned_blocker,0.7,7,8000077,True,False,15.0661,0,11,2.529,0.102,26,399.49
dead_reckoning,unplanned_blocker,0.7,8,8000078,False,False,5.3111,1,0,0.362,3.812,10,0.0
odometry_pods,unplanned_blocker,0.7,8,8000078,False,False,5.7619,1,0,0.361,0.727,11,279.99
distance_sensors,unplanned_blocker,0.7,8,8000078,False,False,8.7487,1,2,0.499,4.031,14,94.5
apriltag,unplanned_blocker,0.7,8,8000078,False,False,5.3111,1,0,0.381,3.812,10,25.0
full_suite,unplanned_blocker,0.7,8,8000078,True,False,8.0789,0,3,0.728,0.488,15,399.49
dead_reckoning,unplanned_blocker,0.7,9,8000079,False,False,0.0,1,0,0.926,0.0,0,0.0
odometry_pods,unplanned_blocker,0.7,9,8000079,False,False,0.0,1,0,1.258,0.0,0,279.99
distance_sensors,unplanned_blocker,0.7,9,8000079,False,False,6.4006,1,0,0.261,5.712,10,94.5
apriltag,unplanned_blocker,0.7,9,8000079,False,False,0.0,1,0,0.986,0.0,0,25.0
full_suite,unplanned_blocker,0.7,9,8000079,True,False,8.5678,0,10,1.183,0.577,15,399.49
dead_reckoning,unplanned_blocker,0.7,10,8000080,False,False,6.3436,1,0,1.059,3.836,12,0.0
odometry_pods,unplanned_blocker,0.7,10,8000080,False,False,5.9436,1,0,1.245,0.788,11,279.99
distance_sensors,unplanned_blocker,0.7,10,8000080,False,False,1.9585,1,1,0.599,3.533,3,94.5
apriltag,unplanned_blocker,0.7,10,8000080,True,False,9.3878,0,4,3.52,2.619,14,25.0
full_suite,unplanned_blocker,0.7,10,8000080,True,False,8.1229,0,4,1.179,0.569,14,399.49
dead_reckoning,unplanned_blocker,0.7,11,8000081,False,False,5.7455,1,0,0.659,6.563,10,0.0
odometry_pods,unplanned_blocker,0.7,11,8000081,False,False,6.3436,1,0,0.648,1.199,11,279.99
distance_sensors,unplanned_blocker,0.7,11,8000081,False,False,5.8578,0,0,0.223,5.962,10,94.5
apriltag,unplanned_blocker,0.7,11,8000081,False,False,5.5222,1,0,0.687,5.907,10,25.0
full_suite,unplanned_blocker,0.7,11,8000081,True,False,6.6353,0,3,0.547,0.841,11,399.49
dead_reckoning,unplanned_blocker,0.7,12,8000082,False,False,9.7949,1,0,0.899,3.186,19,0.0
odometry_pods,unplanned_blocker,0.7,12,8000082,True,False,10.5309,0,0,0.898,0.751,20,279.99
distance_sensors,unplanned_blocker,0.7,12,8000082,False,False,2.734,1,1,0.869,2.247,5,94.5
apriltag,unplanned_blocker,0.7,12,8000082,True,False,10.9309,0,8,2.388,1.575,20,25.0
full_suite,unplanned_blocker,0.7,12,8000082,False,False,2.734,1,1,0.866,0.449,5,399.49
dead_reckoning,unplanned_blocker,0.7,13,8000083,False,False,10.3105,1,0,1.438,13.461,18,0.0
odometry_pods,unplanned_blocker,0.7,13,8000083,False,False,7.1979,1,0,1.428,1.156,13,279.99
distance_sensors,unplanned_blocker,0.7,13,8000083,False,False,0.0,1,0,0.481,0.0,0,94.5
apriltag,unplanned_blocker,0.7,13,8000083,False,False,7.7979,1,12,9.726,1.058,13,25.0
full_suite,unplanned_blocker,0.7,13,8000083,False,False,0.0,1,0,0.484,0.0,0,399.49
dead_reckoning,unplanned_blocker,0.7,14,8000084,False,False,9.1621,1,0,0.807,8.585,13,0.0
odometry_pods,unplanned_blocker,0.7,14,8000084,True,False,9.9277,0,0,0.807,1.495,16,279.99
distance_sensors,unplanned_blocker,0.7,14,8000084,False,False,0.0,1,0,0.154,0.0,0,94.5
apriltag,unplanned_blocker,0.7,14,8000084,False,False,10.7879,0,2,1.074,3.437,17,25.0
full_suite,unplanned_blocker,0.7,14,8000084,False,False,0.0,1,0,0.166,0.0,0,399.49
dead_reckoning,unplanned_blocker,0.7,15,8000085,True,False,6.6545,0,0,0.252,2.027,10,0.0
odometry_pods,unplanned_blocker,0.7,15,8000085,True,False,6.6545,0,0,0.263,0.405,10,279.99
distance_sensors,unplanned_blocker,0.7,15,8000085,True,False,4.9185,0,0,0.1,2.757,9,94.5
apriltag,unplanned_blocker,0.7,15,8000085,True,False,6.6545,0,0,0.258,2.027,10,25.0
full_suite,unplanned_blocker,0.7,15,8000085,True,False,4.9685,0,1,0.181,0.587,9,399.49
dead_reckoning,unplanned_blocker,0.7,16,8000086,True,False,3.6425,0,0,0.274,2.592,6,0.0
odometry_pods,unplanned_blocker,0.7,16,8000086,True,False,3.6425,0,0,0.273,0.518,6,279.99
distance_sensors,unplanned_blocker,0.7,16,8000086,True,False,3.8425,0,0,0.086,3.477,6,94.5
apriltag,unplanned_blocker,0.7,16,8000086,True,False,3.6425,0,0,0.43,2.592,6,25.0
full_suite,unplanned_blocker,0.7,16,8000086,True,False,3.8425,0,0,0.092,0.695,6,399.49
dead_reckoning,unplanned_blocker,0.7,17,8000087,False,False,11.0949,0,0,1.727,6.896,21,0.0
odometry_pods,unplanned_blocker,0.7,17,8000087,True,False,11.7244,0,0,1.74,1.291,21,279.99
distance_sensors,unplanned_blocker,0.7,17,8000087,False,False,9.8439,0,1,0.661,7.79,18,94.5
apriltag,unplanned_blocker,0.7,17,8000087,True,False,13.0684,0,13,12.515,6.569,20,25.0
full_suite,unplanned_blocker,0.7,17,8000087,True,False,9.7235,0,6,1.57,0.289,18,399.49
dead_reckoning,unplanned_blocker,0.7,18,8000088,False,False,2.3212,1,0,0.492,2.498,4,0.0
odometry_pods,unplanned_blocker,0.7,18,8000088,False,False,2.3212,1,0,0.548,0.5,4,279.99
distance_sensors,unplanned_blocker,0.7,18,8000088,True,False,6.8081,0,0,0.244,1.778,11,94.5
apriltag,unplanned_blocker,0.7,18,8000088,False,False,2.5212,1,4,1.839,1.014,4,25.0
full_suite,unplanned_blocker,0.7,18,8000088,True,False,6.0375,0,4,0.666,1.02,11,399.49
dead_reckoning,unplanned_blocker,0.7,19,8000089,False,False,2.9675,1,0,0.634,5.811,6,0.0
odometry_pods,unplanned_blocker,0.7,19,8000089,False,False,2.9675,1,0,1.29,1.162,5,279.99
distance_sensors,unplanned_blocker,0.7,19,8000089,False,False,3.6183,1,0,0.231,6.954,7,94.5
apriltag,unplanned_blocker,0.7,19,8000089,False,False,4.433,1,6,3.225,1.092,6,25.0
full_suite,unplanned_blocker,0.7,19,8000089,True,False,5.3559,0,2,0.421,1.179,9,399.49
dead_reckoning,unplanned_blocker,0.7,20,8000090,False,False,0.818,1,0,0.706,0.594,1,0.0
odometry_pods,unplanned_blocker,0.7,20,8000090,False,False,0.818,1,0,0.732,0.119,1,279.99
distance_sensors,unplanned_blocker,0.7,20,8000090,False,False,6.6986,0,1,0.712,5.485,13,94.5
apriltag,unplanned_blocker,0.7,20,8000090,False,False,0.818,1,0,0.774,0.59,1,25.0
full_suite,unplanned_blocker,0.7,20,8000090,True,False,6.8773,0,1,0.731,0.995,13,399.49
dead_reckoning,unplanned_blocker,0.7,21,8000091,False,False,0.0,1,0,0.603,0.0,0,0.0
odometry_pods,unplanned_blocker,0.7,21,8000091,False,False,0.0,1,0,0.605,0.0,0,279.99
distance_sensors,unplanned_blocker,0.7,21,8000091,False,False,0.0,1,0,0.406,0.0,0,94.5
apriltag,unplanned_blocker,0.7,21,8000091,False,False,0.0,1,0,0.663,0.0,0,25.0
full_suite,unplanned_blocker,0.7,21,8000091,False,False,0.0,1,0,0.411,0.0,0,399.49
dead_reckoning,unplanned_blocker,0.7,22,8000092,False,False,9.4757,1,0,2.505,4.842,17,0.0
odometry_pods,unplanned_blocker,0.7,22,8000092,True,False,12.0258,0,0,2.178,1.308,21,279.99
distance_sensors,unplanned_blocker,0.7,22,8000092,False,False,10.0492,0,1,0.532,4.715,19,94.5
apriltag,unplanned_blocker,0.7,22,8000092,True,False,12.9258,0,18,21.212,1.783,21,25.0
full_suite,unplanned_blocker,0.7,22,8000092,True,False,9.9125,0,6,1.488,0.546,19,399.49
dead_reckoning,unplanned_blocker,0.7,23,8000093,True,False,11.6237,0,0,1.272,3.988,18,0.0
odometry_pods,unplanned_blocker,0.7,23,8000093,False,False,5.3402,1,0,1.236,0.844,9,279.99
distance_sensors,unplanned_blocker,0.7,23,8000093,False,False,0.0,1,0,0.273,0.0,0,94.5
apriltag,unplanned_blocker,0.7,23,8000093,False,False,5.8755,1,1,1.764,2.934,9,25.0
full_suite,unplanned_blocker,0.7,23,8000093,False,False,0.0,1,0,0.279,0.0,0,399.49
dead_reckoning,unplanned_blocker,0.7,24,8000094,False,False,0.0,1,0,1.259,0.0,0,0.0
odometry_pods,unplanned_blocker,0.7,24,8000094,False,False,0.0,1,0,1.136,0.0,0,279.99
distance_sensors,unplanned_blocker,0.7,24,8000094,True,False,8.8057,0,1,0.521,0.755,16,94.5
apriltag,unplanned_blocker,0.7,24,8000094,False,False,0.0,1,0,1.1,0.0,0,25.0
full_suite,unplanned_blocker,0.7,24,8000094,True,False,8.5402,0,3,0.906,0.226,15,399.49
dead_reckoning,unplanned_blocker,0.8,0,8000080,False,False,6.3436,1,0,1.062,3.836,12,0.0
odometry_pods,unplanned_blocker,0.8,0,8000080,False,False,5.9436,1,0,1.004,0.788,11,279.99
distance_sensors,unplanned_blocker,0.8,0,8000080,False,False,1.9585,1,1,0.588,3.533,3,94.5
apriltag,unplanned_blocker,0.8,0,8000080,True,False,9.3878,0,4,3.559,2.619,14,25.0
full_suite,unplanned_blocker,0.8,0,8000080,True,False,8.1229,0,4,1.178,0.569,14,399.49
dead_reckoning,unplanned_blocker,0.8,1,8000081,False,False,5.7455,1,0,0.736,6.563,10,0.0
odometry_pods,unplanned_blocker,0.8,1,8000081,False,False,6.3436,1,0,0.809,1.199,11,279.99
distance_sensors,unplanned_blocker,0.8,1,8000081,False,False,5.8578,0,0,0.237,5.962,10,94.5
apriltag,unplanned_blocker,0.8,1,8000081,False,False,5.5222,1,0,0.675,5.907,10,25.0
full_suite,unplanned_blocker,0.8,1,8000081,True,False,6.6353,0,3,0.562,0.841,11,399.49
dead_reckoning,unplanned_blocker,0.8,2,8000082,False,False,4.8018,1,0,1.015,2.204,9,0.0
odometry_pods,unplanned_blocker,0.8,2,8000082,False,False,4.8018,1,0,0.94,0.441,9,279.99
distance_sensors,unplanned_blocker,0.8,2,8000082,False,False,2.734,1,1,0.893,2.247,5,94.5
apriltag,unplanned_blocker,0.8,2,8000082,False,False,4.8018,1,0,1.118,2.204,9,25.0
full_suite,unplanned_blocker,0.8,2,8000082,False,False,2.734,1,1,0.887,0.449,5,399.49
dead_reckoning,unplanned_blocker,0.8,3,8000083,False,False,10.3105,1,0,1.451,13.461,18,0.0
odometry_pods,unplanned_blocker,0.8,3,8000083,False,False,7.1979,1,0,1.427,1.156,13,279.99
distance_sensors,unplanned_blocker,0.8,3,8000083,False,False,0.0,1,0,0.465,0.0,0,94.5
apriltag,unplanned_blocker,0.8,3,8000083,False,False,7.7979,1,12,9.533,1.058,13,25.0
full_suite,unplanned_blocker,0.8,3,8000083,False,False,0.0,1,0,0.481,0.0,0,399.49
dead_reckoning,unplanned_blocker,0.8,4,8000084,False,False,9.1621,1,0,0.796,8.585,13,0.0
odometry_pods,unplanned_blocker,0.8,4,8000084,False,False,6.3672,1,0,0.802,0.907,10,279.99
distance_sensors,unplanned_blocker,0.8,4,8000084,False,False,0.0,1,0,0.223,0.0,0,94.5
apriltag,unplanned_blocker,0.8,4,8000084,False,False,6.6392,1,0,0.81,5.614,11,25.0
full_suite,unplanned_blocker,0.8,4,8000084,False,False,0.0,1,0,0.224,0.0,0,399.49
dead_reckoning,unplanned_blocker,0.8,5,8000085,True,False,6.6545,0,0,0.252,2.027,10,0.0
odometry_pods,unplanned_blocker,0.8,5,8000085,True,False,6.6545,0,0,0.25,0.405,10,279.99
distance_sensors,unplanned_blocker,0.8,5,8000085,True,False,4.9185,0,0,0.097,2.757,9,94.5
apriltag,unplanned_blocker,0.8,5,8000085,True,False,6.6545,0,0,0.258,2.027,10,25.0
full_suite,unplanned_blocker,0.8,5,8000085,True,False,4.9685,0,1,0.16,0.587,9,399.49
dead_reckoning,unplanned_blocker,0.8,6,8000086,False,False,0.0,1,0,0.294,0.0,0,0.0
odometry_pods,unplanned_blocker,0.8,6,8000086,False,False,0.0,1,0,0.29,0.0,0,279.99
distance_sensors,unplanned_blocker,0.8,6,8000086,False,False,0.0,1,0,0.087,0.0,0,94.5
apriltag,unplanned_blocker,0.8,6,8000086,False,False,0.0,1,0,0.278,0.0,0,25.0
full_suite,unplanned_blocker,0.8,6,8000086,False,False,0.0,1,0,0.085,0.0,0,399.49
dead_reckoning,unplanned_blocker,0.8,7,8000087,False,False,0.0,1,0,1.721,0.0,0,0.0
odometry_pods,unplanned_blocker,0.8,7,8000087,False,False,0.0,1,0,1.707,0.0,0,279.99
distance_sensors,unplanned_blocker,0.8,7,8000087,False,False,9.8439,0,1,0.56,7.79,18,94.5
apriltag,unplanned_blocker,0.8,7,8000087,False,False,0.0,1,0,2.016,0.0,0,25.0
full_suite,unplanned_blocker,0.8,7,8000087,True,False,9.7235,0,6,1.365,0.289,18,399.49
dead_reckoning,unplanned_blocker,0.8,8,8000088,False,False,2.3212,1,0,0.491,2.498,4,0.0
odometry_pods,unplanned_blocker,0.8,8,8000088,False,False,2.3212,1,0,0.49,0.5,4,279.99
distance_sensors,unplanned_blocker,0.8,8,8000088,True,False,6.8081,0,0,0.215,1.778,11,94.5
apriltag,unplanned_blocker,0.8,8,8000088,False,False,2.5212,1,4,1.823,1.014,4,25.0
full_suite,unplanned_blocker,0.8,8,8000088,True,False,6.0375,0,4,0.693,1.02,11,399.49
dead_reckoning,unplanned_blocker,0.8,9,8000089,False,False,2.9675,1,0,0.629,5.811,6,0.0
odometry_pods,unplanned_blocker,0.8,9,8000089,False,False,2.9675,1,0,0.626,1.162,5,279.99
distance_sensors,unplanned_blocker,0.8,9,8000089,False,False,3.6183,1,0,0.227,6.954,7,94.5
apriltag,unplanned_blocker,0.8,9,8000089,False,False,4.433,1,6,3.122,1.092,6,25.0
full_suite,unplanned_blocker,0.8,9,8000089,True,False,5.3559,0,2,0.416,1.179,9,399.49
dead_reckoning,unplanned_blocker,0.8,10,8000090,False,False,0.818,1,0,0.722,0.594,1,0.0
odometry_pods,unplanned_blocker,0.8,10,8000090,False,False,0.818,1,0,0.746,0.119,1,279.99
distance_sensors,unplanned_blocker,0.8,10,8000090,False,False,6.6986,0,1,0.714,5.485,13,94.5
apriltag,unplanned_blocker,0.8,10,8000090,False,False,0.818,1,0,0.744,0.59,1,25.0
full_suite,unplanned_blocker,0.8,10,8000090,True,False,6.8773,0,1,0.702,0.995,13,399.49
dead_reckoning,unplanned_blocker,0.8,11,8000091,False,False,0.0,1,0,0.619,0.0,0,0.0
odometry_pods,unplanned_blocker,0.8,11,8000091,False,False,0.0,1,0,0.605,0.0,0,279.99
distance_sensors,unplanned_blocker,0.8,11,8000091,False,False,0.0,1,0,0.408,0.0,0,94.5
apriltag,unplanned_blocker,0.8,11,8000091,False,False,0.0,1,0,0.652,0.0,0,25.0
full_suite,unplanned_blocker,0.8,11,8000091,False,False,0.0,1,0,0.419,0.0,0,399.49
dead_reckoning,unplanned_blocker,0.8,12,8000092,False,False,9.4757,1,0,2.15,4.842,17,0.0
odometry_pods,unplanned_blocker,0.8,12,8000092,True,False,12.0258,0,0,2.158,1.308,21,279.99
distance_sensors,unplanned_blocker,0.8,12,8000092,False,False,10.0492,0,1,0.522,4.715,19,94.5
apriltag,unplanned_blocker,0.8,12,8000092,True,False,12.9258,0,18,21.65,1.783,21,25.0
full_suite,unplanned_blocker,0.8,12,8000092,True,False,9.9125,0,6,1.424,0.546,19,399.49
dead_reckoning,unplanned_blocker,0.8,13,8000093,True,False,11.6237,0,0,1.237,3.988,18,0.0
odometry_pods,unplanned_blocker,0.8,13,8000093,False,False,5.3402,1,0,1.282,0.844,9,279.99
distance_sensors,unplanned_blocker,0.8,13,8000093,False,False,0.0,1,0,0.364,0.0,0,94.5
apriltag,unplanned_blocker,0.8,13,8000093,False,False,5.8755,1,1,1.829,2.934,9,25.0
full_suite,unplanned_blocker,0.8,13,8000093,False,False,0.0,1,0,0.27,0.0,0,399.49
dead_reckoning,unplanned_blocker,0.8,14,8000094,False,False,0.0,1,0,1.084,0.0,0,0.0
odometry_pods,unplanned_blocker,0.8,14,8000094,False,False,0.0,1,0,1.116,0.0,0,279.99
distance_sensors,unplanned_blocker,0.8,14,8000094,True,False,8.8057,0,1,0.511,0.755,16,94.5
apriltag,unplanned_blocker,0.8,14,8000094,False,False,0.0,1,0,1.085,0.0,0,25.0
full_suite,unplanned_blocker,0.8,14,8000094,True,False,8.5402,0,3,0.927,0.226,15,399.49
dead_reckoning,unplanned_blocker,0.8,15,8000095,False,False,0.9332,1,0,0.358,1.337,2,0.0
odometry_pods,unplanned_blocker,0.8,15,8000095,False,False,0.9332,1,0,0.361,0.267,2,279.99
distance_sensors,unplanned_blocker,0.8,15,8000095,False,False,1.8693,1,0,0.096,3.003,3,94.5
apriltag,unplanned_blocker,0.8,15,8000095,False,False,0.9332,1,0,0.365,1.337,2,25.0
full_suite,unplanned_blocker,0.8,15,8000095,True,False,4.1732,0,1,0.111,0.198,8,399.49
dead_reckoning,unplanned_blocker,0.8,16,8000096,False,False,2.318,1,0,0.457,1.611,4,0.0
odometry_pods,unplanned_blocker,0.8,16,8000096,False,False,2.318,1,0,0.443,0.322,4,279.99
distance_sensors,unplanned_blocker,0.8,16,8000096,False,False,1.7433,1,1,0.502,1.897,3,94.5
apriltag,unplanned_blocker,0.8,16,8000096,False,False,2.368,1,1,0.557,0.046,4,25.0
full_suite,unplanned_blocker,0.8,16,8000096,False,False,1.7433,1,1,0.508,0.379,3,399.49
dead_reckoning,unplanned_blocker,0.8,17,8000097,False,False,12.2126,1,0,2.465,13.569,20,0.0
odometry_pods,unplanned_blocker,0.8,17,8000097,False,False,16.4401,1,0,2.467,2.84,29,279.99
distance_sensors,unplanned_blocker,0.8,17,8000097,False,False,2.1384,1,1,2.43,0.882,4,94.5
apriltag,unplanned_blocker,0.8,17,8000097,False,False,17.6556,1,17,20.807,0.436,30,25.0
full_suite,unplanned_blocker,0.8,17,8000097,False,False,2.1384,1,1,2.484,0.176,4,399.49
dead_reckoning,unplanned_blocker,0.8,18,8000098,False,False,3.9783,1,0,0.395,7.375,6,0.0
odometry_pods,unplanned_blocker,0.8,18,8000098,True,False,4.2291,0,0,0.391,1.458,7,279.99
distance_sensors,unplanned_blocker,0.8,18,8000098,False,False,0.0,1,0,0.103,0.0,0,94.5
apriltag,unplanned_blocker,0.8,18,8000098,True,False,4.4791,0,5,0.988,3.466,7,25.0
full_suite,unplanned_blocker,0.8,18,8000098,False,False,0.0,1,0,0.102,0.0,0,399.49
dead_reckoning,unplanned_blocker,0.8,19,8000099,False,False,11.485,1,0,2.252,4.466,17,0.0
odometry_pods,unplanned_blocker,0.8,19,8000099,False,False,15.5447,1,0,2.677,1.435,31,279.99
distance_sensors,unplanned_blocker,0.8,19,8000099,False,False,0.0,1,0,0.557,0.0,0,94.5
apriltag,unplanned_blocker,0.8,19,8000099,False,False,16.0371,1,1,3.801,4.851,30,25.0
full_suite,unplanned_blocker,0.8,19,8000099,False,False,0.0,1,0,0.53,0.0,0,399.49
dead_reckoning,unplanned_blocker,0.8,20,8000100,False,False,3.2636,1,0,0.724,2.808,6,0.0
odometry_pods,unplanned_blocker,0.8,20,8000100,False,False,3.6583,1,0,0.731,0.634,6,279.99
distance_sensors,unplanned_blocker,0.8,20,8000100,False,False,6.2222,0,0,0.223,4.932,9,94.5
apriltag,unplanned_blocker,0.8,20,8000100,False,False,3.9083,1,5,2.746,0.523,6,25.0
full_suite,unplanned_blocker,0.8,20,8000100,True,False,5.6857,0,6,0.765,0.349,9,399.49
dead_reckoning,unplanned_blocker,0.8,21,8000101,True,False,3.0606,0,0,0.329,1.485,5,0.0
odometry_pods,unplanned_blocker,0.8,21,8000101,True,False,3.0606,0,0,0.324,0.297,5,279.99
distance_sensors,unplanned_blocker,0.8,21,8000101,True,False,3.0606,0,0,0.161,1.485,5,94.5
apriltag,unplanned_blocker,0.8,21,8000101,True,False,3.1606,0,2,0.73,1.135,5,25.0
full_suite,unplanned_blocker,0.8,21,8000101,True,False,3.1106,0,1,0.204,0.705,5,399.49
dead_reckoning,unplanned_blocker,0.8,22,8000102,False,False,2.1066,1,0,3.557,2.473,4,0.0
odometry_pods,unplanned_blocker,0.8,22,8000102,False,False,2.1066,1,0,2.757,0.495,4,279.99
distance_sensors,unplanned_blocker,0.8,22,8000102,False,False,2.7426,1,2,2.13,2.683,5,94.5
apriltag,unplanned_blocker,0.8,22,8000102,False,False,2.3066,1,4,11.763,0.884,4,25.0
full_suite,unplanned_blocker,0.8,22,8000102,False,False,2.7426,1,2,1.903,0.778,5,399.49
dead_reckoning,unplanned_blocker,0.8,23,8000103,False,False,0.9572,1,0,0.465,1.532,2,0.0
odometry_pods,unplanned_blocker,0.8,23,8000103,False,False,0.9572,1,0,0.459,0.306,2,279.99
distance_sensors,unplanned_blocker,0.8,23,8000103,True,False,4.9333,0,1,0.319,1.787,9,94.5
apriltag,unplanned_blocker,0.8,23,8000103,False,False,1.0572,1,2,1.187,0.759,2,25.0
full_suite,unplanned_blocker,0.8,23,8000103,True,False,5.0333,0,3,0.555,0.341,9,399.49
dead_reckoning,unplanned_blocker,0.8,24,8000104,False,False,0.0,1,0,2.617,0.0,0,0.0
odometry_pods,unplanned_blocker,0.8,24,8000104,False,False,0.0,1,0,2.684,0.0,0,279.99
distance_sensors,unplanned_blocker,0.8,24,8000104,False,False,5.2934,1,2,2.158,3.34,9,94.5
apriltag,unplanned_blocker,0.8,24,8000104,False,False,0.0,1,0,2.728,0.0,0,25.0
full_suite,unplanned_blocker,0.8,24,8000104,False,False,4.1918,1,2,2.138,0.636,7,399.49
dead_reckoning,unplanned_blocker,0.9,0,8000090,False,False,0.818,1,0,0.74,0.594,1,0.0
odometry_pods,unplanned_blocker,0.9,0,8000090,False,False,0.818,1,0,0.727,0.119,1,279.99
distance_sensors,unplanned_blocker,0.9,0,8000090,False,False,6.6986,0,1,0.78,5.485,13,94.5
apriltag,unplanned_blocker,0.9,0,8000090,False,False,0.818,1,0,0.743,0.59,1,25.0
full_suite,unplanned_blocker,0.9,0,8000090,True,False,6.8773,0,1,0.759,0.995,13,399.49
dead_reckoning,unplanned_blocker,0.9,1,8000091,False,False,0.0,1,0,0.622,0.0,0,0.0
odometry_pods,unplanned_blocker,0.9,1,8000091,False,False,0.0,1,0,0.649,0.0,0,279.99
distance_sensors,unplanned_blocker,0.9,1,8000091,False,False,0.0,1,0,0.416,0.0,0,94.5
apriltag,unplanned_blocker,0.9,1,8000091,False,False,0.0,1,0,0.629,0.0,0,25.0
full_suite,unplanned_blocker,0.9,1,8000091,False,False,0.0,1,0,0.402,0.0,0,399.49
dead_reckoning,unplanned_blocker,0.9,2,8000092,False,False,9.0249,1,0,2.552,3.835,16,0.0
odometry_pods,unplanned_blocker,0.9,2,8000092,False,False,8.5505,1,0,2.275,0.894,15,279.99
distance_sensors,unplanned_blocker,0.9,2,8000092,False,False,0.0,1,0,0.43,0.0,0,94.5
apriltag,unplanned_blocker,0.9,2,8000092,False,False,9.2505,1,14,20.61,1.138,15,25.0
full_suite,unplanned_blocker,0.9,2,8000092,False,False,0.0,1,0,0.431,0.0,0,399.49
dead_reckoning,unplanned_blocker,0.9,3,8000093,True,False,11.6237,0,0,1.235,3.988,18,0.0
odometry_pods,unplanned_blocker,0.9,3,8000093,False,False,5.3402,1,0,1.306,0.844,9,279.99
distance_sensors,unplanned_blocker,0.9,3,8000093,False,False,0.0,1,0,0.272,0.0,0,94.5
apriltag,unplanned_blocker,0.9,3,8000093,False,False,5.8755,1,1,2.055,2.934,9,25.0
full_suite,unplanned_blocker,0.9,3,8000093,False,False,0.0,1,0,0.292,0.0,0,399.49
dead_reckoning,unplanned_blocker,0.9,4,8000094,False,False,0.0,1,0,1.079,0.0,0,0.0
odometry_pods,unplanned_blocker,0.9,4,8000094,False,False,0.0,1,0,1.199,0.0,0,279.99
distance_sensors,unplanned_blocker,0.9,4,8000094,True,False,8.8057,0,1,0.52,0.755,16,94.5
apriltag,unplanned_blocker,0.9,4,8000094,False,False,0.0,1,0,1.211,0.0,0,25.0
full_suite,unplanned_blocker,0.9,4,8000094,True,False,8.5402,0,3,0.966,0.226,15,399.49
dead_reckoning,unplanned_blocker,0.9,5,8000095,False,False,0.9332,1,0,0.381,1.337,2,0.0
odometry_pods,unplanned_blocker,0.9,5,8000095,False,False,0.9332,1,0,0.382,0.267,2,279.99
distance_sensors,unplanned_blocker,0.9,5,8000095,False,False,1.8693,1,0,0.095,3.003,3,94.5
apriltag,unplanned_blocker,0.9,5,8000095,False,False,0.9332,1,0,0.394,1.337,2,25.0
full_suite,unplanned_blocker,0.9,5,8000095,True,False,4.1732,0,1,0.111,0.198,8,399.49
dead_reckoning,unplanned_blocker,0.9,6,8000096,False,False,2.318,1,0,0.443,1.611,4,0.0
odometry_pods,unplanned_blocker,0.9,6,8000096,False,False,2.318,1,0,0.445,0.322,4,279.99
distance_sensors,unplanned_blocker,0.9,6,8000096,False,False,1.7433,1,1,0.517,1.897,3,94.5
apriltag,unplanned_blocker,0.9,6,8000096,False,False,2.368,1,1,0.579,0.046,4,25.0
full_suite,unplanned_blocker,0.9,6,8000096,False,False,1.7433,1,1,0.537,0.379,3,399.49
dead_reckoning,unplanned_blocker,0.9,7,8000097,False,False,12.2126,1,0,2.438,13.569,20,0.0
odometry_pods,unplanned_blocker,0.9,7,8000097,False,False,16.4401,1,0,2.461,2.84,29,279.99
distance_sensors,unplanned_blocker,0.9,7,8000097,False,False,2.1384,1,1,2.543,0.882,4,94.5
apriltag,unplanned_blocker,0.9,7,8000097,False,False,17.6556,1,17,21.097,0.436,30,25.0
full_suite,unplanned_blocker,0.9,7,8000097,False,False,2.1384,1,1,2.469,0.176,4,399.49
dead_reckoning,unplanned_blocker,0.9,8,8000098,False,False,1.9407,1,0,0.395,1.564,3,0.0
odometry_pods,unplanned_blocker,0.9,8,8000098,False,False,1.9407,1,0,0.39,0.313,3,279.99
distance_sensors,unplanned_blocker,0.9,8,8000098,False,False,0.0,1,0,0.104,0.0,0,94.5
apriltag,unplanned_blocker,0.9,8,8000098,False,False,1.9407,1,0,0.399,1.564,3,25.0
full_suite,unplanned_blocker,0.9,8,8000098,False,False,0.0,1,0,0.102,0.0,0,399.49
dead_reckoning,unplanned_blocker,0.9,9,8000099,False,False,11.485,1,0,2.32,4.466,17,0.0
odometry_pods,unplanned_blocker,0.9,9,8000099,False,False,15.5447,1,0,2.521,1.435,31,279.99
distance_sensors,unplanned_blocker,0.9,9,8000099,False,False,0.0,1,0,0.693,0.0,0,94.5
apriltag,unplanned_blocker,0.9,9,8000099,False,False,16.0371,1,1,3.861,4.851,30,25.0
full_suite,unplanned_blocker,0.9,9,8000099,False,False,0.0,1,0,0.573,0.0,0,399.49
dead_reckoning,unplanned_blocker,0.9,10,8000100,False,False,3.2636,1,0,0.724,2.808,6,0.0
odometry_pods,unplanned_blocker,0.9,10,8000100,False,False,3.6583,1,0,0.998,0.634,6,279.99
distance_sensors,unplanned_blocker,0.9,10,8000100,False,False,6.2222,0,0,0.445,4.932,9,94.5
apriltag,unplanned_blocker,0.9,10,8000100,False,False,3.9083,1,5,2.951,0.523,6,25.0
full_suite,unplanned_blocker,0.9,10,8000100,True,False,5.6857,0,6,0.728,0.349,9,399.49
dead_reckoning,unplanned_blocker,0.9,11,8000101,False,False,1.223,1,0,0.339,2.171,2,0.0
odometry_pods,unplanned_blocker,0.9,11,8000101,False,False,1.223,1,0,0.354,0.434,2,279.99
distance_sensors,unplanned_blocker,0.9,11,8000101,False,False,1.223,1,0,0.114,2.171,2,94.5
apriltag,unplanned_blocker,0.9,11,8000101,False,False,1.323,1,2,0.72,1.015,2,25.0
full_suite,unplanned_blocker,0.9,11,8000101,False,False,1.1583,1,1,0.176,0.375,2,399.49
dead_reckoning,unplanned_blocker,0.9,12,8000102,False,False,2.1066,1,0,2.616,2.473,4,0.0
odometry_pods,unplanned_blocker,0.9,12,8000102,False,False,2.1066,1,0,2.41,0.495,4,279.99
distance_sensors,unplanned_blocker,0.9,12,8000102,False,False,2.7426,1,2,1.994,2.683,5,94.5
apriltag,unplanned_blocker,0.9,12,8000102,False,False,2.3066,1,4,10.681,0.884,4,25.0
full_suite,unplanned_blocker,0.9,12,8000102,False,False,2.7426,1,2,1.967,0.778,5,399.49
dead_reckoning,unplanned_blocker,0.9,13,8000103,False,False,0.9572,1,0,0.419,1.532,2,0.0
odometry_pods,unplanned_blocker,0.9,13,8000103,False,False,0.9572,1,0,0.417,0.306,2,279.99
distance_sensors,unplanned_blocker,0.9,13,8000103,True,False,4.9333,0,1,0.314,1.787,9,94.5
apriltag,unplanned_blocker,0.9,13,8000103,False,False,1.0572,1,2,1.089,0.759,2,25.0
full_suite,unplanned_blocker,0.9,13,8000103,True,False,5.0333,0,3,0.535,0.341,9,399.49
dead_reckoning,unplanned_blocker,0.9,14,8000104,False,False,0.0,1,0,2.566,0.0,0,0.0
odometry_pods,unplanned_blocker,0.9,14,8000104,False,False,0.0,1,0,2.579,0.0,0,279.99
distance_sensors,unplanned_blocker,0.9,14,8000104,False,False,5.2934,1,2,1.897,3.34,9,94.5
apriltag,unplanned_blocker,0.9,14,8000104,False,False,0.0,1,0,2.632,0.0,0,25.0
full_suite,unplanned_blocker,0.9,14,8000104,False,False,4.1918,1,2,2.122,0.636,7,399.49
dead_reckoning,unplanned_blocker,0.9,15,8000105,False,False,0.8541,1,0,0.654,0.549,1,0.0
odometry_pods,unplanned_blocker,0.9,15,8000105,False,False,0.8541,1,0,0.652,0.11,1,279.99
distance_sensors,unplanned_blocker,0.9,15,8000105,False,False,3.6088,1,1,0.472,5.919,7,94.5
apriltag,unplanned_blocker,0.9,15,8000105,False,False,0.9041,1,1,1.329,0.391,1,25.0
full_suite,unplanned_blocker,0.9,15,8000105,True,False,5.9619,0,4,0.927,0.623,11,399.49
dead_reckoning,unplanned_blocker,0.9,16,8000106,False,False,7.2964,1,0,0.732,1.926,13,0.0
odometry_pods,unplanned_blocker,0.9,16,8000106,False,False,7.2964,1,0,0.723,0.385,13,279.99
distance_sensors,unplanned_blocker,0.9,16,8000106,True,False,8.7162,0,2,0.636,0.629,17,94.5
apriltag,unplanned_blocker,0.9,16,8000106,False,False,7.2964,1,0,0.756,1.926,13,25.0
full_suite,unplanned_blocker,0.9,16,8000106,True,False,9.479,0,3,0.774,0.227,17,399.49
dead_reckoning,unplanned_blocker,0.9,17,8000107,True,False,16.4816,0,0,1.902,2.208,26,0.0
odometry_pods,unplanned_blocker,0.9,17,8000107,False,False,5.9982,1,0,1.853,1.311,10,279.99
distance_sensors,unplanned_blocker,0.9,17,8000107,False,False,0.7706,1,0,0.562,3.351,1,94.5
apriltag,unplanned_blocker,0.9,17,8000107,True,False,15.3517,0,12,9.205,0.581,27,25.0
full_suite,unplanned_blocker,0.9,17,8000107,False,False,0.7706,1,0,0.576,0.67,1,399.49
dead_reckoning,unplanned_blocker,0.9,18,8000108,False,False,2.0821,1,0,0.8,2.818,3,0.0
odometry_pods,unplanned_blocker,0.9,18,8000108,False,False,2.0821,1,0,0.799,0.564,3,279.99
distance_sensors,unplanned_blocker,0.9,18,8000108,False,False,8.006,1,2,0.94,9.138,13,94.5
apriltag,unplanned_blocker,0.9,18,8000108,False,False,2.0821,1,0,0.862,2.818,3,25.0
full_suite,unplanned_blocker,0.9,18,8000108,True,False,8.9723,0,5,1.401,0.499,14,399.49
dead_reckoning,unplanned_blocker,0.9,19,8000109,False,False,8.3885,0,0,1.436,1.768,15,0.0
odometry_pods,unplanned_blocker,0.9,19,8000109,True,False,8.3324,0,0,1.382,0.467,15,279.99
distance_sensors,unplanned_blocker,0.9,19,8000109,True,False,7.7577,0,1,0.677,4.093,14,94.5
apriltag,unplanned_blocker,0.9,19,8000109,True,False,8.7824,0,5,3.919,4.312,15,25.0
full_suite,unplanned_blocker,0.9,19,8000109,True,False,8.0077,0,6,1.644,0.031,14,399.49
dead_reckoning,unplanned_blocker,0.9,20,8000110,False,False,0.5455,1,0,1.544,0.402,1,0.0
odometry_pods,unplanned_blocker,0.9,20,8000110,False,False,0.5455,1,0,1.541,0.08,1,279.99
distance_sensors,unplanned_blocker,0.9,20,8000110,False,False,0.6414,1,0,0.557,0.284,1,94.5
apriltag,unplanned_blocker,0.9,20,8000110,False,False,0.5955,1,1,3.089,0.408,1,25.0
full_suite,unplanned_blocker,0.9,20,8000110,False,False,0.6914,1,1,0.92,0.063,1,399.49
dead_reckoning,unplanned_blocker,0.9,21,8000111,False,False,1.2524,1,0,0.661,0.863,2,0.0
odometry_pods,unplanned_blocker,0.9,21,8000111,False,False,1.2524,1,0,0.642,0.173,2,279.99
distance_sensors,unplanned_blocker,0.9,21,8000111,False,False,9.1825,0,0,0.327,3.124,13,94.5
apriltag,unplanned_blocker,0.9,21,8000111,False,False,1.3524,1,2,1.822,0.317,2,25.0
full_suite,unplanned_blocker,0.9,21,8000111,True,False,8.4029,0,4,1.078,0.699,14,399.49
dead_reckoning,unplanned_blocker,0.9,22,8000112,False,False,4.0923,1,0,0.867,4.139,7,0.0
odometry_pods,unplanned_blocker,0.9,22,8000112,False,False,4.0923,1,0,0.879,0.828,7,279.99
distance_sensors,unplanned_blocker,0.9,22,8000112,False,False,8.6683,1,1,0.756,3.282,15,94.5
apriltag,unplanned_blocker,0.9,22,8000112,False,False,4.0923,1,0,0.89,4.535,8,25.0
full_suite,unplanned_blocker,0.9,22,8000112,True,False,10.3361,0,4,1.196,1.049,18,399.49
dead_reckoning,unplanned_blocker,0.9,23,8000113,False,False,0.0,1,0,0.464,0.0,0,0.0
odometry_pods,unplanned_blocker,0.9,23,8000113,False,False,0.0,1,0,0.459,0.0,0,279.99
distance_sensors,unplanned_blocker,0.9,23,8000113,False,False,0.0,1,0,0.184,0.0,0,94.5
apriltag,unplanned_blocker,0.9,23,8000113,False,False,0.0,1,0,0.471,0.0,0,25.0
full_suite,unplanned_blocker,0.9,23,8000113,False,False,0.0,1,0,0.182,0.0,0,399.49
dead_reckoning,unplanned_blocker,0.9,24,8000114,False,False,10.712,0,0,0.874,4.855,15,0.0
odometry_pods,unplanned_blocker,0.9,24,8000114,True,False,8.8163,0,0,0.873,0.609,15,279.99
distance_sensors,unplanned_blocker,0.9,24,8000114,False,False,1.1297,1,0,0.389,1.319,2,94.5
apriltag,unplanned_blocker,0.9,24,8000114,True,False,9.4163,0,12,4.184,2.148,15,25.0
full_suite,unplanned_blocker,0.9,24,8000114,False,False,1.1297,1,0,0.387,0.264,2,399.49
dead_reckoning,unplanned_blocker,1.0,0,8000100,False,False,3.2636,1,0,0.937,2.808,6,0.0
odometry_pods,unplanned_blocker,1.0,0,8000100,False,False,3.6583,1,0,1.01,0.634,6,279.99
distance_sensors,unplanned_blocker,1.0,0,8000100,False,False,6.2222,0,0,0.229,4.932,9,94.5
apriltag,unplanned_blocker,1.0,0,8000100,False,False,3.9083,1,5,2.746,0.523,6,25.0
full_suite,unplanned_blocker,1.0,0,8000100,True,False,5.6857,0,6,0.717,0.349,9,399.49
dead_reckoning,unplanned_blocker,1.0,1,8000101,False,False,1.223,1,0,0.324,2.171,2,0.0
odometry_pods,unplanned_blocker,1.0,1,8000101,False,False,1.223,1,0,0.327,0.434,2,279.99
distance_sensors,unplanned_blocker,1.0,1,8000101,False,False,1.223,1,0,0.111,2.171,2,94.5
apriltag,unplanned_blocker,1.0,1,8000101,False,False,1.323,1,2,0.719,1.015,2,25.0
full_suite,unplanned_blocker,1.0,1,8000101,False,False,1.1583,1,1,0.184,0.375,2,399.49
dead_reckoning,unplanned_blocker,1.0,2,8000102,False,False,2.1066,1,0,2.41,2.473,4,0.0
odometry_pods,unplanned_blocker,1.0,2,8000102,False,False,2.1066,1,0,2.365,0.495,4,279.99
distance_sensors,unplanned_blocker,1.0,2,8000102,False,False,2.7426,1,2,1.937,2.683,5,94.5
apriltag,unplanned_blocker,1.0,2,8000102,False,False,2.3066,1,4,10.682,0.884,4,25.0
full_suite,unplanned_blocker,1.0,2,8000102,False,False,2.7426,1,2,1.885,0.778,5,399.49
dead_reckoning,unplanned_blocker,1.0,3,8000103,False,False,0.9572,1,0,0.428,1.532,2,0.0
odometry_pods,unplanned_blocker,1.0,3,8000103,False,False,0.9572,1,0,0.417,0.306,2,279.99
distance_sensors,unplanned_blocker,1.0,3,8000103,True,False,4.9333,0,1,0.311,1.787,9,94.5
apriltag,unplanned_blocker,1.0,3,8000103,False,False,1.0572,1,2,1.121,0.759,2,25.0
full_suite,unplanned_blocker,1.0,3,8000103,True,False,5.0333,0,3,0.519,0.341,9,399.49
dead_reckoning,unplanned_blocker,1.0,4,8000104,False,False,0.0,1,0,2.557,0.0,0,0.0
odometry_pods,unplanned_blocker,1.0,4,8000104,False,False,0.0,1,0,2.572,0.0,0,279.99
distance_sensors,unplanned_blocker,1.0,4,8000104,False,False,5.2934,1,2,2.138,3.34,9,94.5
apriltag,unplanned_blocker,1.0,4,8000104,False,False,0.0,1,0,2.631,0.0,0,25.0
full_suite,unplanned_blocker,1.0,4,8000104,False,False,4.1918,1,2,2.102,0.636,7,399.49
dead_reckoning,unplanned_blocker,1.0,5,8000105,False,False,0.8541,1,0,0.656,0.549,1,0.0
odometry_pods,unplanned_blocker,1.0,5,8000105,False,False,0.8541,1,0,0.659,0.11,1,279.99
distance_sensors,unplanned_blocker,1.0,5,8000105,False,False,3.6088,1,1,0.473,5.919,7,94.5
apriltag,unplanned_blocker,1.0,5,8000105,False,False,0.9041,1,1,1.283,0.391,1,25.0
full_suite,unplanned_blocker,1.0,5,8000105,True,False,5.9619,0,4,0.8,0.623,11,399.49
dead_reckoning,unplanned_blocker,1.0,6,8000106,False,False,7.2964,1,0,0.72,1.926,13,0.0
odometry_pods,unplanned_blocker,1.0,6,8000106,False,False,7.2964,1,0,0.724,0.385,13,279.99
distance_sensors,unplanned_blocker,1.0,6,8000106,True,False,8.7162,0,2,0.632,0.629,17,94.5
apriltag,unplanned_blocker,1.0,6,8000106,False,False,7.2964,1,0,0.745,1.926,13,25.0
full_suite,unplanned_blocker,1.0,6,8000106,True,False,9.479,0,3,0.811,0.227,17,399.49
dead_reckoning,unplanned_blocker,1.0,7,8000107,True,False,16.4816,0,0,1.859,2.208,26,0.0
odometry_pods,unplanned_blocker,1.0,7,8000107,False,False,5.9982,1,0,1.86,1.311,10,279.99
distance_sensors,unplanned_blocker,1.0,7,8000107,False,False,0.7706,1,0,0.563,3.351,1,94.5
apriltag,unplanned_blocker,1.0,7,8000107,True,False,15.3517,0,12,9.128,0.581,27,25.0
full_suite,unplanned_blocker,1.0,7,8000107,False,False,0.7706,1,0,0.566,0.67,1,399.49
dead_reckoning,unplanned_blocker,1.0,8,8000108,False,False,2.0821,1,0,0.801,2.818,3,0.0
odometry_pods,unplanned_blocker,1.0,8,8000108,False,False,2.0821,1,0,0.799,0.564,3,279.99
distance_sensors,unplanned_blocker,1.0,8,8000108,False,False,8.006,1,2,0.939,9.138,13,94.5
apriltag,unplanned_blocker,1.0,8,8000108,False,False,2.0821,1,0,0.888,2.818,3,25.0
full_suite,unplanned_blocker,1.0,8,8000108,True,False,8.9723,0,5,1.243,0.499,14,399.49
dead_reckoning,unplanned_blocker,1.0,9,8000109,False,False,1.0459,1,0,1.369,0.952,2,0.0
odometry_pods,unplanned_blocker,1.0,9,8000109,False,False,1.0459,1,0,1.373,0.19,2,279.99
distance_sensors,unplanned_blocker,1.0,9,8000109,True,False,7.7577,0,1,0.682,4.093,14,94.5
apriltag,unplanned_blocker,1.0,9,8000109,False,False,1.0459,1,0,1.447,0.952,2,25.0
full_suite,unplanned_blocker,1.0,9,8000109,True,False,8.0077,0,6,1.584,0.542,14,399.49
dead_reckoning,unplanned_blocker,1.0,10,8000110,False,False,0.5455,1,0,1.545,0.402,1,0.0
odometry_pods,unplanned_blocker,1.0,10,8000110,False,False,0.5455,1,0,1.546,0.08,1,279.99
distance_sensors,unplanned_blocker,1.0,10,8000110,False,False,0.6414,1,0,0.536,0.284,1,94.5
apriltag,unplanned_blocker,1.0,10,8000110,False,False,0.5955,1,1,3.091,0.408,1,25.0
full_suite,unplanned_blocker,1.0,10,8000110,False,False,0.6914,1,1,0.913,0.063,1,399.49
dead_reckoning,unplanned_blocker,1.0,11,8000111,False,False,1.2524,1,0,0.628,0.863,2,0.0
odometry_pods,unplanned_blocker,1.0,11,8000111,False,False,1.2524,1,0,0.635,0.173,2,279.99
distance_sensors,unplanned_blocker,1.0,11,8000111,False,False,9.1825,0,0,0.335,3.124,13,94.5
apriltag,unplanned_blocker,1.0,11,8000111,False,False,1.3524,1,2,1.816,0.317,2,25.0
full_suite,unplanned_blocker,1.0,11,8000111,True,False,8.4029,0,4,1.072,0.699,14,399.49
dead_reckoning,unplanned_blocker,1.0,12,8000112,False,False,4.0923,1,0,0.861,4.139,7,0.0
odometry_pods,unplanned_blocker,1.0,12,8000112,False,False,4.0923,1,0,0.867,0.828,7,279.99
distance_sensors,unplanned_blocker,1.0,12,8000112,False,False,8.6683,1,1,0.752,3.282,15,94.5
apriltag,unplanned_blocker,1.0,12,8000112,False,False,4.0923,1,0,0.883,4.535,8,25.0
full_suite,unplanned_blocker,1.0,12,8000112,True,False,10.3361,0,4,1.199,1.049,18,399.49
dead_reckoning,unplanned_blocker,1.0,13,8000113,False,False,0.0,1,0,0.457,0.0,0,0.0
odometry_pods,unplanned_blocker,1.0,13,8000113,False,False,0.0,1,0,0.454,0.0,0,279.99
distance_sensors,unplanned_blocker,1.0,13,8000113,False,False,0.0,1,0,0.185,0.0,0,94.5
apriltag,unplanned_blocker,1.0,13,8000113,False,False,0.0,1,0,0.467,0.0,0,25.0
full_suite,unplanned_blocker,1.0,13,8000113,False,False,0.0,1,0,0.18,0.0,0,399.49
dead_reckoning,unplanned_blocker,1.0,14,8000114,False,False,3.2526,1,0,0.888,2.736,5,0.0
odometry_pods,unplanned_blocker,1.0,14,8000114,False,False,3.2526,1,0,0.866,0.547,5,279.99
distance_sensors,unplanned_blocker,1.0,14,8000114,False,False,1.1297,1,0,0.388,1.319,2,94.5
apriltag,unplanned_blocker,1.0,14,8000114,False,False,3.3526,1,2,2.022,0.681,5,25.0
full_suite,unplanned_blocker,1.0,14,8000114,False,False,1.1297,1,0,0.387,0.264,2,399.49
dead_reckoning,unplanned_blocker,1.0,15,8000115,False,False,4.2598,1,0,0.396,4.079,9,0.0
odometry_pods,unplanned_blocker,1.0,15,8000115,False,False,4.2598,1,0,0.395,0.816,8,279.99
distance_sensors,unplanned_blocker,1.0,15,8000115,True,False,6.7225,0,0,0.35,4.029,11,94.5
apriltag,unplanned_blocker,1.0,15,8000115,False,False,4.2598,1,0,0.44,4.079,9,25.0
full_suite,unplanned_blocker,1.0,15,8000115,True,False,7.4533,0,2,0.45,0.756,11,399.49
dead_reckoning,unplanned_blocker,1.0,16,8000116,False,False,0.8039,1,0,0.588,0.646,1,0.0
odometry_pods,unplanned_blocker,1.0,16,8000116,False,False,0.8039,1,0,0.586,0.129,1,279.99
distance_sensors,unplanned_blocker,1.0,16,8000116,True,False,6.8477,0,0,0.241,1.481,12,94.5
apriltag,unplanned_blocker,1.0,16,8000116,False,False,0.8039,1,0,0.605,0.646,1,25.0
full_suite,unplanned_blocker,1.0,16,8000116,True,False,6.9977,0,3,0.404,0.63,12,399.49
dead_reckoning,unplanned_blocker,1.0,17,8000117,False,False,5.2143,1,0,2.049,2.81,9,0.0
odometry_pods,unplanned_blocker,1.0,17,8000117,False,False,5.2143,1,0,2.018,0.562,9,279.99
distance_sensors,unplanned_blocker,1.0,17,8000117,False,False,8.1557,1,1,0.446,1.486,16,94.5
apriltag,unplanned_blocker,1.0,17,8000117,False,False,5.6143,1,8,14.355,0.537,9,25.0
full_suite,unplanned_blocker,1.0,17,8000117,True,False,12.4605,0,9,2.734,0.791,23,399.49
dead_reckoning,unplanned_blocker,1.0,18,8000118,False,False,2.2411,1,0,0.819,0.473,3,0.0
odometry_pods,unplanned_blocker,1.0,18,8000118,False,False,2.2411,1,0,0.822,0.095,3,279.99
distance_sensors,unplanned_blocker,1.0,18,8000118,False,False,4.6303,1,1,0.387,3.922,8,94.5
apriltag,unplanned_blocker,1.0,18,8000118,False,False,2.2411,1,0,0.839,0.473,3,25.0
full_suite,unplanned_blocker,1.0,18,8000118,True,False,6.954,0,4,0.47,0.134,12,399.49
dead_reckoning,unplanned_blocker,1.0,19,8000119,False,False,0.0,1,0,1.973,0.0,0,0.0
odometry_pods,unplanned_blocker,1.0,19,8000119,False,False,0.0,1,0,1.932,0.0,0,279.99
distance_sensors,unplanned_blocker,1.0,19,8000119,False,False,0.0,1,0,0.627,0.0,0,94.5
apriltag,unplanned_blocker,1.0,19,8000119,False,False,0.0,1,0,1.962,0.0,0,25.0
full_suite,unplanned_blocker,1.0,19,8000119,False,False,0.0,1,0,0.623,0.0,0,399.49
dead_reckoning,unplanned_blocker,1.0,20,8000120,False,False,2.263,1,0,0.515,1.34,3,0.0
odometry_pods,unplanned_blocker,1.0,20,8000120,False,False,2.263,1,0,0.567,0.268,3,279.99
distance_sensors,unplanned_blocker,1.0,20,8000120,True,False,6.3545,0,0,0.145,3.016,11,94.5
apriltag,unplanned_blocker,1.0,20,8000120,False,False,2.263,1,0,0.53,1.34,3,25.0
full_suite,unplanned_blocker,1.0,20,8000120,True,False,5.9839,0,4,0.267,0.493,11,399.49
dead_reckoning,unplanned_blocker,1.0,21,8000121,False,False,15.0894,0,0,1.488,5.728,26,0.0
odometry_pods,unplanned_blocker,1.0,21,8000121,False,False,6.6935,1,0,1.484,0.738,12,279.99
distance_sensors,unplanned_blocker,1.0,21,8000121,True,False,10.9363,0,1,0.558,2.676,18,94.5
apriltag,unplanned_blocker,1.0,21,8000121,True,False,15.2168,0,1,1.756,2.137,26,25.0
full_suite,unplanned_blocker,1.0,21,8000121,True,False,10.6078,0,5,1.115,0.71,20,399.49
dead_reckoning,unplanned_blocker,1.0,22,8000122,False,False,2.8747,1,0,0.666,1.875,5,0.0
odometry_pods,unplanned_blocker,1.0,22,8000122,False,False,2.8747,1,0,0.68,0.375,5,279.99
distance_sensors,unplanned_blocker,1.0,22,8000122,True,False,4.9286,0,0,0.156,1.128,10,94.5
apriltag,unplanned_blocker,1.0,22,8000122,False,False,3.1247,1,5,3.167,0.339,5,25.0
full_suite,unplanned_blocker,1.0,22,8000122,True,False,5.1786,0,5,0.432,0.576,10,399.49
dead_reckoning,unplanned_blocker,1.0,23,8000123,False,False,4.6226,1,0,0.511,2.349,8,0.0
odometry_pods,unplanned_blocker,1.0,23,8000123,False,False,4.6226,1,0,0.51,0.47,8,279.99
distance_sensors,unplanned_blocker,1.0,23,8000123,True,False,6.4802,0,0,0.187,2.478,11,94.5
apriltag,unplanned_blocker,1.0,23,8000123,False,False,4.6226,1,0,0.519,2.349,8,25.0
full_suite,unplanned_blocker,1.0,23,8000123,True,False,5.7749,0,0,0.185,0.579,11,399.49
dead_reckoning,unplanned_blocker,1.0,24,8000124,False,False,15.3973,1,0,1.737,11.993,29,0.0
odometry_pods,unplanned_blocker,1.0,24,8000124,False,False,12.8983,1,0,1.728,2.554,24,279.99
distance_sensors,unplanned_blocker,1.0,24,8000124,False,False,1.9491,1,1,1.279,3.568,4,94.5
apriltag,unplanned_blocker,1.0,24,8000124,False,False,13.92,1,12,11.101,2.233,23,25.0
full_suite,unplanned_blocker,1.0,24,8000124,True,False,16.6605,0,14,6.795,0.21,29,399.49
