suite,gearing,budget_s,deviation_type,variance_level,trial,success,over_budget,final_pose_error_in
dead_reckoning,stock,30.0,start_drift,0.3,0,False,False,14.609
odometry_pods,stock,30.0,start_drift,0.3,0,False,False,9.911
distance_sensors,stock,30.0,start_drift,0.3,0,False,False,13.12
apriltag,stock,30.0,start_drift,0.3,0,False,False,3.985
full_suite,stock,30.0,start_drift,0.3,0,False,False,0.482
dead_reckoning,stock,30.0,start_drift,0.3,1,False,False,13.49
odometry_pods,stock,30.0,start_drift,0.3,1,False,False,9.236
distance_sensors,stock,30.0,start_drift,0.3,1,False,False,8.485
apriltag,stock,30.0,start_drift,0.3,1,True,False,1.956
full_suite,stock,30.0,start_drift,0.3,1,False,False,8.485
dead_reckoning,stock,30.0,start_drift,0.3,2,False,False,6.885
odometry_pods,stock,30.0,start_drift,0.3,2,False,False,8.164
distance_sensors,stock,30.0,start_drift,0.3,2,False,False,6.023
apriltag,stock,30.0,start_drift,0.3,2,True,False,0.293
full_suite,stock,30.0,start_drift,0.3,2,True,False,0.349
dead_reckoning,stock,30.0,start_drift,0.3,3,False,False,7.441
odometry_pods,stock,30.0,start_drift,0.3,3,False,False,5.009
distance_sensors,stock,30.0,start_drift,0.3,3,False,False,6.673
apriltag,stock,30.0,start_drift,0.3,3,False,False,8.71
full_suite,stock,30.0,start_drift,0.3,3,False,False,0.385
dead_reckoning,stock,30.0,start_drift,0.3,4,False,False,8.908
odometry_pods,stock,30.0,start_drift,0.3,4,False,False,8.569
distance_sensors,stock,30.0,start_drift,0.3,4,False,False,10.855
apriltag,stock,30.0,start_drift,0.3,4,False,False,5.495
full_suite,stock,30.0,start_drift,0.3,4,False,False,1.801
dead_reckoning,stock,30.0,start_drift,0.3,5,False,False,6.968
odometry_pods,stock,30.0,start_drift,0.3,5,False,False,6.279
distance_sensors,stock,30.0,start_drift,0.3,5,False,False,6.822
apriltag,stock,30.0,start_drift,0.3,5,True,False,1.015
full_suite,stock,30.0,start_drift,0.3,5,False,False,6.037
dead_reckoning,stock,30.0,start_drift,0.3,6,False,False,8.733
odometry_pods,stock,30.0,start_drift,0.3,6,False,False,8.523
distance_sensors,stock,30.0,start_drift,0.3,6,False,False,8.823
apriltag,stock,30.0,start_drift,0.3,6,True,False,1.426
full_suite,stock,30.0,start_drift,0.3,6,True,False,3.793
dead_reckoning,stock,30.0,start_drift,0.3,7,False,False,5.301
odometry_pods,stock,30.0,start_drift,0.3,7,False,False,5.848
distance_sensors,stock,30.0,start_drift,0.3,7,False,False,5.05
apriltag,stock,30.0,start_drift,0.3,7,False,False,3.238
full_suite,stock,30.0,start_drift,0.3,7,False,False,5.796
dead_reckoning,stock,30.0,start_drift,0.3,8,True,False,3.129
odometry_pods,stock,30.0,start_drift,0.3,8,True,False,0.837
distance_sensors,stock,30.0,start_drift,0.3,8,True,False,2.049
apriltag,stock,30.0,start_drift,0.3,8,True,False,1.284
full_suite,stock,30.0,start_drift,0.3,8,True,False,0.416
dead_reckoning,stock,30.0,start_drift,0.3,9,False,False,10.024
odometry_pods,stock,30.0,start_drift,0.3,9,False,False,8.776
distance_sensors,stock,30.0,start_drift,0.3,9,False,False,8.485
apriltag,stock,30.0,start_drift,0.3,9,False,False,10.024
full_suite,stock,30.0,start_drift,0.3,9,False,False,8.485
dead_reckoning,stock,30.0,start_drift,0.3,10,False,False,14.195
odometry_pods,stock,30.0,start_drift,0.3,10,False,False,8.299
distance_sensors,stock,30.0,start_drift,0.3,10,False,False,11.592
apriltag,stock,30.0,start_drift,0.3,10,False,False,14.195
full_suite,stock,30.0,start_drift,0.3,10,True,False,0.515
dead_reckoning,stock,30.0,start_drift,0.3,11,False,False,8.529
odometry_pods,stock,30.0,start_drift,0.3,11,False,False,8.44
distance_sensors,stock,30.0,start_drift,0.3,11,False,False,9.557
apriltag,stock,30.0,start_drift,0.3,11,False,False,8.529
full_suite,stock,30.0,start_drift,0.3,11,True,False,0.902
dead_reckoning,stock,30.0,start_drift,0.3,12,False,False,10.808
odometry_pods,stock,30.0,start_drift,0.3,12,False,False,9.283
distance_sensors,stock,30.0,start_drift,0.3,12,False,False,9.646
apriltag,stock,30.0,start_drift,0.3,12,True,False,0.488
full_suite,stock,30.0,start_drift,0.3,12,False,False,8.715
dead_reckoning,stock,30.0,start_drift,0.3,13,False,False,6.92
odometry_pods,stock,30.0,start_drift,0.3,13,False,False,6.129
distance_sensors,stock,30.0,start_drift,0.3,13,False,False,7.727
apriltag,stock,30.0,start_drift,0.3,13,False,False,3.596
full_suite,stock,30.0,start_drift,0.3,13,False,False,3.229
dead_reckoning,stock,30.0,start_drift,0.3,14,True,False,3.017
odometry_pods,stock,30.0,start_drift,0.3,14,True,False,0.603
distance_sensors,stock,30.0,start_drift,0.3,14,False,False,4.903
apriltag,stock,30.0,start_drift,0.3,14,True,False,1.098
full_suite,stock,30.0,start_drift,0.3,14,True,False,0.138
dead_reckoning,stock,30.0,start_drift,0.5,0,False,False,17.59
odometry_pods,stock,30.0,start_drift,0.5,0,False,False,17.094
distance_sensors,stock,30.0,start_drift,0.5,0,False,False,21.099
apriltag,stock,30.0,start_drift,0.5,0,True,False,2.453
full_suite,stock,30.0,start_drift,0.5,0,True,False,1.135
dead_reckoning,stock,30.0,start_drift,0.5,1,False,False,10.977
odometry_pods,stock,30.0,start_drift,0.5,1,True,False,6.529
distance_sensors,stock,30.0,start_drift,0.5,1,False,False,8.526
apriltag,stock,30.0,start_drift,0.5,1,True,False,0.615
full_suite,stock,30.0,start_drift,0.5,1,False,False,0.233
dead_reckoning,stock,30.0,start_drift,0.5,2,False,False,9.558
odometry_pods,stock,30.0,start_drift,0.5,2,False,False,8.787
distance_sensors,stock,30.0,start_drift,0.5,2,False,False,11.678
apriltag,stock,30.0,start_drift,0.5,2,True,False,3.075
full_suite,stock,30.0,start_drift,0.5,2,False,False,0.45
dead_reckoning,stock,30.0,start_drift,0.5,3,False,False,11.971
odometry_pods,stock,30.0,start_drift,0.5,3,False,False,11.994
distance_sensors,stock,30.0,start_drift,0.5,3,False,False,10.151
apriltag,stock,30.0,start_drift,0.5,3,False,False,11.971
full_suite,stock,30.0,start_drift,0.5,3,True,False,11.78
dead_reckoning,stock,30.0,start_drift,0.5,4,False,False,11.203
odometry_pods,stock,30.0,start_drift,0.5,4,False,False,6.507
distance_sensors,stock,30.0,start_drift,0.5,4,True,False,8.105
apriltag,stock,30.0,start_drift,0.5,4,False,False,7.48
full_suite,stock,30.0,start_drift,0.5,4,False,False,4.348
dead_reckoning,stock,30.0,start_drift,0.5,5,False,False,10.457
odometry_pods,stock,30.0,start_drift,0.5,5,False,False,6.537
distance_sensors,stock,30.0,start_drift,0.5,5,False,False,6.0
apriltag,stock,30.0,start_drift,0.5,5,False,False,7.184
full_suite,stock,30.0,start_drift,0.5,5,False,False,6.0
dead_reckoning,stock,30.0,start_drift,0.5,6,False,False,15.849
odometry_pods,stock,30.0,start_drift,0.5,6,False,False,13.841
distance_sensors,stock,30.0,start_drift,0.5,6,False,False,21.293
apriltag,stock,30.0,start_drift,0.5,6,True,False,2.019
full_suite,stock,30.0,start_drift,0.5,6,False,False,0.048
dead_reckoning,stock,30.0,start_drift,0.5,7,False,False,16.603
odometry_pods,stock,30.0,start_drift,0.5,7,False,False,14.052
distance_sensors,stock,30.0,start_drift,0.5,7,False,False,15.97
apriltag,stock,30.0,start_drift,0.5,7,True,False,0.603
full_suite,stock,30.0,start_drift,0.5,7,True,False,0.814
dead_reckoning,stock,30.0,start_drift,0.5,8,True,False,2.253
odometry_pods,stock,30.0,start_drift,0.5,8,True,False,0.645
distance_sensors,stock,30.0,start_drift,0.5,8,True,False,2.288
apriltag,stock,30.0,start_drift,0.5,8,True,False,1.673
full_suite,stock,30.0,start_drift,0.5,8,False,False,0.281
dead_reckoning,stock,30.0,start_drift,0.5,9,False,False,9.139
odometry_pods,stock,30.0,start_drift,0.5,9,False,False,8.613
distance_sensors,stock,30.0,start_drift,0.5,9,False,False,11.4
apriltag,stock,30.0,start_drift,0.5,9,False,False,9.139
full_suite,stock,30.0,start_drift,0.5,9,False,False,0.553
dead_reckoning,stock,30.0,start_drift,0.5,10,False,False,13.416
odometry_pods,stock,30.0,start_drift,0.5,10,False,False,13.416
distance_sensors,stock,30.0,start_drift,0.5,10,False,False,13.052
apriltag,stock,30.0,start_drift,0.5,10,False,False,13.416
full_suite,stock,30.0,start_drift,0.5,10,False,False,13.342
dead_reckoning,stock,30.0,start_drift,0.5,11,False,False,16.008
odometry_pods,stock,30.0,start_drift,0.5,11,False,False,16.75
distance_sensors,stock,30.0,start_drift,0.5,11,False,False,17.71
apriltag,stock,30.0,start_drift,0.5,11,True,False,0.865
full_suite,stock,30.0,start_drift,0.5,11,True,False,0.414
dead_reckoning,stock,30.0,start_drift,0.5,12,False,False,4.005
odometry_pods,stock,30.0,start_drift,0.5,12,True,False,0.849
distance_sensors,stock,30.0,start_drift,0.5,12,False,False,4.568
apriltag,stock,30.0,start_drift,0.5,12,True,False,0.591
full_suite,stock,30.0,start_drift,0.5,12,True,False,0.537
dead_reckoning,stock,30.0,start_drift,0.5,13,False,False,15.657
odometry_pods,stock,30.0,start_drift,0.5,13,False,False,13.699
distance_sensors,stock,30.0,start_drift,0.5,13,False,False,12.186
apriltag,stock,30.0,start_drift,0.5,13,True,False,1.419
full_suite,stock,30.0,start_drift,0.5,13,False,False,9.569
dead_reckoning,stock,30.0,start_drift,0.5,14,False,False,11.082
odometry_pods,stock,30.0,start_drift,0.5,14,True,False,8.731
distance_sensors,stock,30.0,start_drift,0.5,14,True,False,10.192
apriltag,stock,30.0,start_drift,0.5,14,True,False,0.601
full_suite,stock,30.0,start_drift,0.5,14,True,False,0.346
dead_reckoning,stock,30.0,start_drift,0.7,0,False,False,13.068
odometry_pods,stock,30.0,start_drift,0.7,0,False,False,12.141
distance_sensors,stock,30.0,start_drift,0.7,0,False,False,17.09
apriltag,stock,30.0,start_drift,0.7,0,True,False,2.176
full_suite,stock,30.0,start_drift,0.7,0,False,False,3.92
dead_reckoning,stock,30.0,start_drift,0.7,1,False,False,9.582
odometry_pods,stock,30.0,start_drift,0.7,1,False,False,11.303
distance_sensors,stock,30.0,start_drift,0.7,1,False,False,8.526
apriltag,stock,30.0,start_drift,0.7,1,False,False,4.814
full_suite,stock,30.0,start_drift,0.7,1,False,False,6.385
dead_reckoning,stock,30.0,start_drift,0.7,2,True,False,2.797
odometry_pods,stock,30.0,start_drift,0.7,2,True,False,1.069
distance_sensors,stock,30.0,start_drift,0.7,2,False,False,4.564
apriltag,stock,30.0,start_drift,0.7,2,True,False,1.617
full_suite,stock,30.0,start_drift,0.7,2,True,False,0.206
dead_reckoning,stock,30.0,start_drift,0.7,3,False,False,13.244
odometry_pods,stock,30.0,start_drift,0.7,3,False,False,13.381
distance_sensors,stock,30.0,start_drift,0.7,3,False,False,11.81
apriltag,stock,30.0,start_drift,0.7,3,False,False,13.244
full_suite,stock,30.0,start_drift,0.7,3,False,False,6.514
dead_reckoning,stock,30.0,start_drift,0.7,4,False,False,7.511
odometry_pods,stock,30.0,start_drift,0.7,4,False,False,8.288
distance_sensors,stock,30.0,start_drift,0.7,4,False,False,7.954
apriltag,stock,30.0,start_drift,0.7,4,False,False,7.511
full_suite,stock,30.0,start_drift,0.7,4,False,False,8.379
dead_reckoning,stock,30.0,start_drift,0.7,5,False,False,8.485
odometry_pods,stock,30.0,start_drift,0.7,5,False,False,8.485
distance_sensors,stock,30.0,start_drift,0.7,5,False,False,10.58
apriltag,stock,30.0,start_drift,0.7,5,False,False,8.485
full_suite,stock,30.0,start_drift,0.7,5,True,False,0.678
dead_reckoning,stock,30.0,start_drift,0.7,6,False,False,12.911
odometry_pods,stock,30.0,start_drift,0.7,6,False,False,13.313
distance_sensors,stock,30.0,start_drift,0.7,6,False,False,11.279
apriltag,stock,30.0,start_drift,0.7,6,False,False,12.911
full_suite,stock,30.0,start_drift,0.7,6,False,False,5.811
dead_reckoning,stock,30.0,start_drift,0.7,7,False,False,4.209
odometry_pods,stock,30.0,start_drift,0.7,7,False,False,5.565
distance_sensors,stock,30.0,start_drift,0.7,7,False,False,6.0
apriltag,stock,30.0,start_drift,0.7,7,False,False,5.945
full_suite,stock,30.0,start_drift,0.7,7,False,False,6.0
dead_reckoning,stock,30.0,start_drift,0.7,8,False,False,12.16
odometry_pods,stock,30.0,start_drift,0.7,8,False,False,13.163
distance_sensors,stock,30.0,start_drift,0.7,8,False,False,12.74
apriltag,stock,30.0,start_drift,0.7,8,False,False,12.16
full_suite,stock,30.0,start_drift,0.7,8,False,False,13.234
dead_reckoning,stock,30.0,start_drift,0.7,9,False,False,16.71
odometry_pods,stock,30.0,start_drift,0.7,9,False,False,14.005
distance_sensors,stock,30.0,start_drift,0.7,9,False,False,13.416
apriltag,stock,30.0,start_drift,0.7,9,False,False,4.822
full_suite,stock,30.0,start_drift,0.7,9,False,False,9.452
dead_reckoning,stock,30.0,start_drift,0.7,10,False,False,9.129
odometry_pods,stock,30.0,start_drift,0.7,10,False,False,6.895
distance_sensors,stock,30.0,start_drift,0.7,10,False,False,9.946
apriltag,stock,30.0,start_drift,0.7,10,True,False,0.697
full_suite,stock,30.0,start_drift,0.7,10,True,False,0.773
dead_reckoning,stock,30.0,start_drift,0.7,11,True,False,1.64
odometry_pods,stock,30.0,start_drift,0.7,11,True,False,0.328
distance_sensors,stock,30.0,start_drift,0.7,11,False,False,1.221
apriltag,stock,30.0,start_drift,0.7,11,True,False,1.64
full_suite,stock,30.0,start_drift,0.7,11,False,False,0.244
dead_reckoning,stock,30.0,start_drift,0.7,12,False,False,12.04
odometry_pods,stock,30.0,start_drift,0.7,12,False,False,13.141
distance_sensors,stock,30.0,start_drift,0.7,12,False,False,15.053
apriltag,stock,30.0,start_drift,0.7,12,False,False,12.04
full_suite,stock,30.0,start_drift,0.7,12,False,False,13.444
dead_reckoning,stock,30.0,start_drift,0.7,13,False,False,5.668
odometry_pods,stock,30.0,start_drift,0.7,13,False,False,5.868
distance_sensors,stock,30.0,start_drift,0.7,13,False,False,6.839
apriltag,stock,30.0,start_drift,0.7,13,False,False,5.668
full_suite,stock,30.0,start_drift,0.7,13,False,False,6.163
dead_reckoning,stock,30.0,start_drift,0.7,14,False,False,15.458
odometry_pods,stock,30.0,start_drift,0.7,14,False,False,16.664
distance_sensors,stock,30.0,start_drift,0.7,14,False,False,16.971
apriltag,stock,30.0,start_drift,0.7,14,True,False,2.058
full_suite,stock,30.0,start_drift,0.7,14,False,False,10.908
dead_reckoning,stock,30.0,start_drift,0.9,0,False,False,21.831
odometry_pods,stock,30.0,start_drift,0.9,0,False,False,21.67
distance_sensors,stock,30.0,start_drift,0.9,0,False,False,18.219
apriltag,stock,30.0,start_drift,0.9,0,False,False,21.831
full_suite,stock,30.0,start_drift,0.9,0,False,False,1.122
dead_reckoning,stock,30.0,start_drift,0.9,1,False,False,17.278
odometry_pods,stock,30.0,start_drift,0.9,1,False,False,17.013
distance_sensors,stock,30.0,start_drift,0.9,1,True,False,19.083
apriltag,stock,30.0,start_drift,0.9,1,False,False,5.049
full_suite,stock,30.0,start_drift,0.9,1,True,False,2.677
dead_reckoning,stock,30.0,start_drift,0.9,2,False,False,8.103
odometry_pods,stock,30.0,start_drift,0.9,2,False,False,8.228
distance_sensors,stock,30.0,start_drift,0.9,2,False,False,7.66
apriltag,stock,30.0,start_drift,0.9,2,True,False,3.004
full_suite,stock,30.0,start_drift,0.9,2,True,False,2.512
dead_reckoning,stock,30.0,start_drift,0.9,3,False,False,18.974
odometry_pods,stock,30.0,start_drift,0.9,3,False,False,18.974
distance_sensors,stock,30.0,start_drift,0.9,3,False,False,17.294
apriltag,stock,30.0,start_drift,0.9,3,False,False,18.974
full_suite,stock,30.0,start_drift,0.9,3,False,False,0.963
dead_reckoning,stock,30.0,start_drift,0.9,4,False,False,17.822
odometry_pods,stock,30.0,start_drift,0.9,4,False,False,17.135
distance_sensors,stock,30.0,start_drift,0.9,4,False,False,18.42
apriltag,stock,30.0,start_drift,0.9,4,False,False,17.822
full_suite,stock,30.0,start_drift,0.9,4,False,False,0.364
dead_reckoning,stock,30.0,start_drift,0.9,5,False,False,16.247
odometry_pods,stock,30.0,start_drift,0.9,5,False,False,18.134
distance_sensors,stock,30.0,start_drift,0.9,5,False,False,15.003
apriltag,stock,30.0,start_drift,0.9,5,False,False,16.247
full_suite,stock,30.0,start_drift,0.9,5,False,False,0.842
dead_reckoning,stock,30.0,start_drift,0.9,6,False,False,13.725
odometry_pods,stock,30.0,start_drift,0.9,6,False,False,13.474
distance_sensors,stock,30.0,start_drift,0.9,6,False,False,13.416
apriltag,stock,30.0,start_drift,0.9,6,True,False,2.796
full_suite,stock,30.0,start_drift,0.9,6,False,False,9.155
dead_reckoning,stock,30.0,start_drift,0.9,7,False,False,21.633
odometry_pods,stock,30.0,start_drift,0.9,7,False,False,21.633
distance_sensors,stock,30.0,start_drift,0.9,7,False,False,23.485
apriltag,stock,30.0,start_drift,0.9,7,False,False,21.633
full_suite,stock,30.0,start_drift,0.9,7,False,False,10.243
dead_reckoning,stock,30.0,start_drift,0.9,8,False,False,6.822
odometry_pods,stock,30.0,start_drift,0.9,8,False,False,6.289
distance_sensors,stock,30.0,start_drift,0.9,8,False,False,7.246
apriltag,stock,30.0,start_drift,0.9,8,True,False,3.404
full_suite,stock,30.0,start_drift,0.9,8,True,False,1.203
dead_reckoning,stock,30.0,start_drift,0.9,9,False,False,21.885
odometry_pods,stock,30.0,start_drift,0.9,9,False,False,21.683
distance_sensors,stock,30.0,start_drift,0.9,9,False,False,21.885
apriltag,stock,30.0,start_drift,0.9,9,False,False,21.885
full_suite,stock,30.0,start_drift,0.9,9,False,False,11.402
dead_reckoning,stock,30.0,start_drift,0.9,10,False,False,20.277
odometry_pods,stock,30.0,start_drift,0.9,10,False,False,14.2
distance_sensors,stock,30.0,start_drift,0.9,10,False,False,21.074
apriltag,stock,30.0,start_drift,0.9,10,False,False,5.154
full_suite,stock,30.0,start_drift,0.9,10,False,False,0.62
dead_reckoning,stock,30.0,start_drift,0.9,11,False,False,23.05
odometry_pods,stock,30.0,start_drift,0.9,11,False,False,21.705
distance_sensors,stock,30.0,start_drift,0.9,11,False,False,23.383
apriltag,stock,30.0,start_drift,0.9,11,False,False,23.05
full_suite,stock,30.0,start_drift,0.9,11,False,False,21.835
dead_reckoning,stock,30.0,start_drift,0.9,12,False,False,16.215
odometry_pods,stock,30.0,start_drift,0.9,12,False,False,10.267
distance_sensors,stock,30.0,start_drift,0.9,12,True,False,17.639
apriltag,stock,30.0,start_drift,0.9,12,True,False,0.763
full_suite,stock,30.0,start_drift,0.9,12,True,False,6.872
dead_reckoning,stock,30.0,start_drift,0.9,13,False,False,6.075
odometry_pods,stock,30.0,start_drift,0.9,13,False,False,7.584
distance_sensors,stock,30.0,start_drift,0.9,13,False,False,6.017
apriltag,stock,30.0,start_drift,0.9,13,False,False,6.075
full_suite,stock,30.0,start_drift,0.9,13,False,False,7.72
dead_reckoning,stock,30.0,start_drift,0.9,14,False,False,14.456
odometry_pods,stock,30.0,start_drift,0.9,14,False,False,13.77
distance_sensors,stock,30.0,start_drift,0.9,14,False,False,15.869
apriltag,stock,30.0,start_drift,0.9,14,True,False,1.873
full_suite,stock,30.0,start_drift,0.9,14,False,False,0.026
dead_reckoning,stock,30.0,obstacle_drift,0.3,0,False,False,6.432
odometry_pods,stock,30.0,obstacle_drift,0.3,0,True,False,1.165
distance_sensors,stock,30.0,obstacle_drift,0.3,0,False,False,1.944
apriltag,stock,30.0,obstacle_drift,0.3,0,True,False,1.537
full_suite,stock,30.0,obstacle_drift,0.3,0,False,False,0.389
dead_reckoning,stock,30.0,obstacle_drift,0.3,1,True,False,1.812
odometry_pods,stock,30.0,obstacle_drift,0.3,1,True,False,0.091
distance_sensors,stock,30.0,obstacle_drift,0.3,1,True,False,2.651
apriltag,stock,30.0,obstacle_drift,0.3,1,True,False,3.525
full_suite,stock,30.0,obstacle_drift,0.3,1,True,False,0.45
dead_reckoning,stock,30.0,obstacle_drift,0.3,2,True,False,0.982
odometry_pods,stock,30.0,obstacle_drift,0.3,2,True,False,0.196
distance_sensors,stock,30.0,obstacle_drift,0.3,2,True,False,1.526
apriltag,stock,30.0,obstacle_drift,0.3,2,True,False,0.658
full_suite,stock,30.0,obstacle_drift,0.3,2,True,False,0.099
dead_reckoning,stock,30.0,obstacle_drift,0.3,3,False,False,6.229
odometry_pods,stock,30.0,obstacle_drift,0.3,3,True,False,1.092
distance_sensors,stock,30.0,obstacle_drift,0.3,3,False,False,6.605
apriltag,stock,30.0,obstacle_drift,0.3,3,True,False,2.368
full_suite,stock,30.0,obstacle_drift,0.3,3,True,False,0.605
dead_reckoning,stock,30.0,obstacle_drift,0.3,4,False,False,3.626
odometry_pods,stock,30.0,obstacle_drift,0.3,4,True,False,2.859
distance_sensors,stock,30.0,obstacle_drift,0.3,4,False,False,3.626
apriltag,stock,30.0,obstacle_drift,0.3,4,False,False,3.626
full_suite,stock,30.0,obstacle_drift,0.3,4,True,False,1.158
dead_reckoning,stock,30.0,obstacle_drift,0.3,5,False,False,0.0
odometry_pods,stock,30.0,obstacle_drift,0.3,5,False,False,0.0
distance_sensors,stock,30.0,obstacle_drift,0.3,5,True,False,1.568
apriltag,stock,30.0,obstacle_drift,0.3,5,False,False,0.0
full_suite,stock,30.0,obstacle_drift,0.3,5,True,False,0.27
dead_reckoning,stock,30.0,obstacle_drift,0.3,6,False,False,9.19
odometry_pods,stock,30.0,obstacle_drift,0.3,6,True,False,1.401
distance_sensors,stock,30.0,obstacle_drift,0.3,6,False,False,6.998
apriltag,stock,30.0,obstacle_drift,0.3,6,False,False,3.368
full_suite,stock,30.0,obstacle_drift,0.3,6,True,False,1.51
dead_reckoning,stock,30.0,obstacle_drift,0.3,7,False,False,4.386
odometry_pods,stock,30.0,obstacle_drift,0.3,7,True,False,0.096
distance_sensors,stock,30.0,obstacle_drift,0.3,7,False,False,4.223
apriltag,stock,30.0,obstacle_drift,0.3,7,True,False,1.591
full_suite,stock,30.0,obstacle_drift,0.3,7,True,False,0.205
dead_reckoning,stock,30.0,obstacle_drift,0.3,8,True,False,2.31
odometry_pods,stock,30.0,obstacle_drift,0.3,8,True,False,0.462
distance_sensors,stock,30.0,obstacle_drift,0.3,8,True,False,1.765
apriltag,stock,30.0,obstacle_drift,0.3,8,True,False,2.31
full_suite,stock,30.0,obstacle_drift,0.3,8,True,False,0.353
dead_reckoning,stock,30.0,obstacle_drift,0.3,9,False,False,4.856
odometry_pods,stock,30.0,obstacle_drift,0.3,9,True,False,0.328
distance_sensors,stock,30.0,obstacle_drift,0.3,9,False,False,4.856
apriltag,stock,30.0,obstacle_drift,0.3,9,True,False,0.65
full_suite,stock,30.0,obstacle_drift,0.3,9,True,False,0.13
dead_reckoning,stock,30.0,obstacle_drift,0.3,10,True,False,10.027
odometry_pods,stock,30.0,obstacle_drift,0.3,10,True,False,1.808
distance_sensors,stock,30.0,obstacle_drift,0.3,10,True,False,8.681
apriltag,stock,30.0,obstacle_drift,0.3,10,False,False,8.487
full_suite,stock,30.0,obstacle_drift,0.3,10,True,False,1.088
dead_reckoning,stock,30.0,obstacle_drift,0.3,11,True,False,2.116
odometry_pods,stock,30.0,obstacle_drift,0.3,11,True,False,0.423
distance_sensors,stock,30.0,obstacle_drift,0.3,11,True,False,2.299
apriltag,stock,30.0,obstacle_drift,0.3,11,True,False,2.116
full_suite,stock,30.0,obstacle_drift,0.3,11,True,False,0.46
dead_reckoning,stock,30.0,obstacle_drift,0.3,12,True,False,2.673
odometry_pods,stock,30.0,obstacle_drift,0.3,12,True,False,0.241
distance_sensors,stock,30.0,obstacle_drift,0.3,12,False,False,2.604
apriltag,stock,30.0,obstacle_drift,0.3,12,True,False,1.883
full_suite,stock,30.0,obstacle_drift,0.3,12,False,False,0.521
dead_reckoning,stock,30.0,obstacle_drift,0.3,13,True,False,1.04
odometry_pods,stock,30.0,obstacle_drift,0.3,13,True,False,0.208
distance_sensors,stock,30.0,obstacle_drift,0.3,13,True,False,0.668
apriltag,stock,30.0,obstacle_drift,0.3,13,True,False,0.909
full_suite,stock,30.0,obstacle_drift,0.3,13,True,False,0.147
dead_reckoning,stock,30.0,obstacle_drift,0.3,14,False,False,7.992
odometry_pods,stock,30.0,obstacle_drift,0.3,14,True,False,1.758
distance_sensors,stock,30.0,obstacle_drift,0.3,14,False,False,4.212
apriltag,stock,30.0,obstacle_drift,0.3,14,False,False,4.924
full_suite,stock,30.0,obstacle_drift,0.3,14,True,False,1.761
dead_reckoning,stock,30.0,obstacle_drift,0.5,0,False,False,4.593
odometry_pods,stock,30.0,obstacle_drift,0.5,0,True,False,0.659
distance_sensors,stock,30.0,obstacle_drift,0.5,0,False,False,1.195
apriltag,stock,30.0,obstacle_drift,0.5,0,False,False,7.528
full_suite,stock,30.0,obstacle_drift,0.5,0,False,False,0.239
dead_reckoning,stock,30.0,obstacle_drift,0.5,1,True,False,2.365
odometry_pods,stock,30.0,obstacle_drift,0.5,1,True,False,0.473
distance_sensors,stock,30.0,obstacle_drift,0.5,1,True,False,2.355
apriltag,stock,30.0,obstacle_drift,0.5,1,True,False,0.542
full_suite,stock,30.0,obstacle_drift,0.5,1,True,False,0.126
dead_reckoning,stock,30.0,obstacle_drift,0.5,2,True,False,1.569
odometry_pods,stock,30.0,obstacle_drift,0.5,2,True,False,0.346
distance_sensors,stock,30.0,obstacle_drift,0.5,2,False,False,3.82
apriltag,stock,30.0,obstacle_drift,0.5,2,True,False,1.595
full_suite,stock,30.0,obstacle_drift,0.5,2,True,False,0.103
dead_reckoning,stock,30.0,obstacle_drift,0.5,3,True,False,0.763
odometry_pods,stock,30.0,obstacle_drift,0.5,3,True,False,0.153
distance_sensors,stock,30.0,obstacle_drift,0.5,3,True,False,0.763
apriltag,stock,30.0,obstacle_drift,0.5,3,True,False,0.763
full_suite,stock,30.0,obstacle_drift,0.5,3,True,False,0.153
dead_reckoning,stock,30.0,obstacle_drift,0.5,4,True,False,2.74
odometry_pods,stock,30.0,obstacle_drift,0.5,4,True,False,0.869
distance_sensors,stock,30.0,obstacle_drift,0.5,4,False,False,4.371
apriltag,stock,30.0,obstacle_drift,0.5,4,False,False,5.51
full_suite,stock,30.0,obstacle_drift,0.5,4,True,False,0.531
dead_reckoning,stock,30.0,obstacle_drift,0.5,5,False,False,1.917
odometry_pods,stock,30.0,obstacle_drift,0.5,5,True,False,0.368
distance_sensors,stock,30.0,obstacle_drift,0.5,5,False,False,4.487
apriltag,stock,30.0,obstacle_drift,0.5,5,True,False,0.744
full_suite,stock,30.0,obstacle_drift,0.5,5,True,False,0.402
dead_reckoning,stock,30.0,obstacle_drift,0.5,6,True,False,2.68
odometry_pods,stock,30.0,obstacle_drift,0.5,6,True,False,0.536
distance_sensors,stock,30.0,obstacle_drift,0.5,6,True,False,1.547
apriltag,stock,30.0,obstacle_drift,0.5,6,True,False,3.193
full_suite,stock,30.0,obstacle_drift,0.5,6,True,False,0.309
dead_reckoning,stock,30.0,obstacle_drift,0.5,7,False,False,4.192
odometry_pods,stock,30.0,obstacle_drift,0.5,7,True,False,0.791
distance_sensors,stock,30.0,obstacle_drift,0.5,7,False,False,1.11
apriltag,stock,30.0,obstacle_drift,0.5,7,True,False,2.057
full_suite,stock,30.0,obstacle_drift,0.5,7,False,False,0.222
dead_reckoning,stock,30.0,obstacle_drift,0.5,8,True,False,1.728
odometry_pods,stock,30.0,obstacle_drift,0.5,8,True,False,0.362
distance_sensors,stock,30.0,obstacle_drift,0.5,8,False,False,1.311
apriltag,stock,30.0,obstacle_drift,0.5,8,False,False,6.131
full_suite,stock,30.0,obstacle_drift,0.5,8,False,False,0.081
dead_reckoning,stock,30.0,obstacle_drift,0.5,9,True,False,1.621
odometry_pods,stock,30.0,obstacle_drift,0.5,9,True,False,0.324
distance_sensors,stock,30.0,obstacle_drift,0.5,9,True,False,1.621
apriltag,stock,30.0,obstacle_drift,0.5,9,True,False,0.814
full_suite,stock,30.0,obstacle_drift,0.5,9,True,False,0.163
dead_reckoning,stock,30.0,obstacle_drift,0.5,10,True,False,0.467
odometry_pods,stock,30.0,obstacle_drift,0.5,10,True,False,0.093
distance_sensors,stock,30.0,obstacle_drift,0.5,10,True,False,0.718
apriltag,stock,30.0,obstacle_drift,0.5,10,True,False,2.925
full_suite,stock,30.0,obstacle_drift,0.5,10,True,False,0.576
dead_reckoning,stock,30.0,obstacle_drift,0.5,11,False,False,3.348
odometry_pods,stock,30.0,obstacle_drift,0.5,11,True,False,0.836
distance_sensors,stock,30.0,obstacle_drift,0.5,11,False,False,0.0
apriltag,stock,30.0,obstacle_drift,0.5,11,False,False,3.582
full_suite,stock,30.0,obstacle_drift,0.5,11,False,False,0.0
dead_reckoning,stock,30.0,obstacle_drift,0.5,12,True,False,2.558
odometry_pods,stock,30.0,obstacle_drift,0.5,12,True,False,0.512
distance_sensors,stock,30.0,obstacle_drift,0.5,12,True,False,1.896
apriltag,stock,30.0,obstacle_drift,0.5,12,True,False,3.278
full_suite,stock,30.0,obstacle_drift,0.5,12,True,False,0.323
dead_reckoning,stock,30.0,obstacle_drift,0.5,13,False,False,5.754
odometry_pods,stock,30.0,obstacle_drift,0.5,13,True,False,1.062
distance_sensors,stock,30.0,obstacle_drift,0.5,13,False,False,3.655
apriltag,stock,30.0,obstacle_drift,0.5,13,False,False,5.754
full_suite,stock,30.0,obstacle_drift,0.5,13,False,False,0.36
dead_reckoning,stock,30.0,obstacle_drift,0.5,14,True,False,2.432
odometry_pods,stock,30.0,obstacle_drift,0.5,14,True,False,0.648
distance_sensors,stock,30.0,obstacle_drift,0.5,14,False,False,4.53
apriltag,stock,30.0,obstacle_drift,0.5,14,True,False,2.432
full_suite,stock,30.0,obstacle_drift,0.5,14,True,False,0.27
dead_reckoning,stock,30.0,obstacle_drift,0.7,0,False,False,3.113
odometry_pods,stock,30.0,obstacle_drift,0.7,0,True,False,0.313
distance_sensors,stock,30.0,obstacle_drift,0.7,0,False,False,1.915
apriltag,stock,30.0,obstacle_drift,0.7,0,False,False,3.113
full_suite,stock,30.0,obstacle_drift,0.7,0,False,False,0.245
dead_reckoning,stock,30.0,obstacle_drift,0.7,1,False,False,7.084
odometry_pods,stock,30.0,obstacle_drift,0.7,1,False,False,1.099
distance_sensors,stock,30.0,obstacle_drift,0.7,1,False,False,3.189
apriltag,stock,30.0,obstacle_drift,0.7,1,False,False,4.646
full_suite,stock,30.0,obstacle_drift,0.7,1,True,False,0.422
dead_reckoning,stock,30.0,obstacle_drift,0.7,2,True,False,3.615
odometry_pods,stock,30.0,obstacle_drift,0.7,2,True,False,0.723
distance_sensors,stock,30.0,obstacle_drift,0.7,2,True,False,3.273
apriltag,stock,30.0,obstacle_drift,0.7,2,True,False,2.697
full_suite,stock,30.0,obstacle_drift,0.7,2,True,False,0.631
dead_reckoning,stock,30.0,obstacle_drift,0.7,3,True,False,1.47
odometry_pods,stock,30.0,obstacle_drift,0.7,3,True,False,0.69
distance_sensors,stock,30.0,obstacle_drift,0.7,3,False,False,0.0
apriltag,stock,30.0,obstacle_drift,0.7,3,True,False,2.337
full_suite,stock,30.0,obstacle_drift,0.7,3,False,False,0.0
dead_reckoning,stock,30.0,obstacle_drift,0.7,4,False,False,7.643
odometry_pods,stock,30.0,obstacle_drift,0.7,4,True,False,1.351
distance_sensors,stock,30.0,obstacle_drift,0.7,4,False,False,8.622
apriltag,stock,30.0,obstacle_drift,0.7,4,True,False,1.055
full_suite,stock,30.0,obstacle_drift,0.7,4,True,False,1.969
dead_reckoning,stock,30.0,obstacle_drift,0.7,5,True,False,0.932
odometry_pods,stock,30.0,obstacle_drift,0.7,5,True,False,0.546
distance_sensors,stock,30.0,obstacle_drift,0.7,5,True,False,0.36
apriltag,stock,30.0,obstacle_drift,0.7,5,True,False,0.374
full_suite,stock,30.0,obstacle_drift,0.7,5,True,False,0.089
dead_reckoning,stock,30.0,obstacle_drift,0.7,6,False,False,5.171
odometry_pods,stock,30.0,obstacle_drift,0.7,6,True,False,0.871
distance_sensors,stock,30.0,obstacle_drift,0.7,6,False,False,0.0
apriltag,stock,30.0,obstacle_drift,0.7,6,False,False,5.171
full_suite,stock,30.0,obstacle_drift,0.7,6,False,False,0.0
dead_reckoning,stock,30.0,obstacle_drift,0.7,7,False,False,5.739
odometry_pods,stock,30.0,obstacle_drift,0.7,7,True,False,1.671
distance_sensors,stock,30.0,obstacle_drift,0.7,7,False,False,8.888
apriltag,stock,30.0,obstacle_drift,0.7,7,True,False,1.077
full_suite,stock,30.0,obstacle_drift,0.7,7,True,False,0.328
dead_reckoning,stock,30.0,obstacle_drift,0.7,8,True,False,3.978
odometry_pods,stock,30.0,obstacle_drift,0.7,8,True,False,0.5
distance_sensors,stock,30.0,obstacle_drift,0.7,8,False,False,5.626
apriltag,stock,30.0,obstacle_drift,0.7,8,True,False,3.486
full_suite,stock,30.0,obstacle_drift,0.7,8,True,False,0.213
dead_reckoning,stock,30.0,obstacle_drift,0.7,9,False,False,4.426
odometry_pods,stock,30.0,obstacle_drift,0.7,9,True,False,0.659
distance_sensors,stock,30.0,obstacle_drift,0.7,9,False,False,4.681
apriltag,stock,30.0,obstacle_drift,0.7,9,True,False,3.148
full_suite,stock,30.0,obstacle_drift,0.7,9,True,False,0.648
dead_reckoning,stock,30.0,obstacle_drift,0.7,10,False,False,6.72
odometry_pods,stock,30.0,obstacle_drift,0.7,10,True,False,1.113
distance_sensors,stock,30.0,obstacle_drift,0.7,10,False,False,0.0
apriltag,stock,30.0,obstacle_drift,0.7,10,True,False,2.57
full_suite,stock,30.0,obstacle_drift,0.7,10,False,False,0.0
dead_reckoning,stock,30.0,obstacle_drift,0.7,11,False,False,2.415
odometry_pods,stock,30.0,obstacle_drift,0.7,11,False,False,0.483
distance_sensors,stock,30.0,obstacle_drift,0.7,11,False,False,2.222
apriltag,stock,30.0,obstacle_drift,0.7,11,False,False,0.635
full_suite,stock,30.0,obstacle_drift,0.7,11,False,False,0.419
dead_reckoning,stock,30.0,obstacle_drift,0.7,12,False,False,1.741
odometry_pods,stock,30.0,obstacle_drift,0.7,12,False,False,0.348
distance_sensors,stock,30.0,obstacle_drift,0.7,12,False,False,0.899
apriltag,stock,30.0,obstacle_drift,0.7,12,False,False,1.741
full_suite,stock,30.0,obstacle_drift,0.7,12,False,False,0.18
dead_reckoning,stock,30.0,obstacle_drift,0.7,13,False,False,9.756
odometry_pods,stock,30.0,obstacle_drift,0.7,13,True,False,1.909
distance_sensors,stock,30.0,obstacle_drift,0.7,13,False,False,1.708
apriltag,stock,30.0,obstacle_drift,0.7,13,True,False,0.209
full_suite,stock,30.0,obstacle_drift,0.7,13,False,False,0.342
dead_reckoning,stock,30.0,obstacle_drift,0.7,14,True,False,5.038
odometry_pods,stock,30.0,obstacle_drift,0.7,14,True,False,1.008
distance_sensors,stock,30.0,obstacle_drift,0.7,14,False,False,0.0
apriltag,stock,30.0,obstacle_drift,0.7,14,True,False,0.56
full_suite,stock,30.0,obstacle_drift,0.7,14,False,False,0.0
dead_reckoning,stock,30.0,obstacle_drift,0.9,0,False,False,7.65
odometry_pods,stock,30.0,obstacle_drift,0.9,0,True,False,1.063
distance_sensors,stock,30.0,obstacle_drift,0.9,0,False,False,7.65
apriltag,stock,30.0,obstacle_drift,0.9,0,False,False,7.65
full_suite,stock,30.0,obstacle_drift,0.9,0,True,False,0.439
dead_reckoning,stock,30.0,obstacle_drift,0.9,1,False,False,1.919
odometry_pods,stock,30.0,obstacle_drift,0.9,1,False,False,0.384
distance_sensors,stock,30.0,obstacle_drift,0.9,1,True,False,2.653
apriltag,stock,30.0,obstacle_drift,0.9,1,False,False,0.332
full_suite,stock,30.0,obstacle_drift,0.9,1,True,False,0.271
dead_reckoning,stock,30.0,obstacle_drift,0.9,2,False,False,5.346
odometry_pods,stock,30.0,obstacle_drift,0.9,2,True,False,0.708
distance_sensors,stock,30.0,obstacle_drift,0.9,2,False,False,7.445
apriltag,stock,30.0,obstacle_drift,0.9,2,True,False,1.885
full_suite,stock,30.0,obstacle_drift,0.9,2,True,False,0.701
dead_reckoning,stock,30.0,obstacle_drift,0.9,3,False,False,9.013
odometry_pods,stock,30.0,obstacle_drift,0.9,3,True,False,1.612
distance_sensors,stock,30.0,obstacle_drift,0.9,3,False,False,0.0
apriltag,stock,30.0,obstacle_drift,0.9,3,False,False,4.452
full_suite,stock,30.0,obstacle_drift,0.9,3,False,False,0.0
dead_reckoning,stock,30.0,obstacle_drift,0.9,4,False,False,12.628
odometry_pods,stock,30.0,obstacle_drift,0.9,4,True,False,2.481
distance_sensors,stock,30.0,obstacle_drift,0.9,4,False,False,10.184
apriltag,stock,30.0,obstacle_drift,0.9,4,True,False,0.881
full_suite,stock,30.0,obstacle_drift,0.9,4,False,False,0.912
dead_reckoning,stock,30.0,obstacle_drift,0.9,5,False,False,7.097
odometry_pods,stock,30.0,obstacle_drift,0.9,5,True,False,1.033
distance_sensors,stock,30.0,obstacle_drift,0.9,5,False,False,6.574
apriltag,stock,30.0,obstacle_drift,0.9,5,True,False,3.273
full_suite,stock,30.0,obstacle_drift,0.9,5,True,False,0.544
dead_reckoning,stock,30.0,obstacle_drift,0.9,6,False,False,6.599
odometry_pods,stock,30.0,obstacle_drift,0.9,6,True,False,1.284
distance_sensors,stock,30.0,obstacle_drift,0.9,6,False,False,5.935
apriltag,stock,30.0,obstacle_drift,0.9,6,True,False,2.269
full_suite,stock,30.0,obstacle_drift,0.9,6,True,False,0.334
dead_reckoning,stock,30.0,obstacle_drift,0.9,7,False,False,5.032
odometry_pods,stock,30.0,obstacle_drift,0.9,7,True,False,1.607
distance_sensors,stock,30.0,obstacle_drift,0.9,7,False,False,6.49
apriltag,stock,30.0,obstacle_drift,0.9,7,False,False,4.774
full_suite,stock,30.0,obstacle_drift,0.9,7,True,False,1.629
dead_reckoning,stock,30.0,obstacle_drift,0.9,8,False,False,4.667
odometry_pods,stock,30.0,obstacle_drift,0.9,8,True,False,1.066
distance_sensors,stock,30.0,obstacle_drift,0.9,8,False,False,4.242
apriltag,stock,30.0,obstacle_drift,0.9,8,True,False,2.247
full_suite,stock,30.0,obstacle_drift,0.9,8,True,False,0.055
dead_reckoning,stock,30.0,obstacle_drift,0.9,9,False,False,6.492
odometry_pods,stock,30.0,obstacle_drift,0.9,9,True,False,0.907
distance_sensors,stock,30.0,obstacle_drift,0.9,9,False,False,7.484
apriltag,stock,30.0,obstacle_drift,0.9,9,True,False,2.174
full_suite,stock,30.0,obstacle_drift,0.9,9,True,False,0.504
dead_reckoning,stock,30.0,obstacle_drift,0.9,10,True,False,1.726
odometry_pods,stock,30.0,obstacle_drift,0.9,10,True,False,0.345
distance_sensors,stock,30.0,obstacle_drift,0.9,10,True,False,1.673
apriltag,stock,30.0,obstacle_drift,0.9,10,True,False,2.292
full_suite,stock,30.0,obstacle_drift,0.9,10,True,False,0.469
dead_reckoning,stock,30.0,obstacle_drift,0.9,11,True,False,2.95
odometry_pods,stock,30.0,obstacle_drift,0.9,11,True,False,0.59
distance_sensors,stock,30.0,obstacle_drift,0.9,11,True,False,1.897
apriltag,stock,30.0,obstacle_drift,0.9,11,True,False,3.253
full_suite,stock,30.0,obstacle_drift,0.9,11,True,False,0.506
dead_reckoning,stock,30.0,obstacle_drift,0.9,12,False,False,10.744
odometry_pods,stock,30.0,obstacle_drift,0.9,12,True,False,1.95
distance_sensors,stock,30.0,obstacle_drift,0.9,12,False,False,10.619
apriltag,stock,30.0,obstacle_drift,0.9,12,False,False,3.422
full_suite,stock,30.0,obstacle_drift,0.9,12,True,False,0.776
dead_reckoning,stock,30.0,obstacle_drift,0.9,13,False,False,4.469
odometry_pods,stock,30.0,obstacle_drift,0.9,13,True,False,0.246
distance_sensors,stock,30.0,obstacle_drift,0.9,13,False,False,5.443
apriltag,stock,30.0,obstacle_drift,0.9,13,True,False,1.617
full_suite,stock,30.0,obstacle_drift,0.9,13,True,False,0.54
dead_reckoning,stock,30.0,obstacle_drift,0.9,14,True,False,2.474
odometry_pods,stock,30.0,obstacle_drift,0.9,14,True,False,0.495
distance_sensors,stock,30.0,obstacle_drift,0.9,14,True,False,2.474
apriltag,stock,30.0,obstacle_drift,0.9,14,True,False,2.69
full_suite,stock,30.0,obstacle_drift,0.9,14,True,False,0.538
dead_reckoning,stock,30.0,unplanned_blocker,0.3,0,False,False,4.455
odometry_pods,stock,30.0,unplanned_blocker,0.3,0,True,False,0.719
distance_sensors,stock,30.0,unplanned_blocker,0.3,0,False,False,0.0
apriltag,stock,30.0,unplanned_blocker,0.3,0,True,False,1.334
full_suite,stock,30.0,unplanned_blocker,0.3,0,False,False,0.0
dead_reckoning,stock,30.0,unplanned_blocker,0.3,1,False,False,3.692
odometry_pods,stock,30.0,unplanned_blocker,0.3,1,True,False,0.672
distance_sensors,stock,30.0,unplanned_blocker,0.3,1,False,False,3.496
apriltag,stock,30.0,unplanned_blocker,0.3,1,True,False,2.706
full_suite,stock,30.0,unplanned_blocker,0.3,1,True,False,0.464
dead_reckoning,stock,30.0,unplanned_blocker,0.3,2,True,False,1.316
odometry_pods,stock,30.0,unplanned_blocker,0.3,2,True,False,0.263
distance_sensors,stock,30.0,unplanned_blocker,0.3,2,True,False,1.316
apriltag,stock,30.0,unplanned_blocker,0.3,2,True,False,1.825
full_suite,stock,30.0,unplanned_blocker,0.3,2,True,False,0.365
dead_reckoning,stock,30.0,unplanned_blocker,0.3,3,False,False,3.994
odometry_pods,stock,30.0,unplanned_blocker,0.3,3,True,False,1.118
distance_sensors,stock,30.0,unplanned_blocker,0.3,3,False,False,0.289
apriltag,stock,30.0,unplanned_blocker,0.3,3,True,False,2.177
full_suite,stock,30.0,unplanned_blocker,0.3,3,False,False,0.058
dead_reckoning,stock,30.0,unplanned_blocker,0.3,4,False,False,2.115
odometry_pods,stock,30.0,unplanned_blocker,0.3,4,False,False,0.423
distance_sensors,stock,30.0,unplanned_blocker,0.3,4,False,False,1.98
apriltag,stock,30.0,unplanned_blocker,0.3,4,False,False,1.552
full_suite,stock,30.0,unplanned_blocker,0.3,4,True,False,0.425
dead_reckoning,stock,30.0,unplanned_blocker,0.3,5,False,False,7.913
odometry_pods,stock,30.0,unplanned_blocker,0.3,5,False,False,1.151
distance_sensors,stock,30.0,unplanned_blocker,0.3,5,False,False,5.727
apriltag,stock,30.0,unplanned_blocker,0.3,5,False,False,2.285
full_suite,stock,30.0,unplanned_blocker,0.3,5,True,False,0.138
dead_reckoning,stock,30.0,unplanned_blocker,0.3,6,False,False,3.265
odometry_pods,stock,30.0,unplanned_blocker,0.3,6,False,False,0.621
distance_sensors,stock,30.0,unplanned_blocker,0.3,6,False,False,3.862
apriltag,stock,30.0,unplanned_blocker,0.3,6,False,False,0.339
full_suite,stock,30.0,unplanned_blocker,0.3,6,True,False,0.226
dead_reckoning,stock,30.0,unplanned_blocker,0.3,7,False,False,12.209
odometry_pods,stock,30.0,unplanned_blocker,0.3,7,True,False,2.184
distance_sensors,stock,30.0,unplanned_blocker,0.3,7,False,False,3.791
apriltag,stock,30.0,unplanned_blocker,0.3,7,False,False,5.408
full_suite,stock,30.0,unplanned_blocker,0.3,7,False,False,0.33
dead_reckoning,stock,30.0,unplanned_blocker,0.3,8,False,False,10.298
odometry_pods,stock,30.0,unplanned_blocker,0.3,8,True,False,1.364
distance_sensors,stock,30.0,unplanned_blocker,0.3,8,False,False,5.005
apriltag,stock,30.0,unplanned_blocker,0.3,8,True,False,0.522
full_suite,stock,30.0,unplanned_blocker,0.3,8,True,False,1.052
dead_reckoning,stock,30.0,unplanned_blocker,0.3,9,True,False,4.016
odometry_pods,stock,30.0,unplanned_blocker,0.3,9,True,False,0.803
distance_sensors,stock,30.0,unplanned_blocker,0.3,9,True,False,4.281
apriltag,stock,30.0,unplanned_blocker,0.3,9,True,False,1.492
full_suite,stock,30.0,unplanned_blocker,0.3,9,True,False,0.354
dead_reckoning,stock,30.0,unplanned_blocker,0.3,10,False,False,4.979
odometry_pods,stock,30.0,unplanned_blocker,0.3,10,True,False,0.897
distance_sensors,stock,30.0,unplanned_blocker,0.3,10,False,False,1.211
apriltag,stock,30.0,unplanned_blocker,0.3,10,False,False,3.272
full_suite,stock,30.0,unplanned_blocker,0.3,10,True,False,0.952
dead_reckoning,stock,30.0,unplanned_blocker,0.3,11,False,False,4.824
odometry_pods,stock,30.0,unplanned_blocker,0.3,11,False,False,0.787
distance_sensors,stock,30.0,unplanned_blocker,0.3,11,False,False,4.244
apriltag,stock,30.0,unplanned_blocker,0.3,11,False,False,1.921
full_suite,stock,30.0,unplanned_blocker,0.3,11,True,False,1.287
dead_reckoning,stock,30.0,unplanned_blocker,0.3,12,True,False,6.842
odometry_pods,stock,30.0,unplanned_blocker,0.3,12,False,False,0.96
distance_sensors,stock,30.0,unplanned_blocker,0.3,12,False,False,4.042
apriltag,stock,30.0,unplanned_blocker,0.3,12,True,False,6.842
full_suite,stock,30.0,unplanned_blocker,0.3,12,True,False,0.742
dead_reckoning,stock,30.0,unplanned_blocker,0.3,13,False,False,0.0
odometry_pods,stock,30.0,unplanned_blocker,0.3,13,False,False,0.0
distance_sensors,stock,30.0,unplanned_blocker,0.3,13,True,False,1.771
apriltag,stock,30.0,unplanned_blocker,0.3,13,False,False,0.0
full_suite,stock,30.0,unplanned_blocker,0.3,13,True,False,0.354
dead_reckoning,stock,30.0,unplanned_blocker,0.3,14,True,False,2.097
odometry_pods,stock,30.0,unplanned_blocker,0.3,14,True,False,0.348
distance_sensors,stock,30.0,unplanned_blocker,0.3,14,True,False,1.015
apriltag,stock,30.0,unplanned_blocker,0.3,14,True,False,1.204
full_suite,stock,30.0,unplanned_blocker,0.3,14,True,False,0.237
dead_reckoning,stock,30.0,unplanned_blocker,0.5,0,True,False,3.036
odometry_pods,stock,30.0,unplanned_blocker,0.5,0,True,False,0.607
distance_sensors,stock,30.0,unplanned_blocker,0.5,0,True,False,3.41
apriltag,stock,30.0,unplanned_blocker,0.5,0,True,False,1.761
full_suite,stock,30.0,unplanned_blocker,0.5,0,True,False,0.52
dead_reckoning,stock,30.0,unplanned_blocker,0.5,1,False,False,2.18
odometry_pods,stock,30.0,unplanned_blocker,0.5,1,False,False,0.436
distance_sensors,stock,30.0,unplanned_blocker,0.5,1,True,False,2.921
apriltag,stock,30.0,unplanned_blocker,0.5,1,False,False,2.18
full_suite,stock,30.0,unplanned_blocker,0.5,1,True,False,0.913
dead_reckoning,stock,30.0,unplanned_blocker,0.5,2,False,False,1.659
odometry_pods,stock,30.0,unplanned_blocker,0.5,2,False,False,0.332
distance_sensors,stock,30.0,unplanned_blocker,0.5,2,False,False,1.704
apriltag,stock,30.0,unplanned_blocker,0.5,2,False,False,0.838
full_suite,stock,30.0,unplanned_blocker,0.5,2,False,False,0.275
dead_reckoning,stock,30.0,unplanned_blocker,0.5,3,True,False,1.194
odometry_pods,stock,30.0,unplanned_blocker,0.5,3,True,False,0.301
distance_sensors,stock,30.0,unplanned_blocker,0.5,3,False,False,1.413
apriltag,stock,30.0,unplanned_blocker,0.5,3,True,False,2.912
full_suite,stock,30.0,unplanned_blocker,0.5,3,False,False,0.325
dead_reckoning,stock,30.0,unplanned_blocker,0.5,4,True,False,2.956
odometry_pods,stock,30.0,unplanned_blocker,0.5,4,False,False,0.616
distance_sensors,stock,30.0,unplanned_blocker,0.5,4,True,False,1.665
apriltag,stock,30.0,unplanned_blocker,0.5,4,False,False,2.642
full_suite,stock,30.0,unplanned_blocker,0.5,4,True,False,0.483
dead_reckoning,stock,30.0,unplanned_blocker,0.5,5,False,False,7.464
odometry_pods,stock,30.0,unplanned_blocker,0.5,5,True,False,1.701
distance_sensors,stock,30.0,unplanned_blocker,0.5,5,False,False,2.687
apriltag,stock,30.0,unplanned_blocker,0.5,5,False,False,3.394
full_suite,stock,30.0,unplanned_blocker,0.5,5,False,False,0.448
dead_reckoning,stock,30.0,unplanned_blocker,0.5,6,False,False,1.293
odometry_pods,stock,30.0,unplanned_blocker,0.5,6,False,False,0.259
distance_sensors,stock,30.0,unplanned_blocker,0.5,6,True,False,0.646
apriltag,stock,30.0,unplanned_blocker,0.5,6,False,False,1.293
full_suite,stock,30.0,unplanned_blocker,0.5,6,True,False,0.038
dead_reckoning,stock,30.0,unplanned_blocker,0.5,7,True,False,2.698
odometry_pods,stock,30.0,unplanned_blocker,0.5,7,False,False,1.057
distance_sensors,stock,30.0,unplanned_blocker,0.5,7,False,False,3.688
apriltag,stock,30.0,unplanned_blocker,0.5,7,False,False,1.366
full_suite,stock,30.0,unplanned_blocker,0.5,7,True,False,0.289
dead_reckoning,stock,30.0,unplanned_blocker,0.5,8,True,False,6.946
odometry_pods,stock,30.0,unplanned_blocker,0.5,8,True,False,1.363
distance_sensors,stock,30.0,unplanned_blocker,0.5,8,False,False,8.225
apriltag,stock,30.0,unplanned_blocker,0.5,8,True,False,1.206
full_suite,stock,30.0,unplanned_blocker,0.5,8,True,False,0.18
dead_reckoning,stock,30.0,unplanned_blocker,0.5,9,True,False,3.16
odometry_pods,stock,30.0,unplanned_blocker,0.5,9,False,False,0.365
distance_sensors,stock,30.0,unplanned_blocker,0.5,9,False,False,3.826
apriltag,stock,30.0,unplanned_blocker,0.5,9,False,False,0.898
full_suite,stock,30.0,unplanned_blocker,0.5,9,True,False,0.414
dead_reckoning,stock,30.0,unplanned_blocker,0.5,10,False,False,1.492
odometry_pods,stock,30.0,unplanned_blocker,0.5,10,False,False,0.298
distance_sensors,stock,30.0,unplanned_blocker,0.5,10,False,False,1.818
apriltag,stock,30.0,unplanned_blocker,0.5,10,False,False,0.873
full_suite,stock,30.0,unplanned_blocker,0.5,10,True,False,0.535
dead_reckoning,stock,30.0,unplanned_blocker,0.5,11,True,False,10.184
odometry_pods,stock,30.0,unplanned_blocker,0.5,11,False,False,1.601
distance_sensors,stock,30.0,unplanned_blocker,0.5,11,False,False,3.507
apriltag,stock,30.0,unplanned_blocker,0.5,11,False,False,3.567
full_suite,stock,30.0,unplanned_blocker,0.5,11,True,False,0.295
dead_reckoning,stock,30.0,unplanned_blocker,0.5,12,False,False,2.28
odometry_pods,stock,30.0,unplanned_blocker,0.5,12,False,False,0.456
distance_sensors,stock,30.0,unplanned_blocker,0.5,12,False,False,2.14
apriltag,stock,30.0,unplanned_blocker,0.5,12,False,False,2.28
full_suite,stock,30.0,unplanned_blocker,0.5,12,False,False,0.428
dead_reckoning,stock,30.0,unplanned_blocker,0.5,13,True,False,4.967
odometry_pods,stock,30.0,unplanned_blocker,0.5,13,True,False,0.993
distance_sensors,stock,30.0,unplanned_blocker,0.5,13,True,False,2.97
apriltag,stock,30.0,unplanned_blocker,0.5,13,False,False,5.308
full_suite,stock,30.0,unplanned_blocker,0.5,13,True,False,1.043
dead_reckoning,stock,30.0,unplanned_blocker,0.5,14,False,False,3.37
odometry_pods,stock,30.0,unplanned_blocker,0.5,14,False,False,0.686
distance_sensors,stock,30.0,unplanned_blocker,0.5,14,False,False,6.924
apriltag,stock,30.0,unplanned_blocker,0.5,14,True,False,1.162
full_suite,stock,30.0,unplanned_blocker,0.5,14,True,False,0.875
dead_reckoning,stock,30.0,unplanned_blocker,0.7,0,False,False,3.778
odometry_pods,stock,30.0,unplanned_blocker,0.7,0,True,False,0.751
distance_sensors,stock,30.0,unplanned_blocker,0.7,0,True,False,4.08
apriltag,stock,30.0,unplanned_blocker,0.7,0,True,False,5.175
full_suite,stock,30.0,unplanned_blocker,0.7,0,True,False,0.762
dead_reckoning,stock,30.0,unplanned_blocker,0.7,1,False,False,0.975
odometry_pods,stock,30.0,unplanned_blocker,0.7,1,False,False,0.195
distance_sensors,stock,30.0,unplanned_blocker,0.7,1,True,False,2.709
apriltag,stock,30.0,unplanned_blocker,0.7,1,False,False,0.849
full_suite,stock,30.0,unplanned_blocker,0.7,1,True,False,0.491
dead_reckoning,stock,30.0,unplanned_blocker,0.7,2,False,False,0.706
odometry_pods,stock,30.0,unplanned_blocker,0.7,2,False,False,0.141
distance_sensors,stock,30.0,unplanned_blocker,0.7,2,True,False,1.523
apriltag,stock,30.0,unplanned_blocker,0.7,2,False,False,0.706
full_suite,stock,30.0,unplanned_blocker,0.7,2,True,False,0.305
dead_reckoning,stock,30.0,unplanned_blocker,0.7,3,False,False,5.535
odometry_pods,stock,30.0,unplanned_blocker,0.7,3,False,False,0.95
distance_sensors,stock,30.0,unplanned_blocker,0.7,3,False,False,3.511
apriltag,stock,30.0,unplanned_blocker,0.7,3,False,False,5.535
full_suite,stock,30.0,unplanned_blocker,0.7,3,False,False,1.061
dead_reckoning,stock,30.0,unplanned_blocker,0.7,4,False,False,5.908
odometry_pods,stock,30.0,unplanned_blocker,0.7,4,False,False,0.975
distance_sensors,stock,30.0,unplanned_blocker,0.7,4,False,False,3.189
apriltag,stock,30.0,unplanned_blocker,0.7,4,False,False,0.535
full_suite,stock,30.0,unplanned_blocker,0.7,4,False,False,0.964
dead_reckoning,stock,30.0,unplanned_blocker,0.7,5,True,False,1.47
odometry_pods,stock,30.0,unplanned_blocker,0.7,5,True,False,0.294
distance_sensors,stock,30.0,unplanned_blocker,0.7,5,True,False,1.351
apriltag,stock,30.0,unplanned_blocker,0.7,5,True,False,0.81
full_suite,stock,30.0,unplanned_blocker,0.7,5,True,False,0.412
dead_reckoning,stock,30.0,unplanned_blocker,0.7,6,False,False,4.819
odometry_pods,stock,30.0,unplanned_blocker,0.7,6,False,False,0.793
distance_sensors,stock,30.0,unplanned_blocker,0.7,6,False,False,7.468
apriltag,stock,30.0,unplanned_blocker,0.7,6,False,False,2.196
full_suite,stock,30.0,unplanned_blocker,0.7,6,True,False,0.204
dead_reckoning,stock,30.0,unplanned_blocker,0.7,7,False,False,8.46
odometry_pods,stock,30.0,unplanned_blocker,0.7,7,True,False,1.625
distance_sensors,stock,30.0,unplanned_blocker,0.7,7,False,False,5.345
apriltag,stock,30.0,unplanned_blocker,0.7,7,True,False,1.115
full_suite,stock,30.0,unplanned_blocker,0.7,7,True,False,0.121
dead_reckoning,stock,30.0,unplanned_blocker,0.7,8,False,False,4.653
odometry_pods,stock,30.0,unplanned_blocker,0.7,8,False,False,1.087
distance_sensors,stock,30.0,unplanned_blocker,0.7,8,False,False,0.0
apriltag,stock,30.0,unplanned_blocker,0.7,8,False,False,1.506
full_suite,stock,30.0,unplanned_blocker,0.7,8,False,False,0.0
dead_reckoning,stock,30.0,unplanned_blocker,0.7,9,False,False,2.466
odometry_pods,stock,30.0,unplanned_blocker,0.7,9,False,False,0.493
distance_sensors,stock,30.0,unplanned_blocker,0.7,9,False,False,4.965
apriltag,stock,30.0,unplanned_blocker,0.7,9,False,False,2.133
full_suite,stock,30.0,unplanned_blocker,0.7,9,True,False,0.173
dead_reckoning,stock,30.0,unplanned_blocker,0.7,10,False,False,4.61
odometry_pods,stock,30.0,unplanned_blocker,0.7,10,False,False,1.491
distance_sensors,stock,30.0,unplanned_blocker,0.7,10,True,False,10.362
apriltag,stock,30.0,unplanned_blocker,0.7,10,False,False,4.61
full_suite,stock,30.0,unplanned_blocker,0.7,10,True,False,0.472
dead_reckoning,stock,30.0,unplanned_blocker,0.7,11,False,False,5.659
odometry_pods,stock,30.0,unplanned_blocker,0.7,11,True,False,0.262
distance_sensors,stock,30.0,unplanned_blocker,0.7,11,False,False,5.182
apriltag,stock,30.0,unplanned_blocker,0.7,11,False,False,3.327
full_suite,stock,30.0,unplanned_blocker,0.7,11,True,False,1.313
dead_reckoning,stock,30.0,unplanned_blocker,0.7,12,False,False,0.162
odometry_pods,stock,30.0,unplanned_blocker,0.7,12,False,False,0.032
distance_sensors,stock,30.0,unplanned_blocker,0.7,12,True,False,5.993
apriltag,stock,30.0,unplanned_blocker,0.7,12,False,False,0.252
full_suite,stock,30.0,unplanned_blocker,0.7,12,True,False,0.702
dead_reckoning,stock,30.0,unplanned_blocker,0.7,13,False,False,7.48
odometry_pods,stock,30.0,unplanned_blocker,0.7,13,True,False,0.722
distance_sensors,stock,30.0,unplanned_blocker,0.7,13,False,False,0.0
apriltag,stock,30.0,unplanned_blocker,0.7,13,True,False,1.917
full_suite,stock,30.0,unplanned_blocker,0.7,13,False,False,0.0
dead_reckoning,stock,30.0,unplanned_blocker,0.7,14,True,False,5.655
odometry_pods,stock,30.0,unplanned_blocker,0.7,14,False,False,0.733
distance_sensors,stock,30.0,unplanned_blocker,0.7,14,False,False,0.0
apriltag,stock,30.0,unplanned_blocker,0.7,14,False,False,2.0
full_suite,stock,30.0,unplanned_blocker,0.7,14,False,False,0.0
dead_reckoning,stock,30.0,unplanned_blocker,0.9,0,False,False,0.364
odometry_pods,stock,30.0,unplanned_blocker,0.9,0,False,False,0.073
distance_sensors,stock,30.0,unplanned_blocker,0.9,0,False,False,3.817
apriltag,stock,30.0,unplanned_blocker,0.9,0,False,False,0.364
full_suite,stock,30.0,unplanned_blocker,0.9,0,True,False,1.113
dead_reckoning,stock,30.0,unplanned_blocker,0.9,1,False,False,3.332
odometry_pods,stock,30.0,unplanned_blocker,0.9,1,False,False,1.896
distance_sensors,stock,30.0,unplanned_blocker,0.9,1,False,False,1.563
apriltag,stock,30.0,unplanned_blocker,0.9,1,False,False,3.332
full_suite,stock,30.0,unplanned_blocker,0.9,1,False,False,0.313
dead_reckoning,stock,30.0,unplanned_blocker,0.9,2,False,False,6.879
odometry_pods,stock,30.0,unplanned_blocker,0.9,2,False,False,1.0
distance_sensors,stock,30.0,unplanned_blocker,0.9,2,False,False,5.84
apriltag,stock,30.0,unplanned_blocker,0.9,2,False,False,1.14
full_suite,stock,30.0,unplanned_blocker,0.9,2,True,False,0.849
dead_reckoning,stock,30.0,unplanned_blocker,0.9,3,False,False,3.585
odometry_pods,stock,30.0,unplanned_blocker,0.9,3,True,False,1.298
distance_sensors,stock,30.0,unplanned_blocker,0.9,3,False,False,3.104
apriltag,stock,30.0,unplanned_blocker,0.9,3,False,False,4.475
full_suite,stock,30.0,unplanned_blocker,0.9,3,True,False,1.843
dead_reckoning,stock,30.0,unplanned_blocker,0.9,4,False,False,0.706
odometry_pods,stock,30.0,unplanned_blocker,0.9,4,False,False,0.141
distance_sensors,stock,30.0,unplanned_blocker,0.9,4,False,False,4.575
apriltag,stock,30.0,unplanned_blocker,0.9,4,False,False,0.826
full_suite,stock,30.0,unplanned_blocker,0.9,4,True,False,1.296
dead_reckoning,stock,30.0,unplanned_blocker,0.9,5,False,False,0.642
odometry_pods,stock,30.0,unplanned_blocker,0.9,5,False,False,0.128
distance_sensors,stock,30.0,unplanned_blocker,0.9,5,False,False,6.506
apriltag,stock,30.0,unplanned_blocker,0.9,5,False,False,0.642
full_suite,stock,30.0,unplanned_blocker,0.9,5,True,False,0.771
dead_reckoning,stock,30.0,unplanned_blocker,0.9,6,False,False,3.334
odometry_pods,stock,30.0,unplanned_blocker,0.9,6,False,False,0.9
distance_sensors,stock,30.0,unplanned_blocker,0.9,6,False,False,7.119
apriltag,stock,30.0,unplanned_blocker,0.9,6,False,False,3.334
full_suite,stock,30.0,unplanned_blocker,0.9,6,True,False,0.464
dead_reckoning,stock,30.0,unplanned_blocker,0.9,7,False,False,4.424
odometry_pods,stock,30.0,unplanned_blocker,0.9,7,False,False,0.828
distance_sensors,stock,30.0,unplanned_blocker,0.9,7,False,False,5.148
apriltag,stock,30.0,unplanned_blocker,0.9,7,False,False,2.211
full_suite,stock,30.0,unplanned_blocker,0.9,7,True,False,0.498
dead_reckoning,stock,30.0,unplanned_blocker,0.9,8,False,False,4.357
odometry_pods,stock,30.0,unplanned_blocker,0.9,8,False,False,1.231
distance_sensors,stock,30.0,unplanned_blocker,0.9,8,False,False,0.0
apriltag,stock,30.0,unplanned_blocker,0.9,8,False,False,3.375
full_suite,stock,30.0,unplanned_blocker,0.9,8,False,False,0.0
dead_reckoning,stock,30.0,unplanned_blocker,0.9,9,False,False,0.0
odometry_pods,stock,30.0,unplanned_blocker,0.9,9,False,False,0.0
distance_sensors,stock,30.0,unplanned_blocker,0.9,9,False,False,0.0
apriltag,stock,30.0,unplanned_blocker,0.9,9,False,False,0.0
full_suite,stock,30.0,unplanned_blocker,0.9,9,False,False,0.0
dead_reckoning,stock,30.0,unplanned_blocker,0.9,10,False,False,0.0
odometry_pods,stock,30.0,unplanned_blocker,0.9,10,False,False,0.0
distance_sensors,stock,30.0,unplanned_blocker,0.9,10,True,False,4.105
apriltag,stock,30.0,unplanned_blocker,0.9,10,False,False,0.0
full_suite,stock,30.0,unplanned_blocker,0.9,10,True,False,0.716
dead_reckoning,stock,30.0,unplanned_blocker,0.9,11,False,False,2.026
odometry_pods,stock,30.0,unplanned_blocker,0.9,11,False,False,0.405
distance_sensors,stock,30.0,unplanned_blocker,0.9,11,True,False,2.012
apriltag,stock,30.0,unplanned_blocker,0.9,11,False,False,2.026
full_suite,stock,30.0,unplanned_blocker,0.9,11,True,False,0.299
dead_reckoning,stock,30.0,unplanned_blocker,0.9,12,False,False,6.719
odometry_pods,stock,30.0,unplanned_blocker,0.9,12,False,False,0.534
distance_sensors,stock,30.0,unplanned_blocker,0.9,12,False,False,7.697
apriltag,stock,30.0,unplanned_blocker,0.9,12,False,False,1.023
full_suite,stock,30.0,unplanned_blocker,0.9,12,True,False,0.36
dead_reckoning,stock,30.0,unplanned_blocker,0.9,13,False,False,9.925
odometry_pods,stock,30.0,unplanned_blocker,0.9,13,False,False,1.323
distance_sensors,stock,30.0,unplanned_blocker,0.9,13,False,False,5.606
apriltag,stock,30.0,unplanned_blocker,0.9,13,False,False,4.27
full_suite,stock,30.0,unplanned_blocker,0.9,13,True,False,0.333
dead_reckoning,stock,30.0,unplanned_blocker,0.9,14,False,False,3.816
odometry_pods,stock,30.0,unplanned_blocker,0.9,14,False,False,0.755
distance_sensors,stock,30.0,unplanned_blocker,0.9,14,False,False,3.686
apriltag,stock,30.0,unplanned_blocker,0.9,14,False,False,4.135
full_suite,stock,30.0,unplanned_blocker,0.9,14,True,False,0.651
dead_reckoning,stock,15.0,start_drift,0.3,0,False,False,14.609
odometry_pods,stock,15.0,start_drift,0.3,0,False,True,9.649
distance_sensors,stock,15.0,start_drift,0.3,0,False,False,13.12
apriltag,stock,15.0,start_drift,0.3,0,False,True,0.873
full_suite,stock,15.0,start_drift,0.3,0,False,False,0.482
dead_reckoning,stock,15.0,start_drift,0.3,1,False,False,13.49
odometry_pods,stock,15.0,start_drift,0.3,1,False,False,9.236
distance_sensors,stock,15.0,start_drift,0.3,1,False,False,8.485
apriltag,stock,15.0,start_drift,0.3,1,True,False,1.956
full_suite,stock,15.0,start_drift,0.3,1,False,False,8.485
dead_reckoning,stock,15.0,start_drift,0.3,2,False,False,6.885
odometry_pods,stock,15.0,start_drift,0.3,2,False,False,8.164
distance_sensors,stock,15.0,start_drift,0.3,2,False,False,6.023
apriltag,stock,15.0,start_drift,0.3,2,True,False,0.293
full_suite,stock,15.0,start_drift,0.3,2,True,False,0.349
dead_reckoning,stock,15.0,start_drift,0.3,3,False,False,7.441
odometry_pods,stock,15.0,start_drift,0.3,3,False,True,4.824
distance_sensors,stock,15.0,start_drift,0.3,3,False,False,6.673
apriltag,stock,15.0,start_drift,0.3,3,False,True,7.658
full_suite,stock,15.0,start_drift,0.3,3,False,False,0.385
dead_reckoning,stock,15.0,start_drift,0.3,4,False,False,8.908
odometry_pods,stock,15.0,start_drift,0.3,4,False,False,8.569
distance_sensors,stock,15.0,start_drift,0.3,4,False,False,10.855
apriltag,stock,15.0,start_drift,0.3,4,False,False,5.495
full_suite,stock,15.0,start_drift,0.3,4,False,False,1.801
dead_reckoning,stock,15.0,start_drift,0.3,5,False,False,6.968
odometry_pods,stock,15.0,start_drift,0.3,5,False,False,6.279
distance_sensors,stock,15.0,start_drift,0.3,5,False,False,6.822
apriltag,stock,15.0,start_drift,0.3,5,True,False,1.015
full_suite,stock,15.0,start_drift,0.3,5,False,False,6.037
dead_reckoning,stock,15.0,start_drift,0.3,6,False,False,8.733
odometry_pods,stock,15.0,start_drift,0.3,6,False,False,8.523
distance_sensors,stock,15.0,start_drift,0.3,6,False,False,8.823
apriltag,stock,15.0,start_drift,0.3,6,True,False,1.426
full_suite,stock,15.0,start_drift,0.3,6,True,False,3.793
dead_reckoning,stock,15.0,start_drift,0.3,7,False,False,5.301
odometry_pods,stock,15.0,start_drift,0.3,7,False,False,5.848
distance_sensors,stock,15.0,start_drift,0.3,7,False,False,5.05
apriltag,stock,15.0,start_drift,0.3,7,False,False,3.238
full_suite,stock,15.0,start_drift,0.3,7,False,False,5.796
dead_reckoning,stock,15.0,start_drift,0.3,8,True,False,3.129
odometry_pods,stock,15.0,start_drift,0.3,8,True,False,0.837
distance_sensors,stock,15.0,start_drift,0.3,8,True,False,2.049
apriltag,stock,15.0,start_drift,0.3,8,True,False,1.284
full_suite,stock,15.0,start_drift,0.3,8,True,False,0.416
dead_reckoning,stock,15.0,start_drift,0.3,9,False,False,10.024
odometry_pods,stock,15.0,start_drift,0.3,9,False,False,8.776
distance_sensors,stock,15.0,start_drift,0.3,9,False,False,8.485
apriltag,stock,15.0,start_drift,0.3,9,False,False,10.024
full_suite,stock,15.0,start_drift,0.3,9,False,False,8.485
dead_reckoning,stock,15.0,start_drift,0.3,10,False,False,14.195
odometry_pods,stock,15.0,start_drift,0.3,10,False,False,8.299
distance_sensors,stock,15.0,start_drift,0.3,10,False,False,11.592
apriltag,stock,15.0,start_drift,0.3,10,False,False,14.195
full_suite,stock,15.0,start_drift,0.3,10,True,False,0.515
dead_reckoning,stock,15.0,start_drift,0.3,11,False,False,8.529
odometry_pods,stock,15.0,start_drift,0.3,11,False,False,8.44
distance_sensors,stock,15.0,start_drift,0.3,11,False,False,9.557
apriltag,stock,15.0,start_drift,0.3,11,False,False,8.529
full_suite,stock,15.0,start_drift,0.3,11,True,False,0.902
dead_reckoning,stock,15.0,start_drift,0.3,12,False,False,10.808
odometry_pods,stock,15.0,start_drift,0.3,12,False,False,9.283
distance_sensors,stock,15.0,start_drift,0.3,12,False,False,9.646
apriltag,stock,15.0,start_drift,0.3,12,True,False,0.488
full_suite,stock,15.0,start_drift,0.3,12,False,False,8.715
dead_reckoning,stock,15.0,start_drift,0.3,13,False,False,6.92
odometry_pods,stock,15.0,start_drift,0.3,13,False,False,6.129
distance_sensors,stock,15.0,start_drift,0.3,13,False,False,7.727
apriltag,stock,15.0,start_drift,0.3,13,False,False,3.596
full_suite,stock,15.0,start_drift,0.3,13,False,False,3.229
dead_reckoning,stock,15.0,start_drift,0.3,14,True,False,3.017
odometry_pods,stock,15.0,start_drift,0.3,14,True,False,0.603
distance_sensors,stock,15.0,start_drift,0.3,14,False,False,4.903
apriltag,stock,15.0,start_drift,0.3,14,True,False,1.098
full_suite,stock,15.0,start_drift,0.3,14,True,False,0.138
dead_reckoning,stock,15.0,start_drift,0.5,0,False,False,17.59
odometry_pods,stock,15.0,start_drift,0.5,0,False,False,17.094
distance_sensors,stock,15.0,start_drift,0.5,0,False,False,21.099
apriltag,stock,15.0,start_drift,0.5,0,True,False,2.453
full_suite,stock,15.0,start_drift,0.5,0,True,False,1.135
dead_reckoning,stock,15.0,start_drift,0.5,1,False,False,10.977
odometry_pods,stock,15.0,start_drift,0.5,1,True,False,6.529
distance_sensors,stock,15.0,start_drift,0.5,1,False,False,8.526
apriltag,stock,15.0,start_drift,0.5,1,True,False,0.615
full_suite,stock,15.0,start_drift,0.5,1,False,False,0.233
dead_reckoning,stock,15.0,start_drift,0.5,2,False,False,9.558
odometry_pods,stock,15.0,start_drift,0.5,2,False,False,8.787
distance_sensors,stock,15.0,start_drift,0.5,2,False,False,11.678
apriltag,stock,15.0,start_drift,0.5,2,True,False,3.075
full_suite,stock,15.0,start_drift,0.5,2,False,False,0.45
dead_reckoning,stock,15.0,start_drift,0.5,3,False,False,11.971
odometry_pods,stock,15.0,start_drift,0.5,3,False,False,11.994
distance_sensors,stock,15.0,start_drift,0.5,3,False,False,10.151
apriltag,stock,15.0,start_drift,0.5,3,False,False,11.971
full_suite,stock,15.0,start_drift,0.5,3,True,False,11.78
dead_reckoning,stock,15.0,start_drift,0.5,4,False,False,11.203
odometry_pods,stock,15.0,start_drift,0.5,4,False,False,6.507
distance_sensors,stock,15.0,start_drift,0.5,4,True,False,8.105
apriltag,stock,15.0,start_drift,0.5,4,False,False,7.48
full_suite,stock,15.0,start_drift,0.5,4,False,False,4.348
dead_reckoning,stock,15.0,start_drift,0.5,5,False,False,10.457
odometry_pods,stock,15.0,start_drift,0.5,5,False,False,6.537
distance_sensors,stock,15.0,start_drift,0.5,5,False,False,6.0
apriltag,stock,15.0,start_drift,0.5,5,False,False,7.184
full_suite,stock,15.0,start_drift,0.5,5,False,False,6.0
dead_reckoning,stock,15.0,start_drift,0.5,6,False,False,15.849
odometry_pods,stock,15.0,start_drift,0.5,6,False,False,13.841
distance_sensors,stock,15.0,start_drift,0.5,6,False,False,21.293
apriltag,stock,15.0,start_drift,0.5,6,True,False,2.019
full_suite,stock,15.0,start_drift,0.5,6,False,False,0.048
dead_reckoning,stock,15.0,start_drift,0.5,7,False,False,16.603
odometry_pods,stock,15.0,start_drift,0.5,7,False,False,14.052
distance_sensors,stock,15.0,start_drift,0.5,7,False,False,15.97
apriltag,stock,15.0,start_drift,0.5,7,True,False,0.603
full_suite,stock,15.0,start_drift,0.5,7,True,False,0.814
dead_reckoning,stock,15.0,start_drift,0.5,8,True,False,2.253
odometry_pods,stock,15.0,start_drift,0.5,8,True,False,0.645
distance_sensors,stock,15.0,start_drift,0.5,8,True,False,2.288
apriltag,stock,15.0,start_drift,0.5,8,True,False,1.673
full_suite,stock,15.0,start_drift,0.5,8,False,False,0.281
dead_reckoning,stock,15.0,start_drift,0.5,9,False,False,9.139
odometry_pods,stock,15.0,start_drift,0.5,9,False,False,8.613
distance_sensors,stock,15.0,start_drift,0.5,9,False,False,11.4
apriltag,stock,15.0,start_drift,0.5,9,False,False,9.139
full_suite,stock,15.0,start_drift,0.5,9,False,False,0.553
dead_reckoning,stock,15.0,start_drift,0.5,10,False,False,13.416
odometry_pods,stock,15.0,start_drift,0.5,10,False,False,13.416
distance_sensors,stock,15.0,start_drift,0.5,10,False,False,13.052
apriltag,stock,15.0,start_drift,0.5,10,False,False,13.416
full_suite,stock,15.0,start_drift,0.5,10,False,False,13.342
dead_reckoning,stock,15.0,start_drift,0.5,11,False,False,16.008
odometry_pods,stock,15.0,start_drift,0.5,11,False,False,16.75
distance_sensors,stock,15.0,start_drift,0.5,11,False,False,17.71
apriltag,stock,15.0,start_drift,0.5,11,True,False,0.865
full_suite,stock,15.0,start_drift,0.5,11,True,False,0.414
dead_reckoning,stock,15.0,start_drift,0.5,12,False,False,4.005
odometry_pods,stock,15.0,start_drift,0.5,12,True,False,0.849
distance_sensors,stock,15.0,start_drift,0.5,12,False,False,4.568
apriltag,stock,15.0,start_drift,0.5,12,True,False,0.591
full_suite,stock,15.0,start_drift,0.5,12,True,False,0.537
dead_reckoning,stock,15.0,start_drift,0.5,13,False,False,15.657
odometry_pods,stock,15.0,start_drift,0.5,13,False,False,13.699
distance_sensors,stock,15.0,start_drift,0.5,13,False,False,12.186
apriltag,stock,15.0,start_drift,0.5,13,True,False,1.419
full_suite,stock,15.0,start_drift,0.5,13,False,False,9.569
dead_reckoning,stock,15.0,start_drift,0.5,14,False,False,11.082
odometry_pods,stock,15.0,start_drift,0.5,14,True,False,8.731
distance_sensors,stock,15.0,start_drift,0.5,14,True,False,10.192
apriltag,stock,15.0,start_drift,0.5,14,True,False,0.601
full_suite,stock,15.0,start_drift,0.5,14,True,False,0.346
dead_reckoning,stock,15.0,start_drift,0.7,0,False,False,13.068
odometry_pods,stock,15.0,start_drift,0.7,0,False,False,12.141
distance_sensors,stock,15.0,start_drift,0.7,0,False,False,17.09
apriltag,stock,15.0,start_drift,0.7,0,True,False,2.176
full_suite,stock,15.0,start_drift,0.7,0,False,False,3.92
dead_reckoning,stock,15.0,start_drift,0.7,1,False,False,9.582
odometry_pods,stock,15.0,start_drift,0.7,1,False,False,11.303
distance_sensors,stock,15.0,start_drift,0.7,1,False,False,8.526
apriltag,stock,15.0,start_drift,0.7,1,False,False,4.814
full_suite,stock,15.0,start_drift,0.7,1,False,False,6.385
dead_reckoning,stock,15.0,start_drift,0.7,2,True,False,2.797
odometry_pods,stock,15.0,start_drift,0.7,2,True,False,1.069
distance_sensors,stock,15.0,start_drift,0.7,2,False,False,4.564
apriltag,stock,15.0,start_drift,0.7,2,True,False,1.617
full_suite,stock,15.0,start_drift,0.7,2,True,False,0.206
dead_reckoning,stock,15.0,start_drift,0.7,3,False,False,13.244
odometry_pods,stock,15.0,start_drift,0.7,3,False,False,13.381
distance_sensors,stock,15.0,start_drift,0.7,3,False,False,11.81
apriltag,stock,15.0,start_drift,0.7,3,False,False,13.244
full_suite,stock,15.0,start_drift,0.7,3,False,False,6.514
dead_reckoning,stock,15.0,start_drift,0.7,4,False,False,7.511
odometry_pods,stock,15.0,start_drift,0.7,4,False,False,8.288
distance_sensors,stock,15.0,start_drift,0.7,4,False,False,7.954
apriltag,stock,15.0,start_drift,0.7,4,False,False,7.511
full_suite,stock,15.0,start_drift,0.7,4,False,False,8.379
dead_reckoning,stock,15.0,start_drift,0.7,5,False,False,8.485
odometry_pods,stock,15.0,start_drift,0.7,5,False,False,8.485
distance_sensors,stock,15.0,start_drift,0.7,5,False,False,10.58
apriltag,stock,15.0,start_drift,0.7,5,False,False,8.485
full_suite,stock,15.0,start_drift,0.7,5,True,False,0.678
dead_reckoning,stock,15.0,start_drift,0.7,6,False,False,12.911
odometry_pods,stock,15.0,start_drift,0.7,6,False,False,13.313
distance_sensors,stock,15.0,start_drift,0.7,6,False,False,11.279
apriltag,stock,15.0,start_drift,0.7,6,False,False,12.911
full_suite,stock,15.0,start_drift,0.7,6,False,False,5.811
dead_reckoning,stock,15.0,start_drift,0.7,7,False,False,4.209
odometry_pods,stock,15.0,start_drift,0.7,7,False,False,5.565
distance_sensors,stock,15.0,start_drift,0.7,7,False,False,6.0
apriltag,stock,15.0,start_drift,0.7,7,False,False,5.945
full_suite,stock,15.0,start_drift,0.7,7,False,False,6.0
dead_reckoning,stock,15.0,start_drift,0.7,8,False,False,12.16
odometry_pods,stock,15.0,start_drift,0.7,8,False,False,13.163
distance_sensors,stock,15.0,start_drift,0.7,8,False,False,12.74
apriltag,stock,15.0,start_drift,0.7,8,False,False,12.16
full_suite,stock,15.0,start_drift,0.7,8,False,False,13.234
dead_reckoning,stock,15.0,start_drift,0.7,9,False,False,16.71
odometry_pods,stock,15.0,start_drift,0.7,9,False,False,14.005
distance_sensors,stock,15.0,start_drift,0.7,9,False,False,13.416
apriltag,stock,15.0,start_drift,0.7,9,False,False,4.822
full_suite,stock,15.0,start_drift,0.7,9,False,False,9.452
dead_reckoning,stock,15.0,start_drift,0.7,10,False,False,9.129
odometry_pods,stock,15.0,start_drift,0.7,10,False,False,6.895
distance_sensors,stock,15.0,start_drift,0.7,10,False,False,9.946
apriltag,stock,15.0,start_drift,0.7,10,True,False,0.697
full_suite,stock,15.0,start_drift,0.7,10,True,False,0.773
dead_reckoning,stock,15.0,start_drift,0.7,11,True,False,1.64
odometry_pods,stock,15.0,start_drift,0.7,11,True,False,0.328
distance_sensors,stock,15.0,start_drift,0.7,11,False,False,1.221
apriltag,stock,15.0,start_drift,0.7,11,True,False,1.64
full_suite,stock,15.0,start_drift,0.7,11,False,False,0.244
dead_reckoning,stock,15.0,start_drift,0.7,12,False,False,12.04
odometry_pods,stock,15.0,start_drift,0.7,12,False,False,13.141
distance_sensors,stock,15.0,start_drift,0.7,12,False,False,15.053
apriltag,stock,15.0,start_drift,0.7,12,False,False,12.04
full_suite,stock,15.0,start_drift,0.7,12,False,False,13.444
dead_reckoning,stock,15.0,start_drift,0.7,13,False,False,5.668
odometry_pods,stock,15.0,start_drift,0.7,13,False,False,5.868
distance_sensors,stock,15.0,start_drift,0.7,13,False,False,6.839
apriltag,stock,15.0,start_drift,0.7,13,False,False,5.668
full_suite,stock,15.0,start_drift,0.7,13,False,False,6.163
dead_reckoning,stock,15.0,start_drift,0.7,14,False,False,15.458
odometry_pods,stock,15.0,start_drift,0.7,14,False,False,16.664
distance_sensors,stock,15.0,start_drift,0.7,14,False,False,16.971
apriltag,stock,15.0,start_drift,0.7,14,True,False,2.058
full_suite,stock,15.0,start_drift,0.7,14,False,False,10.908
dead_reckoning,stock,15.0,start_drift,0.9,0,False,False,21.831
odometry_pods,stock,15.0,start_drift,0.9,0,False,False,21.67
distance_sensors,stock,15.0,start_drift,0.9,0,False,False,18.219
apriltag,stock,15.0,start_drift,0.9,0,False,False,21.831
full_suite,stock,15.0,start_drift,0.9,0,False,False,1.122
dead_reckoning,stock,15.0,start_drift,0.9,1,False,False,17.278
odometry_pods,stock,15.0,start_drift,0.9,1,False,False,17.013
distance_sensors,stock,15.0,start_drift,0.9,1,True,False,19.083
apriltag,stock,15.0,start_drift,0.9,1,False,False,5.049
full_suite,stock,15.0,start_drift,0.9,1,True,False,2.677
dead_reckoning,stock,15.0,start_drift,0.9,2,False,False,8.103
odometry_pods,stock,15.0,start_drift,0.9,2,False,False,8.228
distance_sensors,stock,15.0,start_drift,0.9,2,False,False,7.66
apriltag,stock,15.0,start_drift,0.9,2,True,False,3.004
full_suite,stock,15.0,start_drift,0.9,2,True,False,2.512
dead_reckoning,stock,15.0,start_drift,0.9,3,False,False,18.974
odometry_pods,stock,15.0,start_drift,0.9,3,False,False,18.974
distance_sensors,stock,15.0,start_drift,0.9,3,False,False,17.294
apriltag,stock,15.0,start_drift,0.9,3,False,False,18.974
full_suite,stock,15.0,start_drift,0.9,3,False,False,0.963
dead_reckoning,stock,15.0,start_drift,0.9,4,False,False,17.822
odometry_pods,stock,15.0,start_drift,0.9,4,False,False,17.135
distance_sensors,stock,15.0,start_drift,0.9,4,False,False,18.42
apriltag,stock,15.0,start_drift,0.9,4,False,False,17.822
full_suite,stock,15.0,start_drift,0.9,4,False,False,0.364
dead_reckoning,stock,15.0,start_drift,0.9,5,False,False,16.247
odometry_pods,stock,15.0,start_drift,0.9,5,False,False,18.134
distance_sensors,stock,15.0,start_drift,0.9,5,False,False,15.003
apriltag,stock,15.0,start_drift,0.9,5,False,False,16.247
full_suite,stock,15.0,start_drift,0.9,5,False,False,0.842
dead_reckoning,stock,15.0,start_drift,0.9,6,False,False,13.725
odometry_pods,stock,15.0,start_drift,0.9,6,False,False,13.474
distance_sensors,stock,15.0,start_drift,0.9,6,False,False,13.416
apriltag,stock,15.0,start_drift,0.9,6,True,False,2.796
full_suite,stock,15.0,start_drift,0.9,6,False,False,9.155
dead_reckoning,stock,15.0,start_drift,0.9,7,False,False,21.633
odometry_pods,stock,15.0,start_drift,0.9,7,False,False,21.633
distance_sensors,stock,15.0,start_drift,0.9,7,False,False,23.485
apriltag,stock,15.0,start_drift,0.9,7,False,False,21.633
full_suite,stock,15.0,start_drift,0.9,7,False,False,10.243
dead_reckoning,stock,15.0,start_drift,0.9,8,False,False,6.822
odometry_pods,stock,15.0,start_drift,0.9,8,False,False,6.289
distance_sensors,stock,15.0,start_drift,0.9,8,False,False,7.246
apriltag,stock,15.0,start_drift,0.9,8,True,False,3.404
full_suite,stock,15.0,start_drift,0.9,8,True,False,1.203
dead_reckoning,stock,15.0,start_drift,0.9,9,False,False,21.885
odometry_pods,stock,15.0,start_drift,0.9,9,False,False,21.683
distance_sensors,stock,15.0,start_drift,0.9,9,False,False,21.885
apriltag,stock,15.0,start_drift,0.9,9,False,False,21.885
full_suite,stock,15.0,start_drift,0.9,9,False,False,11.402
dead_reckoning,stock,15.0,start_drift,0.9,10,False,False,20.277
odometry_pods,stock,15.0,start_drift,0.9,10,False,False,14.2
distance_sensors,stock,15.0,start_drift,0.9,10,False,False,21.074
apriltag,stock,15.0,start_drift,0.9,10,False,False,5.154
full_suite,stock,15.0,start_drift,0.9,10,False,False,0.62
dead_reckoning,stock,15.0,start_drift,0.9,11,False,False,23.05
odometry_pods,stock,15.0,start_drift,0.9,11,False,False,21.705
distance_sensors,stock,15.0,start_drift,0.9,11,False,False,23.383
apriltag,stock,15.0,start_drift,0.9,11,False,False,23.05
full_suite,stock,15.0,start_drift,0.9,11,False,False,21.835
dead_reckoning,stock,15.0,start_drift,0.9,12,False,False,16.215
odometry_pods,stock,15.0,start_drift,0.9,12,False,False,10.267
distance_sensors,stock,15.0,start_drift,0.9,12,True,False,17.639
apriltag,stock,15.0,start_drift,0.9,12,True,False,0.763
full_suite,stock,15.0,start_drift,0.9,12,True,False,6.872
dead_reckoning,stock,15.0,start_drift,0.9,13,False,False,6.075
odometry_pods,stock,15.0,start_drift,0.9,13,False,False,7.584
distance_sensors,stock,15.0,start_drift,0.9,13,False,False,6.017
apriltag,stock,15.0,start_drift,0.9,13,False,False,6.075
full_suite,stock,15.0,start_drift,0.9,13,False,False,7.72
dead_reckoning,stock,15.0,start_drift,0.9,14,False,False,14.456
odometry_pods,stock,15.0,start_drift,0.9,14,False,False,13.77
distance_sensors,stock,15.0,start_drift,0.9,14,False,False,15.869
apriltag,stock,15.0,start_drift,0.9,14,True,False,1.873
full_suite,stock,15.0,start_drift,0.9,14,False,False,0.026
dead_reckoning,stock,15.0,obstacle_drift,0.3,0,False,False,6.432
odometry_pods,stock,15.0,obstacle_drift,0.3,0,True,False,1.165
distance_sensors,stock,15.0,obstacle_drift,0.3,0,False,False,1.944
apriltag,stock,15.0,obstacle_drift,0.3,0,True,False,1.537
full_suite,stock,15.0,obstacle_drift,0.3,0,False,False,0.389
dead_reckoning,stock,15.0,obstacle_drift,0.3,1,True,False,1.812
odometry_pods,stock,15.0,obstacle_drift,0.3,1,True,False,0.091
distance_sensors,stock,15.0,obstacle_drift,0.3,1,True,False,2.651
apriltag,stock,15.0,obstacle_drift,0.3,1,True,False,3.525
full_suite,stock,15.0,obstacle_drift,0.3,1,True,False,0.45
dead_reckoning,stock,15.0,obstacle_drift,0.3,2,True,False,0.982
odometry_pods,stock,15.0,obstacle_drift,0.3,2,True,False,0.196
distance_sensors,stock,15.0,obstacle_drift,0.3,2,True,False,1.526
apriltag,stock,15.0,obstacle_drift,0.3,2,True,False,0.658
full_suite,stock,15.0,obstacle_drift,0.3,2,True,False,0.099
dead_reckoning,stock,15.0,obstacle_drift,0.3,3,False,False,6.229
odometry_pods,stock,15.0,obstacle_drift,0.3,3,True,False,1.092
distance_sensors,stock,15.0,obstacle_drift,0.3,3,False,False,6.605
apriltag,stock,15.0,obstacle_drift,0.3,3,True,False,2.368
full_suite,stock,15.0,obstacle_drift,0.3,3,True,False,0.605
dead_reckoning,stock,15.0,obstacle_drift,0.3,4,False,False,3.626
odometry_pods,stock,15.0,obstacle_drift,0.3,4,True,False,2.859
distance_sensors,stock,15.0,obstacle_drift,0.3,4,False,False,3.626
apriltag,stock,15.0,obstacle_drift,0.3,4,False,False,3.626
full_suite,stock,15.0,obstacle_drift,0.3,4,True,False,1.158
dead_reckoning,stock,15.0,obstacle_drift,0.3,5,False,False,0.0
odometry_pods,stock,15.0,obstacle_drift,0.3,5,False,False,0.0
distance_sensors,stock,15.0,obstacle_drift,0.3,5,True,False,1.568
apriltag,stock,15.0,obstacle_drift,0.3,5,False,False,0.0
full_suite,stock,15.0,obstacle_drift,0.3,5,True,False,0.27
dead_reckoning,stock,15.0,obstacle_drift,0.3,6,False,False,9.19
odometry_pods,stock,15.0,obstacle_drift,0.3,6,False,True,1.469
distance_sensors,stock,15.0,obstacle_drift,0.3,6,False,False,6.998
apriltag,stock,15.0,obstacle_drift,0.3,6,False,True,5.569
full_suite,stock,15.0,obstacle_drift,0.3,6,False,True,0.668
dead_reckoning,stock,15.0,obstacle_drift,0.3,7,False,False,4.386
odometry_pods,stock,15.0,obstacle_drift,0.3,7,True,False,0.096
distance_sensors,stock,15.0,obstacle_drift,0.3,7,False,False,4.223
apriltag,stock,15.0,obstacle_drift,0.3,7,True,False,1.591
full_suite,stock,15.0,obstacle_drift,0.3,7,True,False,0.205
dead_reckoning,stock,15.0,obstacle_drift,0.3,8,True,False,2.31
odometry_pods,stock,15.0,obstacle_drift,0.3,8,True,False,0.462
distance_sensors,stock,15.0,obstacle_drift,0.3,8,True,False,1.765
apriltag,stock,15.0,obstacle_drift,0.3,8,True,False,2.31
full_suite,stock,15.0,obstacle_drift,0.3,8,True,False,0.353
dead_reckoning,stock,15.0,obstacle_drift,0.3,9,False,False,4.856
odometry_pods,stock,15.0,obstacle_drift,0.3,9,True,False,0.328
distance_sensors,stock,15.0,obstacle_drift,0.3,9,False,False,4.856
apriltag,stock,15.0,obstacle_drift,0.3,9,True,False,0.65
full_suite,stock,15.0,obstacle_drift,0.3,9,True,False,0.13
dead_reckoning,stock,15.0,obstacle_drift,0.3,10,True,False,10.027
odometry_pods,stock,15.0,obstacle_drift,0.3,10,True,False,1.808
distance_sensors,stock,15.0,obstacle_drift,0.3,10,True,False,8.681
apriltag,stock,15.0,obstacle_drift,0.3,10,False,False,8.487
full_suite,stock,15.0,obstacle_drift,0.3,10,True,False,1.088
dead_reckoning,stock,15.0,obstacle_drift,0.3,11,True,False,2.116
odometry_pods,stock,15.0,obstacle_drift,0.3,11,True,False,0.423
distance_sensors,stock,15.0,obstacle_drift,0.3,11,True,False,2.299
apriltag,stock,15.0,obstacle_drift,0.3,11,True,False,2.116
full_suite,stock,15.0,obstacle_drift,0.3,11,True,False,0.46
dead_reckoning,stock,15.0,obstacle_drift,0.3,12,True,False,2.673
odometry_pods,stock,15.0,obstacle_drift,0.3,12,True,False,0.241
distance_sensors,stock,15.0,obstacle_drift,0.3,12,False,False,2.604
apriltag,stock,15.0,obstacle_drift,0.3,12,True,False,1.883
full_suite,stock,15.0,obstacle_drift,0.3,12,False,False,0.521
dead_reckoning,stock,15.0,obstacle_drift,0.3,13,True,False,1.04
odometry_pods,stock,15.0,obstacle_drift,0.3,13,True,False,0.208
distance_sensors,stock,15.0,obstacle_drift,0.3,13,True,False,0.668
apriltag,stock,15.0,obstacle_drift,0.3,13,True,False,0.909
full_suite,stock,15.0,obstacle_drift,0.3,13,True,False,0.147
dead_reckoning,stock,15.0,obstacle_drift,0.3,14,False,False,7.992
odometry_pods,stock,15.0,obstacle_drift,0.3,14,True,False,1.758
distance_sensors,stock,15.0,obstacle_drift,0.3,14,False,False,4.212
apriltag,stock,15.0,obstacle_drift,0.3,14,False,False,4.924
full_suite,stock,15.0,obstacle_drift,0.3,14,True,False,1.761
dead_reckoning,stock,15.0,obstacle_drift,0.5,0,False,False,4.593
odometry_pods,stock,15.0,obstacle_drift,0.5,0,True,False,0.659
distance_sensors,stock,15.0,obstacle_drift,0.5,0,False,False,1.195
apriltag,stock,15.0,obstacle_drift,0.5,0,False,False,7.528
full_suite,stock,15.0,obstacle_drift,0.5,0,False,False,0.239
dead_reckoning,stock,15.0,obstacle_drift,0.5,1,True,False,2.365
odometry_pods,stock,15.0,obstacle_drift,0.5,1,True,False,0.473
distance_sensors,stock,15.0,obstacle_drift,0.5,1,True,False,2.355
apriltag,stock,15.0,obstacle_drift,0.5,1,True,False,0.542
full_suite,stock,15.0,obstacle_drift,0.5,1,True,False,0.126
dead_reckoning,stock,15.0,obstacle_drift,0.5,2,True,False,1.569
odometry_pods,stock,15.0,obstacle_drift,0.5,2,True,False,0.346
distance_sensors,stock,15.0,obstacle_drift,0.5,2,False,False,3.82
apriltag,stock,15.0,obstacle_drift,0.5,2,True,False,1.595
full_suite,stock,15.0,obstacle_drift,0.5,2,True,False,0.103
dead_reckoning,stock,15.0,obstacle_drift,0.5,3,True,False,0.763
odometry_pods,stock,15.0,obstacle_drift,0.5,3,True,False,0.153
distance_sensors,stock,15.0,obstacle_drift,0.5,3,True,False,0.763
apriltag,stock,15.0,obstacle_drift,0.5,3,True,False,0.763
full_suite,stock,15.0,obstacle_drift,0.5,3,True,False,0.153
dead_reckoning,stock,15.0,obstacle_drift,0.5,4,True,False,2.74
odometry_pods,stock,15.0,obstacle_drift,0.5,4,True,False,0.869
distance_sensors,stock,15.0,obstacle_drift,0.5,4,False,False,4.371
apriltag,stock,15.0,obstacle_drift,0.5,4,False,False,5.51
full_suite,stock,15.0,obstacle_drift,0.5,4,True,False,0.531
dead_reckoning,stock,15.0,obstacle_drift,0.5,5,False,False,1.917
odometry_pods,stock,15.0,obstacle_drift,0.5,5,True,False,0.368
distance_sensors,stock,15.0,obstacle_drift,0.5,5,False,False,4.487
apriltag,stock,15.0,obstacle_drift,0.5,5,True,False,0.744
full_suite,stock,15.0,obstacle_drift,0.5,5,True,False,0.402
dead_reckoning,stock,15.0,obstacle_drift,0.5,6,True,False,2.68
odometry_pods,stock,15.0,obstacle_drift,0.5,6,True,False,0.536
distance_sensors,stock,15.0,obstacle_drift,0.5,6,True,False,1.547
apriltag,stock,15.0,obstacle_drift,0.5,6,True,False,3.193
full_suite,stock,15.0,obstacle_drift,0.5,6,True,False,0.309
dead_reckoning,stock,15.0,obstacle_drift,0.5,7,False,False,4.192
odometry_pods,stock,15.0,obstacle_drift,0.5,7,True,False,0.791
distance_sensors,stock,15.0,obstacle_drift,0.5,7,False,False,1.11
apriltag,stock,15.0,obstacle_drift,0.5,7,True,False,2.057
full_suite,stock,15.0,obstacle_drift,0.5,7,False,False,0.222
dead_reckoning,stock,15.0,obstacle_drift,0.5,8,True,False,1.728
odometry_pods,stock,15.0,obstacle_drift,0.5,8,True,False,0.362
distance_sensors,stock,15.0,obstacle_drift,0.5,8,False,False,1.311
apriltag,stock,15.0,obstacle_drift,0.5,8,False,False,6.131
full_suite,stock,15.0,obstacle_drift,0.5,8,False,False,0.081
dead_reckoning,stock,15.0,obstacle_drift,0.5,9,True,False,1.621
odometry_pods,stock,15.0,obstacle_drift,0.5,9,True,False,0.324
distance_sensors,stock,15.0,obstacle_drift,0.5,9,True,False,1.621
apriltag,stock,15.0,obstacle_drift,0.5,9,True,False,0.814
full_suite,stock,15.0,obstacle_drift,0.5,9,True,False,0.163
dead_reckoning,stock,15.0,obstacle_drift,0.5,10,True,False,0.467
odometry_pods,stock,15.0,obstacle_drift,0.5,10,True,False,0.093
distance_sensors,stock,15.0,obstacle_drift,0.5,10,True,False,0.718
apriltag,stock,15.0,obstacle_drift,0.5,10,True,False,2.925
full_suite,stock,15.0,obstacle_drift,0.5,10,True,False,0.576
dead_reckoning,stock,15.0,obstacle_drift,0.5,11,False,False,3.348
odometry_pods,stock,15.0,obstacle_drift,0.5,11,False,True,0.197
distance_sensors,stock,15.0,obstacle_drift,0.5,11,False,False,0.0
apriltag,stock,15.0,obstacle_drift,0.5,11,False,False,3.582
full_suite,stock,15.0,obstacle_drift,0.5,11,False,False,0.0
dead_reckoning,stock,15.0,obstacle_drift,0.5,12,True,False,2.558
odometry_pods,stock,15.0,obstacle_drift,0.5,12,True,False,0.512
distance_sensors,stock,15.0,obstacle_drift,0.5,12,True,False,1.896
apriltag,stock,15.0,obstacle_drift,0.5,12,True,False,3.278
full_suite,stock,15.0,obstacle_drift,0.5,12,True,False,0.323
dead_reckoning,stock,15.0,obstacle_drift,0.5,13,False,False,5.754
odometry_pods,stock,15.0,obstacle_drift,0.5,13,False,True,1.141
distance_sensors,stock,15.0,obstacle_drift,0.5,13,False,False,3.655
apriltag,stock,15.0,obstacle_drift,0.5,13,False,False,5.754
full_suite,stock,15.0,obstacle_drift,0.5,13,False,False,0.36
dead_reckoning,stock,15.0,obstacle_drift,0.5,14,True,False,2.432
odometry_pods,stock,15.0,obstacle_drift,0.5,14,True,False,0.648
distance_sensors,stock,15.0,obstacle_drift,0.5,14,False,False,4.53
apriltag,stock,15.0,obstacle_drift,0.5,14,True,False,2.432
full_suite,stock,15.0,obstacle_drift,0.5,14,True,False,0.27
dead_reckoning,stock,15.0,obstacle_drift,0.7,0,False,False,3.113
odometry_pods,stock,15.0,obstacle_drift,0.7,0,True,False,0.313
distance_sensors,stock,15.0,obstacle_drift,0.7,0,False,False,1.915
apriltag,stock,15.0,obstacle_drift,0.7,0,False,False,3.113
full_suite,stock,15.0,obstacle_drift,0.7,0,False,False,0.245
dead_reckoning,stock,15.0,obstacle_drift,0.7,1,False,False,7.084
odometry_pods,stock,15.0,obstacle_drift,0.7,1,False,False,1.099
distance_sensors,stock,15.0,obstacle_drift,0.7,1,False,False,3.189
apriltag,stock,15.0,obstacle_drift,0.7,1,False,False,4.646
full_suite,stock,15.0,obstacle_drift,0.7,1,True,False,0.422
dead_reckoning,stock,15.0,obstacle_drift,0.7,2,True,False,3.615
odometry_pods,stock,15.0,obstacle_drift,0.7,2,True,False,0.723
distance_sensors,stock,15.0,obstacle_drift,0.7,2,True,False,3.273
apriltag,stock,15.0,obstacle_drift,0.7,2,True,False,2.697
full_suite,stock,15.0,obstacle_drift,0.7,2,True,False,0.631
dead_reckoning,stock,15.0,obstacle_drift,0.7,3,True,False,1.47
odometry_pods,stock,15.0,obstacle_drift,0.7,3,True,False,0.69
distance_sensors,stock,15.0,obstacle_drift,0.7,3,False,False,0.0
apriltag,stock,15.0,obstacle_drift,0.7,3,True,False,2.337
full_suite,stock,15.0,obstacle_drift,0.7,3,False,False,0.0
dead_reckoning,stock,15.0,obstacle_drift,0.7,4,False,False,7.643
odometry_pods,stock,15.0,obstacle_drift,0.7,4,True,False,1.351
distance_sensors,stock,15.0,obstacle_drift,0.7,4,False,False,8.622
apriltag,stock,15.0,obstacle_drift,0.7,4,True,False,1.055
full_suite,stock,15.0,obstacle_drift,0.7,4,True,False,1.969
dead_reckoning,stock,15.0,obstacle_drift,0.7,5,True,False,0.932
odometry_pods,stock,15.0,obstacle_drift,0.7,5,True,False,0.546
distance_sensors,stock,15.0,obstacle_drift,0.7,5,True,False,0.36
apriltag,stock,15.0,obstacle_drift,0.7,5,True,False,0.374
full_suite,stock,15.0,obstacle_drift,0.7,5,True,False,0.089
dead_reckoning,stock,15.0,obstacle_drift,0.7,6,False,False,5.171
odometry_pods,stock,15.0,obstacle_drift,0.7,6,True,False,0.871
distance_sensors,stock,15.0,obstacle_drift,0.7,6,False,False,0.0
apriltag,stock,15.0,obstacle_drift,0.7,6,False,False,5.171
full_suite,stock,15.0,obstacle_drift,0.7,6,False,False,0.0
dead_reckoning,stock,15.0,obstacle_drift,0.7,7,False,False,5.739
odometry_pods,stock,15.0,obstacle_drift,0.7,7,True,False,1.671
distance_sensors,stock,15.0,obstacle_drift,0.7,7,False,False,8.888
apriltag,stock,15.0,obstacle_drift,0.7,7,True,False,1.077
full_suite,stock,15.0,obstacle_drift,0.7,7,True,False,0.328
dead_reckoning,stock,15.0,obstacle_drift,0.7,8,True,False,3.978
odometry_pods,stock,15.0,obstacle_drift,0.7,8,True,False,0.5
distance_sensors,stock,15.0,obstacle_drift,0.7,8,False,False,5.626
apriltag,stock,15.0,obstacle_drift,0.7,8,True,False,3.486
full_suite,stock,15.0,obstacle_drift,0.7,8,True,False,0.213
dead_reckoning,stock,15.0,obstacle_drift,0.7,9,False,False,4.426
odometry_pods,stock,15.0,obstacle_drift,0.7,9,True,False,0.659
distance_sensors,stock,15.0,obstacle_drift,0.7,9,False,False,4.681
apriltag,stock,15.0,obstacle_drift,0.7,9,True,False,3.148
full_suite,stock,15.0,obstacle_drift,0.7,9,True,False,0.648
dead_reckoning,stock,15.0,obstacle_drift,0.7,10,False,False,6.72
odometry_pods,stock,15.0,obstacle_drift,0.7,10,True,False,1.113
distance_sensors,stock,15.0,obstacle_drift,0.7,10,False,False,0.0
apriltag,stock,15.0,obstacle_drift,0.7,10,True,False,2.57
full_suite,stock,15.0,obstacle_drift,0.7,10,False,False,0.0
dead_reckoning,stock,15.0,obstacle_drift,0.7,11,False,False,2.415
odometry_pods,stock,15.0,obstacle_drift,0.7,11,False,False,0.483
distance_sensors,stock,15.0,obstacle_drift,0.7,11,False,False,2.222
apriltag,stock,15.0,obstacle_drift,0.7,11,False,False,0.635
full_suite,stock,15.0,obstacle_drift,0.7,11,False,False,0.419
dead_reckoning,stock,15.0,obstacle_drift,0.7,12,False,False,1.741
odometry_pods,stock,15.0,obstacle_drift,0.7,12,False,False,0.348
distance_sensors,stock,15.0,obstacle_drift,0.7,12,False,False,0.899
apriltag,stock,15.0,obstacle_drift,0.7,12,False,False,1.741
full_suite,stock,15.0,obstacle_drift,0.7,12,False,False,0.18
dead_reckoning,stock,15.0,obstacle_drift,0.7,13,False,False,9.756
odometry_pods,stock,15.0,obstacle_drift,0.7,13,True,False,1.909
distance_sensors,stock,15.0,obstacle_drift,0.7,13,False,False,1.708
apriltag,stock,15.0,obstacle_drift,0.7,13,False,True,0.554
full_suite,stock,15.0,obstacle_drift,0.7,13,False,False,0.342
dead_reckoning,stock,15.0,obstacle_drift,0.7,14,True,False,5.038
odometry_pods,stock,15.0,obstacle_drift,0.7,14,True,False,1.008
distance_sensors,stock,15.0,obstacle_drift,0.7,14,False,False,0.0
apriltag,stock,15.0,obstacle_drift,0.7,14,True,False,0.56
full_suite,stock,15.0,obstacle_drift,0.7,14,False,False,0.0
dead_reckoning,stock,15.0,obstacle_drift,0.9,0,False,False,7.65
odometry_pods,stock,15.0,obstacle_drift,0.9,0,True,False,1.063
distance_sensors,stock,15.0,obstacle_drift,0.9,0,False,False,7.65
apriltag,stock,15.0,obstacle_drift,0.9,0,False,False,7.65
full_suite,stock,15.0,obstacle_drift,0.9,0,True,False,0.439
dead_reckoning,stock,15.0,obstacle_drift,0.9,1,False,False,1.919
odometry_pods,stock,15.0,obstacle_drift,0.9,1,False,False,0.384
distance_sensors,stock,15.0,obstacle_drift,0.9,1,True,False,2.653
apriltag,stock,15.0,obstacle_drift,0.9,1,False,False,0.332
full_suite,stock,15.0,obstacle_drift,0.9,1,True,False,0.271
dead_reckoning,stock,15.0,obstacle_drift,0.9,2,False,False,5.346
odometry_pods,stock,15.0,obstacle_drift,0.9,2,True,False,0.708
distance_sensors,stock,15.0,obstacle_drift,0.9,2,False,False,7.445
apriltag,stock,15.0,obstacle_drift,0.9,2,True,False,1.885
full_suite,stock,15.0,obstacle_drift,0.9,2,True,False,0.701
dead_reckoning,stock,15.0,obstacle_drift,0.9,3,False,False,9.013
odometry_pods,stock,15.0,obstacle_drift,0.9,3,True,False,1.612
distance_sensors,stock,15.0,obstacle_drift,0.9,3,False,False,0.0
apriltag,stock,15.0,obstacle_drift,0.9,3,False,False,4.452
full_suite,stock,15.0,obstacle_drift,0.9,3,False,False,0.0
dead_reckoning,stock,15.0,obstacle_drift,0.9,4,False,False,12.628
odometry_pods,stock,15.0,obstacle_drift,0.9,4,True,False,2.481
distance_sensors,stock,15.0,obstacle_drift,0.9,4,False,False,10.184
apriltag,stock,15.0,obstacle_drift,0.9,4,False,True,0.488
full_suite,stock,15.0,obstacle_drift,0.9,4,False,False,0.912
dead_reckoning,stock,15.0,obstacle_drift,0.9,5,False,False,7.097
odometry_pods,stock,15.0,obstacle_drift,0.9,5,True,False,1.033
distance_sensors,stock,15.0,obstacle_drift,0.9,5,False,False,6.574
apriltag,stock,15.0,obstacle_drift,0.9,5,True,False,3.273
full_suite,stock,15.0,obstacle_drift,0.9,5,True,False,0.544
dead_reckoning,stock,15.0,obstacle_drift,0.9,6,False,False,6.599
odometry_pods,stock,15.0,obstacle_drift,0.9,6,True,False,1.284
distance_sensors,stock,15.0,obstacle_drift,0.9,6,False,False,5.935
apriltag,stock,15.0,obstacle_drift,0.9,6,True,False,2.269
full_suite,stock,15.0,obstacle_drift,0.9,6,True,False,0.334
dead_reckoning,stock,15.0,obstacle_drift,0.9,7,False,False,5.032
odometry_pods,stock,15.0,obstacle_drift,0.9,7,True,False,1.607
distance_sensors,stock,15.0,obstacle_drift,0.9,7,False,False,6.49
apriltag,stock,15.0,obstacle_drift,0.9,7,False,False,4.774
full_suite,stock,15.0,obstacle_drift,0.9,7,True,False,1.629
dead_reckoning,stock,15.0,obstacle_drift,0.9,8,False,False,4.667
odometry_pods,stock,15.0,obstacle_drift,0.9,8,True,False,1.066
distance_sensors,stock,15.0,obstacle_drift,0.9,8,False,False,4.242
apriltag,stock,15.0,obstacle_drift,0.9,8,True,False,2.247
full_suite,stock,15.0,obstacle_drift,0.9,8,True,False,0.055
dead_reckoning,stock,15.0,obstacle_drift,0.9,9,False,True,6.191
odometry_pods,stock,15.0,obstacle_drift,0.9,9,False,True,0.876
distance_sensors,stock,15.0,obstacle_drift,0.9,9,False,False,7.484
apriltag,stock,15.0,obstacle_drift,0.9,9,False,True,2.904
full_suite,stock,15.0,obstacle_drift,0.9,9,True,False,0.504
dead_reckoning,stock,15.0,obstacle_drift,0.9,10,True,False,1.726
odometry_pods,stock,15.0,obstacle_drift,0.9,10,True,False,0.345
distance_sensors,stock,15.0,obstacle_drift,0.9,10,True,False,1.673
apriltag,stock,15.0,obstacle_drift,0.9,10,True,False,2.292
full_suite,stock,15.0,obstacle_drift,0.9,10,True,False,0.469
dead_reckoning,stock,15.0,obstacle_drift,0.9,11,True,False,2.95
odometry_pods,stock,15.0,obstacle_drift,0.9,11,True,False,0.59
distance_sensors,stock,15.0,obstacle_drift,0.9,11,True,False,1.897
apriltag,stock,15.0,obstacle_drift,0.9,11,True,False,3.253
full_suite,stock,15.0,obstacle_drift,0.9,11,True,False,0.506
dead_reckoning,stock,15.0,obstacle_drift,0.9,12,False,True,9.791
odometry_pods,stock,15.0,obstacle_drift,0.9,12,True,False,1.95
distance_sensors,stock,15.0,obstacle_drift,0.9,12,False,False,10.619
apriltag,stock,15.0,obstacle_drift,0.9,12,False,False,3.422
full_suite,stock,15.0,obstacle_drift,0.9,12,True,False,0.776
dead_reckoning,stock,15.0,obstacle_drift,0.9,13,False,False,4.469
odometry_pods,stock,15.0,obstacle_drift,0.9,13,True,False,0.246
distance_sensors,stock,15.0,obstacle_drift,0.9,13,False,False,5.443
apriltag,stock,15.0,obstacle_drift,0.9,13,True,False,1.617
full_suite,stock,15.0,obstacle_drift,0.9,13,True,False,0.54
dead_reckoning,stock,15.0,obstacle_drift,0.9,14,True,False,2.474
odometry_pods,stock,15.0,obstacle_drift,0.9,14,True,False,0.495
distance_sensors,stock,15.0,obstacle_drift,0.9,14,True,False,2.474
apriltag,stock,15.0,obstacle_drift,0.9,14,True,False,2.69
full_suite,stock,15.0,obstacle_drift,0.9,14,True,False,0.538
dead_reckoning,stock,15.0,unplanned_blocker,0.3,0,False,False,4.455
odometry_pods,stock,15.0,unplanned_blocker,0.3,0,True,False,0.719
distance_sensors,stock,15.0,unplanned_blocker,0.3,0,False,False,0.0
apriltag,stock,15.0,unplanned_blocker,0.3,0,True,False,1.334
full_suite,stock,15.0,unplanned_blocker,0.3,0,False,False,0.0
dead_reckoning,stock,15.0,unplanned_blocker,0.3,1,False,False,3.692
odometry_pods,stock,15.0,unplanned_blocker,0.3,1,True,False,0.672
distance_sensors,stock,15.0,unplanned_blocker,0.3,1,False,False,3.496
apriltag,stock,15.0,unplanned_blocker,0.3,1,True,False,2.706
full_suite,stock,15.0,unplanned_blocker,0.3,1,True,False,0.464
dead_reckoning,stock,15.0,unplanned_blocker,0.3,2,True,False,1.316
odometry_pods,stock,15.0,unplanned_blocker,0.3,2,True,False,0.263
distance_sensors,stock,15.0,unplanned_blocker,0.3,2,True,False,1.316
apriltag,stock,15.0,unplanned_blocker,0.3,2,True,False,1.825
full_suite,stock,15.0,unplanned_blocker,0.3,2,True,False,0.365
dead_reckoning,stock,15.0,unplanned_blocker,0.3,3,False,False,3.994
odometry_pods,stock,15.0,unplanned_blocker,0.3,3,False,True,1.241
distance_sensors,stock,15.0,unplanned_blocker,0.3,3,False,False,0.289
apriltag,stock,15.0,unplanned_blocker,0.3,3,False,True,7.083
full_suite,stock,15.0,unplanned_blocker,0.3,3,False,False,0.058
dead_reckoning,stock,15.0,unplanned_blocker,0.3,4,False,False,2.115
odometry_pods,stock,15.0,unplanned_blocker,0.3,4,False,False,0.423
distance_sensors,stock,15.0,unplanned_blocker,0.3,4,False,False,1.98
apriltag,stock,15.0,unplanned_blocker,0.3,4,False,False,1.552
full_suite,stock,15.0,unplanned_blocker,0.3,4,True,False,0.425
dead_reckoning,stock,15.0,unplanned_blocker,0.3,5,False,False,7.913
odometry_pods,stock,15.0,unplanned_blocker,0.3,5,False,False,1.151
distance_sensors,stock,15.0,unplanned_blocker,0.3,5,False,False,5.727
apriltag,stock,15.0,unplanned_blocker,0.3,5,False,False,2.285
full_suite,stock,15.0,unplanned_blocker,0.3,5,True,False,0.138
dead_reckoning,stock,15.0,unplanned_blocker,0.3,6,False,False,3.265
odometry_pods,stock,15.0,unplanned_blocker,0.3,6,False,False,0.621
distance_sensors,stock,15.0,unplanned_blocker,0.3,6,False,False,3.862
apriltag,stock,15.0,unplanned_blocker,0.3,6,False,False,0.339
full_suite,stock,15.0,unplanned_blocker,0.3,6,True,False,0.226
dead_reckoning,stock,15.0,unplanned_blocker,0.3,7,False,False,12.209
odometry_pods,stock,15.0,unplanned_blocker,0.3,7,True,False,2.184
distance_sensors,stock,15.0,unplanned_blocker,0.3,7,False,False,3.791
apriltag,stock,15.0,unplanned_blocker,0.3,7,False,False,5.408
full_suite,stock,15.0,unplanned_blocker,0.3,7,False,False,0.33
dead_reckoning,stock,15.0,unplanned_blocker,0.3,8,False,False,10.298
odometry_pods,stock,15.0,unplanned_blocker,0.3,8,True,False,1.364
distance_sensors,stock,15.0,unplanned_blocker,0.3,8,False,False,5.005
apriltag,stock,15.0,unplanned_blocker,0.3,8,True,False,0.522
full_suite,stock,15.0,unplanned_blocker,0.3,8,True,False,1.052
dead_reckoning,stock,15.0,unplanned_blocker,0.3,9,True,False,4.016
odometry_pods,stock,15.0,unplanned_blocker,0.3,9,True,False,0.803
distance_sensors,stock,15.0,unplanned_blocker,0.3,9,True,False,4.281
apriltag,stock,15.0,unplanned_blocker,0.3,9,True,False,1.492
full_suite,stock,15.0,unplanned_blocker,0.3,9,True,False,0.354
dead_reckoning,stock,15.0,unplanned_blocker,0.3,10,False,False,4.979
odometry_pods,stock,15.0,unplanned_blocker,0.3,10,True,False,0.897
distance_sensors,stock,15.0,unplanned_blocker,0.3,10,False,False,1.211
apriltag,stock,15.0,unplanned_blocker,0.3,10,False,False,3.272
full_suite,stock,15.0,unplanned_blocker,0.3,10,True,False,0.952
dead_reckoning,stock,15.0,unplanned_blocker,0.3,11,False,False,4.824
odometry_pods,stock,15.0,unplanned_blocker,0.3,11,False,False,0.787
distance_sensors,stock,15.0,unplanned_blocker,0.3,11,False,False,4.244
apriltag,stock,15.0,unplanned_blocker,0.3,11,False,False,1.921
full_suite,stock,15.0,unplanned_blocker,0.3,11,True,False,1.287
dead_reckoning,stock,15.0,unplanned_blocker,0.3,12,True,False,6.842
odometry_pods,stock,15.0,unplanned_blocker,0.3,12,False,False,0.96
distance_sensors,stock,15.0,unplanned_blocker,0.3,12,False,False,4.042
apriltag,stock,15.0,unplanned_blocker,0.3,12,True,False,6.842
full_suite,stock,15.0,unplanned_blocker,0.3,12,True,False,0.742
dead_reckoning,stock,15.0,unplanned_blocker,0.3,13,False,False,0.0
odometry_pods,stock,15.0,unplanned_blocker,0.3,13,False,False,0.0
distance_sensors,stock,15.0,unplanned_blocker,0.3,13,True,False,1.771
apriltag,stock,15.0,unplanned_blocker,0.3,13,False,False,0.0
full_suite,stock,15.0,unplanned_blocker,0.3,13,True,False,0.354
dead_reckoning,stock,15.0,unplanned_blocker,0.3,14,True,False,2.097
odometry_pods,stock,15.0,unplanned_blocker,0.3,14,True,False,0.348
distance_sensors,stock,15.0,unplanned_blocker,0.3,14,True,False,1.015
apriltag,stock,15.0,unplanned_blocker,0.3,14,True,False,1.204
full_suite,stock,15.0,unplanned_blocker,0.3,14,True,False,0.237
dead_reckoning,stock,15.0,unplanned_blocker,0.5,0,True,False,3.036
odometry_pods,stock,15.0,unplanned_blocker,0.5,0,True,False,0.607
distance_sensors,stock,15.0,unplanned_blocker,0.5,0,True,False,3.41
apriltag,stock,15.0,unplanned_blocker,0.5,0,True,False,1.761
full_suite,stock,15.0,unplanned_blocker,0.5,0,True,False,0.52
dead_reckoning,stock,15.0,unplanned_blocker,0.5,1,False,False,2.18
odometry_pods,stock,15.0,unplanned_blocker,0.5,1,False,False,0.436
distance_sensors,stock,15.0,unplanned_blocker,0.5,1,True,False,2.921
apriltag,stock,15.0,unplanned_blocker,0.5,1,False,False,2.18
full_suite,stock,15.0,unplanned_blocker,0.5,1,True,False,0.913
dead_reckoning,stock,15.0,unplanned_blocker,0.5,2,False,False,1.659
odometry_pods,stock,15.0,unplanned_blocker,0.5,2,False,False,0.332
distance_sensors,stock,15.0,unplanned_blocker,0.5,2,False,False,1.704
apriltag,stock,15.0,unplanned_blocker,0.5,2,False,False,0.838
full_suite,stock,15.0,unplanned_blocker,0.5,2,False,False,0.275
dead_reckoning,stock,15.0,unplanned_blocker,0.5,3,False,True,1.612
odometry_pods,stock,15.0,unplanned_blocker,0.5,3,True,False,0.301
distance_sensors,stock,15.0,unplanned_blocker,0.5,3,False,False,1.413
apriltag,stock,15.0,unplanned_blocker,0.5,3,False,True,0.711
full_suite,stock,15.0,unplanned_blocker,0.5,3,False,False,0.325
dead_reckoning,stock,15.0,unplanned_blocker,0.5,4,True,False,2.956
odometry_pods,stock,15.0,unplanned_blocker,0.5,4,False,False,0.616
distance_sensors,stock,15.0,unplanned_blocker,0.5,4,True,False,1.665
apriltag,stock,15.0,unplanned_blocker,0.5,4,False,False,2.642
full_suite,stock,15.0,unplanned_blocker,0.5,4,True,False,0.483
dead_reckoning,stock,15.0,unplanned_blocker,0.5,5,False,False,7.464
odometry_pods,stock,15.0,unplanned_blocker,0.5,5,True,False,1.701
distance_sensors,stock,15.0,unplanned_blocker,0.5,5,False,False,2.687
apriltag,stock,15.0,unplanned_blocker,0.5,5,False,False,3.394
full_suite,stock,15.0,unplanned_blocker,0.5,5,False,False,0.448
dead_reckoning,stock,15.0,unplanned_blocker,0.5,6,False,False,1.293
odometry_pods,stock,15.0,unplanned_blocker,0.5,6,False,False,0.259
distance_sensors,stock,15.0,unplanned_blocker,0.5,6,True,False,0.646
apriltag,stock,15.0,unplanned_blocker,0.5,6,False,False,1.293
full_suite,stock,15.0,unplanned_blocker,0.5,6,True,False,0.038
dead_reckoning,stock,15.0,unplanned_blocker,0.5,7,True,False,2.698
odometry_pods,stock,15.0,unplanned_blocker,0.5,7,False,False,1.057
distance_sensors,stock,15.0,unplanned_blocker,0.5,7,False,False,3.688
apriltag,stock,15.0,unplanned_blocker,0.5,7,False,False,1.366
full_suite,stock,15.0,unplanned_blocker,0.5,7,True,False,0.289
dead_reckoning,stock,15.0,unplanned_blocker,0.5,8,True,False,6.946
odometry_pods,stock,15.0,unplanned_blocker,0.5,8,True,False,1.363
distance_sensors,stock,15.0,unplanned_blocker,0.5,8,False,False,8.225
apriltag,stock,15.0,unplanned_blocker,0.5,8,True,False,1.206
full_suite,stock,15.0,unplanned_blocker,0.5,8,True,False,0.18
dead_reckoning,stock,15.0,unplanned_blocker,0.5,9,True,False,3.16
odometry_pods,stock,15.0,unplanned_blocker,0.5,9,False,False,0.365
distance_sensors,stock,15.0,unplanned_blocker,0.5,9,False,False,3.826
apriltag,stock,15.0,unplanned_blocker,0.5,9,False,False,0.898
full_suite,stock,15.0,unplanned_blocker,0.5,9,True,False,0.414
dead_reckoning,stock,15.0,unplanned_blocker,0.5,10,False,False,1.492
odometry_pods,stock,15.0,unplanned_blocker,0.5,10,False,False,0.298
distance_sensors,stock,15.0,unplanned_blocker,0.5,10,False,False,1.818
apriltag,stock,15.0,unplanned_blocker,0.5,10,False,False,0.873
full_suite,stock,15.0,unplanned_blocker,0.5,10,True,False,0.535
dead_reckoning,stock,15.0,unplanned_blocker,0.5,11,True,False,10.184
odometry_pods,stock,15.0,unplanned_blocker,0.5,11,False,False,1.601
distance_sensors,stock,15.0,unplanned_blocker,0.5,11,False,False,3.507
apriltag,stock,15.0,unplanned_blocker,0.5,11,False,False,3.567
full_suite,stock,15.0,unplanned_blocker,0.5,11,True,False,0.295
dead_reckoning,stock,15.0,unplanned_blocker,0.5,12,False,False,2.28
odometry_pods,stock,15.0,unplanned_blocker,0.5,12,False,False,0.456
distance_sensors,stock,15.0,unplanned_blocker,0.5,12,False,False,2.14
apriltag,stock,15.0,unplanned_blocker,0.5,12,False,False,2.28
full_suite,stock,15.0,unplanned_blocker,0.5,12,False,False,0.428
dead_reckoning,stock,15.0,unplanned_blocker,0.5,13,True,False,4.967
odometry_pods,stock,15.0,unplanned_blocker,0.5,13,True,False,0.993
distance_sensors,stock,15.0,unplanned_blocker,0.5,13,True,False,2.97
apriltag,stock,15.0,unplanned_blocker,0.5,13,False,False,5.308
full_suite,stock,15.0,unplanned_blocker,0.5,13,True,False,1.043
dead_reckoning,stock,15.0,unplanned_blocker,0.5,14,False,False,3.37
odometry_pods,stock,15.0,unplanned_blocker,0.5,14,False,False,0.686
distance_sensors,stock,15.0,unplanned_blocker,0.5,14,False,False,6.924
apriltag,stock,15.0,unplanned_blocker,0.5,14,True,False,1.162
full_suite,stock,15.0,unplanned_blocker,0.5,14,True,False,0.875
dead_reckoning,stock,15.0,unplanned_blocker,0.7,0,False,False,3.778
odometry_pods,stock,15.0,unplanned_blocker,0.7,0,True,False,0.751
distance_sensors,stock,15.0,unplanned_blocker,0.7,0,True,False,4.08
apriltag,stock,15.0,unplanned_blocker,0.7,0,True,False,5.175
full_suite,stock,15.0,unplanned_blocker,0.7,0,True,False,0.762
dead_reckoning,stock,15.0,unplanned_blocker,0.7,1,False,False,0.975
odometry_pods,stock,15.0,unplanned_blocker,0.7,1,False,False,0.195
distance_sensors,stock,15.0,unplanned_blocker,0.7,1,True,False,2.709
apriltag,stock,15.0,unplanned_blocker,0.7,1,False,False,0.849
full_suite,stock,15.0,unplanned_blocker,0.7,1,True,False,0.491
dead_reckoning,stock,15.0,unplanned_blocker,0.7,2,False,False,0.706
odometry_pods,stock,15.0,unplanned_blocker,0.7,2,False,False,0.141
distance_sensors,stock,15.0,unplanned_blocker,0.7,2,True,False,1.523
apriltag,stock,15.0,unplanned_blocker,0.7,2,False,False,0.706
full_suite,stock,15.0,unplanned_blocker,0.7,2,True,False,0.305
dead_reckoning,stock,15.0,unplanned_blocker,0.7,3,False,False,5.535
odometry_pods,stock,15.0,unplanned_blocker,0.7,3,False,False,0.95
distance_sensors,stock,15.0,unplanned_blocker,0.7,3,False,False,3.511
apriltag,stock,15.0,unplanned_blocker,0.7,3,False,False,5.535
full_suite,stock,15.0,unplanned_blocker,0.7,3,False,False,1.061
dead_reckoning,stock,15.0,unplanned_blocker,0.7,4,False,False,5.908
odometry_pods,stock,15.0,unplanned_blocker,0.7,4,False,False,0.975
distance_sensors,stock,15.0,unplanned_blocker,0.7,4,False,False,3.189
apriltag,stock,15.0,unplanned_blocker,0.7,4,False,False,0.535
full_suite,stock,15.0,unplanned_blocker,0.7,4,False,False,0.964
dead_reckoning,stock,15.0,unplanned_blocker,0.7,5,True,False,1.47
odometry_pods,stock,15.0,unplanned_blocker,0.7,5,True,False,0.294
distance_sensors,stock,15.0,unplanned_blocker,0.7,5,True,False,1.351
apriltag,stock,15.0,unplanned_blocker,0.7,5,True,False,0.81
full_suite,stock,15.0,unplanned_blocker,0.7,5,True,False,0.412
dead_reckoning,stock,15.0,unplanned_blocker,0.7,6,False,False,4.819
odometry_pods,stock,15.0,unplanned_blocker,0.7,6,False,False,0.793
distance_sensors,stock,15.0,unplanned_blocker,0.7,6,False,False,7.468
apriltag,stock,15.0,unplanned_blocker,0.7,6,False,False,2.196
full_suite,stock,15.0,unplanned_blocker,0.7,6,True,False,0.204
dead_reckoning,stock,15.0,unplanned_blocker,0.7,7,False,False,8.46
odometry_pods,stock,15.0,unplanned_blocker,0.7,7,True,False,1.625
distance_sensors,stock,15.0,unplanned_blocker,0.7,7,False,False,5.345
apriltag,stock,15.0,unplanned_blocker,0.7,7,True,False,1.115
full_suite,stock,15.0,unplanned_blocker,0.7,7,True,False,0.121
dead_reckoning,stock,15.0,unplanned_blocker,0.7,8,False,False,4.653
odometry_pods,stock,15.0,unplanned_blocker,0.7,8,False,False,1.087
distance_sensors,stock,15.0,unplanned_blocker,0.7,8,False,False,0.0
apriltag,stock,15.0,unplanned_blocker,0.7,8,False,False,1.506
full_suite,stock,15.0,unplanned_blocker,0.7,8,False,False,0.0
dead_reckoning,stock,15.0,unplanned_blocker,0.7,9,False,False,2.466
odometry_pods,stock,15.0,unplanned_blocker,0.7,9,False,False,0.493
distance_sensors,stock,15.0,unplanned_blocker,0.7,9,False,False,4.965
apriltag,stock,15.0,unplanned_blocker,0.7,9,False,False,2.133
full_suite,stock,15.0,unplanned_blocker,0.7,9,True,False,0.173
dead_reckoning,stock,15.0,unplanned_blocker,0.7,10,False,False,4.61
odometry_pods,stock,15.0,unplanned_blocker,0.7,10,False,False,1.491
distance_sensors,stock,15.0,unplanned_blocker,0.7,10,True,False,10.362
apriltag,stock,15.0,unplanned_blocker,0.7,10,False,False,4.61
full_suite,stock,15.0,unplanned_blocker,0.7,10,True,False,0.472
dead_reckoning,stock,15.0,unplanned_blocker,0.7,11,False,False,5.659
odometry_pods,stock,15.0,unplanned_blocker,0.7,11,True,False,0.262
distance_sensors,stock,15.0,unplanned_blocker,0.7,11,False,False,5.182
apriltag,stock,15.0,unplanned_blocker,0.7,11,False,False,3.327
full_suite,stock,15.0,unplanned_blocker,0.7,11,True,False,1.313
dead_reckoning,stock,15.0,unplanned_blocker,0.7,12,False,False,0.162
odometry_pods,stock,15.0,unplanned_blocker,0.7,12,False,False,0.032
distance_sensors,stock,15.0,unplanned_blocker,0.7,12,True,False,5.993
apriltag,stock,15.0,unplanned_blocker,0.7,12,False,False,0.252
full_suite,stock,15.0,unplanned_blocker,0.7,12,True,False,0.702
dead_reckoning,stock,15.0,unplanned_blocker,0.7,13,False,False,7.48
odometry_pods,stock,15.0,unplanned_blocker,0.7,13,True,False,0.722
distance_sensors,stock,15.0,unplanned_blocker,0.7,13,False,False,0.0
apriltag,stock,15.0,unplanned_blocker,0.7,13,True,False,1.917
full_suite,stock,15.0,unplanned_blocker,0.7,13,False,False,0.0
dead_reckoning,stock,15.0,unplanned_blocker,0.7,14,True,False,5.655
odometry_pods,stock,15.0,unplanned_blocker,0.7,14,False,False,0.733
distance_sensors,stock,15.0,unplanned_blocker,0.7,14,False,False,0.0
apriltag,stock,15.0,unplanned_blocker,0.7,14,False,False,2.0
full_suite,stock,15.0,unplanned_blocker,0.7,14,False,False,0.0
dead_reckoning,stock,15.0,unplanned_blocker,0.9,0,False,False,0.364
odometry_pods,stock,15.0,unplanned_blocker,0.9,0,False,False,0.073
distance_sensors,stock,15.0,unplanned_blocker,0.9,0,False,False,3.817
apriltag,stock,15.0,unplanned_blocker,0.9,0,False,False,0.364
full_suite,stock,15.0,unplanned_blocker,0.9,0,True,False,1.113
dead_reckoning,stock,15.0,unplanned_blocker,0.9,1,False,False,3.332
odometry_pods,stock,15.0,unplanned_blocker,0.9,1,False,False,1.896
distance_sensors,stock,15.0,unplanned_blocker,0.9,1,False,False,1.563
apriltag,stock,15.0,unplanned_blocker,0.9,1,False,False,3.332
full_suite,stock,15.0,unplanned_blocker,0.9,1,False,False,0.313
dead_reckoning,stock,15.0,unplanned_blocker,0.9,2,False,False,6.879
odometry_pods,stock,15.0,unplanned_blocker,0.9,2,False,False,1.0
distance_sensors,stock,15.0,unplanned_blocker,0.9,2,False,False,5.84
apriltag,stock,15.0,unplanned_blocker,0.9,2,False,False,1.14
full_suite,stock,15.0,unplanned_blocker,0.9,2,True,False,0.849
dead_reckoning,stock,15.0,unplanned_blocker,0.9,3,False,False,3.585
odometry_pods,stock,15.0,unplanned_blocker,0.9,3,True,False,1.298
distance_sensors,stock,15.0,unplanned_blocker,0.9,3,False,False,3.104
apriltag,stock,15.0,unplanned_blocker,0.9,3,False,False,4.475
full_suite,stock,15.0,unplanned_blocker,0.9,3,True,False,1.843
dead_reckoning,stock,15.0,unplanned_blocker,0.9,4,False,False,0.706
odometry_pods,stock,15.0,unplanned_blocker,0.9,4,False,False,0.141
distance_sensors,stock,15.0,unplanned_blocker,0.9,4,False,False,4.575
apriltag,stock,15.0,unplanned_blocker,0.9,4,False,False,0.826
full_suite,stock,15.0,unplanned_blocker,0.9,4,True,False,1.296
dead_reckoning,stock,15.0,unplanned_blocker,0.9,5,False,False,0.642
odometry_pods,stock,15.0,unplanned_blocker,0.9,5,False,False,0.128
distance_sensors,stock,15.0,unplanned_blocker,0.9,5,False,False,6.506
apriltag,stock,15.0,unplanned_blocker,0.9,5,False,False,0.642
full_suite,stock,15.0,unplanned_blocker,0.9,5,True,False,0.771
dead_reckoning,stock,15.0,unplanned_blocker,0.9,6,False,False,3.334
odometry_pods,stock,15.0,unplanned_blocker,0.9,6,False,False,0.9
distance_sensors,stock,15.0,unplanned_blocker,0.9,6,False,False,7.119
apriltag,stock,15.0,unplanned_blocker,0.9,6,False,False,3.334
full_suite,stock,15.0,unplanned_blocker,0.9,6,True,False,0.464
dead_reckoning,stock,15.0,unplanned_blocker,0.9,7,False,False,4.424
odometry_pods,stock,15.0,unplanned_blocker,0.9,7,False,False,0.828
distance_sensors,stock,15.0,unplanned_blocker,0.9,7,False,False,5.148
apriltag,stock,15.0,unplanned_blocker,0.9,7,False,False,2.211
full_suite,stock,15.0,unplanned_blocker,0.9,7,True,False,0.498
dead_reckoning,stock,15.0,unplanned_blocker,0.9,8,False,False,4.357
odometry_pods,stock,15.0,unplanned_blocker,0.9,8,False,False,1.231
distance_sensors,stock,15.0,unplanned_blocker,0.9,8,False,False,0.0
apriltag,stock,15.0,unplanned_blocker,0.9,8,False,False,3.375
full_suite,stock,15.0,unplanned_blocker,0.9,8,False,False,0.0
dead_reckoning,stock,15.0,unplanned_blocker,0.9,9,False,False,0.0
odometry_pods,stock,15.0,unplanned_blocker,0.9,9,False,False,0.0
distance_sensors,stock,15.0,unplanned_blocker,0.9,9,False,False,0.0
apriltag,stock,15.0,unplanned_blocker,0.9,9,False,False,0.0
full_suite,stock,15.0,unplanned_blocker,0.9,9,False,False,0.0
dead_reckoning,stock,15.0,unplanned_blocker,0.9,10,False,False,0.0
odometry_pods,stock,15.0,unplanned_blocker,0.9,10,False,False,0.0
distance_sensors,stock,15.0,unplanned_blocker,0.9,10,True,False,4.105
apriltag,stock,15.0,unplanned_blocker,0.9,10,False,False,0.0
full_suite,stock,15.0,unplanned_blocker,0.9,10,True,False,0.716
dead_reckoning,stock,15.0,unplanned_blocker,0.9,11,False,False,2.026
odometry_pods,stock,15.0,unplanned_blocker,0.9,11,False,False,0.405
distance_sensors,stock,15.0,unplanned_blocker,0.9,11,True,False,2.012
apriltag,stock,15.0,unplanned_blocker,0.9,11,False,False,2.026
full_suite,stock,15.0,unplanned_blocker,0.9,11,True,False,0.299
dead_reckoning,stock,15.0,unplanned_blocker,0.9,12,False,True,6.435
odometry_pods,stock,15.0,unplanned_blocker,0.9,12,False,False,0.534
distance_sensors,stock,15.0,unplanned_blocker,0.9,12,False,False,7.697
apriltag,stock,15.0,unplanned_blocker,0.9,12,False,False,1.023
full_suite,stock,15.0,unplanned_blocker,0.9,12,True,False,0.36
dead_reckoning,stock,15.0,unplanned_blocker,0.9,13,False,False,9.925
odometry_pods,stock,15.0,unplanned_blocker,0.9,13,False,False,1.323
distance_sensors,stock,15.0,unplanned_blocker,0.9,13,False,False,5.606
apriltag,stock,15.0,unplanned_blocker,0.9,13,False,False,4.27
full_suite,stock,15.0,unplanned_blocker,0.9,13,True,False,0.333
dead_reckoning,stock,15.0,unplanned_blocker,0.9,14,False,False,3.816
odometry_pods,stock,15.0,unplanned_blocker,0.9,14,False,False,0.755
distance_sensors,stock,15.0,unplanned_blocker,0.9,14,False,False,3.686
apriltag,stock,15.0,unplanned_blocker,0.9,14,False,False,4.135
full_suite,stock,15.0,unplanned_blocker,0.9,14,True,False,0.651
dead_reckoning,stock,10.0,start_drift,0.3,0,False,False,14.609
odometry_pods,stock,10.0,start_drift,0.3,0,False,True,10.106
distance_sensors,stock,10.0,start_drift,0.3,0,False,False,13.12
apriltag,stock,10.0,start_drift,0.3,0,False,True,0.304
full_suite,stock,10.0,start_drift,0.3,0,False,True,0.311
dead_reckoning,stock,10.0,start_drift,0.3,1,False,False,13.49
odometry_pods,stock,10.0,start_drift,0.3,1,False,False,9.236
distance_sensors,stock,10.0,start_drift,0.3,1,False,False,8.485
apriltag,stock,10.0,start_drift,0.3,1,True,False,1.956
full_suite,stock,10.0,start_drift,0.3,1,False,False,8.485
dead_reckoning,stock,10.0,start_drift,0.3,2,False,False,6.885
odometry_pods,stock,10.0,start_drift,0.3,2,False,False,8.164
distance_sensors,stock,10.0,start_drift,0.3,2,False,False,6.023
apriltag,stock,10.0,start_drift,0.3,2,True,False,0.293
full_suite,stock,10.0,start_drift,0.3,2,True,False,0.349
dead_reckoning,stock,10.0,start_drift,0.3,3,False,False,7.441
odometry_pods,stock,10.0,start_drift,0.3,3,False,True,6.45
distance_sensors,stock,10.0,start_drift,0.3,3,False,False,6.673
apriltag,stock,10.0,start_drift,0.3,3,False,True,0.542
full_suite,stock,10.0,start_drift,0.3,3,False,False,0.385
dead_reckoning,stock,10.0,start_drift,0.3,4,False,False,8.908
odometry_pods,stock,10.0,start_drift,0.3,4,False,False,8.569
distance_sensors,stock,10.0,start_drift,0.3,4,False,False,10.855
apriltag,stock,10.0,start_drift,0.3,4,False,False,5.495
full_suite,stock,10.0,start_drift,0.3,4,False,False,1.801
dead_reckoning,stock,10.0,start_drift,0.3,5,False,False,6.968
odometry_pods,stock,10.0,start_drift,0.3,5,False,False,6.279
distance_sensors,stock,10.0,start_drift,0.3,5,False,False,6.822
apriltag,stock,10.0,start_drift,0.3,5,True,False,1.015
full_suite,stock,10.0,start_drift,0.3,5,False,False,6.037
dead_reckoning,stock,10.0,start_drift,0.3,6,False,False,8.733
odometry_pods,stock,10.0,start_drift,0.3,6,False,False,8.523
distance_sensors,stock,10.0,start_drift,0.3,6,False,False,8.823
apriltag,stock,10.0,start_drift,0.3,6,True,False,1.426
full_suite,stock,10.0,start_drift,0.3,6,True,False,3.793
dead_reckoning,stock,10.0,start_drift,0.3,7,False,False,5.301
odometry_pods,stock,10.0,start_drift,0.3,7,False,False,5.848
distance_sensors,stock,10.0,start_drift,0.3,7,False,False,5.05
apriltag,stock,10.0,start_drift,0.3,7,False,False,3.238
full_suite,stock,10.0,start_drift,0.3,7,False,False,5.796
dead_reckoning,stock,10.0,start_drift,0.3,8,False,True,4.01
odometry_pods,stock,10.0,start_drift,0.3,8,False,True,0.644
distance_sensors,stock,10.0,start_drift,0.3,8,False,True,2.295
apriltag,stock,10.0,start_drift,0.3,8,False,True,0.97
full_suite,stock,10.0,start_drift,0.3,8,False,True,0.067
dead_reckoning,stock,10.0,start_drift,0.3,9,False,False,10.024
odometry_pods,stock,10.0,start_drift,0.3,9,False,False,8.776
distance_sensors,stock,10.0,start_drift,0.3,9,False,False,8.485
apriltag,stock,10.0,start_drift,0.3,9,False,False,10.024
full_suite,stock,10.0,start_drift,0.3,9,False,False,8.485
dead_reckoning,stock,10.0,start_drift,0.3,10,False,False,14.195
odometry_pods,stock,10.0,start_drift,0.3,10,False,False,8.299
distance_sensors,stock,10.0,start_drift,0.3,10,False,False,11.592
apriltag,stock,10.0,start_drift,0.3,10,False,False,14.195
full_suite,stock,10.0,start_drift,0.3,10,False,True,0.208
dead_reckoning,stock,10.0,start_drift,0.3,11,False,False,8.529
odometry_pods,stock,10.0,start_drift,0.3,11,False,False,8.44
distance_sensors,stock,10.0,start_drift,0.3,11,False,False,9.557
apriltag,stock,10.0,start_drift,0.3,11,False,False,8.529
full_suite,stock,10.0,start_drift,0.3,11,False,True,0.959
dead_reckoning,stock,10.0,start_drift,0.3,12,False,False,10.808
odometry_pods,stock,10.0,start_drift,0.3,12,False,False,9.283
distance_sensors,stock,10.0,start_drift,0.3,12,False,False,9.646
apriltag,stock,10.0,start_drift,0.3,12,False,True,1.381
full_suite,stock,10.0,start_drift,0.3,12,False,False,8.715
dead_reckoning,stock,10.0,start_drift,0.3,13,False,False,6.92
odometry_pods,stock,10.0,start_drift,0.3,13,False,False,6.129
distance_sensors,stock,10.0,start_drift,0.3,13,False,False,7.727
apriltag,stock,10.0,start_drift,0.3,13,False,False,3.596
full_suite,stock,10.0,start_drift,0.3,13,False,False,3.229
dead_reckoning,stock,10.0,start_drift,0.3,14,True,False,3.017
odometry_pods,stock,10.0,start_drift,0.3,14,True,False,0.603
distance_sensors,stock,10.0,start_drift,0.3,14,False,False,4.903
apriltag,stock,10.0,start_drift,0.3,14,True,False,1.098
full_suite,stock,10.0,start_drift,0.3,14,True,False,0.138
dead_reckoning,stock,10.0,start_drift,0.5,0,False,False,17.59
odometry_pods,stock,10.0,start_drift,0.5,0,False,False,17.094
distance_sensors,stock,10.0,start_drift,0.5,0,False,False,21.099
apriltag,stock,10.0,start_drift,0.5,0,False,True,3.274
full_suite,stock,10.0,start_drift,0.5,0,True,False,1.135
dead_reckoning,stock,10.0,start_drift,0.5,1,False,False,10.977
odometry_pods,stock,10.0,start_drift,0.5,1,True,False,6.529
distance_sensors,stock,10.0,start_drift,0.5,1,False,False,8.526
apriltag,stock,10.0,start_drift,0.5,1,True,False,0.615
full_suite,stock,10.0,start_drift,0.5,1,False,False,0.233
dead_reckoning,stock,10.0,start_drift,0.5,2,False,False,9.558
odometry_pods,stock,10.0,start_drift,0.5,2,False,False,8.787
distance_sensors,stock,10.0,start_drift,0.5,2,False,False,11.678
apriltag,stock,10.0,start_drift,0.5,2,True,False,3.075
full_suite,stock,10.0,start_drift,0.5,2,False,False,0.45
dead_reckoning,stock,10.0,start_drift,0.5,3,False,False,11.971
odometry_pods,stock,10.0,start_drift,0.5,3,False,False,11.994
distance_sensors,stock,10.0,start_drift,0.5,3,False,False,10.151
apriltag,stock,10.0,start_drift,0.5,3,False,False,11.971
full_suite,stock,10.0,start_drift,0.5,3,True,False,11.78
dead_reckoning,stock,10.0,start_drift,0.5,4,False,False,11.203
odometry_pods,stock,10.0,start_drift,0.5,4,False,False,6.507
distance_sensors,stock,10.0,start_drift,0.5,4,True,False,8.105
apriltag,stock,10.0,start_drift,0.5,4,False,False,7.48
full_suite,stock,10.0,start_drift,0.5,4,False,False,4.348
dead_reckoning,stock,10.0,start_drift,0.5,5,False,False,10.457
odometry_pods,stock,10.0,start_drift,0.5,5,False,False,6.537
distance_sensors,stock,10.0,start_drift,0.5,5,False,False,6.0
apriltag,stock,10.0,start_drift,0.5,5,False,False,7.184
full_suite,stock,10.0,start_drift,0.5,5,False,False,6.0
dead_reckoning,stock,10.0,start_drift,0.5,6,False,False,15.849
odometry_pods,stock,10.0,start_drift,0.5,6,False,False,13.841
distance_sensors,stock,10.0,start_drift,0.5,6,False,False,21.293
apriltag,stock,10.0,start_drift,0.5,6,False,True,2.174
full_suite,stock,10.0,start_drift,0.5,6,False,False,0.048
dead_reckoning,stock,10.0,start_drift,0.5,7,False,False,16.603
odometry_pods,stock,10.0,start_drift,0.5,7,False,False,14.052
distance_sensors,stock,10.0,start_drift,0.5,7,False,False,15.97
apriltag,stock,10.0,start_drift,0.5,7,True,False,0.603
full_suite,stock,10.0,start_drift,0.5,7,True,False,0.814
dead_reckoning,stock,10.0,start_drift,0.5,8,False,True,1.485
odometry_pods,stock,10.0,start_drift,0.5,8,False,True,0.293
distance_sensors,stock,10.0,start_drift,0.5,8,False,True,0.764
apriltag,stock,10.0,start_drift,0.5,8,False,True,1.756
full_suite,stock,10.0,start_drift,0.5,8,False,False,0.281
dead_reckoning,stock,10.0,start_drift,0.5,9,False,False,9.139
odometry_pods,stock,10.0,start_drift,0.5,9,False,False,8.613
distance_sensors,stock,10.0,start_drift,0.5,9,False,False,11.4
apriltag,stock,10.0,start_drift,0.5,9,False,False,9.139
full_suite,stock,10.0,start_drift,0.5,9,False,False,0.553
dead_reckoning,stock,10.0,start_drift,0.5,10,False,False,13.416
odometry_pods,stock,10.0,start_drift,0.5,10,False,False,13.416
distance_sensors,stock,10.0,start_drift,0.5,10,False,False,13.052
apriltag,stock,10.0,start_drift,0.5,10,False,False,13.416
full_suite,stock,10.0,start_drift,0.5,10,False,False,13.342
dead_reckoning,stock,10.0,start_drift,0.5,11,False,False,16.008
odometry_pods,stock,10.0,start_drift,0.5,11,False,False,16.75
distance_sensors,stock,10.0,start_drift,0.5,11,False,False,17.71
apriltag,stock,10.0,start_drift,0.5,11,False,True,0.428
full_suite,stock,10.0,start_drift,0.5,11,False,True,0.301
dead_reckoning,stock,10.0,start_drift,0.5,12,False,False,4.005
odometry_pods,stock,10.0,start_drift,0.5,12,True,False,0.849
distance_sensors,stock,10.0,start_drift,0.5,12,False,False,4.568
apriltag,stock,10.0,start_drift,0.5,12,True,False,0.591
full_suite,stock,10.0,start_drift,0.5,12,True,False,0.537
dead_reckoning,stock,10.0,start_drift,0.5,13,False,False,15.657
odometry_pods,stock,10.0,start_drift,0.5,13,False,False,13.699
distance_sensors,stock,10.0,start_drift,0.5,13,False,False,12.186
apriltag,stock,10.0,start_drift,0.5,13,True,False,1.419
full_suite,stock,10.0,start_drift,0.5,13,False,False,9.569
dead_reckoning,stock,10.0,start_drift,0.5,14,False,False,11.082
odometry_pods,stock,10.0,start_drift,0.5,14,True,False,8.731
distance_sensors,stock,10.0,start_drift,0.5,14,True,False,10.192
apriltag,stock,10.0,start_drift,0.5,14,True,False,0.601
full_suite,stock,10.0,start_drift,0.5,14,True,False,0.346
dead_reckoning,stock,10.0,start_drift,0.7,0,False,False,13.068
odometry_pods,stock,10.0,start_drift,0.7,0,False,False,12.141
distance_sensors,stock,10.0,start_drift,0.7,0,False,False,17.09
apriltag,stock,10.0,start_drift,0.7,0,True,False,2.176
full_suite,stock,10.0,start_drift,0.7,0,False,False,3.92
dead_reckoning,stock,10.0,start_drift,0.7,1,False,False,9.582
odometry_pods,stock,10.0,start_drift,0.7,1,False,False,11.303
distance_sensors,stock,10.0,start_drift,0.7,1,False,False,8.526
apriltag,stock,10.0,start_drift,0.7,1,False,False,4.814
full_suite,stock,10.0,start_drift,0.7,1,False,False,6.385
dead_reckoning,stock,10.0,start_drift,0.7,2,False,True,2.96
odometry_pods,stock,10.0,start_drift,0.7,2,False,True,0.7
distance_sensors,stock,10.0,start_drift,0.7,2,False,False,4.564
apriltag,stock,10.0,start_drift,0.7,2,False,True,1.287
full_suite,stock,10.0,start_drift,0.7,2,False,True,0.164
dead_reckoning,stock,10.0,start_drift,0.7,3,False,False,13.244
odometry_pods,stock,10.0,start_drift,0.7,3,False,False,13.381
distance_sensors,stock,10.0,start_drift,0.7,3,False,False,11.81
apriltag,stock,10.0,start_drift,0.7,3,False,False,13.244
full_suite,stock,10.0,start_drift,0.7,3,False,False,6.514
dead_reckoning,stock,10.0,start_drift,0.7,4,False,False,7.511
odometry_pods,stock,10.0,start_drift,0.7,4,False,False,8.288
distance_sensors,stock,10.0,start_drift,0.7,4,False,False,7.954
apriltag,stock,10.0,start_drift,0.7,4,False,False,7.511
full_suite,stock,10.0,start_drift,0.7,4,False,False,8.379
dead_reckoning,stock,10.0,start_drift,0.7,5,False,False,8.485
odometry_pods,stock,10.0,start_drift,0.7,5,False,False,8.485
distance_sensors,stock,10.0,start_drift,0.7,5,False,False,10.58
apriltag,stock,10.0,start_drift,0.7,5,False,False,8.485
full_suite,stock,10.0,start_drift,0.7,5,True,False,0.678
dead_reckoning,stock,10.0,start_drift,0.7,6,False,False,12.911
odometry_pods,stock,10.0,start_drift,0.7,6,False,False,13.313
distance_sensors,stock,10.0,start_drift,0.7,6,False,False,11.279
apriltag,stock,10.0,start_drift,0.7,6,False,False,12.911
full_suite,stock,10.0,start_drift,0.7,6,False,False,5.811
dead_reckoning,stock,10.0,start_drift,0.7,7,False,False,4.209
odometry_pods,stock,10.0,start_drift,0.7,7,False,False,5.565
distance_sensors,stock,10.0,start_drift,0.7,7,False,False,6.0
apriltag,stock,10.0,start_drift,0.7,7,False,False,5.945
full_suite,stock,10.0,start_drift,0.7,7,False,False,6.0
dead_reckoning,stock,10.0,start_drift,0.7,8,False,False,12.16
odometry_pods,stock,10.0,start_drift,0.7,8,False,False,13.163
distance_sensors,stock,10.0,start_drift,0.7,8,False,False,12.74
apriltag,stock,10.0,start_drift,0.7,8,False,False,12.16
full_suite,stock,10.0,start_drift,0.7,8,False,False,13.234
dead_reckoning,stock,10.0,start_drift,0.7,9,False,False,16.71
odometry_pods,stock,10.0,start_drift,0.7,9,False,False,14.005
distance_sensors,stock,10.0,start_drift,0.7,9,False,False,13.416
apriltag,stock,10.0,start_drift,0.7,9,False,False,4.822
full_suite,stock,10.0,start_drift,0.7,9,False,False,9.452
dead_reckoning,stock,10.0,start_drift,0.7,10,False,True,8.483
odometry_pods,stock,10.0,start_drift,0.7,10,False,True,6.711
distance_sensors,stock,10.0,start_drift,0.7,10,False,False,9.946
apriltag,stock,10.0,start_drift,0.7,10,False,True,1.733
full_suite,stock,10.0,start_drift,0.7,10,False,True,0.31
dead_reckoning,stock,10.0,start_drift,0.7,11,True,False,1.64
odometry_pods,stock,10.0,start_drift,0.7,11,True,False,0.328
distance_sensors,stock,10.0,start_drift,0.7,11,False,False,1.221
apriltag,stock,10.0,start_drift,0.7,11,True,False,1.64
full_suite,stock,10.0,start_drift,0.7,11,False,False,0.244
dead_reckoning,stock,10.0,start_drift,0.7,12,False,False,12.04
odometry_pods,stock,10.0,start_drift,0.7,12,False,False,13.141
distance_sensors,stock,10.0,start_drift,0.7,12,False,False,15.053
apriltag,stock,10.0,start_drift,0.7,12,False,False,12.04
full_suite,stock,10.0,start_drift,0.7,12,False,False,13.444
dead_reckoning,stock,10.0,start_drift,0.7,13,False,False,5.668
odometry_pods,stock,10.0,start_drift,0.7,13,False,False,5.868
distance_sensors,stock,10.0,start_drift,0.7,13,False,False,6.839
apriltag,stock,10.0,start_drift,0.7,13,False,False,5.668
full_suite,stock,10.0,start_drift,0.7,13,False,False,6.163
dead_reckoning,stock,10.0,start_drift,0.7,14,False,False,15.458
odometry_pods,stock,10.0,start_drift,0.7,14,False,False,16.664
distance_sensors,stock,10.0,start_drift,0.7,14,False,False,16.971
apriltag,stock,10.0,start_drift,0.7,14,True,False,2.058
full_suite,stock,10.0,start_drift,0.7,14,False,False,10.908
dead_reckoning,stock,10.0,start_drift,0.9,0,False,False,21.831
odometry_pods,stock,10.0,start_drift,0.9,0,False,False,21.67
distance_sensors,stock,10.0,start_drift,0.9,0,False,False,18.219
apriltag,stock,10.0,start_drift,0.9,0,False,False,21.831
full_suite,stock,10.0,start_drift,0.9,0,False,False,1.122
dead_reckoning,stock,10.0,start_drift,0.9,1,False,False,17.278
odometry_pods,stock,10.0,start_drift,0.9,1,False,False,17.013
distance_sensors,stock,10.0,start_drift,0.9,1,True,False,19.083
apriltag,stock,10.0,start_drift,0.9,1,False,False,5.049
full_suite,stock,10.0,start_drift,0.9,1,True,False,2.677
dead_reckoning,stock,10.0,start_drift,0.9,2,False,False,8.103
odometry_pods,stock,10.0,start_drift,0.9,2,False,False,8.228
distance_sensors,stock,10.0,start_drift,0.9,2,False,False,7.66
apriltag,stock,10.0,start_drift,0.9,2,True,False,3.004
full_suite,stock,10.0,start_drift,0.9,2,True,False,2.512
dead_reckoning,stock,10.0,start_drift,0.9,3,False,False,18.974
odometry_pods,stock,10.0,start_drift,0.9,3,False,False,18.974
distance_sensors,stock,10.0,start_drift,0.9,3,False,False,17.294
apriltag,stock,10.0,start_drift,0.9,3,False,False,18.974
full_suite,stock,10.0,start_drift,0.9,3,False,False,0.963
dead_reckoning,stock,10.0,start_drift,0.9,4,False,False,17.822
odometry_pods,stock,10.0,start_drift,0.9,4,False,False,17.135
distance_sensors,stock,10.0,start_drift,0.9,4,False,False,18.42
apriltag,stock,10.0,start_drift,0.9,4,False,False,17.822
full_suite,stock,10.0,start_drift,0.9,4,False,False,0.364
dead_reckoning,stock,10.0,start_drift,0.9,5,False,False,16.247
odometry_pods,stock,10.0,start_drift,0.9,5,False,False,18.134
distance_sensors,stock,10.0,start_drift,0.9,5,False,True,13.203
apriltag,stock,10.0,start_drift,0.9,5,False,False,16.247
full_suite,stock,10.0,start_drift,0.9,5,False,True,0.919
dead_reckoning,stock,10.0,start_drift,0.9,6,False,False,13.725
odometry_pods,stock,10.0,start_drift,0.9,6,False,False,13.474
distance_sensors,stock,10.0,start_drift,0.9,6,False,False,13.416
apriltag,stock,10.0,start_drift,0.9,6,True,False,2.796
full_suite,stock,10.0,start_drift,0.9,6,False,False,9.155
dead_reckoning,stock,10.0,start_drift,0.9,7,False,False,21.633
odometry_pods,stock,10.0,start_drift,0.9,7,False,False,21.633
distance_sensors,stock,10.0,start_drift,0.9,7,False,True,23.798
apriltag,stock,10.0,start_drift,0.9,7,False,False,21.633
full_suite,stock,10.0,start_drift,0.9,7,False,False,10.243
dead_reckoning,stock,10.0,start_drift,0.9,8,False,True,8.764
odometry_pods,stock,10.0,start_drift,0.9,8,False,False,6.289
distance_sensors,stock,10.0,start_drift,0.9,8,False,False,7.246
apriltag,stock,10.0,start_drift,0.9,8,False,True,1.057
full_suite,stock,10.0,start_drift,0.9,8,True,False,1.203
dead_reckoning,stock,10.0,start_drift,0.9,9,False,False,21.885
odometry_pods,stock,10.0,start_drift,0.9,9,False,False,21.683
distance_sensors,stock,10.0,start_drift,0.9,9,False,False,21.885
apriltag,stock,10.0,start_drift,0.9,9,False,False,21.885
full_suite,stock,10.0,start_drift,0.9,9,False,False,11.402
dead_reckoning,stock,10.0,start_drift,0.9,10,False,False,20.277
odometry_pods,stock,10.0,start_drift,0.9,10,False,True,13.962
distance_sensors,stock,10.0,start_drift,0.9,10,False,False,21.074
apriltag,stock,10.0,start_drift,0.9,10,False,False,5.154
full_suite,stock,10.0,start_drift,0.9,10,False,False,0.62
dead_reckoning,stock,10.0,start_drift,0.9,11,False,False,23.05
odometry_pods,stock,10.0,start_drift,0.9,11,False,False,21.705
distance_sensors,stock,10.0,start_drift,0.9,11,False,False,23.383
apriltag,stock,10.0,start_drift,0.9,11,False,False,23.05
full_suite,stock,10.0,start_drift,0.9,11,False,False,21.835
dead_reckoning,stock,10.0,start_drift,0.9,12,False,False,16.215
odometry_pods,stock,10.0,start_drift,0.9,12,False,True,10.009
distance_sensors,stock,10.0,start_drift,0.9,12,True,False,17.639
apriltag,stock,10.0,start_drift,0.9,12,False,True,2.432
full_suite,stock,10.0,start_drift,0.9,12,False,True,6.687
dead_reckoning,stock,10.0,start_drift,0.9,13,False,False,6.075
odometry_pods,stock,10.0,start_drift,0.9,13,False,False,7.584
distance_sensors,stock,10.0,start_drift,0.9,13,False,False,6.017
apriltag,stock,10.0,start_drift,0.9,13,False,False,6.075
full_suite,stock,10.0,start_drift,0.9,13,False,False,7.72
dead_reckoning,stock,10.0,start_drift,0.9,14,False,False,14.456
odometry_pods,stock,10.0,start_drift,0.9,14,False,False,13.77
distance_sensors,stock,10.0,start_drift,0.9,14,False,False,15.869
apriltag,stock,10.0,start_drift,0.9,14,True,False,1.873
full_suite,stock,10.0,start_drift,0.9,14,False,False,0.026
dead_reckoning,stock,10.0,obstacle_drift,0.3,0,False,False,6.432
odometry_pods,stock,10.0,obstacle_drift,0.3,0,True,False,1.165
distance_sensors,stock,10.0,obstacle_drift,0.3,0,False,False,1.944
apriltag,stock,10.0,obstacle_drift,0.3,0,True,False,1.537
full_suite,stock,10.0,obstacle_drift,0.3,0,False,False,0.389
dead_reckoning,stock,10.0,obstacle_drift,0.3,1,False,True,2.151
odometry_pods,stock,10.0,obstacle_drift,0.3,1,False,True,0.548
distance_sensors,stock,10.0,obstacle_drift,0.3,1,True,False,2.651
apriltag,stock,10.0,obstacle_drift,0.3,1,False,True,3.266
full_suite,stock,10.0,obstacle_drift,0.3,1,False,True,0.318
dead_reckoning,stock,10.0,obstacle_drift,0.3,2,True,False,0.982
odometry_pods,stock,10.0,obstacle_drift,0.3,2,True,False,0.196
distance_sensors,stock,10.0,obstacle_drift,0.3,2,True,False,1.526
apriltag,stock,10.0,obstacle_drift,0.3,2,True,False,0.658
full_suite,stock,10.0,obstacle_drift,0.3,2,True,False,0.099
dead_reckoning,stock,10.0,obstacle_drift,0.3,3,False,False,6.229
odometry_pods,stock,10.0,obstacle_drift,0.3,3,True,False,1.092
distance_sensors,stock,10.0,obstacle_drift,0.3,3,False,False,6.605
apriltag,stock,10.0,obstacle_drift,0.3,3,True,False,2.368
full_suite,stock,10.0,obstacle_drift,0.3,3,True,False,0.605
dead_reckoning,stock,10.0,obstacle_drift,0.3,4,False,False,3.626
odometry_pods,stock,10.0,obstacle_drift,0.3,4,False,True,2.213
distance_sensors,stock,10.0,obstacle_drift,0.3,4,False,False,3.626
apriltag,stock,10.0,obstacle_drift,0.3,4,False,False,3.626
full_suite,stock,10.0,obstacle_drift,0.3,4,False,True,0.676
dead_reckoning,stock,10.0,obstacle_drift,0.3,5,False,False,0.0
odometry_pods,stock,10.0,obstacle_drift,0.3,5,False,False,0.0
distance_sensors,stock,10.0,obstacle_drift,0.3,5,True,False,1.568
apriltag,stock,10.0,obstacle_drift,0.3,5,False,False,0.0
full_suite,stock,10.0,obstacle_drift,0.3,5,True,False,0.27
dead_reckoning,stock,10.0,obstacle_drift,0.3,6,False,True,8.726
odometry_pods,stock,10.0,obstacle_drift,0.3,6,False,True,1.252
distance_sensors,stock,10.0,obstacle_drift,0.3,6,False,False,6.998
apriltag,stock,10.0,obstacle_drift,0.3,6,False,True,2.145
full_suite,stock,10.0,obstacle_drift,0.3,6,False,True,0.638
dead_reckoning,stock,10.0,obstacle_drift,0.3,7,False,False,4.386
odometry_pods,stock,10.0,obstacle_drift,0.3,7,True,False,0.096
distance_sensors,stock,10.0,obstacle_drift,0.3,7,False,False,4.223
apriltag,stock,10.0,obstacle_drift,0.3,7,True,False,1.591
full_suite,stock,10.0,obstacle_drift,0.3,7,True,False,0.205
dead_reckoning,stock,10.0,obstacle_drift,0.3,8,True,False,2.31
odometry_pods,stock,10.0,obstacle_drift,0.3,8,True,False,0.462
distance_sensors,stock,10.0,obstacle_drift,0.3,8,True,False,1.765
apriltag,stock,10.0,obstacle_drift,0.3,8,True,False,2.31
full_suite,stock,10.0,obstacle_drift,0.3,8,True,False,0.353
dead_reckoning,stock,10.0,obstacle_drift,0.3,9,False,False,4.856
odometry_pods,stock,10.0,obstacle_drift,0.3,9,True,False,0.328
distance_sensors,stock,10.0,obstacle_drift,0.3,9,False,False,4.856
apriltag,stock,10.0,obstacle_drift,0.3,9,True,False,0.65
full_suite,stock,10.0,obstacle_drift,0.3,9,True,False,0.13
dead_reckoning,stock,10.0,obstacle_drift,0.3,10,True,False,10.027
odometry_pods,stock,10.0,obstacle_drift,0.3,10,True,False,1.808
distance_sensors,stock,10.0,obstacle_drift,0.3,10,True,False,8.681
apriltag,stock,10.0,obstacle_drift,0.3,10,False,False,8.487
full_suite,stock,10.0,obstacle_drift,0.3,10,True,False,1.088
dead_reckoning,stock,10.0,obstacle_drift,0.3,11,True,False,2.116
odometry_pods,stock,10.0,obstacle_drift,0.3,11,True,False,0.423
distance_sensors,stock,10.0,obstacle_drift,0.3,11,True,False,2.299
apriltag,stock,10.0,obstacle_drift,0.3,11,True,False,2.116
full_suite,stock,10.0,obstacle_drift,0.3,11,True,False,0.46
dead_reckoning,stock,10.0,obstacle_drift,0.3,12,True,False,2.673
odometry_pods,stock,10.0,obstacle_drift,0.3,12,True,False,0.241
distance_sensors,stock,10.0,obstacle_drift,0.3,12,False,False,2.604
apriltag,stock,10.0,obstacle_drift,0.3,12,True,False,1.883
full_suite,stock,10.0,obstacle_drift,0.3,12,False,False,0.521
dead_reckoning,stock,10.0,obstacle_drift,0.3,13,True,False,1.04
odometry_pods,stock,10.0,obstacle_drift,0.3,13,True,False,0.208
distance_sensors,stock,10.0,obstacle_drift,0.3,13,True,False,0.668
apriltag,stock,10.0,obstacle_drift,0.3,13,True,False,0.909
full_suite,stock,10.0,obstacle_drift,0.3,13,True,False,0.147
dead_reckoning,stock,10.0,obstacle_drift,0.3,14,False,False,7.992
odometry_pods,stock,10.0,obstacle_drift,0.3,14,True,False,1.758
distance_sensors,stock,10.0,obstacle_drift,0.3,14,False,False,4.212
apriltag,stock,10.0,obstacle_drift,0.3,14,False,True,6.362
full_suite,stock,10.0,obstacle_drift,0.3,14,True,False,1.761
dead_reckoning,stock,10.0,obstacle_drift,0.5,0,False,True,4.883
odometry_pods,stock,10.0,obstacle_drift,0.5,0,False,True,0.672
distance_sensors,stock,10.0,obstacle_drift,0.5,0,False,False,1.195
apriltag,stock,10.0,obstacle_drift,0.5,0,False,True,4.4
full_suite,stock,10.0,obstacle_drift,0.5,0,False,False,0.239
dead_reckoning,stock,10.0,obstacle_drift,0.5,1,True,False,2.365
odometry_pods,stock,10.0,obstacle_drift,0.5,1,True,False,0.473
distance_sensors,stock,10.0,obstacle_drift,0.5,1,True,False,2.355
apriltag,stock,10.0,obstacle_drift,0.5,1,True,False,0.542
full_suite,stock,10.0,obstacle_drift,0.5,1,True,False,0.126
dead_reckoning,stock,10.0,obstacle_drift,0.5,2,False,True,0.613
odometry_pods,stock,10.0,obstacle_drift,0.5,2,False,True,0.363
distance_sensors,stock,10.0,obstacle_drift,0.5,2,False,False,3.82
apriltag,stock,10.0,obstacle_drift,0.5,2,False,True,0.679
full_suite,stock,10.0,obstacle_drift,0.5,2,True,False,0.103
dead_reckoning,stock,10.0,obstacle_drift,0.5,3,True,False,0.763
odometry_pods,stock,10.0,obstacle_drift,0.5,3,True,False,0.153
distance_sensors,stock,10.0,obstacle_drift,0.5,3,True,False,0.763
apriltag,stock,10.0,obstacle_drift,0.5,3,True,False,0.763
full_suite,stock,10.0,obstacle_drift,0.5,3,True,False,0.153
dead_reckoning,stock,10.0,obstacle_drift,0.5,4,False,True,3.251
odometry_pods,stock,10.0,obstacle_drift,0.5,4,False,True,0.299
distance_sensors,stock,10.0,obstacle_drift,0.5,4,False,False,4.371
apriltag,stock,10.0,obstacle_drift,0.5,4,False,True,3.376
full_suite,stock,10.0,obstacle_drift,0.5,4,False,True,0.505
dead_reckoning,stock,10.0,obstacle_drift,0.5,5,False,False,1.917
odometry_pods,stock,10.0,obstacle_drift,0.5,5,True,False,0.368
distance_sensors,stock,10.0,obstacle_drift,0.5,5,False,False,4.487
apriltag,stock,10.0,obstacle_drift,0.5,5,True,False,0.744
full_suite,stock,10.0,obstacle_drift,0.5,5,True,False,0.402
dead_reckoning,stock,10.0,obstacle_drift,0.5,6,True,False,2.68
odometry_pods,stock,10.0,obstacle_drift,0.5,6,True,False,0.536
distance_sensors,stock,10.0,obstacle_drift,0.5,6,True,False,1.547
apriltag,stock,10.0,obstacle_drift,0.5,6,True,False,3.193
full_suite,stock,10.0,obstacle_drift,0.5,6,True,False,0.309
dead_reckoning,stock,10.0,obstacle_drift,0.5,7,False,False,4.192
odometry_pods,stock,10.0,obstacle_drift,0.5,7,True,False,0.791
distance_sensors,stock,10.0,obstacle_drift,0.5,7,False,False,1.11
apriltag,stock,10.0,obstacle_drift,0.5,7,True,False,2.057
full_suite,stock,10.0,obstacle_drift,0.5,7,False,False,0.222
dead_reckoning,stock,10.0,obstacle_drift,0.5,8,False,True,2.568
odometry_pods,stock,10.0,obstacle_drift,0.5,8,False,True,0.339
distance_sensors,stock,10.0,obstacle_drift,0.5,8,False,False,1.311
apriltag,stock,10.0,obstacle_drift,0.5,8,False,True,4.515
full_suite,stock,10.0,obstacle_drift,0.5,8,False,False,0.081
dead_reckoning,stock,10.0,obstacle_drift,0.5,9,True,False,1.621
odometry_pods,stock,10.0,obstacle_drift,0.5,9,True,False,0.324
distance_sensors,stock,10.0,obstacle_drift,0.5,9,True,False,1.621
apriltag,stock,10.0,obstacle_drift,0.5,9,True,False,0.814
full_suite,stock,10.0,obstacle_drift,0.5,9,True,False,0.163
dead_reckoning,stock,10.0,obstacle_drift,0.5,10,True,False,0.467
odometry_pods,stock,10.0,obstacle_drift,0.5,10,True,False,0.093
distance_sensors,stock,10.0,obstacle_drift,0.5,10,True,False,0.718
apriltag,stock,10.0,obstacle_drift,0.5,10,True,False,2.925
full_suite,stock,10.0,obstacle_drift,0.5,10,True,False,0.576
dead_reckoning,stock,10.0,obstacle_drift,0.5,11,False,True,1.488
odometry_pods,stock,10.0,obstacle_drift,0.5,11,False,True,0.265
distance_sensors,stock,10.0,obstacle_drift,0.5,11,False,False,0.0
apriltag,stock,10.0,obstacle_drift,0.5,11,False,True,2.231
full_suite,stock,10.0,obstacle_drift,0.5,11,False,False,0.0
dead_reckoning,stock,10.0,obstacle_drift,0.5,12,True,False,2.558
odometry_pods,stock,10.0,obstacle_drift,0.5,12,True,False,0.512
distance_sensors,stock,10.0,obstacle_drift,0.5,12,True,False,1.896
apriltag,stock,10.0,obstacle_drift,0.5,12,True,False,3.278
full_suite,stock,10.0,obstacle_drift,0.5,12,True,False,0.323
dead_reckoning,stock,10.0,obstacle_drift,0.5,13,False,False,5.754
odometry_pods,stock,10.0,obstacle_drift,0.5,13,False,True,0.684
distance_sensors,stock,10.0,obstacle_drift,0.5,13,False,False,3.655
apriltag,stock,10.0,obstacle_drift,0.5,13,False,False,5.754
full_suite,stock,10.0,obstacle_drift,0.5,13,False,False,0.36
dead_reckoning,stock,10.0,obstacle_drift,0.5,14,True,False,2.432
odometry_pods,stock,10.0,obstacle_drift,0.5,14,True,False,0.648
distance_sensors,stock,10.0,obstacle_drift,0.5,14,False,False,4.53
apriltag,stock,10.0,obstacle_drift,0.5,14,True,False,2.432
full_suite,stock,10.0,obstacle_drift,0.5,14,True,False,0.27
dead_reckoning,stock,10.0,obstacle_drift,0.7,0,False,False,3.113
odometry_pods,stock,10.0,obstacle_drift,0.7,0,True,False,0.313
distance_sensors,stock,10.0,obstacle_drift,0.7,0,False,False,1.915
apriltag,stock,10.0,obstacle_drift,0.7,0,False,False,3.113
full_suite,stock,10.0,obstacle_drift,0.7,0,False,False,0.245
dead_reckoning,stock,10.0,obstacle_drift,0.7,1,False,True,3.715
odometry_pods,stock,10.0,obstacle_drift,0.7,1,False,True,1.193
distance_sensors,stock,10.0,obstacle_drift,0.7,1,False,True,2.626
apriltag,stock,10.0,obstacle_drift,0.7,1,False,True,2.376
full_suite,stock,10.0,obstacle_drift,0.7,1,False,True,0.198
dead_reckoning,stock,10.0,obstacle_drift,0.7,2,True,False,3.615
odometry_pods,stock,10.0,obstacle_drift,0.7,2,True,False,0.723
distance_sensors,stock,10.0,obstacle_drift,0.7,2,True,False,3.273
apriltag,stock,10.0,obstacle_drift,0.7,2,True,False,2.697
full_suite,stock,10.0,obstacle_drift,0.7,2,True,False,0.631
dead_reckoning,stock,10.0,obstacle_drift,0.7,3,True,False,1.47
odometry_pods,stock,10.0,obstacle_drift,0.7,3,True,False,0.69
distance_sensors,stock,10.0,obstacle_drift,0.7,3,False,False,0.0
apriltag,stock,10.0,obstacle_drift,0.7,3,False,True,0.959
full_suite,stock,10.0,obstacle_drift,0.7,3,False,False,0.0
dead_reckoning,stock,10.0,obstacle_drift,0.7,4,False,False,7.643
odometry_pods,stock,10.0,obstacle_drift,0.7,4,False,True,1.566
distance_sensors,stock,10.0,obstacle_drift,0.7,4,False,False,8.622
apriltag,stock,10.0,obstacle_drift,0.7,4,False,True,2.113
full_suite,stock,10.0,obstacle_drift,0.7,4,False,True,1.618
dead_reckoning,stock,10.0,obstacle_drift,0.7,5,True,False,0.932
odometry_pods,stock,10.0,obstacle_drift,0.7,5,True,False,0.546
distance_sensors,stock,10.0,obstacle_drift,0.7,5,True,False,0.36
apriltag,stock,10.0,obstacle_drift,0.7,5,True,False,0.374
full_suite,stock,10.0,obstacle_drift,0.7,5,True,False,0.089
dead_reckoning,stock,10.0,obstacle_drift,0.7,6,False,False,5.171
odometry_pods,stock,10.0,obstacle_drift,0.7,6,True,False,0.871
distance_sensors,stock,10.0,obstacle_drift,0.7,6,False,False,0.0
apriltag,stock,10.0,obstacle_drift,0.7,6,False,False,5.171
full_suite,stock,10.0,obstacle_drift,0.7,6,False,False,0.0
dead_reckoning,stock,10.0,obstacle_drift,0.7,7,False,False,5.739
odometry_pods,stock,10.0,obstacle_drift,0.7,7,True,False,1.671
distance_sensors,stock,10.0,obstacle_drift,0.7,7,False,False,8.888
apriltag,stock,10.0,obstacle_drift,0.7,7,True,False,1.077
full_suite,stock,10.0,obstacle_drift,0.7,7,True,False,0.328
dead_reckoning,stock,10.0,obstacle_drift,0.7,8,True,False,3.978
odometry_pods,stock,10.0,obstacle_drift,0.7,8,True,False,0.5
distance_sensors,stock,10.0,obstacle_drift,0.7,8,False,False,5.626
apriltag,stock,10.0,obstacle_drift,0.7,8,True,False,3.486
full_suite,stock,10.0,obstacle_drift,0.7,8,True,False,0.213
dead_reckoning,stock,10.0,obstacle_drift,0.7,9,False,False,4.426
odometry_pods,stock,10.0,obstacle_drift,0.7,9,True,False,0.659
distance_sensors,stock,10.0,obstacle_drift,0.7,9,False,False,4.681
apriltag,stock,10.0,obstacle_drift,0.7,9,True,False,3.148
full_suite,stock,10.0,obstacle_drift,0.7,9,True,False,0.648
dead_reckoning,stock,10.0,obstacle_drift,0.7,10,False,False,6.72
odometry_pods,stock,10.0,obstacle_drift,0.7,10,True,False,1.113
distance_sensors,stock,10.0,obstacle_drift,0.7,10,False,False,0.0
apriltag,stock,10.0,obstacle_drift,0.7,10,True,False,2.57
full_suite,stock,10.0,obstacle_drift,0.7,10,False,False,0.0
dead_reckoning,stock,10.0,obstacle_drift,0.7,11,False,False,2.415
odometry_pods,stock,10.0,obstacle_drift,0.7,11,False,False,0.483
distance_sensors,stock,10.0,obstacle_drift,0.7,11,False,False,2.222
apriltag,stock,10.0,obstacle_drift,0.7,11,False,False,0.635
full_suite,stock,10.0,obstacle_drift,0.7,11,False,False,0.419
dead_reckoning,stock,10.0,obstacle_drift,0.7,12,False,False,1.741
odometry_pods,stock,10.0,obstacle_drift,0.7,12,False,False,0.348
distance_sensors,stock,10.0,obstacle_drift,0.7,12,False,False,0.899
apriltag,stock,10.0,obstacle_drift,0.7,12,False,False,1.741
full_suite,stock,10.0,obstacle_drift,0.7,12,False,False,0.18
dead_reckoning,stock,10.0,obstacle_drift,0.7,13,False,True,7.313
odometry_pods,stock,10.0,obstacle_drift,0.7,13,False,True,1.6
distance_sensors,stock,10.0,obstacle_drift,0.7,13,False,False,1.708
apriltag,stock,10.0,obstacle_drift,0.7,13,False,True,2.324
full_suite,stock,10.0,obstacle_drift,0.7,13,False,False,0.342
dead_reckoning,stock,10.0,obstacle_drift,0.7,14,True,False,5.038
odometry_pods,stock,10.0,obstacle_drift,0.7,14,True,False,1.008
distance_sensors,stock,10.0,obstacle_drift,0.7,14,False,False,0.0
apriltag,stock,10.0,obstacle_drift,0.7,14,True,False,0.56
full_suite,stock,10.0,obstacle_drift,0.7,14,False,False,0.0
dead_reckoning,stock,10.0,obstacle_drift,0.9,0,False,False,7.65
odometry_pods,stock,10.0,obstacle_drift,0.9,0,False,True,1.057
distance_sensors,stock,10.0,obstacle_drift,0.9,0,False,False,7.65
apriltag,stock,10.0,obstacle_drift,0.9,0,False,False,7.65
full_suite,stock,10.0,obstacle_drift,0.9,0,False,True,0.426
dead_reckoning,stock,10.0,obstacle_drift,0.9,1,False,False,1.919
odometry_pods,stock,10.0,obstacle_drift,0.9,1,False,False,0.384
distance_sensors,stock,10.0,obstacle_drift,0.9,1,False,True,3.036
apriltag,stock,10.0,obstacle_drift,0.9,1,False,False,0.332
full_suite,stock,10.0,obstacle_drift,0.9,1,False,True,0.273
dead_reckoning,stock,10.0,obstacle_drift,0.9,2,False,False,5.346
odometry_pods,stock,10.0,obstacle_drift,0.9,2,True,False,0.708
distance_sensors,stock,10.0,obstacle_drift,0.9,2,False,False,7.445
apriltag,stock,10.0,obstacle_drift,0.9,2,True,False,1.885
full_suite,stock,10.0,obstacle_drift,0.9,2,True,False,0.701
dead_reckoning,stock,10.0,obstacle_drift,0.9,3,False,False,9.013
odometry_pods,stock,10.0,obstacle_drift,0.9,3,True,False,1.612
distance_sensors,stock,10.0,obstacle_drift,0.9,3,False,False,0.0
apriltag,stock,10.0,obstacle_drift,0.9,3,False,False,4.452
full_suite,stock,10.0,obstacle_drift,0.9,3,False,False,0.0
dead_reckoning,stock,10.0,obstacle_drift,0.9,4,False,True,2.943
odometry_pods,stock,10.0,obstacle_drift,0.9,4,False,True,1.532
distance_sensors,stock,10.0,obstacle_drift,0.9,4,False,True,2.101
apriltag,stock,10.0,obstacle_drift,0.9,4,False,True,1.04
full_suite,stock,10.0,obstacle_drift,0.9,4,False,False,0.912
dead_reckoning,stock,10.0,obstacle_drift,0.9,5,False,False,7.097
odometry_pods,stock,10.0,obstacle_drift,0.9,5,True,False,1.033
distance_sensors,stock,10.0,obstacle_drift,0.9,5,False,False,6.574
apriltag,stock,10.0,obstacle_drift,0.9,5,True,False,3.273
full_suite,stock,10.0,obstacle_drift,0.9,5,True,False,0.544
dead_reckoning,stock,10.0,obstacle_drift,0.9,6,False,False,6.599
odometry_pods,stock,10.0,obstacle_drift,0.9,6,True,False,1.284
distance_sensors,stock,10.0,obstacle_drift,0.9,6,False,False,5.935
apriltag,stock,10.0,obstacle_drift,0.9,6,True,False,2.269
full_suite,stock,10.0,obstacle_drift,0.9,6,True,False,0.334
dead_reckoning,stock,10.0,obstacle_drift,0.9,7,False,False,5.032
odometry_pods,stock,10.0,obstacle_drift,0.9,7,False,True,1.084
distance_sensors,stock,10.0,obstacle_drift,0.9,7,False,True,4.899
apriltag,stock,10.0,obstacle_drift,0.9,7,False,True,1.593
full_suite,stock,10.0,obstacle_drift,0.9,7,True,False,1.629
dead_reckoning,stock,10.0,obstacle_drift,0.9,8,False,False,4.667
odometry_pods,stock,10.0,obstacle_drift,0.9,8,True,False,1.066
distance_sensors,stock,10.0,obstacle_drift,0.9,8,False,False,4.242
apriltag,stock,10.0,obstacle_drift,0.9,8,True,False,2.247
full_suite,stock,10.0,obstacle_drift,0.9,8,True,False,0.055
dead_reckoning,stock,10.0,obstacle_drift,0.9,9,False,True,6.784
odometry_pods,stock,10.0,obstacle_drift,0.9,9,False,True,1.383
distance_sensors,stock,10.0,obstacle_drift,0.9,9,False,False,7.484
apriltag,stock,10.0,obstacle_drift,0.9,9,False,True,0.214
full_suite,stock,10.0,obstacle_drift,0.9,9,False,True,0.215
dead_reckoning,stock,10.0,obstacle_drift,0.9,10,True,False,1.726
odometry_pods,stock,10.0,obstacle_drift,0.9,10,True,False,0.345
distance_sensors,stock,10.0,obstacle_drift,0.9,10,True,False,1.673
apriltag,stock,10.0,obstacle_drift,0.9,10,True,False,2.292
full_suite,stock,10.0,obstacle_drift,0.9,10,True,False,0.469
dead_reckoning,stock,10.0,obstacle_drift,0.9,11,True,False,2.95
odometry_pods,stock,10.0,obstacle_drift,0.9,11,True,False,0.59
distance_sensors,stock,10.0,obstacle_drift,0.9,11,True,False,1.897
apriltag,stock,10.0,obstacle_drift,0.9,11,True,False,3.253
full_suite,stock,10.0,obstacle_drift,0.9,11,True,False,0.506
dead_reckoning,stock,10.0,obstacle_drift,0.9,12,False,True,3.376
odometry_pods,stock,10.0,obstacle_drift,0.9,12,False,True,1.136
distance_sensors,stock,10.0,obstacle_drift,0.9,12,False,True,5.442
apriltag,stock,10.0,obstacle_drift,0.9,12,False,True,0.739
full_suite,stock,10.0,obstacle_drift,0.9,12,False,True,0.968
dead_reckoning,stock,10.0,obstacle_drift,0.9,13,False,False,4.469
odometry_pods,stock,10.0,obstacle_drift,0.9,13,False,True,0.994
distance_sensors,stock,10.0,obstacle_drift,0.9,13,False,False,5.443
apriltag,stock,10.0,obstacle_drift,0.9,13,False,True,1.913
full_suite,stock,10.0,obstacle_drift,0.9,13,False,True,0.298
dead_reckoning,stock,10.0,obstacle_drift,0.9,14,True,False,2.474
odometry_pods,stock,10.0,obstacle_drift,0.9,14,True,False,0.495
distance_sensors,stock,10.0,obstacle_drift,0.9,14,True,False,2.474
apriltag,stock,10.0,obstacle_drift,0.9,14,True,False,2.69
full_suite,stock,10.0,obstacle_drift,0.9,14,True,False,0.538
dead_reckoning,stock,10.0,unplanned_blocker,0.3,0,False,True,5.631
odometry_pods,stock,10.0,unplanned_blocker,0.3,0,False,True,1.15
distance_sensors,stock,10.0,unplanned_blocker,0.3,0,False,False,0.0
apriltag,stock,10.0,unplanned_blocker,0.3,0,False,True,1.041
full_suite,stock,10.0,unplanned_blocker,0.3,0,False,False,0.0
dead_reckoning,stock,10.0,unplanned_blocker,0.3,1,False,False,3.692
odometry_pods,stock,10.0,unplanned_blocker,0.3,1,True,False,0.672
distance_sensors,stock,10.0,unplanned_blocker,0.3,1,False,False,3.496
apriltag,stock,10.0,unplanned_blocker,0.3,1,True,False,2.706
full_suite,stock,10.0,unplanned_blocker,0.3,1,True,False,0.464
dead_reckoning,stock,10.0,unplanned_blocker,0.3,2,True,False,1.316
odometry_pods,stock,10.0,unplanned_blocker,0.3,2,True,False,0.263
distance_sensors,stock,10.0,unplanned_blocker,0.3,2,True,False,1.316
apriltag,stock,10.0,unplanned_blocker,0.3,2,True,False,1.825
full_suite,stock,10.0,unplanned_blocker,0.3,2,True,False,0.365
dead_reckoning,stock,10.0,unplanned_blocker,0.3,3,False,False,3.994
odometry_pods,stock,10.0,unplanned_blocker,0.3,3,False,True,1.756
distance_sensors,stock,10.0,unplanned_blocker,0.3,3,False,False,0.289
apriltag,stock,10.0,unplanned_blocker,0.3,3,False,True,3.285
full_suite,stock,10.0,unplanned_blocker,0.3,3,False,False,0.058
dead_reckoning,stock,10.0,unplanned_blocker,0.3,4,False,False,2.115
odometry_pods,stock,10.0,unplanned_blocker,0.3,4,False,False,0.423
distance_sensors,stock,10.0,unplanned_blocker,0.3,4,False,False,1.98
apriltag,stock,10.0,unplanned_blocker,0.3,4,False,False,1.552
full_suite,stock,10.0,unplanned_blocker,0.3,4,True,False,0.425
dead_reckoning,stock,10.0,unplanned_blocker,0.3,5,False,False,7.913
odometry_pods,stock,10.0,unplanned_blocker,0.3,5,False,False,1.151
distance_sensors,stock,10.0,unplanned_blocker,0.3,5,False,False,5.727
apriltag,stock,10.0,unplanned_blocker,0.3,5,False,False,2.285
full_suite,stock,10.0,unplanned_blocker,0.3,5,True,False,0.138
dead_reckoning,stock,10.0,unplanned_blocker,0.3,6,False,False,3.265
odometry_pods,stock,10.0,unplanned_blocker,0.3,6,False,False,0.621
distance_sensors,stock,10.0,unplanned_blocker,0.3,6,False,True,4.214
apriltag,stock,10.0,unplanned_blocker,0.3,6,False,False,0.339
full_suite,stock,10.0,unplanned_blocker,0.3,6,False,True,0.1
dead_reckoning,stock,10.0,unplanned_blocker,0.3,7,False,False,12.209
odometry_pods,stock,10.0,unplanned_blocker,0.3,7,False,True,1.979
distance_sensors,stock,10.0,unplanned_blocker,0.3,7,False,False,3.791
apriltag,stock,10.0,unplanned_blocker,0.3,7,False,True,2.085
full_suite,stock,10.0,unplanned_blocker,0.3,7,False,False,0.33
dead_reckoning,stock,10.0,unplanned_blocker,0.3,8,False,False,10.298
odometry_pods,stock,10.0,unplanned_blocker,0.3,8,False,True,1.24
distance_sensors,stock,10.0,unplanned_blocker,0.3,8,False,False,5.005
apriltag,stock,10.0,unplanned_blocker,0.3,8,False,True,2.253
full_suite,stock,10.0,unplanned_blocker,0.3,8,False,True,0.68
dead_reckoning,stock,10.0,unplanned_blocker,0.3,9,True,False,4.016
odometry_pods,stock,10.0,unplanned_blocker,0.3,9,True,False,0.803
distance_sensors,stock,10.0,unplanned_blocker,0.3,9,True,False,4.281
apriltag,stock,10.0,unplanned_blocker,0.3,9,True,False,1.492
full_suite,stock,10.0,unplanned_blocker,0.3,9,True,False,0.354
dead_reckoning,stock,10.0,unplanned_blocker,0.3,10,False,False,4.979
odometry_pods,stock,10.0,unplanned_blocker,0.3,10,True,False,0.897
distance_sensors,stock,10.0,unplanned_blocker,0.3,10,False,False,1.211
apriltag,stock,10.0,unplanned_blocker,0.3,10,False,False,3.272
full_suite,stock,10.0,unplanned_blocker,0.3,10,True,False,0.952
dead_reckoning,stock,10.0,unplanned_blocker,0.3,11,False,False,4.824
odometry_pods,stock,10.0,unplanned_blocker,0.3,11,False,False,0.787
distance_sensors,stock,10.0,unplanned_blocker,0.3,11,False,False,4.244
apriltag,stock,10.0,unplanned_blocker,0.3,11,False,False,1.921
full_suite,stock,10.0,unplanned_blocker,0.3,11,True,False,1.287
dead_reckoning,stock,10.0,unplanned_blocker,0.3,12,True,False,6.842
odometry_pods,stock,10.0,unplanned_blocker,0.3,12,False,False,0.96
distance_sensors,stock,10.0,unplanned_blocker,0.3,12,False,False,4.042
apriltag,stock,10.0,unplanned_blocker,0.3,12,True,False,6.842
full_suite,stock,10.0,unplanned_blocker,0.3,12,True,False,0.742
dead_reckoning,stock,10.0,unplanned_blocker,0.3,13,False,False,0.0
odometry_pods,stock,10.0,unplanned_blocker,0.3,13,False,False,0.0
distance_sensors,stock,10.0,unplanned_blocker,0.3,13,True,False,1.771
apriltag,stock,10.0,unplanned_blocker,0.3,13,False,False,0.0
full_suite,stock,10.0,unplanned_blocker,0.3,13,True,False,0.354
dead_reckoning,stock,10.0,unplanned_blocker,0.3,14,True,False,2.097
odometry_pods,stock,10.0,unplanned_blocker,0.3,14,True,False,0.348
distance_sensors,stock,10.0,unplanned_blocker,0.3,14,True,False,1.015
apriltag,stock,10.0,unplanned_blocker,0.3,14,True,False,1.204
full_suite,stock,10.0,unplanned_blocker,0.3,14,True,False,0.237
dead_reckoning,stock,10.0,unplanned_blocker,0.5,0,True,False,3.036
odometry_pods,stock,10.0,unplanned_blocker,0.5,0,True,False,0.607
distance_sensors,stock,10.0,unplanned_blocker,0.5,0,True,False,3.41
apriltag,stock,10.0,unplanned_blocker,0.5,0,True,False,1.761
full_suite,stock,10.0,unplanned_blocker,0.5,0,True,False,0.52
dead_reckoning,stock,10.0,unplanned_blocker,0.5,1,False,False,2.18
odometry_pods,stock,10.0,unplanned_blocker,0.5,1,False,False,0.436
distance_sensors,stock,10.0,unplanned_blocker,0.5,1,False,True,1.043
apriltag,stock,10.0,unplanned_blocker,0.5,1,False,False,2.18
full_suite,stock,10.0,unplanned_blocker,0.5,1,False,True,0.688
dead_reckoning,stock,10.0,unplanned_blocker,0.5,2,False,False,1.659
odometry_pods,stock,10.0,unplanned_blocker,0.5,2,False,False,0.332
distance_sensors,stock,10.0,unplanned_blocker,0.5,2,False,False,1.704
apriltag,stock,10.0,unplanned_blocker,0.5,2,False,False,0.838
full_suite,stock,10.0,unplanned_blocker,0.5,2,False,False,0.275
dead_reckoning,stock,10.0,unplanned_blocker,0.5,3,False,True,3.447
odometry_pods,stock,10.0,unplanned_blocker,0.5,3,False,True,0.584
distance_sensors,stock,10.0,unplanned_blocker,0.5,3,False,False,1.413
apriltag,stock,10.0,unplanned_blocker,0.5,3,False,True,2.596
full_suite,stock,10.0,unplanned_blocker,0.5,3,False,True,0.281
dead_reckoning,stock,10.0,unplanned_blocker,0.5,4,True,False,2.956
odometry_pods,stock,10.0,unplanned_blocker,0.5,4,False,False,0.616
distance_sensors,stock,10.0,unplanned_blocker,0.5,4,True,False,1.665
apriltag,stock,10.0,unplanned_blocker,0.5,4,False,False,2.642
full_suite,stock,10.0,unplanned_blocker,0.5,4,True,False,0.483
dead_reckoning,stock,10.0,unplanned_blocker,0.5,5,False,False,7.464
odometry_pods,stock,10.0,unplanned_blocker,0.5,5,False,True,1.206
distance_sensors,stock,10.0,unplanned_blocker,0.5,5,False,False,2.687
apriltag,stock,10.0,unplanned_blocker,0.5,5,False,False,3.394
full_suite,stock,10.0,unplanned_blocker,0.5,5,False,False,0.448
dead_reckoning,stock,10.0,unplanned_blocker,0.5,6,False,False,1.293
odometry_pods,stock,10.0,unplanned_blocker,0.5,6,False,False,0.259
distance_sensors,stock,10.0,unplanned_blocker,0.5,6,True,False,0.646
apriltag,stock,10.0,unplanned_blocker,0.5,6,False,False,1.293
full_suite,stock,10.0,unplanned_blocker,0.5,6,True,False,0.038
dead_reckoning,stock,10.0,unplanned_blocker,0.5,7,True,False,2.698
odometry_pods,stock,10.0,unplanned_blocker,0.5,7,False,False,1.057
distance_sensors,stock,10.0,unplanned_blocker,0.5,7,False,False,3.688
apriltag,stock,10.0,unplanned_blocker,0.5,7,False,False,1.366
full_suite,stock,10.0,unplanned_blocker,0.5,7,True,False,0.289
dead_reckoning,stock,10.0,unplanned_blocker,0.5,8,True,False,6.946
odometry_pods,stock,10.0,unplanned_blocker,0.5,8,True,False,1.363
distance_sensors,stock,10.0,unplanned_blocker,0.5,8,False,False,8.225
apriltag,stock,10.0,unplanned_blocker,0.5,8,True,False,1.206
full_suite,stock,10.0,unplanned_blocker,0.5,8,True,False,0.18
dead_reckoning,stock,10.0,unplanned_blocker,0.5,9,True,False,3.16
odometry_pods,stock,10.0,unplanned_blocker,0.5,9,False,False,0.365
distance_sensors,stock,10.0,unplanned_blocker,0.5,9,False,False,3.826
apriltag,stock,10.0,unplanned_blocker,0.5,9,False,False,0.898
full_suite,stock,10.0,unplanned_blocker,0.5,9,True,False,0.414
dead_reckoning,stock,10.0,unplanned_blocker,0.5,10,False,False,1.492
odometry_pods,stock,10.0,unplanned_blocker,0.5,10,False,False,0.298
distance_sensors,stock,10.0,unplanned_blocker,0.5,10,False,False,1.818
apriltag,stock,10.0,unplanned_blocker,0.5,10,False,False,0.873
full_suite,stock,10.0,unplanned_blocker,0.5,10,True,False,0.535
dead_reckoning,stock,10.0,unplanned_blocker,0.5,11,False,True,8.155
odometry_pods,stock,10.0,unplanned_blocker,0.5,11,False,False,1.601
distance_sensors,stock,10.0,unplanned_blocker,0.5,11,False,False,3.507
apriltag,stock,10.0,unplanned_blocker,0.5,11,False,False,3.567
full_suite,stock,10.0,unplanned_blocker,0.5,11,True,False,0.295
dead_reckoning,stock,10.0,unplanned_blocker,0.5,12,False,False,2.28
odometry_pods,stock,10.0,unplanned_blocker,0.5,12,False,False,0.456
distance_sensors,stock,10.0,unplanned_blocker,0.5,12,False,False,2.14
apriltag,stock,10.0,unplanned_blocker,0.5,12,False,False,2.28
full_suite,stock,10.0,unplanned_blocker,0.5,12,False,False,0.428
dead_reckoning,stock,10.0,unplanned_blocker,0.5,13,True,False,4.967
odometry_pods,stock,10.0,unplanned_blocker,0.5,13,True,False,0.993
distance_sensors,stock,10.0,unplanned_blocker,0.5,13,True,False,2.97
apriltag,stock,10.0,unplanned_blocker,0.5,13,False,False,5.308
full_suite,stock,10.0,unplanned_blocker,0.5,13,True,False,1.043
dead_reckoning,stock,10.0,unplanned_blocker,0.5,14,False,False,3.37
odometry_pods,stock,10.0,unplanned_blocker,0.5,14,False,False,0.686
distance_sensors,stock,10.0,unplanned_blocker,0.5,14,False,False,6.924
apriltag,stock,10.0,unplanned_blocker,0.5,14,False,True,2.399
full_suite,stock,10.0,unplanned_blocker,0.5,14,False,True,0.927
dead_reckoning,stock,10.0,unplanned_blocker,0.7,0,False,False,3.778
odometry_pods,stock,10.0,unplanned_blocker,0.7,0,True,False,0.751
distance_sensors,stock,10.0,unplanned_blocker,0.7,0,True,False,4.08
apriltag,stock,10.0,unplanned_blocker,0.7,0,True,False,5.175
full_suite,stock,10.0,unplanned_blocker,0.7,0,True,False,0.762
dead_reckoning,stock,10.0,unplanned_blocker,0.7,1,False,False,0.975
odometry_pods,stock,10.0,unplanned_blocker,0.7,1,False,False,0.195
distance_sensors,stock,10.0,unplanned_blocker,0.7,1,True,False,2.709
apriltag,stock,10.0,unplanned_blocker,0.7,1,False,False,0.849
full_suite,stock,10.0,unplanned_blocker,0.7,1,True,False,0.491
dead_reckoning,stock,10.0,unplanned_blocker,0.7,2,False,False,0.706
odometry_pods,stock,10.0,unplanned_blocker,0.7,2,False,False,0.141
distance_sensors,stock,10.0,unplanned_blocker,0.7,2,True,False,1.523
apriltag,stock,10.0,unplanned_blocker,0.7,2,False,False,0.706
full_suite,stock,10.0,unplanned_blocker,0.7,2,True,False,0.305
dead_reckoning,stock,10.0,unplanned_blocker,0.7,3,False,False,5.535
odometry_pods,stock,10.0,unplanned_blocker,0.7,3,False,False,0.95
distance_sensors,stock,10.0,unplanned_blocker,0.7,3,False,False,3.511
apriltag,stock,10.0,unplanned_blocker,0.7,3,False,False,5.535
full_suite,stock,10.0,unplanned_blocker,0.7,3,False,False,1.061
dead_reckoning,stock,10.0,unplanned_blocker,0.7,4,False,False,5.908
odometry_pods,stock,10.0,unplanned_blocker,0.7,4,False,False,0.975
distance_sensors,stock,10.0,unplanned_blocker,0.7,4,False,True,4.241
apriltag,stock,10.0,unplanned_blocker,0.7,4,False,False,0.535
full_suite,stock,10.0,unplanned_blocker,0.7,4,False,False,0.964
dead_reckoning,stock,10.0,unplanned_blocker,0.7,5,True,False,1.47
odometry_pods,stock,10.0,unplanned_blocker,0.7,5,True,False,0.294
distance_sensors,stock,10.0,unplanned_blocker,0.7,5,True,False,1.351
apriltag,stock,10.0,unplanned_blocker,0.7,5,True,False,0.81
full_suite,stock,10.0,unplanned_blocker,0.7,5,True,False,0.412
dead_reckoning,stock,10.0,unplanned_blocker,0.7,6,False,False,4.819
odometry_pods,stock,10.0,unplanned_blocker,0.7,6,False,False,0.793
distance_sensors,stock,10.0,unplanned_blocker,0.7,6,False,False,7.468
apriltag,stock,10.0,unplanned_blocker,0.7,6,False,False,2.196
full_suite,stock,10.0,unplanned_blocker,0.7,6,False,True,0.456
dead_reckoning,stock,10.0,unplanned_blocker,0.7,7,False,True,5.298
odometry_pods,stock,10.0,unplanned_blocker,0.7,7,False,True,1.633
distance_sensors,stock,10.0,unplanned_blocker,0.7,7,False,False,5.345
apriltag,stock,10.0,unplanned_blocker,0.7,7,False,True,0.637
full_suite,stock,10.0,unplanned_blocker,0.7,7,False,True,0.209
dead_reckoning,stock,10.0,unplanned_blocker,0.7,8,False,False,4.653
odometry_pods,stock,10.0,unplanned_blocker,0.7,8,False,False,1.087
distance_sensors,stock,10.0,unplanned_blocker,0.7,8,False,False,0.0
apriltag,stock,10.0,unplanned_blocker,0.7,8,False,False,1.506
full_suite,stock,10.0,unplanned_blocker,0.7,8,False,False,0.0
dead_reckoning,stock,10.0,unplanned_blocker,0.7,9,False,False,2.466
odometry_pods,stock,10.0,unplanned_blocker,0.7,9,False,False,0.493
distance_sensors,stock,10.0,unplanned_blocker,0.7,9,False,False,4.965
apriltag,stock,10.0,unplanned_blocker,0.7,9,False,False,2.133
full_suite,stock,10.0,unplanned_blocker,0.7,9,True,False,0.173
dead_reckoning,stock,10.0,unplanned_blocker,0.7,10,False,False,4.61
odometry_pods,stock,10.0,unplanned_blocker,0.7,10,False,True,1.991
distance_sensors,stock,10.0,unplanned_blocker,0.7,10,False,True,9.381
apriltag,stock,10.0,unplanned_blocker,0.7,10,False,False,4.61
full_suite,stock,10.0,unplanned_blocker,0.7,10,False,True,0.521
dead_reckoning,stock,10.0,unplanned_blocker,0.7,11,False,False,5.659
odometry_pods,stock,10.0,unplanned_blocker,0.7,11,True,False,0.262
distance_sensors,stock,10.0,unplanned_blocker,0.7,11,False,False,5.182
apriltag,stock,10.0,unplanned_blocker,0.7,11,False,False,3.327
full_suite,stock,10.0,unplanned_blocker,0.7,11,True,False,1.313
dead_reckoning,stock,10.0,unplanned_blocker,0.7,12,False,False,0.162
odometry_pods,stock,10.0,unplanned_blocker,0.7,12,False,False,0.032
distance_sensors,stock,10.0,unplanned_blocker,0.7,12,False,True,8.368
apriltag,stock,10.0,unplanned_blocker,0.7,12,False,False,0.252
full_suite,stock,10.0,unplanned_blocker,0.7,12,False,True,0.544
dead_reckoning,stock,10.0,unplanned_blocker,0.7,13,False,False,7.48
odometry_pods,stock,10.0,unplanned_blocker,0.7,13,False,True,1.017
distance_sensors,stock,10.0,unplanned_blocker,0.7,13,False,False,0.0
apriltag,stock,10.0,unplanned_blocker,0.7,13,False,True,2.505
full_suite,stock,10.0,unplanned_blocker,0.7,13,False,False,0.0
dead_reckoning,stock,10.0,unplanned_blocker,0.7,14,True,False,5.655
odometry_pods,stock,10.0,unplanned_blocker,0.7,14,False,False,0.733
distance_sensors,stock,10.0,unplanned_blocker,0.7,14,False,False,0.0
apriltag,stock,10.0,unplanned_blocker,0.7,14,False,False,2.0
full_suite,stock,10.0,unplanned_blocker,0.7,14,False,False,0.0
dead_reckoning,stock,10.0,unplanned_blocker,0.9,0,False,False,0.364
odometry_pods,stock,10.0,unplanned_blocker,0.9,0,False,False,0.073
distance_sensors,stock,10.0,unplanned_blocker,0.9,0,False,False,3.817
apriltag,stock,10.0,unplanned_blocker,0.9,0,False,False,0.364
full_suite,stock,10.0,unplanned_blocker,0.9,0,True,False,1.113
dead_reckoning,stock,10.0,unplanned_blocker,0.9,1,False,False,3.332
odometry_pods,stock,10.0,unplanned_blocker,0.9,1,False,False,1.896
distance_sensors,stock,10.0,unplanned_blocker,0.9,1,False,False,1.563
apriltag,stock,10.0,unplanned_blocker,0.9,1,False,False,3.332
full_suite,stock,10.0,unplanned_blocker,0.9,1,False,False,0.313
dead_reckoning,stock,10.0,unplanned_blocker,0.9,2,False,False,6.879
odometry_pods,stock,10.0,unplanned_blocker,0.9,2,False,False,1.0
distance_sensors,stock,10.0,unplanned_blocker,0.9,2,False,False,5.84
apriltag,stock,10.0,unplanned_blocker,0.9,2,False,False,1.14
full_suite,stock,10.0,unplanned_blocker,0.9,2,True,False,0.849
dead_reckoning,stock,10.0,unplanned_blocker,0.9,3,False,False,3.585
odometry_pods,stock,10.0,unplanned_blocker,0.9,3,False,True,0.94
distance_sensors,stock,10.0,unplanned_blocker,0.9,3,False,False,3.104
apriltag,stock,10.0,unplanned_blocker,0.9,3,False,True,3.432
full_suite,stock,10.0,unplanned_blocker,0.9,3,False,True,1.435
dead_reckoning,stock,10.0,unplanned_blocker,0.9,4,False,False,0.706
odometry_pods,stock,10.0,unplanned_blocker,0.9,4,False,False,0.141
distance_sensors,stock,10.0,unplanned_blocker,0.9,4,False,False,4.575
apriltag,stock,10.0,unplanned_blocker,0.9,4,False,False,0.826
full_suite,stock,10.0,unplanned_blocker,0.9,4,False,True,1.413
dead_reckoning,stock,10.0,unplanned_blocker,0.9,5,False,False,0.642
odometry_pods,stock,10.0,unplanned_blocker,0.9,5,False,False,0.128
distance_sensors,stock,10.0,unplanned_blocker,0.9,5,False,False,6.506
apriltag,stock,10.0,unplanned_blocker,0.9,5,False,False,0.642
full_suite,stock,10.0,unplanned_blocker,0.9,5,True,False,0.771
dead_reckoning,stock,10.0,unplanned_blocker,0.9,6,False,False,3.334
odometry_pods,stock,10.0,unplanned_blocker,0.9,6,False,False,0.9
distance_sensors,stock,10.0,unplanned_blocker,0.9,6,False,False,7.119
apriltag,stock,10.0,unplanned_blocker,0.9,6,False,False,3.334
full_suite,stock,10.0,unplanned_blocker,0.9,6,True,False,0.464
dead_reckoning,stock,10.0,unplanned_blocker,0.9,7,False,False,4.424
odometry_pods,stock,10.0,unplanned_blocker,0.9,7,False,False,0.828
distance_sensors,stock,10.0,unplanned_blocker,0.9,7,False,False,5.148
apriltag,stock,10.0,unplanned_blocker,0.9,7,False,False,2.211
full_suite,stock,10.0,unplanned_blocker,0.9,7,True,False,0.498
dead_reckoning,stock,10.0,unplanned_blocker,0.9,8,False,False,4.357
odometry_pods,stock,10.0,unplanned_blocker,0.9,8,False,False,1.231
distance_sensors,stock,10.0,unplanned_blocker,0.9,8,False,False,0.0
apriltag,stock,10.0,unplanned_blocker,0.9,8,False,False,3.375
full_suite,stock,10.0,unplanned_blocker,0.9,8,False,False,0.0
dead_reckoning,stock,10.0,unplanned_blocker,0.9,9,False,False,0.0
odometry_pods,stock,10.0,unplanned_blocker,0.9,9,False,False,0.0
distance_sensors,stock,10.0,unplanned_blocker,0.9,9,False,False,0.0
apriltag,stock,10.0,unplanned_blocker,0.9,9,False,False,0.0
full_suite,stock,10.0,unplanned_blocker,0.9,9,False,False,0.0
dead_reckoning,stock,10.0,unplanned_blocker,0.9,10,False,False,0.0
odometry_pods,stock,10.0,unplanned_blocker,0.9,10,False,False,0.0
distance_sensors,stock,10.0,unplanned_blocker,0.9,10,True,False,4.105
apriltag,stock,10.0,unplanned_blocker,0.9,10,False,False,0.0
full_suite,stock,10.0,unplanned_blocker,0.9,10,True,False,0.716
dead_reckoning,stock,10.0,unplanned_blocker,0.9,11,False,False,2.026
odometry_pods,stock,10.0,unplanned_blocker,0.9,11,False,False,0.405
distance_sensors,stock,10.0,unplanned_blocker,0.9,11,True,False,2.012
apriltag,stock,10.0,unplanned_blocker,0.9,11,False,False,2.026
full_suite,stock,10.0,unplanned_blocker,0.9,11,True,False,0.299
dead_reckoning,stock,10.0,unplanned_blocker,0.9,12,False,True,1.856
odometry_pods,stock,10.0,unplanned_blocker,0.9,12,False,False,0.534
distance_sensors,stock,10.0,unplanned_blocker,0.9,12,False,True,1.925
apriltag,stock,10.0,unplanned_blocker,0.9,12,False,False,1.023
full_suite,stock,10.0,unplanned_blocker,0.9,12,False,True,0.399
dead_reckoning,stock,10.0,unplanned_blocker,0.9,13,False,False,9.925
odometry_pods,stock,10.0,unplanned_blocker,0.9,13,False,True,1.327
distance_sensors,stock,10.0,unplanned_blocker,0.9,13,False,False,5.606
apriltag,stock,10.0,unplanned_blocker,0.9,13,False,False,4.27
full_suite,stock,10.0,unplanned_blocker,0.9,13,False,True,0.625
dead_reckoning,stock,10.0,unplanned_blocker,0.9,14,False,False,3.816
odometry_pods,stock,10.0,unplanned_blocker,0.9,14,False,False,0.755
distance_sensors,stock,10.0,unplanned_blocker,0.9,14,False,False,3.686
apriltag,stock,10.0,unplanned_blocker,0.9,14,False,False,4.135
full_suite,stock,10.0,unplanned_blocker,0.9,14,True,False,0.651
dead_reckoning,fast,30.0,start_drift,0.3,0,False,False,16.674
odometry_pods,fast,30.0,start_drift,0.3,0,False,False,10.468
distance_sensors,fast,30.0,start_drift,0.3,0,False,False,15.115
apriltag,fast,30.0,start_drift,0.3,0,False,False,5.38
full_suite,fast,30.0,start_drift,0.3,0,False,False,0.602
dead_reckoning,fast,30.0,start_drift,0.3,1,False,False,15.305
odometry_pods,fast,30.0,start_drift,0.3,1,False,False,9.5
distance_sensors,fast,30.0,start_drift,0.3,1,False,False,8.485
apriltag,fast,30.0,start_drift,0.3,1,True,False,2.571
full_suite,fast,30.0,start_drift,0.3,1,False,False,8.485
dead_reckoning,fast,30.0,start_drift,0.3,2,False,False,9.032
odometry_pods,fast,30.0,start_drift,0.3,2,False,False,8.052
distance_sensors,fast,30.0,start_drift,0.3,2,False,False,5.178
apriltag,fast,30.0,start_drift,0.3,2,True,False,0.3
full_suite,fast,30.0,start_drift,0.3,2,True,False,0.322
dead_reckoning,fast,30.0,start_drift,0.3,3,False,False,9.496
odometry_pods,fast,30.0,start_drift,0.3,3,False,False,3.745
distance_sensors,fast,30.0,start_drift,0.3,3,False,False,5.154
apriltag,fast,30.0,start_drift,0.3,3,False,False,11.449
full_suite,fast,30.0,start_drift,0.3,3,False,False,0.536
dead_reckoning,fast,30.0,start_drift,0.3,4,False,False,9.059
odometry_pods,fast,30.0,start_drift,0.3,4,False,False,8.598
distance_sensors,fast,30.0,start_drift,0.3,4,False,False,11.597
apriltag,fast,30.0,start_drift,0.3,4,False,False,5.588
full_suite,fast,30.0,start_drift,0.3,4,False,False,1.8
dead_reckoning,fast,30.0,start_drift,0.3,5,False,False,7.701
odometry_pods,fast,30.0,start_drift,0.3,5,False,False,6.418
distance_sensors,fast,30.0,start_drift,0.3,5,False,False,7.42
apriltag,fast,30.0,start_drift,0.3,5,True,False,1.369
full_suite,fast,30.0,start_drift,0.3,5,False,False,6.067
dead_reckoning,fast,30.0,start_drift,0.3,6,False,False,10.058
odometry_pods,fast,30.0,start_drift,0.3,6,False,False,8.538
distance_sensors,fast,30.0,start_drift,0.3,6,False,False,9.401
apriltag,fast,30.0,start_drift,0.3,6,True,False,1.474
full_suite,fast,30.0,start_drift,0.3,6,True,False,4.015
dead_reckoning,fast,30.0,start_drift,0.3,7,False,False,5.099
odometry_pods,fast,30.0,start_drift,0.3,7,False,False,5.796
distance_sensors,fast,30.0,start_drift,0.3,7,False,False,4.769
apriltag,fast,30.0,start_drift,0.3,7,False,False,3.114
full_suite,fast,30.0,start_drift,0.3,7,False,False,5.726
dead_reckoning,fast,30.0,start_drift,0.3,8,False,False,3.733
odometry_pods,fast,30.0,start_drift,0.3,8,True,False,1.13
distance_sensors,fast,30.0,start_drift,0.3,8,False,False,4.389
apriltag,fast,30.0,start_drift,0.3,8,True,False,1.87
full_suite,fast,30.0,start_drift,0.3,8,True,False,0.561
dead_reckoning,fast,30.0,start_drift,0.3,9,False,False,10.605
odometry_pods,fast,30.0,start_drift,0.3,9,False,False,8.88
distance_sensors,fast,30.0,start_drift,0.3,9,False,False,8.485
apriltag,fast,30.0,start_drift,0.3,9,False,False,10.605
full_suite,fast,30.0,start_drift,0.3,9,False,False,8.485
dead_reckoning,fast,30.0,start_drift,0.3,10,False,False,16.335
odometry_pods,fast,30.0,start_drift,0.3,10,False,False,8.271
distance_sensors,fast,30.0,start_drift,0.3,10,False,False,12.87
apriltag,fast,30.0,start_drift,0.3,10,False,False,16.335
full_suite,fast,30.0,start_drift,0.3,10,True,False,0.717
dead_reckoning,fast,30.0,start_drift,0.3,11,False,False,8.701
odometry_pods,fast,30.0,start_drift,0.3,11,False,False,8.431
distance_sensors,fast,30.0,start_drift,0.3,11,False,False,10.335
apriltag,fast,30.0,start_drift,0.3,11,False,False,8.701
full_suite,fast,30.0,start_drift,0.3,11,True,False,1.016
dead_reckoning,fast,30.0,start_drift,0.3,12,False,False,11.766
odometry_pods,fast,30.0,start_drift,0.3,12,False,False,9.575
distance_sensors,fast,30.0,start_drift,0.3,12,False,False,10.058
apriltag,fast,30.0,start_drift,0.3,12,False,False,3.063
full_suite,fast,30.0,start_drift,0.3,12,False,False,8.796
dead_reckoning,fast,30.0,start_drift,0.3,13,False,False,9.683
odometry_pods,fast,30.0,start_drift,0.3,13,False,False,6.181
distance_sensors,fast,30.0,start_drift,0.3,13,False,False,6.517
apriltag,fast,30.0,start_drift,0.3,13,False,False,9.683
full_suite,fast,30.0,start_drift,0.3,13,False,False,3.278
dead_reckoning,fast,30.0,start_drift,0.3,14,False,False,9.165
odometry_pods,fast,30.0,start_drift,0.3,14,True,False,0.815
distance_sensors,fast,30.0,start_drift,0.3,14,False,False,10.264
apriltag,fast,30.0,start_drift,0.3,14,True,False,1.482
full_suite,fast,30.0,start_drift,0.3,14,True,False,0.186
dead_reckoning,fast,30.0,start_drift,0.5,0,False,False,17.808
odometry_pods,fast,30.0,start_drift,0.5,0,False,False,17.137
distance_sensors,fast,30.0,start_drift,0.5,0,False,False,23.521
apriltag,fast,30.0,start_drift,0.5,0,False,False,4.253
full_suite,fast,30.0,start_drift,0.5,0,True,False,1.342
dead_reckoning,fast,30.0,start_drift,0.5,1,False,False,12.757
odometry_pods,fast,30.0,start_drift,0.5,1,True,False,6.729
distance_sensors,fast,30.0,start_drift,0.5,1,False,False,9.573
apriltag,fast,30.0,start_drift,0.5,1,True,False,0.872
full_suite,fast,30.0,start_drift,0.5,1,False,False,0.321
dead_reckoning,fast,30.0,start_drift,0.5,2,False,False,10.452
odometry_pods,fast,30.0,start_drift,0.5,2,False,False,8.9
distance_sensors,fast,30.0,start_drift,0.5,2,False,False,12.842
apriltag,fast,30.0,start_drift,0.5,2,True,False,1.199
full_suite,fast,30.0,start_drift,0.5,2,False,False,0.526
dead_reckoning,fast,30.0,start_drift,0.5,3,False,False,11.96
odometry_pods,fast,30.0,start_drift,0.5,3,False,False,11.992
distance_sensors,fast,30.0,start_drift,0.5,3,False,False,11.026
apriltag,fast,30.0,start_drift,0.5,3,False,False,11.96
full_suite,fast,30.0,start_drift,0.5,3,True,False,11.707
dead_reckoning,fast,30.0,start_drift,0.5,4,False,False,13.847
odometry_pods,fast,30.0,start_drift,0.5,4,False,False,6.759
distance_sensors,fast,30.0,start_drift,0.5,4,True,False,7.994
apriltag,fast,30.0,start_drift,0.5,4,False,False,9.245
full_suite,fast,30.0,start_drift,0.5,4,False,False,4.515
dead_reckoning,fast,30.0,start_drift,0.5,5,False,False,11.31
odometry_pods,fast,30.0,start_drift,0.5,5,False,False,6.747
distance_sensors,fast,30.0,start_drift,0.5,5,False,False,6.0
apriltag,fast,30.0,start_drift,0.5,5,False,False,7.771
full_suite,fast,30.0,start_drift,0.5,5,False,False,6.0
dead_reckoning,fast,30.0,start_drift,0.5,6,False,False,27.271
odometry_pods,fast,30.0,start_drift,0.5,6,False,False,13.998
distance_sensors,fast,30.0,start_drift,0.5,6,False,False,26.075
apriltag,fast,30.0,start_drift,0.5,6,True,False,2.923
full_suite,fast,30.0,start_drift,0.5,6,False,False,0.044
dead_reckoning,fast,30.0,start_drift,0.5,7,False,False,17.646
odometry_pods,fast,30.0,start_drift,0.5,7,False,False,14.275
distance_sensors,fast,30.0,start_drift,0.5,7,False,False,17.551
apriltag,fast,30.0,start_drift,0.5,7,True,False,0.874
full_suite,fast,30.0,start_drift,0.5,7,True,False,0.734
dead_reckoning,fast,30.0,start_drift,0.5,8,True,False,3.948
odometry_pods,fast,30.0,start_drift,0.5,8,True,False,0.871
distance_sensors,fast,30.0,start_drift,0.5,8,True,False,2.422
apriltag,fast,30.0,start_drift,0.5,8,False,False,4.653
full_suite,fast,30.0,start_drift,0.5,8,False,False,0.38
dead_reckoning,fast,30.0,start_drift,0.5,9,False,False,9.376
odometry_pods,fast,30.0,start_drift,0.5,9,False,False,8.658
distance_sensors,fast,30.0,start_drift,0.5,9,False,False,11.044
apriltag,fast,30.0,start_drift,0.5,9,False,False,9.376
full_suite,fast,30.0,start_drift,0.5,9,False,False,0.323
dead_reckoning,fast,30.0,start_drift,0.5,10,False,False,13.416
odometry_pods,fast,30.0,start_drift,0.5,10,False,False,13.416
distance_sensors,fast,30.0,start_drift,0.5,10,False,False,12.93
apriltag,fast,30.0,start_drift,0.5,10,False,False,13.416
full_suite,fast,30.0,start_drift,0.5,10,False,False,13.316
dead_reckoning,fast,30.0,start_drift,0.5,11,False,False,15.76
odometry_pods,fast,30.0,start_drift,0.5,11,False,False,16.676
distance_sensors,fast,30.0,start_drift,0.5,11,False,False,18.028
apriltag,fast,30.0,start_drift,0.5,11,True,False,1.166
full_suite,fast,30.0,start_drift,0.5,11,True,False,0.556
dead_reckoning,fast,30.0,start_drift,0.5,12,True,False,8.032
odometry_pods,fast,30.0,start_drift,0.5,12,True,False,1.146
distance_sensors,fast,30.0,start_drift,0.5,12,False,False,6.167
apriltag,fast,30.0,start_drift,0.5,12,False,False,5.151
full_suite,fast,30.0,start_drift,0.5,12,True,False,0.725
dead_reckoning,fast,30.0,start_drift,0.5,13,False,False,14.287
odometry_pods,fast,30.0,start_drift,0.5,13,False,False,13.815
distance_sensors,fast,30.0,start_drift,0.5,13,False,False,11.757
apriltag,fast,30.0,start_drift,0.5,13,True,False,1.941
full_suite,fast,30.0,start_drift,0.5,13,False,False,9.506
dead_reckoning,fast,30.0,start_drift,0.5,14,False,False,12.471
odometry_pods,fast,30.0,start_drift,0.5,14,True,False,8.818
distance_sensors,fast,30.0,start_drift,0.5,14,False,False,10.835
apriltag,fast,30.0,start_drift,0.5,14,True,False,1.349
full_suite,fast,30.0,start_drift,0.5,14,True,False,0.468
dead_reckoning,fast,30.0,start_drift,0.7,0,False,False,13.636
odometry_pods,fast,30.0,start_drift,0.7,0,False,False,12.199
distance_sensors,fast,30.0,start_drift,0.7,0,False,False,20.761
apriltag,fast,30.0,start_drift,0.7,0,True,False,1.902
full_suite,fast,30.0,start_drift,0.7,0,False,False,4.013
dead_reckoning,fast,30.0,start_drift,0.7,1,False,False,9.712
odometry_pods,fast,30.0,start_drift,0.7,1,False,False,11.059
distance_sensors,fast,30.0,start_drift,0.7,1,False,False,7.623
apriltag,fast,30.0,start_drift,0.7,1,False,False,7.209
full_suite,fast,30.0,start_drift,0.7,1,False,False,6.247
dead_reckoning,fast,30.0,start_drift,0.7,2,True,False,8.759
odometry_pods,fast,30.0,start_drift,0.7,2,True,False,1.443
distance_sensors,fast,30.0,start_drift,0.7,2,False,False,3.8
apriltag,fast,30.0,start_drift,0.7,2,False,False,3.394
full_suite,fast,30.0,start_drift,0.7,2,True,False,0.278
dead_reckoning,fast,30.0,start_drift,0.7,3,False,False,13.185
odometry_pods,fast,30.0,start_drift,0.7,3,False,False,13.369
distance_sensors,fast,30.0,start_drift,0.7,3,False,False,12.474
apriltag,fast,30.0,start_drift,0.7,3,False,False,13.185
full_suite,fast,30.0,start_drift,0.7,3,False,False,6.435
dead_reckoning,fast,30.0,start_drift,0.7,4,False,False,7.176
odometry_pods,fast,30.0,start_drift,0.7,4,False,False,8.22
distance_sensors,fast,30.0,start_drift,0.7,4,False,False,7.769
apriltag,fast,30.0,start_drift,0.7,4,False,False,7.176
full_suite,fast,30.0,start_drift,0.7,4,False,False,8.342
dead_reckoning,fast,30.0,start_drift,0.7,5,False,False,8.485
odometry_pods,fast,30.0,start_drift,0.7,5,False,False,8.485
distance_sensors,fast,30.0,start_drift,0.7,5,False,False,11.438
apriltag,fast,30.0,start_drift,0.7,5,False,False,8.485
full_suite,fast,30.0,start_drift,0.7,5,True,False,0.692
dead_reckoning,fast,30.0,start_drift,0.7,6,False,False,12.743
odometry_pods,fast,30.0,start_drift,0.7,6,False,False,13.277
distance_sensors,fast,30.0,start_drift,0.7,6,False,False,10.656
apriltag,fast,30.0,start_drift,0.7,6,False,False,12.743
full_suite,fast,30.0,start_drift,0.7,6,False,False,5.802
dead_reckoning,fast,30.0,start_drift,0.7,7,False,False,4.57
odometry_pods,fast,30.0,start_drift,0.7,7,False,False,5.42
distance_sensors,fast,30.0,start_drift,0.7,7,False,False,6.0
apriltag,fast,30.0,start_drift,0.7,7,False,False,6.712
full_suite,fast,30.0,start_drift,0.7,7,False,False,6.0
dead_reckoning,fast,30.0,start_drift,0.7,8,False,False,11.727
odometry_pods,fast,30.0,start_drift,0.7,8,False,False,13.075
distance_sensors,fast,30.0,start_drift,0.7,8,False,False,11.556
apriltag,fast,30.0,start_drift,0.7,8,False,False,11.727
full_suite,fast,30.0,start_drift,0.7,8,False,False,13.176
dead_reckoning,fast,30.0,start_drift,0.7,9,False,False,15.964
odometry_pods,fast,30.0,start_drift,0.7,9,False,False,14.213
distance_sensors,fast,30.0,start_drift,0.7,9,False,False,13.416
apriltag,fast,30.0,start_drift,0.7,9,False,False,6.285
full_suite,fast,30.0,start_drift,0.7,9,False,False,9.452
dead_reckoning,fast,30.0,start_drift,0.7,10,False,False,15.68
odometry_pods,fast,30.0,start_drift,0.7,10,False,False,7.209
distance_sensors,fast,30.0,start_drift,0.7,10,False,False,11.336
apriltag,fast,30.0,start_drift,0.7,10,True,False,0.969
full_suite,fast,30.0,start_drift,0.7,10,True,False,1.025
dead_reckoning,fast,30.0,start_drift,0.7,11,True,False,4.09
odometry_pods,fast,30.0,start_drift,0.7,11,True,False,0.443
distance_sensors,fast,30.0,start_drift,0.7,11,False,False,1.648
apriltag,fast,30.0,start_drift,0.7,11,True,False,4.09
full_suite,fast,30.0,start_drift,0.7,11,False,False,0.33
dead_reckoning,fast,30.0,start_drift,0.7,12,False,False,11.559
odometry_pods,fast,30.0,start_drift,0.7,12,False,False,13.045
distance_sensors,fast,30.0,start_drift,0.7,12,False,False,16.153
apriltag,fast,30.0,start_drift,0.7,12,False,False,11.559
full_suite,fast,30.0,start_drift,0.7,12,False,False,13.479
dead_reckoning,fast,30.0,start_drift,0.7,13,False,False,5.753
odometry_pods,fast,30.0,start_drift,0.7,13,False,False,5.829
distance_sensors,fast,30.0,start_drift,0.7,13,False,False,7.145
apriltag,fast,30.0,start_drift,0.7,13,False,False,5.753
full_suite,fast,30.0,start_drift,0.7,13,False,False,6.22
dead_reckoning,fast,30.0,start_drift,0.7,14,False,False,14.942
odometry_pods,fast,30.0,start_drift,0.7,14,False,False,16.557
distance_sensors,fast,30.0,start_drift,0.7,14,False,False,16.971
apriltag,fast,30.0,start_drift,0.7,14,True,False,2.857
full_suite,fast,30.0,start_drift,0.7,14,False,False,10.908
dead_reckoning,fast,30.0,start_drift,0.9,0,False,False,21.907
odometry_pods,fast,30.0,start_drift,0.9,0,False,False,21.683
distance_sensors,fast,30.0,start_drift,0.9,0,False,False,17.559
apriltag,fast,30.0,start_drift,0.9,0,False,False,21.907
full_suite,fast,30.0,start_drift,0.9,0,False,False,1.18
dead_reckoning,fast,30.0,start_drift,0.9,1,False,False,18.918
odometry_pods,fast,30.0,start_drift,0.9,1,False,False,17.03
distance_sensors,fast,30.0,start_drift,0.9,1,True,False,19.824
apriltag,fast,30.0,start_drift,0.9,1,False,False,5.498
full_suite,fast,30.0,start_drift,0.9,1,True,False,2.795
dead_reckoning,fast,30.0,start_drift,0.9,2,False,False,8.507
odometry_pods,fast,30.0,start_drift,0.9,2,False,False,8.158
distance_sensors,fast,30.0,start_drift,0.9,2,False,False,7.944
apriltag,fast,30.0,start_drift,0.9,2,True,False,3.633
full_suite,fast,30.0,start_drift,0.9,2,True,False,2.693
dead_reckoning,fast,30.0,start_drift,0.9,3,False,False,18.974
odometry_pods,fast,30.0,start_drift,0.9,3,False,False,18.974
distance_sensors,fast,30.0,start_drift,0.9,3,False,False,17.467
apriltag,fast,30.0,start_drift,0.9,3,False,False,18.974
full_suite,fast,30.0,start_drift,0.9,3,False,False,0.932
dead_reckoning,fast,30.0,start_drift,0.9,4,False,False,18.138
odometry_pods,fast,30.0,start_drift,0.9,4,False,False,17.193
distance_sensors,fast,30.0,start_drift,0.9,4,False,False,19.754
apriltag,fast,30.0,start_drift,0.9,4,False,False,18.138
full_suite,fast,30.0,start_drift,0.9,4,False,False,0.346
dead_reckoning,fast,30.0,start_drift,0.9,5,False,False,22.751
odometry_pods,fast,30.0,start_drift,0.9,5,False,False,18.184
distance_sensors,fast,30.0,start_drift,0.9,5,False,False,21.186
apriltag,fast,30.0,start_drift,0.9,5,False,False,22.751
full_suite,fast,30.0,start_drift,0.9,5,False,False,1.027
dead_reckoning,fast,30.0,start_drift,0.9,6,False,False,13.845
odometry_pods,fast,30.0,start_drift,0.9,6,False,False,13.495
distance_sensors,fast,30.0,start_drift,0.9,6,False,False,13.416
apriltag,fast,30.0,start_drift,0.9,6,True,False,3.48
full_suite,fast,30.0,start_drift,0.9,6,False,False,9.155
dead_reckoning,fast,30.0,start_drift,0.9,7,False,False,21.633
odometry_pods,fast,30.0,start_drift,0.9,7,False,False,21.633
distance_sensors,fast,30.0,start_drift,0.9,7,False,False,25.383
apriltag,fast,30.0,start_drift,0.9,7,False,False,21.633
full_suite,fast,30.0,start_drift,0.9,7,False,False,10.255
dead_reckoning,fast,30.0,start_drift,0.9,8,False,False,6.038
odometry_pods,fast,30.0,start_drift,0.9,8,False,False,6.393
distance_sensors,fast,30.0,start_drift,0.9,8,False,False,6.903
apriltag,fast,30.0,start_drift,0.9,8,False,False,6.038
full_suite,fast,30.0,start_drift,0.9,8,True,False,1.243
dead_reckoning,fast,30.0,start_drift,0.9,9,False,False,21.974
odometry_pods,fast,30.0,start_drift,0.9,9,False,False,21.701
distance_sensors,fast,30.0,start_drift,0.9,9,False,False,21.974
apriltag,fast,30.0,start_drift,0.9,9,False,False,21.974
full_suite,fast,30.0,start_drift,0.9,9,False,False,11.411
dead_reckoning,fast,30.0,start_drift,0.9,10,False,False,16.952
odometry_pods,fast,30.0,start_drift,0.9,10,False,False,14.982
distance_sensors,fast,30.0,start_drift,0.9,10,False,False,23.896
apriltag,fast,30.0,start_drift,0.9,10,False,False,4.809
full_suite,fast,30.0,start_drift,0.9,10,False,False,0.695
dead_reckoning,fast,30.0,start_drift,0.9,11,False,False,24.201
odometry_pods,fast,30.0,start_drift,0.9,11,False,False,21.746
distance_sensors,fast,30.0,start_drift,0.9,11,False,False,24.156
apriltag,fast,30.0,start_drift,0.9,11,False,False,24.201
full_suite,fast,30.0,start_drift,0.9,11,False,False,21.916
dead_reckoning,fast,30.0,start_drift,0.9,12,False,False,19.479
odometry_pods,fast,30.0,start_drift,0.9,12,False,False,10.89
distance_sensors,fast,30.0,start_drift,0.9,12,False,False,19.057
apriltag,fast,30.0,start_drift,0.9,12,True,False,2.34
full_suite,fast,30.0,start_drift,0.9,12,True,False,7.402
dead_reckoning,fast,30.0,start_drift,0.9,13,False,False,5.427
odometry_pods,fast,30.0,start_drift,0.9,13,False,False,7.296
distance_sensors,fast,30.0,start_drift,0.9,13,False,False,6.686
apriltag,fast,30.0,start_drift,0.9,13,False,False,5.427
full_suite,fast,30.0,start_drift,0.9,13,False,False,7.476
dead_reckoning,fast,30.0,start_drift,0.9,14,False,False,16.05
odometry_pods,fast,30.0,start_drift,0.9,14,False,False,13.905
distance_sensors,fast,30.0,start_drift,0.9,14,False,False,16.29
apriltag,fast,30.0,start_drift,0.9,14,True,False,2.524
full_suite,fast,30.0,start_drift,0.9,14,False,False,0.148
dead_reckoning,fast,30.0,obstacle_drift,0.3,0,False,False,5.904
odometry_pods,fast,30.0,obstacle_drift,0.3,0,True,False,1.572
distance_sensors,fast,30.0,obstacle_drift,0.3,0,False,False,2.625
apriltag,fast,30.0,obstacle_drift,0.3,0,True,False,2.906
full_suite,fast,30.0,obstacle_drift,0.3,0,False,False,0.525
dead_reckoning,fast,30.0,obstacle_drift,0.3,1,False,False,2.546
odometry_pods,fast,30.0,obstacle_drift,0.3,1,True,False,0.123
distance_sensors,fast,30.0,obstacle_drift,0.3,1,False,False,4.911
apriltag,fast,30.0,obstacle_drift,0.3,1,False,False,6.496
full_suite,fast,30.0,obstacle_drift,0.3,1,True,False,0.607
dead_reckoning,fast,30.0,obstacle_drift,0.3,2,True,False,1.325
odometry_pods,fast,30.0,obstacle_drift,0.3,2,True,False,0.265
distance_sensors,fast,30.0,obstacle_drift,0.3,2,True,False,2.06
apriltag,fast,30.0,obstacle_drift,0.3,2,True,False,0.888
full_suite,fast,30.0,obstacle_drift,0.3,2,True,False,0.133
dead_reckoning,fast,30.0,obstacle_drift,0.3,3,False,False,8.409
odometry_pods,fast,30.0,obstacle_drift,0.3,3,True,False,1.474
distance_sensors,fast,30.0,obstacle_drift,0.3,3,False,False,8.657
apriltag,fast,30.0,obstacle_drift,0.3,3,True,False,1.753
full_suite,fast,30.0,obstacle_drift,0.3,3,True,False,0.817
dead_reckoning,fast,30.0,obstacle_drift,0.3,4,False,False,4.895
odometry_pods,fast,30.0,obstacle_drift,0.3,4,True,False,3.86
distance_sensors,fast,30.0,obstacle_drift,0.3,4,False,False,4.895
apriltag,fast,30.0,obstacle_drift,0.3,4,False,False,4.895
full_suite,fast,30.0,obstacle_drift,0.3,4,True,False,1.564
dead_reckoning,fast,30.0,obstacle_drift,0.3,5,False,False,0.0
odometry_pods,fast,30.0,obstacle_drift,0.3,5,False,False,0.0
distance_sensors,fast,30.0,obstacle_drift,0.3,5,False,False,2.455
apriltag,fast,30.0,obstacle_drift,0.3,5,False,False,0.0
full_suite,fast,30.0,obstacle_drift,0.3,5,True,False,0.364
dead_reckoning,fast,30.0,obstacle_drift,0.3,6,False,False,9.404
odometry_pods,fast,30.0,obstacle_drift,0.3,6,True,False,1.892
distance_sensors,fast,30.0,obstacle_drift,0.3,6,False,False,10.758
apriltag,fast,30.0,obstacle_drift,0.3,6,False,False,10.803
full_suite,fast,30.0,obstacle_drift,0.3,6,True,False,2.039
dead_reckoning,fast,30.0,obstacle_drift,0.3,7,False,False,5.701
odometry_pods,fast,30.0,obstacle_drift,0.3,7,True,False,0.129
distance_sensors,fast,30.0,obstacle_drift,0.3,7,False,False,6.09
apriltag,fast,30.0,obstacle_drift,0.3,7,True,False,2.148
full_suite,fast,30.0,obstacle_drift,0.3,7,True,False,0.277
dead_reckoning,fast,30.0,obstacle_drift,0.3,8,False,False,3.128
odometry_pods,fast,30.0,obstacle_drift,0.3,8,True,False,0.624
distance_sensors,fast,30.0,obstacle_drift,0.3,8,True,False,2.383
apriltag,fast,30.0,obstacle_drift,0.3,8,False,False,3.128
full_suite,fast,30.0,obstacle_drift,0.3,8,True,False,0.477
dead_reckoning,fast,30.0,obstacle_drift,0.3,9,False,False,4.923
odometry_pods,fast,30.0,obstacle_drift,0.3,9,True,False,0.443
distance_sensors,fast,30.0,obstacle_drift,0.3,9,False,False,4.923
apriltag,fast,30.0,obstacle_drift,0.3,9,False,False,2.585
full_suite,fast,30.0,obstacle_drift,0.3,9,True,False,0.175
dead_reckoning,fast,30.0,obstacle_drift,0.3,10,False,False,5.041
odometry_pods,fast,30.0,obstacle_drift,0.3,10,True,False,2.441
distance_sensors,fast,30.0,obstacle_drift,0.3,10,False,False,4.564
apriltag,fast,30.0,obstacle_drift,0.3,10,False,False,11.457
full_suite,fast,30.0,obstacle_drift,0.3,10,True,False,1.469
dead_reckoning,fast,30.0,obstacle_drift,0.3,11,True,False,2.856
odometry_pods,fast,30.0,obstacle_drift,0.3,11,True,False,0.571
distance_sensors,fast,30.0,obstacle_drift,0.3,11,True,False,3.104
apriltag,fast,30.0,obstacle_drift,0.3,11,True,False,2.856
full_suite,fast,30.0,obstacle_drift,0.3,11,True,False,0.621
dead_reckoning,fast,30.0,obstacle_drift,0.3,12,False,False,4.651
odometry_pods,fast,30.0,obstacle_drift,0.3,12,True,False,0.325
distance_sensors,fast,30.0,obstacle_drift,0.3,12,False,False,3.515
apriltag,fast,30.0,obstacle_drift,0.3,12,True,False,2.465
full_suite,fast,30.0,obstacle_drift,0.3,12,False,False,0.703
dead_reckoning,fast,30.0,obstacle_drift,0.3,13,True,False,1.404
odometry_pods,fast,30.0,obstacle_drift,0.3,13,True,False,0.281
distance_sensors,fast,30.0,obstacle_drift,0.3,13,True,False,0.902
apriltag,fast,30.0,obstacle_drift,0.3,13,True,False,1.227
full_suite,fast,30.0,obstacle_drift,0.3,13,True,False,0.199
dead_reckoning,fast,30.0,obstacle_drift,0.3,14,False,False,8.789
odometry_pods,fast,30.0,obstacle_drift,0.3,14,True,False,2.374
distance_sensors,fast,30.0,obstacle_drift,0.3,14,False,False,13.441
apriltag,fast,30.0,obstacle_drift,0.3,14,False,False,10.685
full_suite,fast,30.0,obstacle_drift,0.3,14,True,False,2.377
dead_reckoning,fast,30.0,obstacle_drift,0.5,0,False,False,9.513
odometry_pods,fast,30.0,obstacle_drift,0.5,0,True,False,0.89
distance_sensors,fast,30.0,obstacle_drift,0.5,0,False,False,1.614
apriltag,fast,30.0,obstacle_drift,0.5,0,True,False,3.615
full_suite,fast,30.0,obstacle_drift,0.5,0,False,False,0.323
dead_reckoning,fast,30.0,obstacle_drift,0.5,1,False,False,4.203
odometry_pods,fast,30.0,obstacle_drift,0.5,1,True,False,0.639
distance_sensors,fast,30.0,obstacle_drift,0.5,1,True,False,3.563
apriltag,fast,30.0,obstacle_drift,0.5,1,True,False,0.731
full_suite,fast,30.0,obstacle_drift,0.5,1,True,False,0.169
dead_reckoning,fast,30.0,obstacle_drift,0.5,2,True,False,2.446
odometry_pods,fast,30.0,obstacle_drift,0.5,2,True,False,0.466
distance_sensors,fast,30.0,obstacle_drift,0.5,2,False,False,5.157
apriltag,fast,30.0,obstacle_drift,0.5,2,True,False,2.153
full_suite,fast,30.0,obstacle_drift,0.5,2,True,False,0.139
dead_reckoning,fast,30.0,obstacle_drift,0.5,3,True,False,1.03
odometry_pods,fast,30.0,obstacle_drift,0.5,3,True,False,0.206
distance_sensors,fast,30.0,obstacle_drift,0.5,3,True,False,1.03
apriltag,fast,30.0,obstacle_drift,0.5,3,True,False,1.03
full_suite,fast,30.0,obstacle_drift,0.5,3,True,False,0.206
dead_reckoning,fast,30.0,obstacle_drift,0.5,4,False,False,6.504
odometry_pods,fast,30.0,obstacle_drift,0.5,4,True,False,1.174
distance_sensors,fast,30.0,obstacle_drift,0.5,4,False,False,8.235
apriltag,fast,30.0,obstacle_drift,0.5,4,False,False,3.582
full_suite,fast,30.0,obstacle_drift,0.5,4,True,False,0.717
dead_reckoning,fast,30.0,obstacle_drift,0.5,5,False,False,2.589
odometry_pods,fast,30.0,obstacle_drift,0.5,5,True,False,0.497
distance_sensors,fast,30.0,obstacle_drift,0.5,5,False,False,5.631
apriltag,fast,30.0,obstacle_drift,0.5,5,True,False,1.004
full_suite,fast,30.0,obstacle_drift,0.5,5,True,False,0.542
dead_reckoning,fast,30.0,obstacle_drift,0.5,6,False,False,3.994
odometry_pods,fast,30.0,obstacle_drift,0.5,6,True,False,0.724
distance_sensors,fast,30.0,obstacle_drift,0.5,6,True,False,1.98
apriltag,fast,30.0,obstacle_drift,0.5,6,True,False,3.36
full_suite,fast,30.0,obstacle_drift,0.5,6,True,False,0.418
dead_reckoning,fast,30.0,obstacle_drift,0.5,7,False,False,7.802
odometry_pods,fast,30.0,obstacle_drift,0.5,7,True,False,1.068
distance_sensors,fast,30.0,obstacle_drift,0.5,7,False,False,1.499
apriltag,fast,30.0,obstacle_drift,0.5,7,True,False,2.588
full_suite,fast,30.0,obstacle_drift,0.5,7,False,False,0.3
dead_reckoning,fast,30.0,obstacle_drift,0.5,8,False,False,9.32
odometry_pods,fast,30.0,obstacle_drift,0.5,8,True,False,0.489
distance_sensors,fast,30.0,obstacle_drift,0.5,8,False,False,1.769
apriltag,fast,30.0,obstacle_drift,0.5,8,False,False,6.702
full_suite,fast,30.0,obstacle_drift,0.5,8,False,False,0.109
dead_reckoning,fast,30.0,obstacle_drift,0.5,9,True,False,2.189
odometry_pods,fast,30.0,obstacle_drift,0.5,9,True,False,0.438
distance_sensors,fast,30.0,obstacle_drift,0.5,9,True,False,2.189
apriltag,fast,30.0,obstacle_drift,0.5,9,True,False,1.099
full_suite,fast,30.0,obstacle_drift,0.5,9,True,False,0.22
dead_reckoning,fast,30.0,obstacle_drift,0.5,10,False,False,4.167
odometry_pods,fast,30.0,obstacle_drift,0.5,10,True,False,0.126
distance_sensors,fast,30.0,obstacle_drift,0.5,10,False,False,3.541
apriltag,fast,30.0,obstacle_drift,0.5,10,False,False,4.167
full_suite,fast,30.0,obstacle_drift,0.5,10,True,False,0.778
dead_reckoning,fast,30.0,obstacle_drift,0.5,11,False,False,5.234
odometry_pods,fast,30.0,obstacle_drift,0.5,11,True,False,1.129
distance_sensors,fast,30.0,obstacle_drift,0.5,11,False,False,0.0
apriltag,fast,30.0,obstacle_drift,0.5,11,False,False,5.234
full_suite,fast,30.0,obstacle_drift,0.5,11,False,False,0.0
dead_reckoning,fast,30.0,obstacle_drift,0.5,12,True,False,3.453
odometry_pods,fast,30.0,obstacle_drift,0.5,12,True,False,0.691
distance_sensors,fast,30.0,obstacle_drift,0.5,12,True,False,2.559
apriltag,fast,30.0,obstacle_drift,0.5,12,True,False,4.425
full_suite,fast,30.0,obstacle_drift,0.5,12,True,False,0.436
dead_reckoning,fast,30.0,obstacle_drift,0.5,13,False,False,7.767
odometry_pods,fast,30.0,obstacle_drift,0.5,13,True,False,1.434
distance_sensors,fast,30.0,obstacle_drift,0.5,13,False,False,4.299
apriltag,fast,30.0,obstacle_drift,0.5,13,False,False,7.767
full_suite,fast,30.0,obstacle_drift,0.5,13,False,False,0.486
dead_reckoning,fast,30.0,obstacle_drift,0.5,14,True,False,5.273
odometry_pods,fast,30.0,obstacle_drift,0.5,14,True,False,0.874
distance_sensors,fast,30.0,obstacle_drift,0.5,14,False,False,6.116
apriltag,fast,30.0,obstacle_drift,0.5,14,True,False,1.292
full_suite,fast,30.0,obstacle_drift,0.5,14,True,False,0.364
dead_reckoning,fast,30.0,obstacle_drift,0.7,0,False,False,4.202
odometry_pods,fast,30.0,obstacle_drift,0.7,0,True,False,0.423
distance_sensors,fast,30.0,obstacle_drift,0.7,0,False,False,2.586
apriltag,fast,30.0,obstacle_drift,0.7,0,False,False,4.202
full_suite,fast,30.0,obstacle_drift,0.7,0,False,False,0.331
dead_reckoning,fast,30.0,obstacle_drift,0.7,1,False,False,7.197
odometry_pods,fast,30.0,obstacle_drift,0.7,1,False,False,1.483
distance_sensors,fast,30.0,obstacle_drift,0.7,1,True,False,5.16
apriltag,fast,30.0,obstacle_drift,0.7,1,False,False,4.81
full_suite,fast,30.0,obstacle_drift,0.7,1,True,False,0.57
dead_reckoning,fast,30.0,obstacle_drift,0.7,2,False,False,5.438
odometry_pods,fast,30.0,obstacle_drift,0.7,2,True,False,0.976
distance_sensors,fast,30.0,obstacle_drift,0.7,2,True,False,4.418
apriltag,fast,30.0,obstacle_drift,0.7,2,True,False,3.641
full_suite,fast,30.0,obstacle_drift,0.7,2,True,False,0.851
dead_reckoning,fast,30.0,obstacle_drift,0.7,3,True,False,3.791
odometry_pods,fast,30.0,obstacle_drift,0.7,3,True,False,0.932
distance_sensors,fast,30.0,obstacle_drift,0.7,3,False,False,0.0
apriltag,fast,30.0,obstacle_drift,0.7,3,True,False,1.538
full_suite,fast,30.0,obstacle_drift,0.7,3,False,False,0.0
dead_reckoning,fast,30.0,obstacle_drift,0.7,4,False,False,10.757
odometry_pods,fast,30.0,obstacle_drift,0.7,4,True,False,1.824
distance_sensors,fast,30.0,obstacle_drift,0.7,4,False,False,10.06
apriltag,fast,30.0,obstacle_drift,0.7,4,False,False,10.757
full_suite,fast,30.0,obstacle_drift,0.7,4,True,False,2.658
dead_reckoning,fast,30.0,obstacle_drift,0.7,5,False,False,4.837
odometry_pods,fast,30.0,obstacle_drift,0.7,5,True,False,0.738
distance_sensors,fast,30.0,obstacle_drift,0.7,5,True,False,3.875
apriltag,fast,30.0,obstacle_drift,0.7,5,True,False,0.505
full_suite,fast,30.0,obstacle_drift,0.7,5,True,False,0.12
dead_reckoning,fast,30.0,obstacle_drift,0.7,6,False,False,6.625
odometry_pods,fast,30.0,obstacle_drift,0.7,6,True,False,1.176
distance_sensors,fast,30.0,obstacle_drift,0.7,6,False,False,0.0
apriltag,fast,30.0,obstacle_drift,0.7,6,False,False,6.625
full_suite,fast,30.0,obstacle_drift,0.7,6,False,False,0.0
dead_reckoning,fast,30.0,obstacle_drift,0.7,7,False,False,13.109
odometry_pods,fast,30.0,obstacle_drift,0.7,7,True,False,2.256
distance_sensors,fast,30.0,obstacle_drift,0.7,7,False,False,11.767
apriltag,fast,30.0,obstacle_drift,0.7,7,False,False,2.279
full_suite,fast,30.0,obstacle_drift,0.7,7,True,False,0.443
dead_reckoning,fast,30.0,obstacle_drift,0.7,8,False,False,7.34
odometry_pods,fast,30.0,obstacle_drift,0.7,8,True,False,0.675
distance_sensors,fast,30.0,obstacle_drift,0.7,8,False,False,7.204
apriltag,fast,30.0,obstacle_drift,0.7,8,True,False,4.811
full_suite,fast,30.0,obstacle_drift,0.7,8,True,False,0.287
dead_reckoning,fast,30.0,obstacle_drift,0.7,9,False,False,5.975
odometry_pods,fast,30.0,obstacle_drift,0.7,9,True,False,0.89
distance_sensors,fast,30.0,obstacle_drift,0.7,9,False,False,6.768
apriltag,fast,30.0,obstacle_drift,0.7,9,True,False,4.25
full_suite,fast,30.0,obstacle_drift,0.7,9,True,False,0.875
dead_reckoning,fast,30.0,obstacle_drift,0.7,10,False,False,8.667
odometry_pods,fast,30.0,obstacle_drift,0.7,10,True,False,1.503
distance_sensors,fast,30.0,obstacle_drift,0.7,10,False,False,0.0
apriltag,fast,30.0,obstacle_drift,0.7,10,True,False,3.469
full_suite,fast,30.0,obstacle_drift,0.7,10,False,False,0.0
dead_reckoning,fast,30.0,obstacle_drift,0.7,11,False,False,7.812
odometry_pods,fast,30.0,obstacle_drift,0.7,11,False,False,0.652
distance_sensors,fast,30.0,obstacle_drift,0.7,11,False,False,2.472
apriltag,fast,30.0,obstacle_drift,0.7,11,False,False,0.857
full_suite,fast,30.0,obstacle_drift,0.7,11,False,False,0.565
dead_reckoning,fast,30.0,obstacle_drift,0.7,12,False,False,2.35
odometry_pods,fast,30.0,obstacle_drift,0.7,12,False,False,0.47
distance_sensors,fast,30.0,obstacle_drift,0.7,12,False,False,1.214
apriltag,fast,30.0,obstacle_drift,0.7,12,False,False,2.35
full_suite,fast,30.0,obstacle_drift,0.7,12,False,False,0.243
dead_reckoning,fast,30.0,obstacle_drift,0.7,13,False,False,10.767
odometry_pods,fast,30.0,obstacle_drift,0.7,13,True,False,2.577
distance_sensors,fast,30.0,obstacle_drift,0.7,13,False,False,2.306
apriltag,fast,30.0,obstacle_drift,0.7,13,True,False,0.283
full_suite,fast,30.0,obstacle_drift,0.7,13,False,False,0.461
dead_reckoning,fast,30.0,obstacle_drift,0.7,14,True,False,6.589
odometry_pods,fast,30.0,obstacle_drift,0.7,14,True,False,1.36
distance_sensors,fast,30.0,obstacle_drift,0.7,14,False,False,0.0
apriltag,fast,30.0,obstacle_drift,0.7,14,False,False,6.912
full_suite,fast,30.0,obstacle_drift,0.7,14,False,False,0.0
dead_reckoning,fast,30.0,obstacle_drift,0.9,0,False,False,10.132
odometry_pods,fast,30.0,obstacle_drift,0.9,0,True,False,1.435
distance_sensors,fast,30.0,obstacle_drift,0.9,0,False,False,3.45
apriltag,fast,30.0,obstacle_drift,0.9,0,False,False,10.132
full_suite,fast,30.0,obstacle_drift,0.9,0,True,False,0.593
dead_reckoning,fast,30.0,obstacle_drift,0.9,1,False,False,2.59
odometry_pods,fast,30.0,obstacle_drift,0.9,1,False,False,0.518
distance_sensors,fast,30.0,obstacle_drift,0.9,1,False,False,9.737
apriltag,fast,30.0,obstacle_drift,0.9,1,False,False,0.448
full_suite,fast,30.0,obstacle_drift,0.9,1,True,False,0.365
dead_reckoning,fast,30.0,obstacle_drift,0.9,2,False,False,7.217
odometry_pods,fast,30.0,obstacle_drift,0.9,2,True,False,0.956
distance_sensors,fast,30.0,obstacle_drift,0.9,2,False,False,10.05
apriltag,fast,30.0,obstacle_drift,0.9,2,True,False,2.545
full_suite,fast,30.0,obstacle_drift,0.9,2,True,False,0.947
dead_reckoning,fast,30.0,obstacle_drift,0.9,3,False,False,12.854
odometry_pods,fast,30.0,obstacle_drift,0.9,3,True,False,2.176
distance_sensors,fast,30.0,obstacle_drift,0.9,3,False,False,0.0
apriltag,fast,30.0,obstacle_drift,0.9,3,False,False,3.73
full_suite,fast,30.0,obstacle_drift,0.9,3,False,False,0.0
dead_reckoning,fast,30.0,obstacle_drift,0.9,4,False,False,19.859
odometry_pods,fast,30.0,obstacle_drift,0.9,4,True,False,2.899
distance_sensors,fast,30.0,obstacle_drift,0.9,4,False,False,6.06
apriltag,fast,30.0,obstacle_drift,0.9,4,True,False,1.264
full_suite,fast,30.0,obstacle_drift,0.9,4,False,False,1.232
dead_reckoning,fast,30.0,obstacle_drift,0.9,5,False,False,8.844
odometry_pods,fast,30.0,obstacle_drift,0.9,5,True,False,1.394
distance_sensors,fast,30.0,obstacle_drift,0.9,5,False,False,6.099
apriltag,fast,30.0,obstacle_drift,0.9,5,True,False,4.419
full_suite,fast,30.0,obstacle_drift,0.9,5,True,False,0.735
dead_reckoning,fast,30.0,obstacle_drift,0.9,6,False,False,10.235
odometry_pods,fast,30.0,obstacle_drift,0.9,6,True,False,1.734
distance_sensors,fast,30.0,obstacle_drift,0.9,6,False,False,8.359
apriltag,fast,30.0,obstacle_drift,0.9,6,True,False,2.865
full_suite,fast,30.0,obstacle_drift,0.9,6,True,False,0.45
dead_reckoning,fast,30.0,obstacle_drift,0.9,7,False,False,5.844
odometry_pods,fast,30.0,obstacle_drift,0.9,7,True,False,2.169
distance_sensors,fast,30.0,obstacle_drift,0.9,7,False,False,8.062
apriltag,fast,30.0,obstacle_drift,0.9,7,False,False,3.639
full_suite,fast,30.0,obstacle_drift,0.9,7,True,False,2.199
dead_reckoning,fast,30.0,obstacle_drift,0.9,8,False,False,6.301
odometry_pods,fast,30.0,obstacle_drift,0.9,8,True,False,1.439
distance_sensors,fast,30.0,obstacle_drift,0.9,8,False,False,5.727
apriltag,fast,30.0,obstacle_drift,0.9,8,True,False,3.034
full_suite,fast,30.0,obstacle_drift,0.9,8,True,False,0.074
dead_reckoning,fast,30.0,obstacle_drift,0.9,9,False,False,11.904
odometry_pods,fast,30.0,obstacle_drift,0.9,9,True,False,1.225
distance_sensors,fast,30.0,obstacle_drift,0.9,9,False,False,12.294
apriltag,fast,30.0,obstacle_drift,0.9,9,False,False,10.09
full_suite,fast,30.0,obstacle_drift,0.9,9,True,False,0.68
dead_reckoning,fast,30.0,obstacle_drift,0.9,10,True,False,3.167
odometry_pods,fast,30.0,obstacle_drift,0.9,10,True,False,0.466
distance_sensors,fast,30.0,obstacle_drift,0.9,10,True,False,3.073
apriltag,fast,30.0,obstacle_drift,0.9,10,True,False,3.547
full_suite,fast,30.0,obstacle_drift,0.9,10,True,False,0.632
dead_reckoning,fast,30.0,obstacle_drift,0.9,11,True,False,4.013
odometry_pods,fast,30.0,obstacle_drift,0.9,11,True,False,0.797
distance_sensors,fast,30.0,obstacle_drift,0.9,11,True,False,2.621
apriltag,fast,30.0,obstacle_drift,0.9,11,True,False,3.133
full_suite,fast,30.0,obstacle_drift,0.9,11,True,False,0.683
dead_reckoning,fast,30.0,obstacle_drift,0.9,12,False,False,11.118
odometry_pods,fast,30.0,obstacle_drift,0.9,12,True,False,2.632
distance_sensors,fast,30.0,obstacle_drift,0.9,12,False,False,13.192
apriltag,fast,30.0,obstacle_drift,0.9,12,True,False,2.074
full_suite,fast,30.0,obstacle_drift,0.9,12,True,False,1.048
dead_reckoning,fast,30.0,obstacle_drift,0.9,13,False,False,7.44
odometry_pods,fast,30.0,obstacle_drift,0.9,13,True,False,0.333
distance_sensors,fast,30.0,obstacle_drift,0.9,13,False,False,7.348
apriltag,fast,30.0,obstacle_drift,0.9,13,False,False,8.421
full_suite,fast,30.0,obstacle_drift,0.9,13,True,False,0.73
dead_reckoning,fast,30.0,obstacle_drift,0.9,14,True,False,2.295
odometry_pods,fast,30.0,obstacle_drift,0.9,14,True,False,0.668
distance_sensors,fast,30.0,obstacle_drift,0.9,14,True,False,2.295
apriltag,fast,30.0,obstacle_drift,0.9,14,True,False,2.07
full_suite,fast,30.0,obstacle_drift,0.9,14,True,False,0.726
dead_reckoning,fast,30.0,unplanned_blocker,0.3,0,False,False,10.705
odometry_pods,fast,30.0,unplanned_blocker,0.3,0,True,False,0.97
distance_sensors,fast,30.0,unplanned_blocker,0.3,0,False,False,0.0
apriltag,fast,30.0,unplanned_blocker,0.3,0,False,False,3.504
full_suite,fast,30.0,unplanned_blocker,0.3,0,False,False,0.0
dead_reckoning,fast,30.0,unplanned_blocker,0.3,1,False,False,3.446
odometry_pods,fast,30.0,unplanned_blocker,0.3,1,True,False,0.908
distance_sensors,fast,30.0,unplanned_blocker,0.3,1,False,False,3.962
apriltag,fast,30.0,unplanned_blocker,0.3,1,False,False,3.446
full_suite,fast,30.0,unplanned_blocker,0.3,1,True,False,0.626
dead_reckoning,fast,30.0,unplanned_blocker,0.3,2,True,False,1.777
odometry_pods,fast,30.0,unplanned_blocker,0.3,2,True,False,0.355
distance_sensors,fast,30.0,unplanned_blocker,0.3,2,True,False,1.777
apriltag,fast,30.0,unplanned_blocker,0.3,2,True,False,2.464
full_suite,fast,30.0,unplanned_blocker,0.3,2,True,False,0.493
dead_reckoning,fast,30.0,unplanned_blocker,0.3,3,False,False,4.081
odometry_pods,fast,30.0,unplanned_blocker,0.3,3,True,False,1.509
distance_sensors,fast,30.0,unplanned_blocker,0.3,3,False,False,0.391
apriltag,fast,30.0,unplanned_blocker,0.3,3,True,False,5.264
full_suite,fast,30.0,unplanned_blocker,0.3,3,False,False,0.078
dead_reckoning,fast,30.0,unplanned_blocker,0.3,4,False,False,2.855
odometry_pods,fast,30.0,unplanned_blocker,0.3,4,False,False,0.571
distance_sensors,fast,30.0,unplanned_blocker,0.3,4,False,False,4.493
apriltag,fast,30.0,unplanned_blocker,0.3,4,False,False,2.096
full_suite,fast,30.0,unplanned_blocker,0.3,4,True,False,0.574
dead_reckoning,fast,30.0,unplanned_blocker,0.3,5,False,False,13.203
odometry_pods,fast,30.0,unplanned_blocker,0.3,5,False,False,1.554
distance_sensors,fast,30.0,unplanned_blocker,0.3,5,False,False,6.085
apriltag,fast,30.0,unplanned_blocker,0.3,5,False,False,3.084
full_suite,fast,30.0,unplanned_blocker,0.3,5,True,False,0.186
dead_reckoning,fast,30.0,unplanned_blocker,0.3,6,True,False,0.381
odometry_pods,fast,30.0,unplanned_blocker,0.3,6,False,False,0.838
distance_sensors,fast,30.0,unplanned_blocker,0.3,6,False,False,6.164
apriltag,fast,30.0,unplanned_blocker,0.3,6,False,False,3.137
full_suite,fast,30.0,unplanned_blocker,0.3,6,True,False,0.306
dead_reckoning,fast,30.0,unplanned_blocker,0.3,7,False,False,13.905
odometry_pods,fast,30.0,unplanned_blocker,0.3,7,False,False,2.695
distance_sensors,fast,30.0,unplanned_blocker,0.3,7,False,False,4.933
apriltag,fast,30.0,unplanned_blocker,0.3,7,False,False,7.3
full_suite,fast,30.0,unplanned_blocker,0.3,7,False,False,0.445
dead_reckoning,fast,30.0,unplanned_blocker,0.3,8,False,False,14.645
odometry_pods,fast,30.0,unplanned_blocker,0.3,8,True,False,1.842
distance_sensors,fast,30.0,unplanned_blocker,0.3,8,False,False,6.757
apriltag,fast,30.0,unplanned_blocker,0.3,8,False,False,3.849
full_suite,fast,30.0,unplanned_blocker,0.3,8,True,False,1.421
dead_reckoning,fast,30.0,unplanned_blocker,0.3,9,True,False,5.422
odometry_pods,fast,30.0,unplanned_blocker,0.3,9,True,False,1.084
distance_sensors,fast,30.0,unplanned_blocker,0.3,9,False,False,5.875
apriltag,fast,30.0,unplanned_blocker,0.3,9,True,False,2.014
full_suite,fast,30.0,unplanned_blocker,0.3,9,True,False,0.478
dead_reckoning,fast,30.0,unplanned_blocker,0.3,10,False,False,7.435
odometry_pods,fast,30.0,unplanned_blocker,0.3,10,True,False,1.21
distance_sensors,fast,30.0,unplanned_blocker,0.3,10,False,False,1.635
apriltag,fast,30.0,unplanned_blocker,0.3,10,False,False,3.437
full_suite,fast,30.0,unplanned_blocker,0.3,10,True,False,1.286
dead_reckoning,fast,30.0,unplanned_blocker,0.3,11,False,False,5.901
odometry_pods,fast,30.0,unplanned_blocker,0.3,11,False,False,1.063
distance_sensors,fast,30.0,unplanned_blocker,0.3,11,False,False,5.729
apriltag,fast,30.0,unplanned_blocker,0.3,11,False,False,2.593
full_suite,fast,30.0,unplanned_blocker,0.3,11,True,False,1.737
dead_reckoning,fast,30.0,unplanned_blocker,0.3,12,False,False,9.157
odometry_pods,fast,30.0,unplanned_blocker,0.3,12,False,False,1.296
distance_sensors,fast,30.0,unplanned_blocker,0.3,12,False,False,5.457
apriltag,fast,30.0,unplanned_blocker,0.3,12,False,False,9.157
full_suite,fast,30.0,unplanned_blocker,0.3,12,True,False,1.002
dead_reckoning,fast,30.0,unplanned_blocker,0.3,13,False,False,0.0
odometry_pods,fast,30.0,unplanned_blocker,0.3,13,False,False,0.0
distance_sensors,fast,30.0,unplanned_blocker,0.3,13,True,False,2.39
apriltag,fast,30.0,unplanned_blocker,0.3,13,False,False,0.0
full_suite,fast,30.0,unplanned_blocker,0.3,13,True,False,0.478
dead_reckoning,fast,30.0,unplanned_blocker,0.3,14,False,False,3.996
odometry_pods,fast,30.0,unplanned_blocker,0.3,14,True,False,0.47
distance_sensors,fast,30.0,unplanned_blocker,0.3,14,True,False,0.962
apriltag,fast,30.0,unplanned_blocker,0.3,14,True,False,1.625
full_suite,fast,30.0,unplanned_blocker,0.3,14,True,False,0.32
dead_reckoning,fast,30.0,unplanned_blocker,0.5,0,False,False,3.736
odometry_pods,fast,30.0,unplanned_blocker,0.5,0,True,False,0.82
distance_sensors,fast,30.0,unplanned_blocker,0.5,0,True,False,4.199
apriltag,fast,30.0,unplanned_blocker,0.5,0,True,False,2.378
full_suite,fast,30.0,unplanned_blocker,0.5,0,True,False,0.701
dead_reckoning,fast,30.0,unplanned_blocker,0.5,1,False,False,2.943
odometry_pods,fast,30.0,unplanned_blocker,0.5,1,False,False,0.589
distance_sensors,fast,30.0,unplanned_blocker,0.5,1,False,False,8.696
apriltag,fast,30.0,unplanned_blocker,0.5,1,False,False,2.943
full_suite,fast,30.0,unplanned_blocker,0.5,1,True,False,1.233
dead_reckoning,fast,30.0,unplanned_blocker,0.5,2,False,False,2.24
odometry_pods,fast,30.0,unplanned_blocker,0.5,2,False,False,0.448
distance_sensors,fast,30.0,unplanned_blocker,0.5,2,False,False,2.3
apriltag,fast,30.0,unplanned_blocker,0.5,2,False,False,1.131
full_suite,fast,30.0,unplanned_blocker,0.5,2,False,False,0.371
dead_reckoning,fast,30.0,unplanned_blocker,0.5,3,False,False,3.542
odometry_pods,fast,30.0,unplanned_blocker,0.5,3,True,False,0.406
distance_sensors,fast,30.0,unplanned_blocker,0.5,3,False,False,1.907
apriltag,fast,30.0,unplanned_blocker,0.5,3,True,False,0.468
full_suite,fast,30.0,unplanned_blocker,0.5,3,False,False,0.439
dead_reckoning,fast,30.0,unplanned_blocker,0.5,4,False,False,4.485
odometry_pods,fast,30.0,unplanned_blocker,0.5,4,False,False,0.831
distance_sensors,fast,30.0,unplanned_blocker,0.5,4,True,False,0.909
apriltag,fast,30.0,unplanned_blocker,0.5,4,False,False,3.567
full_suite,fast,30.0,unplanned_blocker,0.5,4,True,False,0.652
dead_reckoning,fast,30.0,unplanned_blocker,0.5,5,False,False,10.244
odometry_pods,fast,30.0,unplanned_blocker,0.5,5,True,False,2.296
distance_sensors,fast,30.0,unplanned_blocker,0.5,5,False,False,3.627
apriltag,fast,30.0,unplanned_blocker,0.5,5,False,False,5.072
full_suite,fast,30.0,unplanned_blocker,0.5,5,False,False,0.605
dead_reckoning,fast,30.0,unplanned_blocker,0.5,6,False,False,1.746
odometry_pods,fast,30.0,unplanned_blocker,0.5,6,False,False,0.349
distance_sensors,fast,30.0,unplanned_blocker,0.5,6,True,False,0.872
apriltag,fast,30.0,unplanned_blocker,0.5,6,False,False,1.746
full_suite,fast,30.0,unplanned_blocker,0.5,6,True,False,0.051
dead_reckoning,fast,30.0,unplanned_blocker,0.5,7,True,False,3.643
odometry_pods,fast,30.0,unplanned_blocker,0.5,7,False,False,1.427
distance_sensors,fast,30.0,unplanned_blocker,0.5,7,False,False,4.978
apriltag,fast,30.0,unplanned_blocker,0.5,7,False,False,1.844
full_suite,fast,30.0,unplanned_blocker,0.5,7,True,False,0.391
dead_reckoning,fast,30.0,unplanned_blocker,0.5,8,True,False,9.377
odometry_pods,fast,30.0,unplanned_blocker,0.5,8,True,False,1.84
distance_sensors,fast,30.0,unplanned_blocker,0.5,8,False,False,11.103
apriltag,fast,30.0,unplanned_blocker,0.5,8,True,False,1.628
full_suite,fast,30.0,unplanned_blocker,0.5,8,True,False,0.243
dead_reckoning,fast,30.0,unplanned_blocker,0.5,9,True,False,4.265
odometry_pods,fast,30.0,unplanned_blocker,0.5,9,False,False,0.492
distance_sensors,fast,30.0,unplanned_blocker,0.5,9,False,False,10.66
apriltag,fast,30.0,unplanned_blocker,0.5,9,False,False,1.212
full_suite,fast,30.0,unplanned_blocker,0.5,9,True,False,0.558
dead_reckoning,fast,30.0,unplanned_blocker,0.5,10,False,False,2.015
odometry_pods,fast,30.0,unplanned_blocker,0.5,10,False,False,0.403
distance_sensors,fast,30.0,unplanned_blocker,0.5,10,False,False,2.455
apriltag,fast,30.0,unplanned_blocker,0.5,10,False,False,1.178
full_suite,fast,30.0,unplanned_blocker,0.5,10,True,False,0.722
dead_reckoning,fast,30.0,unplanned_blocker,0.5,11,False,False,11.038
odometry_pods,fast,30.0,unplanned_blocker,0.5,11,False,False,2.161
distance_sensors,fast,30.0,unplanned_blocker,0.5,11,False,False,10.651
apriltag,fast,30.0,unplanned_blocker,0.5,11,False,False,1.965
full_suite,fast,30.0,unplanned_blocker,0.5,11,True,False,0.398
dead_reckoning,fast,30.0,unplanned_blocker,0.5,12,False,False,3.079
odometry_pods,fast,30.0,unplanned_blocker,0.5,12,False,False,0.616
distance_sensors,fast,30.0,unplanned_blocker,0.5,12,False,False,2.889
apriltag,fast,30.0,unplanned_blocker,0.5,12,False,False,3.079
full_suite,fast,30.0,unplanned_blocker,0.5,12,False,False,0.578
dead_reckoning,fast,30.0,unplanned_blocker,0.5,13,False,False,6.965
odometry_pods,fast,30.0,unplanned_blocker,0.5,13,True,False,1.341
distance_sensors,fast,30.0,unplanned_blocker,0.5,13,False,False,3.892
apriltag,fast,30.0,unplanned_blocker,0.5,13,False,False,8.647
full_suite,fast,30.0,unplanned_blocker,0.5,13,True,False,1.408
dead_reckoning,fast,30.0,unplanned_blocker,0.5,14,False,False,9.282
odometry_pods,fast,30.0,unplanned_blocker,0.5,14,False,False,0.926
distance_sensors,fast,30.0,unplanned_blocker,0.5,14,False,False,4.039
apriltag,fast,30.0,unplanned_blocker,0.5,14,True,False,1.505
full_suite,fast,30.0,unplanned_blocker,0.5,14,True,False,1.182
dead_reckoning,fast,30.0,unplanned_blocker,0.7,0,False,False,3.562
odometry_pods,fast,30.0,unplanned_blocker,0.7,0,True,False,1.013
distance_sensors,fast,30.0,unplanned_blocker,0.7,0,False,False,5.068
apriltag,fast,30.0,unplanned_blocker,0.7,0,False,False,4.585
full_suite,fast,30.0,unplanned_blocker,0.7,0,True,False,1.028
dead_reckoning,fast,30.0,unplanned_blocker,0.7,1,False,False,1.316
odometry_pods,fast,30.0,unplanned_blocker,0.7,1,False,False,0.263
distance_sensors,fast,30.0,unplanned_blocker,0.7,1,True,False,3.5
apriltag,fast,30.0,unplanned_blocker,0.7,1,False,False,1.146
full_suite,fast,30.0,unplanned_blocker,0.7,1,True,False,0.663
dead_reckoning,fast,30.0,unplanned_blocker,0.7,2,False,False,0.953
odometry_pods,fast,30.0,unplanned_blocker,0.7,2,False,False,0.191
distance_sensors,fast,30.0,unplanned_blocker,0.7,2,False,False,2.927
apriltag,fast,30.0,unplanned_blocker,0.7,2,False,False,0.953
full_suite,fast,30.0,unplanned_blocker,0.7,2,True,False,0.411
dead_reckoning,fast,30.0,unplanned_blocker,0.7,3,False,False,7.704
odometry_pods,fast,30.0,unplanned_blocker,0.7,3,False,False,1.282
distance_sensors,fast,30.0,unplanned_blocker,0.7,3,False,False,18.009
apriltag,fast,30.0,unplanned_blocker,0.7,3,False,False,7.704
full_suite,fast,30.0,unplanned_blocker,0.7,3,False,False,1.432
dead_reckoning,fast,30.0,unplanned_blocker,0.7,4,False,False,6.578
odometry_pods,fast,30.0,unplanned_blocker,0.7,4,False,False,1.316
distance_sensors,fast,30.0,unplanned_blocker,0.7,4,False,False,5.782
apriltag,fast,30.0,unplanned_blocker,0.7,4,False,False,1.396
full_suite,fast,30.0,unplanned_blocker,0.7,4,False,False,1.301
dead_reckoning,fast,30.0,unplanned_blocker,0.7,5,True,False,2.825
odometry_pods,fast,30.0,unplanned_blocker,0.7,5,True,False,0.397
distance_sensors,fast,30.0,unplanned_blocker,0.7,5,True,False,1.824
apriltag,fast,30.0,unplanned_blocker,0.7,5,True,False,1.094
full_suite,fast,30.0,unplanned_blocker,0.7,5,True,False,0.556
dead_reckoning,fast,30.0,unplanned_blocker,0.7,6,False,False,3.519
odometry_pods,fast,30.0,unplanned_blocker,0.7,6,False,False,1.071
distance_sensors,fast,30.0,unplanned_blocker,0.7,6,False,False,5.258
apriltag,fast,30.0,unplanned_blocker,0.7,6,False,False,3.947
full_suite,fast,30.0,unplanned_blocker,0.7,6,True,False,0.275
dead_reckoning,fast,30.0,unplanned_blocker,0.7,7,False,False,9.203
odometry_pods,fast,30.0,unplanned_blocker,0.7,7,True,False,2.193
distance_sensors,fast,30.0,unplanned_blocker,0.7,7,False,False,6.777
apriltag,fast,30.0,unplanned_blocker,0.7,7,True,False,1.503
full_suite,fast,30.0,unplanned_blocker,0.7,7,True,False,0.163
dead_reckoning,fast,30.0,unplanned_blocker,0.7,8,False,False,8.343
odometry_pods,fast,30.0,unplanned_blocker,0.7,8,False,False,1.468
distance_sensors,fast,30.0,unplanned_blocker,0.7,8,False,False,0.0
apriltag,fast,30.0,unplanned_blocker,0.7,8,False,False,5.289
full_suite,fast,30.0,unplanned_blocker,0.7,8,False,False,0.0
dead_reckoning,fast,30.0,unplanned_blocker,0.7,9,False,False,3.329
odometry_pods,fast,30.0,unplanned_blocker,0.7,9,False,False,0.666
distance_sensors,fast,30.0,unplanned_blocker,0.7,9,False,False,3.785
apriltag,fast,30.0,unplanned_blocker,0.7,9,False,False,2.88
full_suite,fast,30.0,unplanned_blocker,0.7,9,True,False,0.233
dead_reckoning,fast,30.0,unplanned_blocker,0.7,10,False,False,6.002
odometry_pods,fast,30.0,unplanned_blocker,0.7,10,False,False,2.013
distance_sensors,fast,30.0,unplanned_blocker,0.7,10,True,False,14.057
apriltag,fast,30.0,unplanned_blocker,0.7,10,False,False,6.002
full_suite,fast,30.0,unplanned_blocker,0.7,10,True,False,0.637
dead_reckoning,fast,30.0,unplanned_blocker,0.7,11,False,False,7.64
odometry_pods,fast,30.0,unplanned_blocker,0.7,11,True,False,0.353
distance_sensors,fast,30.0,unplanned_blocker,0.7,11,False,False,6.996
apriltag,fast,30.0,unplanned_blocker,0.7,11,False,False,4.492
full_suite,fast,30.0,unplanned_blocker,0.7,11,True,False,1.773
dead_reckoning,fast,30.0,unplanned_blocker,0.7,12,False,False,0.219
odometry_pods,fast,30.0,unplanned_blocker,0.7,12,False,False,0.044
distance_sensors,fast,30.0,unplanned_blocker,0.7,12,False,False,12.331
apriltag,fast,30.0,unplanned_blocker,0.7,12,False,False,0.34
full_suite,fast,30.0,unplanned_blocker,0.7,12,True,False,0.948
dead_reckoning,fast,30.0,unplanned_blocker,0.7,13,False,False,10.856
odometry_pods,fast,30.0,unplanned_blocker,0.7,13,True,False,0.975
distance_sensors,fast,30.0,unplanned_blocker,0.7,13,False,False,0.0
apriltag,fast,30.0,unplanned_blocker,0.7,13,True,False,2.222
full_suite,fast,30.0,unplanned_blocker,0.7,13,False,False,0.0
dead_reckoning,fast,30.0,unplanned_blocker,0.7,14,True,False,7.685
odometry_pods,fast,30.0,unplanned_blocker,0.7,14,False,False,0.99
distance_sensors,fast,30.0,unplanned_blocker,0.7,14,False,False,0.0
apriltag,fast,30.0,unplanned_blocker,0.7,14,False,False,2.699
full_suite,fast,30.0,unplanned_blocker,0.7,14,False,False,0.0
dead_reckoning,fast,30.0,unplanned_blocker,0.9,0,False,False,0.491
odometry_pods,fast,30.0,unplanned_blocker,0.9,0,False,False,0.098
distance_sensors,fast,30.0,unplanned_blocker,0.9,0,False,False,6.422
apriltag,fast,30.0,unplanned_blocker,0.9,0,False,False,0.491
full_suite,fast,30.0,unplanned_blocker,0.9,0,True,False,1.502
dead_reckoning,fast,30.0,unplanned_blocker,0.9,1,False,False,4.498
odometry_pods,fast,30.0,unplanned_blocker,0.9,1,False,False,2.56
distance_sensors,fast,30.0,unplanned_blocker,0.9,1,False,False,2.111
apriltag,fast,30.0,unplanned_blocker,0.9,1,False,False,4.498
full_suite,fast,30.0,unplanned_blocker,0.9,1,False,False,0.422
dead_reckoning,fast,30.0,unplanned_blocker,0.9,2,False,False,11.464
odometry_pods,fast,30.0,unplanned_blocker,0.9,2,False,False,1.35
distance_sensors,fast,30.0,unplanned_blocker,0.9,2,False,False,4.619
apriltag,fast,30.0,unplanned_blocker,0.9,2,False,False,10.772
full_suite,fast,30.0,unplanned_blocker,0.9,2,True,False,1.147
dead_reckoning,fast,30.0,unplanned_blocker,0.9,3,False,False,5.091
odometry_pods,fast,30.0,unplanned_blocker,0.9,3,True,False,1.752
distance_sensors,fast,30.0,unplanned_blocker,0.9,3,False,False,4.844
apriltag,fast,30.0,unplanned_blocker,0.9,3,False,False,6.048
full_suite,fast,30.0,unplanned_blocker,0.9,3,True,False,2.488
dead_reckoning,fast,30.0,unplanned_blocker,0.9,4,False,False,0.953
odometry_pods,fast,30.0,unplanned_blocker,0.9,4,False,False,0.191
distance_sensors,fast,30.0,unplanned_blocker,0.9,4,False,False,4.915
apriltag,fast,30.0,unplanned_blocker,0.9,4,False,False,1.115
full_suite,fast,30.0,unplanned_blocker,0.9,4,True,False,1.75
dead_reckoning,fast,30.0,unplanned_blocker,0.9,5,False,False,0.866
odometry_pods,fast,30.0,unplanned_blocker,0.9,5,False,False,0.173
distance_sensors,fast,30.0,unplanned_blocker,0.9,5,False,False,9.125
apriltag,fast,30.0,unplanned_blocker,0.9,5,False,False,0.866
full_suite,fast,30.0,unplanned_blocker,0.9,5,True,False,1.041
dead_reckoning,fast,30.0,unplanned_blocker,0.9,6,False,False,5.007
odometry_pods,fast,30.0,unplanned_blocker,0.9,6,False,False,1.215
distance_sensors,fast,30.0,unplanned_blocker,0.9,6,False,False,9.677
apriltag,fast,30.0,unplanned_blocker,0.9,6,False,False,5.007
full_suite,fast,30.0,unplanned_blocker,0.9,6,True,False,0.627
dead_reckoning,fast,30.0,unplanned_blocker,0.9,7,False,False,7.665
odometry_pods,fast,30.0,unplanned_blocker,0.9,7,False,False,1.118
distance_sensors,fast,30.0,unplanned_blocker,0.9,7,False,False,5.115
apriltag,fast,30.0,unplanned_blocker,0.9,7,False,False,2.985
full_suite,fast,30.0,unplanned_blocker,0.9,7,True,False,0.672
dead_reckoning,fast,30.0,unplanned_blocker,0.9,8,False,False,7.351
odometry_pods,fast,30.0,unplanned_blocker,0.9,8,False,False,1.662
distance_sensors,fast,30.0,unplanned_blocker,0.9,8,False,False,0.0
apriltag,fast,30.0,unplanned_blocker,0.9,8,False,False,3.022
full_suite,fast,30.0,unplanned_blocker,0.9,8,False,False,0.0
dead_reckoning,fast,30.0,unplanned_blocker,0.9,9,False,False,0.0
odometry_pods,fast,30.0,unplanned_blocker,0.9,9,False,False,0.0
distance_sensors,fast,30.0,unplanned_blocker,0.9,9,False,False,0.0
apriltag,fast,30.0,unplanned_blocker,0.9,9,False,False,0.0
full_suite,fast,30.0,unplanned_blocker,0.9,9,False,False,0.0
dead_reckoning,fast,30.0,unplanned_blocker,0.9,10,False,False,0.0
odometry_pods,fast,30.0,unplanned_blocker,0.9,10,False,False,0.0
distance_sensors,fast,30.0,unplanned_blocker,0.9,10,True,False,2.061
apriltag,fast,30.0,unplanned_blocker,0.9,10,False,False,0.0
full_suite,fast,30.0,unplanned_blocker,0.9,10,True,False,0.967
dead_reckoning,fast,30.0,unplanned_blocker,0.9,11,False,False,2.735
odometry_pods,fast,30.0,unplanned_blocker,0.9,11,False,False,0.547
distance_sensors,fast,30.0,unplanned_blocker,0.9,11,True,False,2.716
apriltag,fast,30.0,unplanned_blocker,0.9,11,False,False,2.735
full_suite,fast,30.0,unplanned_blocker,0.9,11,True,False,0.404
dead_reckoning,fast,30.0,unplanned_blocker,0.9,12,False,False,15.93
odometry_pods,fast,30.0,unplanned_blocker,0.9,12,False,False,0.721
distance_sensors,fast,30.0,unplanned_blocker,0.9,12,False,False,9.514
apriltag,fast,30.0,unplanned_blocker,0.9,12,False,False,2.506
full_suite,fast,30.0,unplanned_blocker,0.9,12,True,False,0.486
dead_reckoning,fast,30.0,unplanned_blocker,0.9,13,False,False,11.339
odometry_pods,fast,30.0,unplanned_blocker,0.9,13,False,False,1.786
distance_sensors,fast,30.0,unplanned_blocker,0.9,13,False,False,7.379
apriltag,fast,30.0,unplanned_blocker,0.9,13,False,False,4.448
full_suite,fast,30.0,unplanned_blocker,0.9,13,True,False,0.449
dead_reckoning,fast,30.0,unplanned_blocker,0.9,14,False,False,8.512
odometry_pods,fast,30.0,unplanned_blocker,0.9,14,False,False,1.019
distance_sensors,fast,30.0,unplanned_blocker,0.9,14,False,False,6.465
apriltag,fast,30.0,unplanned_blocker,0.9,14,False,False,5.432
full_suite,fast,30.0,unplanned_blocker,0.9,14,True,False,0.879
dead_reckoning,fast,15.0,start_drift,0.3,0,False,False,16.674
odometry_pods,fast,15.0,start_drift,0.3,0,False,True,10.441
distance_sensors,fast,15.0,start_drift,0.3,0,False,False,15.115
apriltag,fast,15.0,start_drift,0.3,0,False,True,2.251
full_suite,fast,15.0,start_drift,0.3,0,False,False,0.602
dead_reckoning,fast,15.0,start_drift,0.3,1,False,False,15.305
odometry_pods,fast,15.0,start_drift,0.3,1,False,False,9.5
distance_sensors,fast,15.0,start_drift,0.3,1,False,False,8.485
apriltag,fast,15.0,start_drift,0.3,1,True,False,2.571
full_suite,fast,15.0,start_drift,0.3,1,False,False,8.485
dead_reckoning,fast,15.0,start_drift,0.3,2,False,False,9.032
odometry_pods,fast,15.0,start_drift,0.3,2,False,False,8.052
distance_sensors,fast,15.0,start_drift,0.3,2,False,False,5.178
apriltag,fast,15.0,start_drift,0.3,2,True,False,0.3
full_suite,fast,15.0,start_drift,0.3,2,True,False,0.322
dead_reckoning,fast,15.0,start_drift,0.3,3,False,False,9.496
odometry_pods,fast,15.0,start_drift,0.3,3,False,True,5.497
distance_sensors,fast,15.0,start_drift,0.3,3,False,False,5.154
apriltag,fast,15.0,start_drift,0.3,3,False,True,3.69
full_suite,fast,15.0,start_drift,0.3,3,False,False,0.536
dead_reckoning,fast,15.0,start_drift,0.3,4,False,False,9.059
odometry_pods,fast,15.0,start_drift,0.3,4,False,False,8.598
distance_sensors,fast,15.0,start_drift,0.3,4,False,False,11.597
apriltag,fast,15.0,start_drift,0.3,4,False,False,5.588
full_suite,fast,15.0,start_drift,0.3,4,False,False,1.8
dead_reckoning,fast,15.0,start_drift,0.3,5,False,False,7.701
odometry_pods,fast,15.0,start_drift,0.3,5,False,False,6.418
distance_sensors,fast,15.0,start_drift,0.3,5,False,False,7.42
apriltag,fast,15.0,start_drift,0.3,5,True,False,1.369
full_suite,fast,15.0,start_drift,0.3,5,False,False,6.067
dead_reckoning,fast,15.0,start_drift,0.3,6,False,False,10.058
odometry_pods,fast,15.0,start_drift,0.3,6,False,False,8.538
distance_sensors,fast,15.0,start_drift,0.3,6,False,False,9.401
apriltag,fast,15.0,start_drift,0.3,6,True,False,1.474
full_suite,fast,15.0,start_drift,0.3,6,True,False,4.015
dead_reckoning,fast,15.0,start_drift,0.3,7,False,False,5.099
odometry_pods,fast,15.0,start_drift,0.3,7,False,False,5.796
distance_sensors,fast,15.0,start_drift,0.3,7,False,False,4.769
apriltag,fast,15.0,start_drift,0.3,7,False,False,3.114
full_suite,fast,15.0,start_drift,0.3,7,False,False,5.726
dead_reckoning,fast,15.0,start_drift,0.3,8,False,False,3.733
odometry_pods,fast,15.0,start_drift,0.3,8,True,False,1.13
distance_sensors,fast,15.0,start_drift,0.3,8,False,False,4.389
apriltag,fast,15.0,start_drift,0.3,8,True,False,1.87
full_suite,fast,15.0,start_drift,0.3,8,True,False,0.561
dead_reckoning,fast,15.0,start_drift,0.3,9,False,False,10.605
odometry_pods,fast,15.0,start_drift,0.3,9,False,False,8.88
distance_sensors,fast,15.0,start_drift,0.3,9,False,False,8.485
apriltag,fast,15.0,start_drift,0.3,9,False,False,10.605
full_suite,fast,15.0,start_drift,0.3,9,False,False,8.485
dead_reckoning,fast,15.0,start_drift,0.3,10,False,False,16.335
odometry_pods,fast,15.0,start_drift,0.3,10,False,False,8.271
distance_sensors,fast,15.0,start_drift,0.3,10,False,False,12.87
apriltag,fast,15.0,start_drift,0.3,10,False,False,16.335
full_suite,fast,15.0,start_drift,0.3,10,True,False,0.717
dead_reckoning,fast,15.0,start_drift,0.3,11,False,False,8.701
odometry_pods,fast,15.0,start_drift,0.3,11,False,False,8.431
distance_sensors,fast,15.0,start_drift,0.3,11,False,False,10.335
apriltag,fast,15.0,start_drift,0.3,11,False,False,8.701
full_suite,fast,15.0,start_drift,0.3,11,True,False,1.016
dead_reckoning,fast,15.0,start_drift,0.3,12,False,False,11.766
odometry_pods,fast,15.0,start_drift,0.3,12,False,False,9.575
distance_sensors,fast,15.0,start_drift,0.3,12,False,False,10.058
apriltag,fast,15.0,start_drift,0.3,12,False,False,3.063
full_suite,fast,15.0,start_drift,0.3,12,False,False,8.796
dead_reckoning,fast,15.0,start_drift,0.3,13,False,False,9.683
odometry_pods,fast,15.0,start_drift,0.3,13,False,False,6.181
distance_sensors,fast,15.0,start_drift,0.3,13,False,False,6.517
apriltag,fast,15.0,start_drift,0.3,13,False,False,9.683
full_suite,fast,15.0,start_drift,0.3,13,False,False,3.278
dead_reckoning,fast,15.0,start_drift,0.3,14,False,False,9.165
odometry_pods,fast,15.0,start_drift,0.3,14,True,False,0.815
distance_sensors,fast,15.0,start_drift,0.3,14,False,False,10.264
apriltag,fast,15.0,start_drift,0.3,14,True,False,1.482
full_suite,fast,15.0,start_drift,0.3,14,True,False,0.186
dead_reckoning,fast,15.0,start_drift,0.5,0,False,False,17.808
odometry_pods,fast,15.0,start_drift,0.5,0,False,False,17.137
distance_sensors,fast,15.0,start_drift,0.5,0,False,False,23.521
apriltag,fast,15.0,start_drift,0.5,0,False,False,4.253
full_suite,fast,15.0,start_drift,0.5,0,True,False,1.342
dead_reckoning,fast,15.0,start_drift,0.5,1,False,False,12.757
odometry_pods,fast,15.0,start_drift,0.5,1,True,False,6.729
distance_sensors,fast,15.0,start_drift,0.5,1,False,False,9.573
apriltag,fast,15.0,start_drift,0.5,1,True,False,0.872
full_suite,fast,15.0,start_drift,0.5,1,False,False,0.321
dead_reckoning,fast,15.0,start_drift,0.5,2,False,False,10.452
odometry_pods,fast,15.0,start_drift,0.5,2,False,False,8.9
distance_sensors,fast,15.0,start_drift,0.5,2,False,False,12.842
apriltag,fast,15.0,start_drift,0.5,2,True,False,1.199
full_suite,fast,15.0,start_drift,0.5,2,False,False,0.526
dead_reckoning,fast,15.0,start_drift,0.5,3,False,False,11.96
odometry_pods,fast,15.0,start_drift,0.5,3,False,False,11.992
distance_sensors,fast,15.0,start_drift,0.5,3,False,False,11.026
apriltag,fast,15.0,start_drift,0.5,3,False,False,11.96
full_suite,fast,15.0,start_drift,0.5,3,True,False,11.707
dead_reckoning,fast,15.0,start_drift,0.5,4,False,False,13.847
odometry_pods,fast,15.0,start_drift,0.5,4,False,False,6.759
distance_sensors,fast,15.0,start_drift,0.5,4,True,False,7.994
apriltag,fast,15.0,start_drift,0.5,4,False,False,9.245
full_suite,fast,15.0,start_drift,0.5,4,False,False,4.515
dead_reckoning,fast,15.0,start_drift,0.5,5,False,False,11.31
odometry_pods,fast,15.0,start_drift,0.5,5,False,False,6.747
distance_sensors,fast,15.0,start_drift,0.5,5,False,False,6.0
apriltag,fast,15.0,start_drift,0.5,5,False,False,7.771
full_suite,fast,15.0,start_drift,0.5,5,False,False,6.0
dead_reckoning,fast,15.0,start_drift,0.5,6,False,False,27.271
odometry_pods,fast,15.0,start_drift,0.5,6,False,False,13.998
distance_sensors,fast,15.0,start_drift,0.5,6,False,False,26.075
apriltag,fast,15.0,start_drift,0.5,6,True,False,2.923
full_suite,fast,15.0,start_drift,0.5,6,False,False,0.044
dead_reckoning,fast,15.0,start_drift,0.5,7,False,False,17.646
odometry_pods,fast,15.0,start_drift,0.5,7,False,False,14.275
distance_sensors,fast,15.0,start_drift,0.5,7,False,False,17.551
apriltag,fast,15.0,start_drift,0.5,7,True,False,0.874
full_suite,fast,15.0,start_drift,0.5,7,True,False,0.734
dead_reckoning,fast,15.0,start_drift,0.5,8,False,True,3.509
odometry_pods,fast,15.0,start_drift,0.5,8,True,False,0.871
distance_sensors,fast,15.0,start_drift,0.5,8,True,False,2.422
apriltag,fast,15.0,start_drift,0.5,8,False,False,4.653
full_suite,fast,15.0,start_drift,0.5,8,False,False,0.38
dead_reckoning,fast,15.0,start_drift,0.5,9,False,False,9.376
odometry_pods,fast,15.0,start_drift,0.5,9,False,False,8.658
distance_sensors,fast,15.0,start_drift,0.5,9,False,False,11.044
apriltag,fast,15.0,start_drift,0.5,9,False,False,9.376
full_suite,fast,15.0,start_drift,0.5,9,False,False,0.323
dead_reckoning,fast,15.0,start_drift,0.5,10,False,False,13.416
odometry_pods,fast,15.0,start_drift,0.5,10,False,False,13.416
distance_sensors,fast,15.0,start_drift,0.5,10,False,False,12.93
apriltag,fast,15.0,start_drift,0.5,10,False,False,13.416
full_suite,fast,15.0,start_drift,0.5,10,False,False,13.316
dead_reckoning,fast,15.0,start_drift,0.5,11,False,False,15.76
odometry_pods,fast,15.0,start_drift,0.5,11,False,False,16.676
distance_sensors,fast,15.0,start_drift,0.5,11,False,False,18.028
apriltag,fast,15.0,start_drift,0.5,11,True,False,1.166
full_suite,fast,15.0,start_drift,0.5,11,True,False,0.556
dead_reckoning,fast,15.0,start_drift,0.5,12,True,False,8.032
odometry_pods,fast,15.0,start_drift,0.5,12,True,False,1.146
distance_sensors,fast,15.0,start_drift,0.5,12,False,False,6.167
apriltag,fast,15.0,start_drift,0.5,12,False,False,5.151
full_suite,fast,15.0,start_drift,0.5,12,True,False,0.725
dead_reckoning,fast,15.0,start_drift,0.5,13,False,False,14.287
odometry_pods,fast,15.0,start_drift,0.5,13,False,False,13.815
distance_sensors,fast,15.0,start_drift,0.5,13,False,False,11.757
apriltag,fast,15.0,start_drift,0.5,13,True,False,1.941
full_suite,fast,15.0,start_drift,0.5,13,False,False,9.506
dead_reckoning,fast,15.0,start_drift,0.5,14,False,False,12.471
odometry_pods,fast,15.0,start_drift,0.5,14,True,False,8.818
distance_sensors,fast,15.0,start_drift,0.5,14,False,False,10.835
apriltag,fast,15.0,start_drift,0.5,14,True,False,1.349
full_suite,fast,15.0,start_drift,0.5,14,True,False,0.468
dead_reckoning,fast,15.0,start_drift,0.7,0,False,False,13.636
odometry_pods,fast,15.0,start_drift,0.7,0,False,False,12.199
distance_sensors,fast,15.0,start_drift,0.7,0,False,False,20.761
apriltag,fast,15.0,start_drift,0.7,0,True,False,1.902
full_suite,fast,15.0,start_drift,0.7,0,False,False,4.013
dead_reckoning,fast,15.0,start_drift,0.7,1,False,False,9.712
odometry_pods,fast,15.0,start_drift,0.7,1,False,False,11.059
distance_sensors,fast,15.0,start_drift,0.7,1,False,False,7.623
apriltag,fast,15.0,start_drift,0.7,1,False,False,7.209
full_suite,fast,15.0,start_drift,0.7,1,False,False,6.247
dead_reckoning,fast,15.0,start_drift,0.7,2,True,False,8.759
odometry_pods,fast,15.0,start_drift,0.7,2,True,False,1.443
distance_sensors,fast,15.0,start_drift,0.7,2,False,False,3.8
apriltag,fast,15.0,start_drift,0.7,2,False,False,3.394
full_suite,fast,15.0,start_drift,0.7,2,True,False,0.278
dead_reckoning,fast,15.0,start_drift,0.7,3,False,False,13.185
odometry_pods,fast,15.0,start_drift,0.7,3,False,False,13.369
distance_sensors,fast,15.0,start_drift,0.7,3,False,False,12.474
apriltag,fast,15.0,start_drift,0.7,3,False,False,13.185
full_suite,fast,15.0,start_drift,0.7,3,False,False,6.435
dead_reckoning,fast,15.0,start_drift,0.7,4,False,False,7.176
odometry_pods,fast,15.0,start_drift,0.7,4,False,False,8.22
distance_sensors,fast,15.0,start_drift,0.7,4,False,False,7.769
apriltag,fast,15.0,start_drift,0.7,4,False,False,7.176
full_suite,fast,15.0,start_drift,0.7,4,False,False,8.342
dead_reckoning,fast,15.0,start_drift,0.7,5,False,False,8.485
odometry_pods,fast,15.0,start_drift,0.7,5,False,False,8.485
distance_sensors,fast,15.0,start_drift,0.7,5,False,False,11.438
apriltag,fast,15.0,start_drift,0.7,5,False,False,8.485
full_suite,fast,15.0,start_drift,0.7,5,True,False,0.692
dead_reckoning,fast,15.0,start_drift,0.7,6,False,False,12.743
odometry_pods,fast,15.0,start_drift,0.7,6,False,False,13.277
distance_sensors,fast,15.0,start_drift,0.7,6,False,False,10.656
apriltag,fast,15.0,start_drift,0.7,6,False,False,12.743
full_suite,fast,15.0,start_drift,0.7,6,False,False,5.802
dead_reckoning,fast,15.0,start_drift,0.7,7,False,False,4.57
odometry_pods,fast,15.0,start_drift,0.7,7,False,False,5.42
distance_sensors,fast,15.0,start_drift,0.7,7,False,False,6.0
apriltag,fast,15.0,start_drift,0.7,7,False,False,6.712
full_suite,fast,15.0,start_drift,0.7,7,False,False,6.0
dead_reckoning,fast,15.0,start_drift,0.7,8,False,False,11.727
odometry_pods,fast,15.0,start_drift,0.7,8,False,False,13.075
distance_sensors,fast,15.0,start_drift,0.7,8,False,False,11.556
apriltag,fast,15.0,start_drift,0.7,8,False,False,11.727
full_suite,fast,15.0,start_drift,0.7,8,False,False,13.176
dead_reckoning,fast,15.0,start_drift,0.7,9,False,False,15.964
odometry_pods,fast,15.0,start_drift,0.7,9,False,False,14.213
distance_sensors,fast,15.0,start_drift,0.7,9,False,False,13.416
apriltag,fast,15.0,start_drift,0.7,9,False,False,6.285
full_suite,fast,15.0,start_drift,0.7,9,False,False,9.452
dead_reckoning,fast,15.0,start_drift,0.7,10,False,False,15.68
odometry_pods,fast,15.0,start_drift,0.7,10,False,False,7.209
distance_sensors,fast,15.0,start_drift,0.7,10,False,False,11.336
apriltag,fast,15.0,start_drift,0.7,10,True,False,0.969
full_suite,fast,15.0,start_drift,0.7,10,True,False,1.025
dead_reckoning,fast,15.0,start_drift,0.7,11,True,False,4.09
odometry_pods,fast,15.0,start_drift,0.7,11,True,False,0.443
distance_sensors,fast,15.0,start_drift,0.7,11,False,False,1.648
apriltag,fast,15.0,start_drift,0.7,11,True,False,4.09
full_suite,fast,15.0,start_drift,0.7,11,False,False,0.33
dead_reckoning,fast,15.0,start_drift,0.7,12,False,False,11.559
odometry_pods,fast,15.0,start_drift,0.7,12,False,False,13.045
distance_sensors,fast,15.0,start_drift,0.7,12,False,False,16.153
apriltag,fast,15.0,start_drift,0.7,12,False,False,11.559
full_suite,fast,15.0,start_drift,0.7,12,False,False,13.479
dead_reckoning,fast,15.0,start_drift,0.7,13,False,False,5.753
odometry_pods,fast,15.0,start_drift,0.7,13,False,False,5.829
distance_sensors,fast,15.0,start_drift,0.7,13,False,False,7.145
apriltag,fast,15.0,start_drift,0.7,13,False,False,5.753
full_suite,fast,15.0,start_drift,0.7,13,False,False,6.22
dead_reckoning,fast,15.0,start_drift,0.7,14,False,False,14.942
odometry_pods,fast,15.0,start_drift,0.7,14,False,False,16.557
distance_sensors,fast,15.0,start_drift,0.7,14,False,False,16.971
apriltag,fast,15.0,start_drift,0.7,14,True,False,2.857
full_suite,fast,15.0,start_drift,0.7,14,False,False,10.908
dead_reckoning,fast,15.0,start_drift,0.9,0,False,False,21.907
odometry_pods,fast,15.0,start_drift,0.9,0,False,False,21.683
distance_sensors,fast,15.0,start_drift,0.9,0,False,False,17.559
apriltag,fast,15.0,start_drift,0.9,0,False,False,21.907
full_suite,fast,15.0,start_drift,0.9,0,False,False,1.18
dead_reckoning,fast,15.0,start_drift,0.9,1,False,False,18.918
odometry_pods,fast,15.0,start_drift,0.9,1,False,False,17.03
distance_sensors,fast,15.0,start_drift,0.9,1,True,False,19.824
apriltag,fast,15.0,start_drift,0.9,1,False,False,5.498
full_suite,fast,15.0,start_drift,0.9,1,True,False,2.795
dead_reckoning,fast,15.0,start_drift,0.9,2,False,False,8.507
odometry_pods,fast,15.0,start_drift,0.9,2,False,False,8.158
distance_sensors,fast,15.0,start_drift,0.9,2,False,False,7.944
apriltag,fast,15.0,start_drift,0.9,2,True,False,3.633
full_suite,fast,15.0,start_drift,0.9,2,True,False,2.693
dead_reckoning,fast,15.0,start_drift,0.9,3,False,False,18.974
odometry_pods,fast,15.0,start_drift,0.9,3,False,False,18.974
distance_sensors,fast,15.0,start_drift,0.9,3,False,False,17.467
apriltag,fast,15.0,start_drift,0.9,3,False,False,18.974
full_suite,fast,15.0,start_drift,0.9,3,False,False,0.932
dead_reckoning,fast,15.0,start_drift,0.9,4,False,False,18.138
odometry_pods,fast,15.0,start_drift,0.9,4,False,False,17.193
distance_sensors,fast,15.0,start_drift,0.9,4,False,False,19.754
apriltag,fast,15.0,start_drift,0.9,4,False,False,18.138
full_suite,fast,15.0,start_drift,0.9,4,False,False,0.346
dead_reckoning,fast,15.0,start_drift,0.9,5,False,False,22.751
odometry_pods,fast,15.0,start_drift,0.9,5,False,False,18.184
distance_sensors,fast,15.0,start_drift,0.9,5,False,False,21.186
apriltag,fast,15.0,start_drift,0.9,5,False,False,22.751
full_suite,fast,15.0,start_drift,0.9,5,False,False,1.027
dead_reckoning,fast,15.0,start_drift,0.9,6,False,False,13.845
odometry_pods,fast,15.0,start_drift,0.9,6,False,False,13.495
distance_sensors,fast,15.0,start_drift,0.9,6,False,False,13.416
apriltag,fast,15.0,start_drift,0.9,6,True,False,3.48
full_suite,fast,15.0,start_drift,0.9,6,False,False,9.155
dead_reckoning,fast,15.0,start_drift,0.9,7,False,False,21.633
odometry_pods,fast,15.0,start_drift,0.9,7,False,False,21.633
distance_sensors,fast,15.0,start_drift,0.9,7,False,False,25.383
apriltag,fast,15.0,start_drift,0.9,7,False,False,21.633
full_suite,fast,15.0,start_drift,0.9,7,False,False,10.255
dead_reckoning,fast,15.0,start_drift,0.9,8,False,False,6.038
odometry_pods,fast,15.0,start_drift,0.9,8,False,False,6.393
distance_sensors,fast,15.0,start_drift,0.9,8,False,False,6.903
apriltag,fast,15.0,start_drift,0.9,8,False,False,6.038
full_suite,fast,15.0,start_drift,0.9,8,True,False,1.243
dead_reckoning,fast,15.0,start_drift,0.9,9,False,False,21.974
odometry_pods,fast,15.0,start_drift,0.9,9,False,False,21.701
distance_sensors,fast,15.0,start_drift,0.9,9,False,False,21.974
apriltag,fast,15.0,start_drift,0.9,9,False,False,21.974
full_suite,fast,15.0,start_drift,0.9,9,False,False,11.411
dead_reckoning,fast,15.0,start_drift,0.9,10,False,False,16.952
odometry_pods,fast,15.0,start_drift,0.9,10,False,False,14.982
distance_sensors,fast,15.0,start_drift,0.9,10,False,False,23.896
apriltag,fast,15.0,start_drift,0.9,10,False,False,4.809
full_suite,fast,15.0,start_drift,0.9,10,False,False,0.695
dead_reckoning,fast,15.0,start_drift,0.9,11,False,False,24.201
odometry_pods,fast,15.0,start_drift,0.9,11,False,False,21.746
distance_sensors,fast,15.0,start_drift,0.9,11,False,False,24.156
apriltag,fast,15.0,start_drift,0.9,11,False,False,24.201
full_suite,fast,15.0,start_drift,0.9,11,False,False,21.916
dead_reckoning,fast,15.0,start_drift,0.9,12,False,False,19.479
odometry_pods,fast,15.0,start_drift,0.9,12,False,False,10.89
distance_sensors,fast,15.0,start_drift,0.9,12,False,False,19.057
apriltag,fast,15.0,start_drift,0.9,12,True,False,2.34
full_suite,fast,15.0,start_drift,0.9,12,True,False,7.402
dead_reckoning,fast,15.0,start_drift,0.9,13,False,False,5.427
odometry_pods,fast,15.0,start_drift,0.9,13,False,False,7.296
distance_sensors,fast,15.0,start_drift,0.9,13,False,False,6.686
apriltag,fast,15.0,start_drift,0.9,13,False,False,5.427
full_suite,fast,15.0,start_drift,0.9,13,False,False,7.476
dead_reckoning,fast,15.0,start_drift,0.9,14,False,False,16.05
odometry_pods,fast,15.0,start_drift,0.9,14,False,False,13.905
distance_sensors,fast,15.0,start_drift,0.9,14,False,False,16.29
apriltag,fast,15.0,start_drift,0.9,14,True,False,2.524
full_suite,fast,15.0,start_drift,0.9,14,False,False,0.148
dead_reckoning,fast,15.0,obstacle_drift,0.3,0,False,False,5.904
odometry_pods,fast,15.0,obstacle_drift,0.3,0,True,False,1.572
distance_sensors,fast,15.0,obstacle_drift,0.3,0,False,False,2.625
apriltag,fast,15.0,obstacle_drift,0.3,0,True,False,2.906
full_suite,fast,15.0,obstacle_drift,0.3,0,False,False,0.525
dead_reckoning,fast,15.0,obstacle_drift,0.3,1,False,False,2.546
odometry_pods,fast,15.0,obstacle_drift,0.3,1,True,False,0.123
distance_sensors,fast,15.0,obstacle_drift,0.3,1,False,False,4.911
apriltag,fast,15.0,obstacle_drift,0.3,1,False,False,6.496
full_suite,fast,15.0,obstacle_drift,0.3,1,True,False,0.607
dead_reckoning,fast,15.0,obstacle_drift,0.3,2,True,False,1.325
odometry_pods,fast,15.0,obstacle_drift,0.3,2,True,False,0.265
distance_sensors,fast,15.0,obstacle_drift,0.3,2,True,False,2.06
apriltag,fast,15.0,obstacle_drift,0.3,2,True,False,0.888
full_suite,fast,15.0,obstacle_drift,0.3,2,True,False,0.133
dead_reckoning,fast,15.0,obstacle_drift,0.3,3,False,False,8.409
odometry_pods,fast,15.0,obstacle_drift,0.3,3,True,False,1.474
distance_sensors,fast,15.0,obstacle_drift,0.3,3,False,False,8.657
apriltag,fast,15.0,obstacle_drift,0.3,3,True,False,1.753
full_suite,fast,15.0,obstacle_drift,0.3,3,True,False,0.817
dead_reckoning,fast,15.0,obstacle_drift,0.3,4,False,False,4.895
odometry_pods,fast,15.0,obstacle_drift,0.3,4,False,True,3.485
distance_sensors,fast,15.0,obstacle_drift,0.3,4,False,False,4.895
apriltag,fast,15.0,obstacle_drift,0.3,4,False,False,4.895
full_suite,fast,15.0,obstacle_drift,0.3,4,False,True,1.39
dead_reckoning,fast,15.0,obstacle_drift,0.3,5,False,False,0.0
odometry_pods,fast,15.0,obstacle_drift,0.3,5,False,False,0.0
distance_sensors,fast,15.0,obstacle_drift,0.3,5,False,False,2.455
apriltag,fast,15.0,obstacle_drift,0.3,5,False,False,0.0
full_suite,fast,15.0,obstacle_drift,0.3,5,True,False,0.364
dead_reckoning,fast,15.0,obstacle_drift,0.3,6,False,True,6.179
odometry_pods,fast,15.0,obstacle_drift,0.3,6,False,True,1.784
distance_sensors,fast,15.0,obstacle_drift,0.3,6,False,False,10.758
apriltag,fast,15.0,obstacle_drift,0.3,6,False,True,3.748
full_suite,fast,15.0,obstacle_drift,0.3,6,False,True,0.557
dead_reckoning,fast,15.0,obstacle_drift,0.3,7,False,False,5.701
odometry_pods,fast,15.0,obstacle_drift,0.3,7,True,False,0.129
distance_sensors,fast,15.0,obstacle_drift,0.3,7,False,False,6.09
apriltag,fast,15.0,obstacle_drift,0.3,7,True,False,2.148
full_suite,fast,15.0,obstacle_drift,0.3,7,True,False,0.277
dead_reckoning,fast,15.0,obstacle_drift,0.3,8,False,False,3.128
odometry_pods,fast,15.0,obstacle_drift,0.3,8,True,False,0.624
distance_sensors,fast,15.0,obstacle_drift,0.3,8,True,False,2.383
apriltag,fast,15.0,obstacle_drift,0.3,8,False,False,3.128
full_suite,fast,15.0,obstacle_drift,0.3,8,True,False,0.477
dead_reckoning,fast,15.0,obstacle_drift,0.3,9,False,False,4.923
odometry_pods,fast,15.0,obstacle_drift,0.3,9,True,False,0.443
distance_sensors,fast,15.0,obstacle_drift,0.3,9,False,False,4.923
apriltag,fast,15.0,obstacle_drift,0.3,9,False,False,2.585
full_suite,fast,15.0,obstacle_drift,0.3,9,True,False,0.175
dead_reckoning,fast,15.0,obstacle_drift,0.3,10,False,False,5.041
odometry_pods,fast,15.0,obstacle_drift,0.3,10,True,False,2.441
distance_sensors,fast,15.0,obstacle_drift,0.3,10,False,False,4.564
apriltag,fast,15.0,obstacle_drift,0.3,10,False,False,11.457
full_suite,fast,15.0,obstacle_drift,0.3,10,True,False,1.469
dead_reckoning,fast,15.0,obstacle_drift,0.3,11,True,False,2.856
odometry_pods,fast,15.0,obstacle_drift,0.3,11,True,False,0.571
distance_sensors,fast,15.0,obstacle_drift,0.3,11,True,False,3.104
apriltag,fast,15.0,obstacle_drift,0.3,11,True,False,2.856
full_suite,fast,15.0,obstacle_drift,0.3,11,True,False,0.621
dead_reckoning,fast,15.0,obstacle_drift,0.3,12,False,False,4.651
odometry_pods,fast,15.0,obstacle_drift,0.3,12,True,False,0.325
distance_sensors,fast,15.0,obstacle_drift,0.3,12,False,False,3.515
apriltag,fast,15.0,obstacle_drift,0.3,12,True,False,2.465
full_suite,fast,15.0,obstacle_drift,0.3,12,False,False,0.703
dead_reckoning,fast,15.0,obstacle_drift,0.3,13,True,False,1.404
odometry_pods,fast,15.0,obstacle_drift,0.3,13,True,False,0.281
distance_sensors,fast,15.0,obstacle_drift,0.3,13,True,False,0.902
apriltag,fast,15.0,obstacle_drift,0.3,13,True,False,1.227
full_suite,fast,15.0,obstacle_drift,0.3,13,True,False,0.199
dead_reckoning,fast,15.0,obstacle_drift,0.3,14,False,False,8.789
odometry_pods,fast,15.0,obstacle_drift,0.3,14,True,False,2.374
distance_sensors,fast,15.0,obstacle_drift,0.3,14,False,False,13.441
apriltag,fast,15.0,obstacle_drift,0.3,14,False,False,10.685
full_suite,fast,15.0,obstacle_drift,0.3,14,True,False,2.377
dead_reckoning,fast,15.0,obstacle_drift,0.5,0,False,False,9.513
odometry_pods,fast,15.0,obstacle_drift,0.5,0,True,False,0.89
distance_sensors,fast,15.0,obstacle_drift,0.5,0,False,False,1.614
apriltag,fast,15.0,obstacle_drift,0.5,0,True,False,3.615
full_suite,fast,15.0,obstacle_drift,0.5,0,False,False,0.323
dead_reckoning,fast,15.0,obstacle_drift,0.5,1,False,False,4.203
odometry_pods,fast,15.0,obstacle_drift,0.5,1,True,False,0.639
distance_sensors,fast,15.0,obstacle_drift,0.5,1,True,False,3.563
apriltag,fast,15.0,obstacle_drift,0.5,1,True,False,0.731
full_suite,fast,15.0,obstacle_drift,0.5,1,True,False,0.169
dead_reckoning,fast,15.0,obstacle_drift,0.5,2,True,False,2.446
odometry_pods,fast,15.0,obstacle_drift,0.5,2,True,False,0.466
distance_sensors,fast,15.0,obstacle_drift,0.5,2,False,False,5.157
apriltag,fast,15.0,obstacle_drift,0.5,2,True,False,2.153
full_suite,fast,15.0,obstacle_drift,0.5,2,True,False,0.139
dead_reckoning,fast,15.0,obstacle_drift,0.5,3,True,False,1.03
odometry_pods,fast,15.0,obstacle_drift,0.5,3,True,False,0.206
distance_sensors,fast,15.0,obstacle_drift,0.5,3,True,False,1.03
apriltag,fast,15.0,obstacle_drift,0.5,3,True,False,1.03
full_suite,fast,15.0,obstacle_drift,0.5,3,True,False,0.206
dead_reckoning,fast,15.0,obstacle_drift,0.5,4,False,False,6.504
odometry_pods,fast,15.0,obstacle_drift,0.5,4,True,False,1.174
distance_sensors,fast,15.0,obstacle_drift,0.5,4,False,False,8.235
apriltag,fast,15.0,obstacle_drift,0.5,4,False,False,3.582
full_suite,fast,15.0,obstacle_drift,0.5,4,True,False,0.717
dead_reckoning,fast,15.0,obstacle_drift,0.5,5,False,False,2.589
odometry_pods,fast,15.0,obstacle_drift,0.5,5,True,False,0.497
distance_sensors,fast,15.0,obstacle_drift,0.5,5,False,False,5.631
apriltag,fast,15.0,obstacle_drift,0.5,5,True,False,1.004
full_suite,fast,15.0,obstacle_drift,0.5,5,True,False,0.542
dead_reckoning,fast,15.0,obstacle_drift,0.5,6,False,False,3.994
odometry_pods,fast,15.0,obstacle_drift,0.5,6,True,False,0.724
distance_sensors,fast,15.0,obstacle_drift,0.5,6,True,False,1.98
apriltag,fast,15.0,obstacle_drift,0.5,6,True,False,3.36
full_suite,fast,15.0,obstacle_drift,0.5,6,True,False,0.418
dead_reckoning,fast,15.0,obstacle_drift,0.5,7,False,False,7.802
odometry_pods,fast,15.0,obstacle_drift,0.5,7,True,False,1.068
distance_sensors,fast,15.0,obstacle_drift,0.5,7,False,False,1.499
apriltag,fast,15.0,obstacle_drift,0.5,7,True,False,2.588
full_suite,fast,15.0,obstacle_drift,0.5,7,False,False,0.3
dead_reckoning,fast,15.0,obstacle_drift,0.5,8,False,False,9.32
odometry_pods,fast,15.0,obstacle_drift,0.5,8,True,False,0.489
distance_sensors,fast,15.0,obstacle_drift,0.5,8,False,False,1.769
apriltag,fast,15.0,obstacle_drift,0.5,8,False,False,6.702
full_suite,fast,15.0,obstacle_drift,0.5,8,False,False,0.109
dead_reckoning,fast,15.0,obstacle_drift,0.5,9,True,False,2.189
odometry_pods,fast,15.0,obstacle_drift,0.5,9,True,False,0.438
distance_sensors,fast,15.0,obstacle_drift,0.5,9,True,False,2.189
apriltag,fast,15.0,obstacle_drift,0.5,9,True,False,1.099
full_suite,fast,15.0,obstacle_drift,0.5,9,True,False,0.22
dead_reckoning,fast,15.0,obstacle_drift,0.5,10,False,False,4.167
odometry_pods,fast,15.0,obstacle_drift,0.5,10,True,False,0.126
distance_sensors,fast,15.0,obstacle_drift,0.5,10,False,False,3.541
apriltag,fast,15.0,obstacle_drift,0.5,10,False,False,4.167
full_suite,fast,15.0,obstacle_drift,0.5,10,True,False,0.778
dead_reckoning,fast,15.0,obstacle_drift,0.5,11,False,False,5.234
odometry_pods,fast,15.0,obstacle_drift,0.5,11,False,True,1.281
distance_sensors,fast,15.0,obstacle_drift,0.5,11,False,False,0.0
apriltag,fast,15.0,obstacle_drift,0.5,11,False,False,5.234
full_suite,fast,15.0,obstacle_drift,0.5,11,False,False,0.0
dead_reckoning,fast,15.0,obstacle_drift,0.5,12,True,False,3.453
odometry_pods,fast,15.0,obstacle_drift,0.5,12,True,False,0.691
distance_sensors,fast,15.0,obstacle_drift,0.5,12,True,False,2.559
apriltag,fast,15.0,obstacle_drift,0.5,12,True,False,4.425
full_suite,fast,15.0,obstacle_drift,0.5,12,True,False,0.436
dead_reckoning,fast,15.0,obstacle_drift,0.5,13,False,False,7.767
odometry_pods,fast,15.0,obstacle_drift,0.5,13,False,True,1.397
distance_sensors,fast,15.0,obstacle_drift,0.5,13,False,False,4.299
apriltag,fast,15.0,obstacle_drift,0.5,13,False,False,7.767
full_suite,fast,15.0,obstacle_drift,0.5,13,False,False,0.486
dead_reckoning,fast,15.0,obstacle_drift,0.5,14,True,False,5.273
odometry_pods,fast,15.0,obstacle_drift,0.5,14,True,False,0.874
distance_sensors,fast,15.0,obstacle_drift,0.5,14,False,False,6.116
apriltag,fast,15.0,obstacle_drift,0.5,14,True,False,1.292
full_suite,fast,15.0,obstacle_drift,0.5,14,True,False,0.364
dead_reckoning,fast,15.0,obstacle_drift,0.7,0,False,False,4.202
odometry_pods,fast,15.0,obstacle_drift,0.7,0,True,False,0.423
distance_sensors,fast,15.0,obstacle_drift,0.7,0,False,False,2.586
apriltag,fast,15.0,obstacle_drift,0.7,0,False,False,4.202
full_suite,fast,15.0,obstacle_drift,0.7,0,False,False,0.331
dead_reckoning,fast,15.0,obstacle_drift,0.7,1,False,True,8.782
odometry_pods,fast,15.0,obstacle_drift,0.7,1,False,True,1.845
distance_sensors,fast,15.0,obstacle_drift,0.7,1,True,False,5.16
apriltag,fast,15.0,obstacle_drift,0.7,1,False,False,4.81
full_suite,fast,15.0,obstacle_drift,0.7,1,False,True,0.341
dead_reckoning,fast,15.0,obstacle_drift,0.7,2,False,False,5.438
odometry_pods,fast,15.0,obstacle_drift,0.7,2,True,False,0.976
distance_sensors,fast,15.0,obstacle_drift,0.7,2,True,False,4.418
apriltag,fast,15.0,obstacle_drift,0.7,2,True,False,3.641
full_suite,fast,15.0,obstacle_drift,0.7,2,True,False,0.851
dead_reckoning,fast,15.0,obstacle_drift,0.7,3,True,False,3.791
odometry_pods,fast,15.0,obstacle_drift,0.7,3,True,False,0.932
distance_sensors,fast,15.0,obstacle_drift,0.7,3,False,False,0.0
apriltag,fast,15.0,obstacle_drift,0.7,3,True,False,1.538
full_suite,fast,15.0,obstacle_drift,0.7,3,False,False,0.0
dead_reckoning,fast,15.0,obstacle_drift,0.7,4,False,False,10.757
odometry_pods,fast,15.0,obstacle_drift,0.7,4,True,False,1.824
distance_sensors,fast,15.0,obstacle_drift,0.7,4,False,False,10.06
apriltag,fast,15.0,obstacle_drift,0.7,4,False,False,10.757
full_suite,fast,15.0,obstacle_drift,0.7,4,True,False,2.658
dead_reckoning,fast,15.0,obstacle_drift,0.7,5,False,False,4.837
odometry_pods,fast,15.0,obstacle_drift,0.7,5,True,False,0.738
distance_sensors,fast,15.0,obstacle_drift,0.7,5,True,False,3.875
apriltag,fast,15.0,obstacle_drift,0.7,5,True,False,0.505
full_suite,fast,15.0,obstacle_drift,0.7,5,True,False,0.12
dead_reckoning,fast,15.0,obstacle_drift,0.7,6,False,False,6.625
odometry_pods,fast,15.0,obstacle_drift,0.7,6,True,False,1.176
distance_sensors,fast,15.0,obstacle_drift,0.7,6,False,False,0.0
apriltag,fast,15.0,obstacle_drift,0.7,6,False,False,6.625
full_suite,fast,15.0,obstacle_drift,0.7,6,False,False,0.0
dead_reckoning,fast,15.0,obstacle_drift,0.7,7,False,False,13.109
odometry_pods,fast,15.0,obstacle_drift,0.7,7,True,False,2.256
distance_sensors,fast,15.0,obstacle_drift,0.7,7,False,False,11.767
apriltag,fast,15.0,obstacle_drift,0.7,7,False,False,2.279
full_suite,fast,15.0,obstacle_drift,0.7,7,True,False,0.443
dead_reckoning,fast,15.0,obstacle_drift,0.7,8,False,False,7.34
odometry_pods,fast,15.0,obstacle_drift,0.7,8,True,False,0.675
distance_sensors,fast,15.0,obstacle_drift,0.7,8,False,False,7.204
apriltag,fast,15.0,obstacle_drift,0.7,8,True,False,4.811
full_suite,fast,15.0,obstacle_drift,0.7,8,True,False,0.287
dead_reckoning,fast,15.0,obstacle_drift,0.7,9,False,False,5.975
odometry_pods,fast,15.0,obstacle_drift,0.7,9,True,False,0.89
distance_sensors,fast,15.0,obstacle_drift,0.7,9,False,False,6.768
apriltag,fast,15.0,obstacle_drift,0.7,9,True,False,4.25
full_suite,fast,15.0,obstacle_drift,0.7,9,True,False,0.875
dead_reckoning,fast,15.0,obstacle_drift,0.7,10,False,False,8.667
odometry_pods,fast,15.0,obstacle_drift,0.7,10,True,False,1.503
distance_sensors,fast,15.0,obstacle_drift,0.7,10,False,False,0.0
apriltag,fast,15.0,obstacle_drift,0.7,10,True,False,3.469
full_suite,fast,15.0,obstacle_drift,0.7,10,False,False,0.0
dead_reckoning,fast,15.0,obstacle_drift,0.7,11,False,False,7.812
odometry_pods,fast,15.0,obstacle_drift,0.7,11,False,False,0.652
distance_sensors,fast,15.0,obstacle_drift,0.7,11,False,False,2.472
apriltag,fast,15.0,obstacle_drift,0.7,11,False,False,0.857
full_suite,fast,15.0,obstacle_drift,0.7,11,False,False,0.565
dead_reckoning,fast,15.0,obstacle_drift,0.7,12,False,False,2.35
odometry_pods,fast,15.0,obstacle_drift,0.7,12,False,False,0.47
distance_sensors,fast,15.0,obstacle_drift,0.7,12,False,False,1.214
apriltag,fast,15.0,obstacle_drift,0.7,12,False,False,2.35
full_suite,fast,15.0,obstacle_drift,0.7,12,False,False,0.243
dead_reckoning,fast,15.0,obstacle_drift,0.7,13,False,False,10.767
odometry_pods,fast,15.0,obstacle_drift,0.7,13,False,True,2.422
distance_sensors,fast,15.0,obstacle_drift,0.7,13,False,False,2.306
apriltag,fast,15.0,obstacle_drift,0.7,13,False,True,1.748
full_suite,fast,15.0,obstacle_drift,0.7,13,False,False,0.461
dead_reckoning,fast,15.0,obstacle_drift,0.7,14,True,False,6.589
odometry_pods,fast,15.0,obstacle_drift,0.7,14,True,False,1.36
distance_sensors,fast,15.0,obstacle_drift,0.7,14,False,False,0.0
apriltag,fast,15.0,obstacle_drift,0.7,14,False,False,6.912
full_suite,fast,15.0,obstacle_drift,0.7,14,False,False,0.0
dead_reckoning,fast,15.0,obstacle_drift,0.9,0,False,False,10.132
odometry_pods,fast,15.0,obstacle_drift,0.9,0,True,False,1.435
distance_sensors,fast,15.0,obstacle_drift,0.9,0,False,False,3.45
apriltag,fast,15.0,obstacle_drift,0.9,0,False,False,10.132
full_suite,fast,15.0,obstacle_drift,0.9,0,True,False,0.593
dead_reckoning,fast,15.0,obstacle_drift,0.9,1,False,False,2.59
odometry_pods,fast,15.0,obstacle_drift,0.9,1,False,False,0.518
distance_sensors,fast,15.0,obstacle_drift,0.9,1,False,False,9.737
apriltag,fast,15.0,obstacle_drift,0.9,1,False,False,0.448
full_suite,fast,15.0,obstacle_drift,0.9,1,True,False,0.365
dead_reckoning,fast,15.0,obstacle_drift,0.9,2,False,False,7.217
odometry_pods,fast,15.0,obstacle_drift,0.9,2,True,False,0.956
distance_sensors,fast,15.0,obstacle_drift,0.9,2,False,False,10.05
apriltag,fast,15.0,obstacle_drift,0.9,2,True,False,2.545
full_suite,fast,15.0,obstacle_drift,0.9,2,True,False,0.947
dead_reckoning,fast,15.0,obstacle_drift,0.9,3,False,False,12.854
odometry_pods,fast,15.0,obstacle_drift,0.9,3,True,False,2.176
distance_sensors,fast,15.0,obstacle_drift,0.9,3,False,False,0.0
apriltag,fast,15.0,obstacle_drift,0.9,3,False,False,3.73
full_suite,fast,15.0,obstacle_drift,0.9,3,False,False,0.0
dead_reckoning,fast,15.0,obstacle_drift,0.9,4,False,True,10.406
odometry_pods,fast,15.0,obstacle_drift,0.9,4,True,False,2.899
distance_sensors,fast,15.0,obstacle_drift,0.9,4,False,False,6.06
apriltag,fast,15.0,obstacle_drift,0.9,4,False,True,0.932
full_suite,fast,15.0,obstacle_drift,0.9,4,False,False,1.232
dead_reckoning,fast,15.0,obstacle_drift,0.9,5,False,False,8.844
odometry_pods,fast,15.0,obstacle_drift,0.9,5,True,False,1.394
distance_sensors,fast,15.0,obstacle_drift,0.9,5,False,False,6.099
apriltag,fast,15.0,obstacle_drift,0.9,5,True,False,4.419
full_suite,fast,15.0,obstacle_drift,0.9,5,True,False,0.735
dead_reckoning,fast,15.0,obstacle_drift,0.9,6,False,False,10.235
odometry_pods,fast,15.0,obstacle_drift,0.9,6,True,False,1.734
distance_sensors,fast,15.0,obstacle_drift,0.9,6,False,False,8.359
apriltag,fast,15.0,obstacle_drift,0.9,6,True,False,2.865
full_suite,fast,15.0,obstacle_drift,0.9,6,True,False,0.45
dead_reckoning,fast,15.0,obstacle_drift,0.9,7,False,False,5.844
odometry_pods,fast,15.0,obstacle_drift,0.9,7,True,False,2.169
distance_sensors,fast,15.0,obstacle_drift,0.9,7,False,False,8.062
apriltag,fast,15.0,obstacle_drift,0.9,7,False,False,3.639
full_suite,fast,15.0,obstacle_drift,0.9,7,True,False,2.199
dead_reckoning,fast,15.0,obstacle_drift,0.9,8,False,False,6.301
odometry_pods,fast,15.0,obstacle_drift,0.9,8,True,False,1.439
distance_sensors,fast,15.0,obstacle_drift,0.9,8,False,False,5.727
apriltag,fast,15.0,obstacle_drift,0.9,8,True,False,3.034
full_suite,fast,15.0,obstacle_drift,0.9,8,True,False,0.074
dead_reckoning,fast,15.0,obstacle_drift,0.9,9,False,False,11.904
odometry_pods,fast,15.0,obstacle_drift,0.9,9,False,True,0.858
distance_sensors,fast,15.0,obstacle_drift,0.9,9,False,False,12.294
apriltag,fast,15.0,obstacle_drift,0.9,9,False,True,8.246
full_suite,fast,15.0,obstacle_drift,0.9,9,True,False,0.68
dead_reckoning,fast,15.0,obstacle_drift,0.9,10,True,False,3.167
odometry_pods,fast,15.0,obstacle_drift,0.9,10,True,False,0.466
distance_sensors,fast,15.0,obstacle_drift,0.9,10,True,False,3.073
apriltag,fast,15.0,obstacle_drift,0.9,10,True,False,3.547
full_suite,fast,15.0,obstacle_drift,0.9,10,True,False,0.632
dead_reckoning,fast,15.0,obstacle_drift,0.9,11,True,False,4.013
odometry_pods,fast,15.0,obstacle_drift,0.9,11,True,False,0.797
distance_sensors,fast,15.0,obstacle_drift,0.9,11,True,False,2.621
apriltag,fast,15.0,obstacle_drift,0.9,11,True,False,3.133
full_suite,fast,15.0,obstacle_drift,0.9,11,True,False,0.683
dead_reckoning,fast,15.0,obstacle_drift,0.9,12,False,True,12.49
odometry_pods,fast,15.0,obstacle_drift,0.9,12,False,True,2.524
distance_sensors,fast,15.0,obstacle_drift,0.9,12,False,False,13.192
apriltag,fast,15.0,obstacle_drift,0.9,12,False,True,1.851
full_suite,fast,15.0,obstacle_drift,0.9,12,False,True,0.879
dead_reckoning,fast,15.0,obstacle_drift,0.9,13,False,False,7.44
odometry_pods,fast,15.0,obstacle_drift,0.9,13,True,False,0.333
distance_sensors,fast,15.0,obstacle_drift,0.9,13,False,False,7.348
apriltag,fast,15.0,obstacle_drift,0.9,13,False,True,6.357
full_suite,fast,15.0,obstacle_drift,0.9,13,True,False,0.73
dead_reckoning,fast,15.0,obstacle_drift,0.9,14,True,False,2.295
odometry_pods,fast,15.0,obstacle_drift,0.9,14,True,False,0.668
distance_sensors,fast,15.0,obstacle_drift,0.9,14,True,False,2.295
apriltag,fast,15.0,obstacle_drift,0.9,14,True,False,2.07
full_suite,fast,15.0,obstacle_drift,0.9,14,True,False,0.726
dead_reckoning,fast,15.0,unplanned_blocker,0.3,0,False,False,10.705
odometry_pods,fast,15.0,unplanned_blocker,0.3,0,True,False,0.97
distance_sensors,fast,15.0,unplanned_blocker,0.3,0,False,False,0.0
apriltag,fast,15.0,unplanned_blocker,0.3,0,False,False,3.504
full_suite,fast,15.0,unplanned_blocker,0.3,0,False,False,0.0
dead_reckoning,fast,15.0,unplanned_blocker,0.3,1,False,False,3.446
odometry_pods,fast,15.0,unplanned_blocker,0.3,1,True,False,0.908
distance_sensors,fast,15.0,unplanned_blocker,0.3,1,False,False,3.962
apriltag,fast,15.0,unplanned_blocker,0.3,1,False,False,3.446
full_suite,fast,15.0,unplanned_blocker,0.3,1,True,False,0.626
dead_reckoning,fast,15.0,unplanned_blocker,0.3,2,True,False,1.777
odometry_pods,fast,15.0,unplanned_blocker,0.3,2,True,False,0.355
distance_sensors,fast,15.0,unplanned_blocker,0.3,2,True,False,1.777
apriltag,fast,15.0,unplanned_blocker,0.3,2,True,False,2.464
full_suite,fast,15.0,unplanned_blocker,0.3,2,True,False,0.493
dead_reckoning,fast,15.0,unplanned_blocker,0.3,3,False,False,4.081
odometry_pods,fast,15.0,unplanned_blocker,0.3,3,False,True,2.102
distance_sensors,fast,15.0,unplanned_blocker,0.3,3,False,False,0.391
apriltag,fast,15.0,unplanned_blocker,0.3,3,False,True,7.107
full_suite,fast,15.0,unplanned_blocker,0.3,3,False,False,0.078
dead_reckoning,fast,15.0,unplanned_blocker,0.3,4,False,False,2.855
odometry_pods,fast,15.0,unplanned_blocker,0.3,4,False,False,0.571
distance_sensors,fast,15.0,unplanned_blocker,0.3,4,False,False,4.493
apriltag,fast,15.0,unplanned_blocker,0.3,4,False,False,2.096
full_suite,fast,15.0,unplanned_blocker,0.3,4,True,False,0.574
dead_reckoning,fast,15.0,unplanned_blocker,0.3,5,False,False,13.203
odometry_pods,fast,15.0,unplanned_blocker,0.3,5,False,False,1.554
distance_sensors,fast,15.0,unplanned_blocker,0.3,5,False,False,6.085
apriltag,fast,15.0,unplanned_blocker,0.3,5,False,False,3.084
full_suite,fast,15.0,unplanned_blocker,0.3,5,True,False,0.186
dead_reckoning,fast,15.0,unplanned_blocker,0.3,6,True,False,0.381
odometry_pods,fast,15.0,unplanned_blocker,0.3,6,False,False,0.838
distance_sensors,fast,15.0,unplanned_blocker,0.3,6,False,False,6.164
apriltag,fast,15.0,unplanned_blocker,0.3,6,False,False,3.137
full_suite,fast,15.0,unplanned_blocker,0.3,6,True,False,0.306
dead_reckoning,fast,15.0,unplanned_blocker,0.3,7,False,False,13.905
odometry_pods,fast,15.0,unplanned_blocker,0.3,7,False,False,2.695
distance_sensors,fast,15.0,unplanned_blocker,0.3,7,False,False,4.933
apriltag,fast,15.0,unplanned_blocker,0.3,7,False,False,7.3
full_suite,fast,15.0,unplanned_blocker,0.3,7,False,False,0.445
dead_reckoning,fast,15.0,unplanned_blocker,0.3,8,False,False,14.645
odometry_pods,fast,15.0,unplanned_blocker,0.3,8,True,False,1.842
distance_sensors,fast,15.0,unplanned_blocker,0.3,8,False,False,6.757
apriltag,fast,15.0,unplanned_blocker,0.3,8,False,False,3.849
full_suite,fast,15.0,unplanned_blocker,0.3,8,True,False,1.421
dead_reckoning,fast,15.0,unplanned_blocker,0.3,9,True,False,5.422
odometry_pods,fast,15.0,unplanned_blocker,0.3,9,True,False,1.084
distance_sensors,fast,15.0,unplanned_blocker,0.3,9,False,False,5.875
apriltag,fast,15.0,unplanned_blocker,0.3,9,True,False,2.014
full_suite,fast,15.0,unplanned_blocker,0.3,9,True,False,0.478
dead_reckoning,fast,15.0,unplanned_blocker,0.3,10,False,False,7.435
odometry_pods,fast,15.0,unplanned_blocker,0.3,10,True,False,1.21
distance_sensors,fast,15.0,unplanned_blocker,0.3,10,False,False,1.635
apriltag,fast,15.0,unplanned_blocker,0.3,10,False,False,3.437
full_suite,fast,15.0,unplanned_blocker,0.3,10,True,False,1.286
dead_reckoning,fast,15.0,unplanned_blocker,0.3,11,False,False,5.901
odometry_pods,fast,15.0,unplanned_blocker,0.3,11,False,False,1.063
distance_sensors,fast,15.0,unplanned_blocker,0.3,11,False,False,5.729
apriltag,fast,15.0,unplanned_blocker,0.3,11,False,False,2.593
full_suite,fast,15.0,unplanned_blocker,0.3,11,True,False,1.737
dead_reckoning,fast,15.0,unplanned_blocker,0.3,12,False,False,9.157
odometry_pods,fast,15.0,unplanned_blocker,0.3,12,False,False,1.296
distance_sensors,fast,15.0,unplanned_blocker,0.3,12,False,False,5.457
apriltag,fast,15.0,unplanned_blocker,0.3,12,False,False,9.157
full_suite,fast,15.0,unplanned_blocker,0.3,12,True,False,1.002
dead_reckoning,fast,15.0,unplanned_blocker,0.3,13,False,False,0.0
odometry_pods,fast,15.0,unplanned_blocker,0.3,13,False,False,0.0
distance_sensors,fast,15.0,unplanned_blocker,0.3,13,True,False,2.39
apriltag,fast,15.0,unplanned_blocker,0.3,13,False,False,0.0
full_suite,fast,15.0,unplanned_blocker,0.3,13,True,False,0.478
dead_reckoning,fast,15.0,unplanned_blocker,0.3,14,False,False,3.996
odometry_pods,fast,15.0,unplanned_blocker,0.3,14,True,False,0.47
distance_sensors,fast,15.0,unplanned_blocker,0.3,14,True,False,0.962
apriltag,fast,15.0,unplanned_blocker,0.3,14,True,False,1.625
full_suite,fast,15.0,unplanned_blocker,0.3,14,True,False,0.32
dead_reckoning,fast,15.0,unplanned_blocker,0.5,0,False,False,3.736
odometry_pods,fast,15.0,unplanned_blocker,0.5,0,True,False,0.82
distance_sensors,fast,15.0,unplanned_blocker,0.5,0,True,False,4.199
apriltag,fast,15.0,unplanned_blocker,0.5,0,True,False,2.378
full_suite,fast,15.0,unplanned_blocker,0.5,0,True,False,0.701
dead_reckoning,fast,15.0,unplanned_blocker,0.5,1,False,False,2.943
odometry_pods,fast,15.0,unplanned_blocker,0.5,1,False,False,0.589
distance_sensors,fast,15.0,unplanned_blocker,0.5,1,False,False,8.696
apriltag,fast,15.0,unplanned_blocker,0.5,1,False,False,2.943
full_suite,fast,15.0,unplanned_blocker,0.5,1,True,False,1.233
dead_reckoning,fast,15.0,unplanned_blocker,0.5,2,False,False,2.24
odometry_pods,fast,15.0,unplanned_blocker,0.5,2,False,False,0.448
distance_sensors,fast,15.0,unplanned_blocker,0.5,2,False,False,2.3
apriltag,fast,15.0,unplanned_blocker,0.5,2,False,False,1.131
full_suite,fast,15.0,unplanned_blocker,0.5,2,False,False,0.371
dead_reckoning,fast,15.0,unplanned_blocker,0.5,3,False,True,4.465
odometry_pods,fast,15.0,unplanned_blocker,0.5,3,False,True,0.35
distance_sensors,fast,15.0,unplanned_blocker,0.5,3,False,False,1.907
apriltag,fast,15.0,unplanned_blocker,0.5,3,False,True,2.799
full_suite,fast,15.0,unplanned_blocker,0.5,3,False,False,0.439
dead_reckoning,fast,15.0,unplanned_blocker,0.5,4,False,False,4.485
odometry_pods,fast,15.0,unplanned_blocker,0.5,4,False,False,0.831
distance_sensors,fast,15.0,unplanned_blocker,0.5,4,True,False,0.909
apriltag,fast,15.0,unplanned_blocker,0.5,4,False,False,3.567
full_suite,fast,15.0,unplanned_blocker,0.5,4,True,False,0.652
dead_reckoning,fast,15.0,unplanned_blocker,0.5,5,False,False,10.244
odometry_pods,fast,15.0,unplanned_blocker,0.5,5,True,False,2.296
distance_sensors,fast,15.0,unplanned_blocker,0.5,5,False,False,3.627
apriltag,fast,15.0,unplanned_blocker,0.5,5,False,False,5.072
full_suite,fast,15.0,unplanned_blocker,0.5,5,False,False,0.605
dead_reckoning,fast,15.0,unplanned_blocker,0.5,6,False,False,1.746
odometry_pods,fast,15.0,unplanned_blocker,0.5,6,False,False,0.349
distance_sensors,fast,15.0,unplanned_blocker,0.5,6,True,False,0.872
apriltag,fast,15.0,unplanned_blocker,0.5,6,False,False,1.746
full_suite,fast,15.0,unplanned_blocker,0.5,6,True,False,0.051
dead_reckoning,fast,15.0,unplanned_blocker,0.5,7,True,False,3.643
odometry_pods,fast,15.0,unplanned_blocker,0.5,7,False,False,1.427
distance_sensors,fast,15.0,unplanned_blocker,0.5,7,False,False,4.978
apriltag,fast,15.0,unplanned_blocker,0.5,7,False,False,1.844
full_suite,fast,15.0,unplanned_blocker,0.5,7,True,False,0.391
dead_reckoning,fast,15.0,unplanned_blocker,0.5,8,True,False,9.377
odometry_pods,fast,15.0,unplanned_blocker,0.5,8,True,False,1.84
distance_sensors,fast,15.0,unplanned_blocker,0.5,8,False,False,11.103
apriltag,fast,15.0,unplanned_blocker,0.5,8,True,False,1.628
full_suite,fast,15.0,unplanned_blocker,0.5,8,True,False,0.243
dead_reckoning,fast,15.0,unplanned_blocker,0.5,9,True,False,4.265
odometry_pods,fast,15.0,unplanned_blocker,0.5,9,False,False,0.492
distance_sensors,fast,15.0,unplanned_blocker,0.5,9,False,False,10.66
apriltag,fast,15.0,unplanned_blocker,0.5,9,False,False,1.212
full_suite,fast,15.0,unplanned_blocker,0.5,9,True,False,0.558
dead_reckoning,fast,15.0,unplanned_blocker,0.5,10,False,False,2.015
odometry_pods,fast,15.0,unplanned_blocker,0.5,10,False,False,0.403
distance_sensors,fast,15.0,unplanned_blocker,0.5,10,False,False,2.455
apriltag,fast,15.0,unplanned_blocker,0.5,10,False,False,1.178
full_suite,fast,15.0,unplanned_blocker,0.5,10,True,False,0.722
dead_reckoning,fast,15.0,unplanned_blocker,0.5,11,False,False,11.038
odometry_pods,fast,15.0,unplanned_blocker,0.5,11,False,False,2.161
distance_sensors,fast,15.0,unplanned_blocker,0.5,11,False,False,10.651
apriltag,fast,15.0,unplanned_blocker,0.5,11,False,False,1.965
full_suite,fast,15.0,unplanned_blocker,0.5,11,True,False,0.398
dead_reckoning,fast,15.0,unplanned_blocker,0.5,12,False,False,3.079
odometry_pods,fast,15.0,unplanned_blocker,0.5,12,False,False,0.616
distance_sensors,fast,15.0,unplanned_blocker,0.5,12,False,False,2.889
apriltag,fast,15.0,unplanned_blocker,0.5,12,False,False,3.079
full_suite,fast,15.0,unplanned_blocker,0.5,12,False,False,0.578
dead_reckoning,fast,15.0,unplanned_blocker,0.5,13,False,False,6.965
odometry_pods,fast,15.0,unplanned_blocker,0.5,13,True,False,1.341
distance_sensors,fast,15.0,unplanned_blocker,0.5,13,False,False,3.892
apriltag,fast,15.0,unplanned_blocker,0.5,13,False,False,8.647
full_suite,fast,15.0,unplanned_blocker,0.5,13,True,False,1.408
dead_reckoning,fast,15.0,unplanned_blocker,0.5,14,False,False,9.282
odometry_pods,fast,15.0,unplanned_blocker,0.5,14,False,False,0.926
distance_sensors,fast,15.0,unplanned_blocker,0.5,14,False,False,4.039
apriltag,fast,15.0,unplanned_blocker,0.5,14,True,False,1.505
full_suite,fast,15.0,unplanned_blocker,0.5,14,True,False,1.182
dead_reckoning,fast,15.0,unplanned_blocker,0.7,0,False,False,3.562
odometry_pods,fast,15.0,unplanned_blocker,0.7,0,True,False,1.013
distance_sensors,fast,15.0,unplanned_blocker,0.7,0,False,False,5.068
apriltag,fast,15.0,unplanned_blocker,0.7,0,False,False,4.585
full_suite,fast,15.0,unplanned_blocker,0.7,0,True,False,1.028
dead_reckoning,fast,15.0,unplanned_blocker,0.7,1,False,False,1.316
odometry_pods,fast,15.0,unplanned_blocker,0.7,1,False,False,0.263
distance_sensors,fast,15.0,unplanned_blocker,0.7,1,True,False,3.5
apriltag,fast,15.0,unplanned_blocker,0.7,1,False,False,1.146
full_suite,fast,15.0,unplanned_blocker,0.7,1,True,False,0.663
dead_reckoning,fast,15.0,unplanned_blocker,0.7,2,False,False,0.953
odometry_pods,fast,15.0,unplanned_blocker,0.7,2,False,False,0.191
distance_sensors,fast,15.0,unplanned_blocker,0.7,2,False,False,2.927
apriltag,fast,15.0,unplanned_blocker,0.7,2,False,False,0.953
full_suite,fast,15.0,unplanned_blocker,0.7,2,True,False,0.411
dead_reckoning,fast,15.0,unplanned_blocker,0.7,3,False,False,7.704
odometry_pods,fast,15.0,unplanned_blocker,0.7,3,False,False,1.282
distance_sensors,fast,15.0,unplanned_blocker,0.7,3,False,False,18.009
apriltag,fast,15.0,unplanned_blocker,0.7,3,False,False,7.704
full_suite,fast,15.0,unplanned_blocker,0.7,3,False,False,1.432
dead_reckoning,fast,15.0,unplanned_blocker,0.7,4,False,False,6.578
odometry_pods,fast,15.0,unplanned_blocker,0.7,4,False,False,1.316
distance_sensors,fast,15.0,unplanned_blocker,0.7,4,False,False,5.782
apriltag,fast,15.0,unplanned_blocker,0.7,4,False,False,1.396
full_suite,fast,15.0,unplanned_blocker,0.7,4,False,False,1.301
dead_reckoning,fast,15.0,unplanned_blocker,0.7,5,True,False,2.825
odometry_pods,fast,15.0,unplanned_blocker,0.7,5,True,False,0.397
distance_sensors,fast,15.0,unplanned_blocker,0.7,5,True,False,1.824
apriltag,fast,15.0,unplanned_blocker,0.7,5,True,False,1.094
full_suite,fast,15.0,unplanned_blocker,0.7,5,True,False,0.556
dead_reckoning,fast,15.0,unplanned_blocker,0.7,6,False,False,3.519
odometry_pods,fast,15.0,unplanned_blocker,0.7,6,False,False,1.071
distance_sensors,fast,15.0,unplanned_blocker,0.7,6,False,False,5.258
apriltag,fast,15.0,unplanned_blocker,0.7,6,False,False,3.947
full_suite,fast,15.0,unplanned_blocker,0.7,6,True,False,0.275
dead_reckoning,fast,15.0,unplanned_blocker,0.7,7,False,False,9.203
odometry_pods,fast,15.0,unplanned_blocker,0.7,7,True,False,2.193
distance_sensors,fast,15.0,unplanned_blocker,0.7,7,False,False,6.777
apriltag,fast,15.0,unplanned_blocker,0.7,7,True,False,1.503
full_suite,fast,15.0,unplanned_blocker,0.7,7,True,False,0.163
dead_reckoning,fast,15.0,unplanned_blocker,0.7,8,False,False,8.343
odometry_pods,fast,15.0,unplanned_blocker,0.7,8,False,False,1.468
distance_sensors,fast,15.0,unplanned_blocker,0.7,8,False,False,0.0
apriltag,fast,15.0,unplanned_blocker,0.7,8,False,False,5.289
full_suite,fast,15.0,unplanned_blocker,0.7,8,False,False,0.0
dead_reckoning,fast,15.0,unplanned_blocker,0.7,9,False,False,3.329
odometry_pods,fast,15.0,unplanned_blocker,0.7,9,False,False,0.666
distance_sensors,fast,15.0,unplanned_blocker,0.7,9,False,False,3.785
apriltag,fast,15.0,unplanned_blocker,0.7,9,False,False,2.88
full_suite,fast,15.0,unplanned_blocker,0.7,9,True,False,0.233
dead_reckoning,fast,15.0,unplanned_blocker,0.7,10,False,False,6.002
odometry_pods,fast,15.0,unplanned_blocker,0.7,10,False,True,2.007
distance_sensors,fast,15.0,unplanned_blocker,0.7,10,True,False,14.057
apriltag,fast,15.0,unplanned_blocker,0.7,10,False,False,6.002
full_suite,fast,15.0,unplanned_blocker,0.7,10,True,False,0.637
dead_reckoning,fast,15.0,unplanned_blocker,0.7,11,False,False,7.64
odometry_pods,fast,15.0,unplanned_blocker,0.7,11,True,False,0.353
distance_sensors,fast,15.0,unplanned_blocker,0.7,11,False,False,6.996
apriltag,fast,15.0,unplanned_blocker,0.7,11,False,False,4.492
full_suite,fast,15.0,unplanned_blocker,0.7,11,True,False,1.773
dead_reckoning,fast,15.0,unplanned_blocker,0.7,12,False,False,0.219
odometry_pods,fast,15.0,unplanned_blocker,0.7,12,False,False,0.044
distance_sensors,fast,15.0,unplanned_blocker,0.7,12,False,False,12.331
apriltag,fast,15.0,unplanned_blocker,0.7,12,False,False,0.34
full_suite,fast,15.0,unplanned_blocker,0.7,12,True,False,0.948
dead_reckoning,fast,15.0,unplanned_blocker,0.7,13,False,False,10.856
odometry_pods,fast,15.0,unplanned_blocker,0.7,13,True,False,0.975
distance_sensors,fast,15.0,unplanned_blocker,0.7,13,False,False,0.0
apriltag,fast,15.0,unplanned_blocker,0.7,13,True,False,2.222
full_suite,fast,15.0,unplanned_blocker,0.7,13,False,False,0.0
dead_reckoning,fast,15.0,unplanned_blocker,0.7,14,True,False,7.685
odometry_pods,fast,15.0,unplanned_blocker,0.7,14,False,False,0.99
distance_sensors,fast,15.0,unplanned_blocker,0.7,14,False,False,0.0
apriltag,fast,15.0,unplanned_blocker,0.7,14,False,False,2.699
full_suite,fast,15.0,unplanned_blocker,0.7,14,False,False,0.0
dead_reckoning,fast,15.0,unplanned_blocker,0.9,0,False,False,0.491
odometry_pods,fast,15.0,unplanned_blocker,0.9,0,False,False,0.098
distance_sensors,fast,15.0,unplanned_blocker,0.9,0,False,False,6.422
apriltag,fast,15.0,unplanned_blocker,0.9,0,False,False,0.491
full_suite,fast,15.0,unplanned_blocker,0.9,0,True,False,1.502
dead_reckoning,fast,15.0,unplanned_blocker,0.9,1,False,False,4.498
odometry_pods,fast,15.0,unplanned_blocker,0.9,1,False,False,2.56
distance_sensors,fast,15.0,unplanned_blocker,0.9,1,False,False,2.111
apriltag,fast,15.0,unplanned_blocker,0.9,1,False,False,4.498
full_suite,fast,15.0,unplanned_blocker,0.9,1,False,False,0.422
dead_reckoning,fast,15.0,unplanned_blocker,0.9,2,False,False,11.464
odometry_pods,fast,15.0,unplanned_blocker,0.9,2,False,False,1.35
distance_sensors,fast,15.0,unplanned_blocker,0.9,2,False,False,4.619
apriltag,fast,15.0,unplanned_blocker,0.9,2,False,False,10.772
full_suite,fast,15.0,unplanned_blocker,0.9,2,True,False,1.147
dead_reckoning,fast,15.0,unplanned_blocker,0.9,3,False,False,5.091
odometry_pods,fast,15.0,unplanned_blocker,0.9,3,True,False,1.752
distance_sensors,fast,15.0,unplanned_blocker,0.9,3,False,False,4.844
apriltag,fast,15.0,unplanned_blocker,0.9,3,False,False,6.048
full_suite,fast,15.0,unplanned_blocker,0.9,3,True,False,2.488
dead_reckoning,fast,15.0,unplanned_blocker,0.9,4,False,False,0.953
odometry_pods,fast,15.0,unplanned_blocker,0.9,4,False,False,0.191
distance_sensors,fast,15.0,unplanned_blocker,0.9,4,False,False,4.915
apriltag,fast,15.0,unplanned_blocker,0.9,4,False,False,1.115
full_suite,fast,15.0,unplanned_blocker,0.9,4,True,False,1.75
dead_reckoning,fast,15.0,unplanned_blocker,0.9,5,False,False,0.866
odometry_pods,fast,15.0,unplanned_blocker,0.9,5,False,False,0.173
distance_sensors,fast,15.0,unplanned_blocker,0.9,5,False,False,9.125
apriltag,fast,15.0,unplanned_blocker,0.9,5,False,False,0.866
full_suite,fast,15.0,unplanned_blocker,0.9,5,True,False,1.041
dead_reckoning,fast,15.0,unplanned_blocker,0.9,6,False,False,5.007
odometry_pods,fast,15.0,unplanned_blocker,0.9,6,False,False,1.215
distance_sensors,fast,15.0,unplanned_blocker,0.9,6,False,False,9.677
apriltag,fast,15.0,unplanned_blocker,0.9,6,False,False,5.007
full_suite,fast,15.0,unplanned_blocker,0.9,6,True,False,0.627
dead_reckoning,fast,15.0,unplanned_blocker,0.9,7,False,False,7.665
odometry_pods,fast,15.0,unplanned_blocker,0.9,7,False,False,1.118
distance_sensors,fast,15.0,unplanned_blocker,0.9,7,False,False,5.115
apriltag,fast,15.0,unplanned_blocker,0.9,7,False,False,2.985
full_suite,fast,15.0,unplanned_blocker,0.9,7,True,False,0.672
dead_reckoning,fast,15.0,unplanned_blocker,0.9,8,False,False,7.351
odometry_pods,fast,15.0,unplanned_blocker,0.9,8,False,False,1.662
distance_sensors,fast,15.0,unplanned_blocker,0.9,8,False,False,0.0
apriltag,fast,15.0,unplanned_blocker,0.9,8,False,False,3.022
full_suite,fast,15.0,unplanned_blocker,0.9,8,False,False,0.0
dead_reckoning,fast,15.0,unplanned_blocker,0.9,9,False,False,0.0
odometry_pods,fast,15.0,unplanned_blocker,0.9,9,False,False,0.0
distance_sensors,fast,15.0,unplanned_blocker,0.9,9,False,False,0.0
apriltag,fast,15.0,unplanned_blocker,0.9,9,False,False,0.0
full_suite,fast,15.0,unplanned_blocker,0.9,9,False,False,0.0
dead_reckoning,fast,15.0,unplanned_blocker,0.9,10,False,False,0.0
odometry_pods,fast,15.0,unplanned_blocker,0.9,10,False,False,0.0
distance_sensors,fast,15.0,unplanned_blocker,0.9,10,True,False,2.061
apriltag,fast,15.0,unplanned_blocker,0.9,10,False,False,0.0
full_suite,fast,15.0,unplanned_blocker,0.9,10,True,False,0.967
dead_reckoning,fast,15.0,unplanned_blocker,0.9,11,False,False,2.735
odometry_pods,fast,15.0,unplanned_blocker,0.9,11,False,False,0.547
distance_sensors,fast,15.0,unplanned_blocker,0.9,11,True,False,2.716
apriltag,fast,15.0,unplanned_blocker,0.9,11,False,False,2.735
full_suite,fast,15.0,unplanned_blocker,0.9,11,True,False,0.404
dead_reckoning,fast,15.0,unplanned_blocker,0.9,12,False,True,8.675
odometry_pods,fast,15.0,unplanned_blocker,0.9,12,False,False,0.721
distance_sensors,fast,15.0,unplanned_blocker,0.9,12,False,False,9.514
apriltag,fast,15.0,unplanned_blocker,0.9,12,False,False,2.506
full_suite,fast,15.0,unplanned_blocker,0.9,12,True,False,0.486
dead_reckoning,fast,15.0,unplanned_blocker,0.9,13,False,False,11.339
odometry_pods,fast,15.0,unplanned_blocker,0.9,13,False,False,1.786
distance_sensors,fast,15.0,unplanned_blocker,0.9,13,False,False,7.379
apriltag,fast,15.0,unplanned_blocker,0.9,13,False,False,4.448
full_suite,fast,15.0,unplanned_blocker,0.9,13,True,False,0.449
dead_reckoning,fast,15.0,unplanned_blocker,0.9,14,False,False,8.512
odometry_pods,fast,15.0,unplanned_blocker,0.9,14,False,False,1.019
distance_sensors,fast,15.0,unplanned_blocker,0.9,14,False,False,6.465
apriltag,fast,15.0,unplanned_blocker,0.9,14,False,False,5.432
full_suite,fast,15.0,unplanned_blocker,0.9,14,True,False,0.879
dead_reckoning,fast,10.0,start_drift,0.3,0,False,False,16.674
odometry_pods,fast,10.0,start_drift,0.3,0,False,True,10.109
distance_sensors,fast,10.0,start_drift,0.3,0,False,True,14.657
apriltag,fast,10.0,start_drift,0.3,0,False,True,0.469
full_suite,fast,10.0,start_drift,0.3,0,False,True,0.512
dead_reckoning,fast,10.0,start_drift,0.3,1,False,False,15.305
odometry_pods,fast,10.0,start_drift,0.3,1,False,False,9.5
distance_sensors,fast,10.0,start_drift,0.3,1,False,False,8.485
apriltag,fast,10.0,start_drift,0.3,1,True,False,2.571
full_suite,fast,10.0,start_drift,0.3,1,False,False,8.485
dead_reckoning,fast,10.0,start_drift,0.3,2,False,False,9.032
odometry_pods,fast,10.0,start_drift,0.3,2,False,False,8.052
distance_sensors,fast,10.0,start_drift,0.3,2,False,False,5.178
apriltag,fast,10.0,start_drift,0.3,2,True,False,0.3
full_suite,fast,10.0,start_drift,0.3,2,True,False,0.322
dead_reckoning,fast,10.0,start_drift,0.3,3,False,True,8.327
odometry_pods,fast,10.0,start_drift,0.3,3,False,True,5.768
distance_sensors,fast,10.0,start_drift,0.3,3,False,False,5.154
apriltag,fast,10.0,start_drift,0.3,3,False,True,3.348
full_suite,fast,10.0,start_drift,0.3,3,False,False,0.536
dead_reckoning,fast,10.0,start_drift,0.3,4,False,False,9.059
odometry_pods,fast,10.0,start_drift,0.3,4,False,False,8.598
distance_sensors,fast,10.0,start_drift,0.3,4,False,False,11.597
apriltag,fast,10.0,start_drift,0.3,4,False,False,5.588
full_suite,fast,10.0,start_drift,0.3,4,False,False,1.8
dead_reckoning,fast,10.0,start_drift,0.3,5,False,False,7.701
odometry_pods,fast,10.0,start_drift,0.3,5,False,False,6.418
distance_sensors,fast,10.0,start_drift,0.3,5,False,False,7.42
apriltag,fast,10.0,start_drift,0.3,5,False,True,0.93
full_suite,fast,10.0,start_drift,0.3,5,False,False,6.067
dead_reckoning,fast,10.0,start_drift,0.3,6,False,False,10.058
odometry_pods,fast,10.0,start_drift,0.3,6,False,False,8.538
distance_sensors,fast,10.0,start_drift,0.3,6,False,False,9.401
apriltag,fast,10.0,start_drift,0.3,6,True,False,1.474
full_suite,fast,10.0,start_drift,0.3,6,True,False,4.015
dead_reckoning,fast,10.0,start_drift,0.3,7,False,False,5.099
odometry_pods,fast,10.0,start_drift,0.3,7,False,False,5.796
distance_sensors,fast,10.0,start_drift,0.3,7,False,False,4.769
apriltag,fast,10.0,start_drift,0.3,7,False,False,3.114
full_suite,fast,10.0,start_drift,0.3,7,False,False,5.726
dead_reckoning,fast,10.0,start_drift,0.3,8,False,True,5.911
odometry_pods,fast,10.0,start_drift,0.3,8,False,True,0.765
distance_sensors,fast,10.0,start_drift,0.3,8,False,False,4.389
apriltag,fast,10.0,start_drift,0.3,8,False,True,1.161
full_suite,fast,10.0,start_drift,0.3,8,False,True,0.11
dead_reckoning,fast,10.0,start_drift,0.3,9,False,False,10.605
odometry_pods,fast,10.0,start_drift,0.3,9,False,False,8.88
distance_sensors,fast,10.0,start_drift,0.3,9,False,False,8.485
apriltag,fast,10.0,start_drift,0.3,9,False,False,10.605
full_suite,fast,10.0,start_drift,0.3,9,False,False,8.485
dead_reckoning,fast,10.0,start_drift,0.3,10,False,False,16.335
odometry_pods,fast,10.0,start_drift,0.3,10,False,True,8.528
distance_sensors,fast,10.0,start_drift,0.3,10,False,False,12.87
apriltag,fast,10.0,start_drift,0.3,10,False,False,16.335
full_suite,fast,10.0,start_drift,0.3,10,False,True,0.329
dead_reckoning,fast,10.0,start_drift,0.3,11,False,False,8.701
odometry_pods,fast,10.0,start_drift,0.3,11,False,False,8.431
distance_sensors,fast,10.0,start_drift,0.3,11,False,False,10.335
apriltag,fast,10.0,start_drift,0.3,11,False,False,8.701
full_suite,fast,10.0,start_drift,0.3,11,False,True,2.223
dead_reckoning,fast,10.0,start_drift,0.3,12,False,False,11.766
odometry_pods,fast,10.0,start_drift,0.3,12,False,True,9.466
distance_sensors,fast,10.0,start_drift,0.3,12,False,False,10.058
apriltag,fast,10.0,start_drift,0.3,12,False,True,0.87
full_suite,fast,10.0,start_drift,0.3,12,False,False,8.796
dead_reckoning,fast,10.0,start_drift,0.3,13,False,False,9.683
odometry_pods,fast,10.0,start_drift,0.3,13,False,False,6.181
distance_sensors,fast,10.0,start_drift,0.3,13,False,False,6.517
apriltag,fast,10.0,start_drift,0.3,13,False,False,9.683
full_suite,fast,10.0,start_drift,0.3,13,False,False,3.278
dead_reckoning,fast,10.0,start_drift,0.3,14,False,False,9.165
odometry_pods,fast,10.0,start_drift,0.3,14,True,False,0.815
distance_sensors,fast,10.0,start_drift,0.3,14,False,False,10.264
apriltag,fast,10.0,start_drift,0.3,14,True,False,1.482
full_suite,fast,10.0,start_drift,0.3,14,True,False,0.186
dead_reckoning,fast,10.0,start_drift,0.5,0,False,False,17.808
odometry_pods,fast,10.0,start_drift,0.5,0,False,False,17.137
distance_sensors,fast,10.0,start_drift,0.5,0,False,False,23.521
apriltag,fast,10.0,start_drift,0.5,0,False,True,2.542
full_suite,fast,10.0,start_drift,0.5,0,True,False,1.342
dead_reckoning,fast,10.0,start_drift,0.5,1,False,False,12.757
odometry_pods,fast,10.0,start_drift,0.5,1,True,False,6.729
distance_sensors,fast,10.0,start_drift,0.5,1,False,False,9.573
apriltag,fast,10.0,start_drift,0.5,1,True,False,0.872
full_suite,fast,10.0,start_drift,0.5,1,False,False,0.321
dead_reckoning,fast,10.0,start_drift,0.5,2,False,False,10.452
odometry_pods,fast,10.0,start_drift,0.5,2,False,False,8.9
distance_sensors,fast,10.0,start_drift,0.5,2,False,False,12.842
apriltag,fast,10.0,start_drift,0.5,2,True,False,1.199
full_suite,fast,10.0,start_drift,0.5,2,False,False,0.526
dead_reckoning,fast,10.0,start_drift,0.5,3,False,False,11.96
odometry_pods,fast,10.0,start_drift,0.5,3,False,False,11.992
distance_sensors,fast,10.0,start_drift,0.5,3,False,False,11.026
apriltag,fast,10.0,start_drift,0.5,3,False,False,11.96
full_suite,fast,10.0,start_drift,0.5,3,True,False,11.707
dead_reckoning,fast,10.0,start_drift,0.5,4,False,False,13.847
odometry_pods,fast,10.0,start_drift,0.5,4,False,False,6.759
distance_sensors,fast,10.0,start_drift,0.5,4,True,False,7.994
apriltag,fast,10.0,start_drift,0.5,4,False,False,9.245
full_suite,fast,10.0,start_drift,0.5,4,False,False,4.515
dead_reckoning,fast,10.0,start_drift,0.5,5,False,False,11.31
odometry_pods,fast,10.0,start_drift,0.5,5,False,False,6.747
distance_sensors,fast,10.0,start_drift,0.5,5,False,False,6.0
apriltag,fast,10.0,start_drift,0.5,5,False,False,7.771
full_suite,fast,10.0,start_drift,0.5,5,False,False,6.0
dead_reckoning,fast,10.0,start_drift,0.5,6,False,False,27.271
odometry_pods,fast,10.0,start_drift,0.5,6,False,False,13.998
distance_sensors,fast,10.0,start_drift,0.5,6,False,False,26.075
apriltag,fast,10.0,start_drift,0.5,6,False,True,1.638
full_suite,fast,10.0,start_drift,0.5,6,False,False,0.044
dead_reckoning,fast,10.0,start_drift,0.5,7,False,False,17.646
odometry_pods,fast,10.0,start_drift,0.5,7,False,False,14.275
distance_sensors,fast,10.0,start_drift,0.5,7,False,False,17.551
apriltag,fast,10.0,start_drift,0.5,7,True,False,0.874
full_suite,fast,10.0,start_drift,0.5,7,True,False,0.734
dead_reckoning,fast,10.0,start_drift,0.5,8,False,True,2.098
odometry_pods,fast,10.0,start_drift,0.5,8,False,True,0.383
distance_sensors,fast,10.0,start_drift,0.5,8,False,True,6.396
apriltag,fast,10.0,start_drift,0.5,8,False,True,6.247
full_suite,fast,10.0,start_drift,0.5,8,False,False,0.38
dead_reckoning,fast,10.0,start_drift,0.5,9,False,False,9.376
odometry_pods,fast,10.0,start_drift,0.5,9,False,False,8.658
distance_sensors,fast,10.0,start_drift,0.5,9,False,False,11.044
apriltag,fast,10.0,start_drift,0.5,9,False,False,9.376
full_suite,fast,10.0,start_drift,0.5,9,False,True,0.716
dead_reckoning,fast,10.0,start_drift,0.5,10,False,False,13.416
odometry_pods,fast,10.0,start_drift,0.5,10,False,False,13.416
distance_sensors,fast,10.0,start_drift,0.5,10,False,False,12.93
apriltag,fast,10.0,start_drift,0.5,10,False,False,13.416
full_suite,fast,10.0,start_drift,0.5,10,False,False,13.316
dead_reckoning,fast,10.0,start_drift,0.5,11,False,False,15.76
odometry_pods,fast,10.0,start_drift,0.5,11,False,False,16.676
distance_sensors,fast,10.0,start_drift,0.5,11,False,False,18.028
apriltag,fast,10.0,start_drift,0.5,11,False,True,1.565
full_suite,fast,10.0,start_drift,0.5,11,False,True,0.571
dead_reckoning,fast,10.0,start_drift,0.5,12,True,False,8.032
odometry_pods,fast,10.0,start_drift,0.5,12,True,False,1.146
distance_sensors,fast,10.0,start_drift,0.5,12,False,False,6.167
apriltag,fast,10.0,start_drift,0.5,12,False,False,5.151
full_suite,fast,10.0,start_drift,0.5,12,True,False,0.725
dead_reckoning,fast,10.0,start_drift,0.5,13,False,False,14.287
odometry_pods,fast,10.0,start_drift,0.5,13,False,False,13.815
distance_sensors,fast,10.0,start_drift,0.5,13,False,False,11.757
apriltag,fast,10.0,start_drift,0.5,13,False,True,0.664
full_suite,fast,10.0,start_drift,0.5,13,False,False,9.506
dead_reckoning,fast,10.0,start_drift,0.5,14,False,False,12.471
odometry_pods,fast,10.0,start_drift,0.5,14,True,False,8.818
distance_sensors,fast,10.0,start_drift,0.5,14,False,False,10.835
apriltag,fast,10.0,start_drift,0.5,14,False,True,1.163
full_suite,fast,10.0,start_drift,0.5,14,False,True,0.1
dead_reckoning,fast,10.0,start_drift,0.7,0,False,False,13.636
odometry_pods,fast,10.0,start_drift,0.7,0,False,False,12.199
distance_sensors,fast,10.0,start_drift,0.7,0,False,False,20.761
apriltag,fast,10.0,start_drift,0.7,0,True,False,1.902
full_suite,fast,10.0,start_drift,0.7,0,False,False,4.013
dead_reckoning,fast,10.0,start_drift,0.7,1,False,False,9.712
odometry_pods,fast,10.0,start_drift,0.7,1,False,False,11.059
distance_sensors,fast,10.0,start_drift,0.7,1,False,False,7.623
apriltag,fast,10.0,start_drift,0.7,1,False,False,7.209
full_suite,fast,10.0,start_drift,0.7,1,False,False,6.247
dead_reckoning,fast,10.0,start_drift,0.7,2,False,True,5.274
odometry_pods,fast,10.0,start_drift,0.7,2,False,True,1.178
distance_sensors,fast,10.0,start_drift,0.7,2,False,False,3.8
apriltag,fast,10.0,start_drift,0.7,2,False,True,1.744
full_suite,fast,10.0,start_drift,0.7,2,False,True,0.1
dead_reckoning,fast,10.0,start_drift,0.7,3,False,False,13.185
odometry_pods,fast,10.0,start_drift,0.7,3,False,False,13.369
distance_sensors,fast,10.0,start_drift,0.7,3,False,False,12.474
apriltag,fast,10.0,start_drift,0.7,3,False,False,13.185
full_suite,fast,10.0,start_drift,0.7,3,False,False,6.435
dead_reckoning,fast,10.0,start_drift,0.7,4,False,False,7.176
odometry_pods,fast,10.0,start_drift,0.7,4,False,False,8.22
distance_sensors,fast,10.0,start_drift,0.7,4,False,False,7.769
apriltag,fast,10.0,start_drift,0.7,4,False,False,7.176
full_suite,fast,10.0,start_drift,0.7,4,False,False,8.342
dead_reckoning,fast,10.0,start_drift,0.7,5,False,False,8.485
odometry_pods,fast,10.0,start_drift,0.7,5,False,False,8.485
distance_sensors,fast,10.0,start_drift,0.7,5,False,False,11.438
apriltag,fast,10.0,start_drift,0.7,5,False,False,8.485
full_suite,fast,10.0,start_drift,0.7,5,True,False,0.692
dead_reckoning,fast,10.0,start_drift,0.7,6,False,False,12.743
odometry_pods,fast,10.0,start_drift,0.7,6,False,False,13.277
distance_sensors,fast,10.0,start_drift,0.7,6,False,False,10.656
apriltag,fast,10.0,start_drift,0.7,6,False,False,12.743
full_suite,fast,10.0,start_drift,0.7,6,False,False,5.802
dead_reckoning,fast,10.0,start_drift,0.7,7,False,False,4.57
odometry_pods,fast,10.0,start_drift,0.7,7,False,False,5.42
distance_sensors,fast,10.0,start_drift,0.7,7,False,False,6.0
apriltag,fast,10.0,start_drift,0.7,7,False,False,6.712
full_suite,fast,10.0,start_drift,0.7,7,False,False,6.0
dead_reckoning,fast,10.0,start_drift,0.7,8,False,False,11.727
odometry_pods,fast,10.0,start_drift,0.7,8,False,False,13.075
distance_sensors,fast,10.0,start_drift,0.7,8,False,False,11.556
apriltag,fast,10.0,start_drift,0.7,8,False,False,11.727
full_suite,fast,10.0,start_drift,0.7,8,False,False,13.176
dead_reckoning,fast,10.0,start_drift,0.7,9,False,False,15.964
odometry_pods,fast,10.0,start_drift,0.7,9,False,False,14.213
distance_sensors,fast,10.0,start_drift,0.7,9,False,False,13.416
apriltag,fast,10.0,start_drift,0.7,9,False,False,6.285
full_suite,fast,10.0,start_drift,0.7,9,False,False,9.452
dead_reckoning,fast,10.0,start_drift,0.7,10,False,True,8.158
odometry_pods,fast,10.0,start_drift,0.7,10,False,True,6.661
distance_sensors,fast,10.0,start_drift,0.7,10,False,True,10.822
apriltag,fast,10.0,start_drift,0.7,10,False,True,3.229
full_suite,fast,10.0,start_drift,0.7,10,False,True,0.231
dead_reckoning,fast,10.0,start_drift,0.7,11,True,False,4.09
odometry_pods,fast,10.0,start_drift,0.7,11,True,False,0.443
distance_sensors,fast,10.0,start_drift,0.7,11,False,False,1.648
apriltag,fast,10.0,start_drift,0.7,11,True,False,4.09
full_suite,fast,10.0,start_drift,0.7,11,False,False,0.33
dead_reckoning,fast,10.0,start_drift,0.7,12,False,False,11.559
odometry_pods,fast,10.0,start_drift,0.7,12,False,False,13.045
distance_sensors,fast,10.0,start_drift,0.7,12,False,False,16.153
apriltag,fast,10.0,start_drift,0.7,12,False,False,11.559
full_suite,fast,10.0,start_drift,0.7,12,False,False,13.479
dead_reckoning,fast,10.0,start_drift,0.7,13,False,False,5.753
odometry_pods,fast,10.0,start_drift,0.7,13,False,False,5.829
distance_sensors,fast,10.0,start_drift,0.7,13,False,False,7.145
apriltag,fast,10.0,start_drift,0.7,13,False,False,5.753
full_suite,fast,10.0,start_drift,0.7,13,False,False,6.22
dead_reckoning,fast,10.0,start_drift,0.7,14,False,False,14.942
odometry_pods,fast,10.0,start_drift,0.7,14,False,False,16.557
distance_sensors,fast,10.0,start_drift,0.7,14,False,False,16.971
apriltag,fast,10.0,start_drift,0.7,14,True,False,2.857
full_suite,fast,10.0,start_drift,0.7,14,False,False,10.908
dead_reckoning,fast,10.0,start_drift,0.9,0,False,False,21.907
odometry_pods,fast,10.0,start_drift,0.9,0,False,False,21.683
distance_sensors,fast,10.0,start_drift,0.9,0,False,True,17.783
apriltag,fast,10.0,start_drift,0.9,0,False,False,21.907
full_suite,fast,10.0,start_drift,0.9,0,False,False,1.18
dead_reckoning,fast,10.0,start_drift,0.9,1,False,False,18.918
odometry_pods,fast,10.0,start_drift,0.9,1,False,False,17.03
distance_sensors,fast,10.0,start_drift,0.9,1,True,False,19.824
apriltag,fast,10.0,start_drift,0.9,1,False,False,5.498
full_suite,fast,10.0,start_drift,0.9,1,True,False,2.795
dead_reckoning,fast,10.0,start_drift,0.9,2,False,False,8.507
odometry_pods,fast,10.0,start_drift,0.9,2,False,False,8.158
distance_sensors,fast,10.0,start_drift,0.9,2,False,False,7.944
apriltag,fast,10.0,start_drift,0.9,2,True,False,3.633
full_suite,fast,10.0,start_drift,0.9,2,True,False,2.693
dead_reckoning,fast,10.0,start_drift,0.9,3,False,False,18.974
odometry_pods,fast,10.0,start_drift,0.9,3,False,False,18.974
distance_sensors,fast,10.0,start_drift,0.9,3,False,False,17.467
apriltag,fast,10.0,start_drift,0.9,3,False,False,18.974
full_suite,fast,10.0,start_drift,0.9,3,False,False,0.932
dead_reckoning,fast,10.0,start_drift,0.9,4,False,False,18.138
odometry_pods,fast,10.0,start_drift,0.9,4,False,False,17.193
distance_sensors,fast,10.0,start_drift,0.9,4,False,False,19.754
apriltag,fast,10.0,start_drift,0.9,4,False,False,18.138
full_suite,fast,10.0,start_drift,0.9,4,False,False,0.346
dead_reckoning,fast,10.0,start_drift,0.9,5,False,False,22.751
odometry_pods,fast,10.0,start_drift,0.9,5,False,False,18.184
distance_sensors,fast,10.0,start_drift,0.9,5,False,False,21.186
apriltag,fast,10.0,start_drift,0.9,5,False,False,22.751
full_suite,fast,10.0,start_drift,0.9,5,False,True,1.633
dead_reckoning,fast,10.0,start_drift,0.9,6,False,False,13.845
odometry_pods,fast,10.0,start_drift,0.9,6,False,False,13.495
distance_sensors,fast,10.0,start_drift,0.9,6,False,False,13.416
apriltag,fast,10.0,start_drift,0.9,6,True,False,3.48
full_suite,fast,10.0,start_drift,0.9,6,False,False,9.155
dead_reckoning,fast,10.0,start_drift,0.9,7,False,False,21.633
odometry_pods,fast,10.0,start_drift,0.9,7,False,False,21.633
distance_sensors,fast,10.0,start_drift,0.9,7,False,True,24.527
apriltag,fast,10.0,start_drift,0.9,7,False,False,21.633
full_suite,fast,10.0,start_drift,0.9,7,False,False,10.255
dead_reckoning,fast,10.0,start_drift,0.9,8,False,False,6.038
odometry_pods,fast,10.0,start_drift,0.9,8,False,True,6.593
distance_sensors,fast,10.0,start_drift,0.9,8,False,True,4.743
apriltag,fast,10.0,start_drift,0.9,8,False,False,6.038
full_suite,fast,10.0,start_drift,0.9,8,True,False,1.243
dead_reckoning,fast,10.0,start_drift,0.9,9,False,False,21.974
odometry_pods,fast,10.0,start_drift,0.9,9,False,False,21.701
distance_sensors,fast,10.0,start_drift,0.9,9,False,False,21.974
apriltag,fast,10.0,start_drift,0.9,9,False,False,21.974
full_suite,fast,10.0,start_drift,0.9,9,False,False,11.411
dead_reckoning,fast,10.0,start_drift,0.9,10,False,False,16.952
odometry_pods,fast,10.0,start_drift,0.9,10,False,True,14.505
distance_sensors,fast,10.0,start_drift,0.9,10,False,False,23.896
apriltag,fast,10.0,start_drift,0.9,10,False,False,4.809
full_suite,fast,10.0,start_drift,0.9,10,False,False,0.695
dead_reckoning,fast,10.0,start_drift,0.9,11,False,False,24.201
odometry_pods,fast,10.0,start_drift,0.9,11,False,False,21.746
distance_sensors,fast,10.0,start_drift,0.9,11,False,False,24.156
apriltag,fast,10.0,start_drift,0.9,11,False,False,24.201
full_suite,fast,10.0,start_drift,0.9,11,False,False,21.916
dead_reckoning,fast,10.0,start_drift,0.9,12,False,False,19.479
odometry_pods,fast,10.0,start_drift,0.9,12,False,True,10.141
distance_sensors,fast,10.0,start_drift,0.9,12,False,False,19.057
apriltag,fast,10.0,start_drift,0.9,12,False,True,6.483
full_suite,fast,10.0,start_drift,0.9,12,False,True,6.743
dead_reckoning,fast,10.0,start_drift,0.9,13,False,False,5.427
odometry_pods,fast,10.0,start_drift,0.9,13,False,False,7.296
distance_sensors,fast,10.0,start_drift,0.9,13,False,False,6.686
apriltag,fast,10.0,start_drift,0.9,13,False,False,5.427
full_suite,fast,10.0,start_drift,0.9,13,False,False,7.476
dead_reckoning,fast,10.0,start_drift,0.9,14,False,False,16.05
odometry_pods,fast,10.0,start_drift,0.9,14,False,False,13.905
distance_sensors,fast,10.0,start_drift,0.9,14,False,False,16.29
apriltag,fast,10.0,start_drift,0.9,14,True,False,2.524
full_suite,fast,10.0,start_drift,0.9,14,False,False,0.148
dead_reckoning,fast,10.0,obstacle_drift,0.3,0,False,False,5.904
odometry_pods,fast,10.0,obstacle_drift,0.3,0,True,False,1.572
distance_sensors,fast,10.0,obstacle_drift,0.3,0,False,False,2.625
apriltag,fast,10.0,obstacle_drift,0.3,0,True,False,2.906
full_suite,fast,10.0,obstacle_drift,0.3,0,False,False,0.525
dead_reckoning,fast,10.0,obstacle_drift,0.3,1,False,True,2.852
odometry_pods,fast,10.0,obstacle_drift,0.3,1,False,True,0.391
distance_sensors,fast,10.0,obstacle_drift,0.3,1,False,False,4.911
apriltag,fast,10.0,obstacle_drift,0.3,1,False,True,4.431
full_suite,fast,10.0,obstacle_drift,0.3,1,False,True,0.818
dead_reckoning,fast,10.0,obstacle_drift,0.3,2,True,False,1.325
odometry_pods,fast,10.0,obstacle_drift,0.3,2,True,False,0.265
distance_sensors,fast,10.0,obstacle_drift,0.3,2,True,False,2.06
apriltag,fast,10.0,obstacle_drift,0.3,2,True,False,0.888
full_suite,fast,10.0,obstacle_drift,0.3,2,True,False,0.133
dead_reckoning,fast,10.0,obstacle_drift,0.3,3,False,False,8.409
odometry_pods,fast,10.0,obstacle_drift,0.3,3,True,False,1.474
distance_sensors,fast,10.0,obstacle_drift,0.3,3,False,False,8.657
apriltag,fast,10.0,obstacle_drift,0.3,3,True,False,1.753
full_suite,fast,10.0,obstacle_drift,0.3,3,True,False,0.817
dead_reckoning,fast,10.0,obstacle_drift,0.3,4,False,False,4.895
odometry_pods,fast,10.0,obstacle_drift,0.3,4,False,True,2.319
distance_sensors,fast,10.0,obstacle_drift,0.3,4,False,False,4.895
apriltag,fast,10.0,obstacle_drift,0.3,4,False,False,4.895
full_suite,fast,10.0,obstacle_drift,0.3,4,False,True,0.981
dead_reckoning,fast,10.0,obstacle_drift,0.3,5,False,False,0.0
odometry_pods,fast,10.0,obstacle_drift,0.3,5,False,False,0.0
distance_sensors,fast,10.0,obstacle_drift,0.3,5,False,False,2.455
apriltag,fast,10.0,obstacle_drift,0.3,5,False,False,0.0
full_suite,fast,10.0,obstacle_drift,0.3,5,True,False,0.364
dead_reckoning,fast,10.0,obstacle_drift,0.3,6,False,True,16.162
odometry_pods,fast,10.0,obstacle_drift,0.3,6,False,True,2.039
distance_sensors,fast,10.0,obstacle_drift,0.3,6,False,False,10.758
apriltag,fast,10.0,obstacle_drift,0.3,6,False,True,0.962
full_suite,fast,10.0,obstacle_drift,0.3,6,False,True,0.676
dead_reckoning,fast,10.0,obstacle_drift,0.3,7,False,False,5.701
odometry_pods,fast,10.0,obstacle_drift,0.3,7,True,False,0.129
distance_sensors,fast,10.0,obstacle_drift,0.3,7,False,False,6.09
apriltag,fast,10.0,obstacle_drift,0.3,7,True,False,2.148
full_suite,fast,10.0,obstacle_drift,0.3,7,True,False,0.277
dead_reckoning,fast,10.0,obstacle_drift,0.3,8,False,False,3.128
odometry_pods,fast,10.0,obstacle_drift,0.3,8,True,False,0.624
distance_sensors,fast,10.0,obstacle_drift,0.3,8,True,False,2.383
apriltag,fast,10.0,obstacle_drift,0.3,8,False,False,3.128
full_suite,fast,10.0,obstacle_drift,0.3,8,True,False,0.477
dead_reckoning,fast,10.0,obstacle_drift,0.3,9,False,False,4.923
odometry_pods,fast,10.0,obstacle_drift,0.3,9,True,False,0.443
distance_sensors,fast,10.0,obstacle_drift,0.3,9,False,False,4.923
apriltag,fast,10.0,obstacle_drift,0.3,9,False,False,2.585
full_suite,fast,10.0,obstacle_drift,0.3,9,True,False,0.175
dead_reckoning,fast,10.0,obstacle_drift,0.3,10,False,False,5.041
odometry_pods,fast,10.0,obstacle_drift,0.3,10,True,False,2.441
distance_sensors,fast,10.0,obstacle_drift,0.3,10,False,False,4.564
apriltag,fast,10.0,obstacle_drift,0.3,10,False,False,11.457
full_suite,fast,10.0,obstacle_drift,0.3,10,True,False,1.469
dead_reckoning,fast,10.0,obstacle_drift,0.3,11,True,False,2.856
odometry_pods,fast,10.0,obstacle_drift,0.3,11,True,False,0.571
distance_sensors,fast,10.0,obstacle_drift,0.3,11,True,False,3.104
apriltag,fast,10.0,obstacle_drift,0.3,11,True,False,2.856
full_suite,fast,10.0,obstacle_drift,0.3,11,True,False,0.621
dead_reckoning,fast,10.0,obstacle_drift,0.3,12,False,False,4.651
odometry_pods,fast,10.0,obstacle_drift,0.3,12,True,False,0.325
distance_sensors,fast,10.0,obstacle_drift,0.3,12,False,False,3.515
apriltag,fast,10.0,obstacle_drift,0.3,12,True,False,2.465
full_suite,fast,10.0,obstacle_drift,0.3,12,False,False,0.703
dead_reckoning,fast,10.0,obstacle_drift,0.3,13,True,False,1.404
odometry_pods,fast,10.0,obstacle_drift,0.3,13,True,False,0.281
distance_sensors,fast,10.0,obstacle_drift,0.3,13,True,False,0.902
apriltag,fast,10.0,obstacle_drift,0.3,13,True,False,1.227
full_suite,fast,10.0,obstacle_drift,0.3,13,True,False,0.199
dead_reckoning,fast,10.0,obstacle_drift,0.3,14,False,True,11.527
odometry_pods,fast,10.0,obstacle_drift,0.3,14,True,False,2.374
distance_sensors,fast,10.0,obstacle_drift,0.3,14,False,False,13.441
apriltag,fast,10.0,obstacle_drift,0.3,14,False,False,10.685
full_suite,fast,10.0,obstacle_drift,0.3,14,True,False,2.377
dead_reckoning,fast,10.0,obstacle_drift,0.5,0,False,True,10.769
odometry_pods,fast,10.0,obstacle_drift,0.5,0,False,True,1.233
distance_sensors,fast,10.0,obstacle_drift,0.5,0,False,False,1.614
apriltag,fast,10.0,obstacle_drift,0.5,0,False,True,1.832
full_suite,fast,10.0,obstacle_drift,0.5,0,False,False,0.323
dead_reckoning,fast,10.0,obstacle_drift,0.5,1,False,False,4.203
odometry_pods,fast,10.0,obstacle_drift,0.5,1,True,False,0.639
distance_sensors,fast,10.0,obstacle_drift,0.5,1,True,False,3.563
apriltag,fast,10.0,obstacle_drift,0.5,1,True,False,0.731
full_suite,fast,10.0,obstacle_drift,0.5,1,True,False,0.169
dead_reckoning,fast,10.0,obstacle_drift,0.5,2,False,True,2.977
odometry_pods,fast,10.0,obstacle_drift,0.5,2,False,True,0.425
distance_sensors,fast,10.0,obstacle_drift,0.5,2,False,False,5.157
apriltag,fast,10.0,obstacle_drift,0.5,2,False,True,2.26
full_suite,fast,10.0,obstacle_drift,0.5,2,False,True,0.614
dead_reckoning,fast,10.0,obstacle_drift,0.5,3,True,False,1.03
odometry_pods,fast,10.0,obstacle_drift,0.5,3,True,False,0.206
distance_sensors,fast,10.0,obstacle_drift,0.5,3,True,False,1.03
apriltag,fast,10.0,obstacle_drift,0.5,3,True,False,1.03
full_suite,fast,10.0,obstacle_drift,0.5,3,True,False,0.206
dead_reckoning,fast,10.0,obstacle_drift,0.5,4,False,True,7.759
odometry_pods,fast,10.0,obstacle_drift,0.5,4,False,True,0.966
distance_sensors,fast,10.0,obstacle_drift,0.5,4,False,True,9.011
apriltag,fast,10.0,obstacle_drift,0.5,4,False,False,3.582
full_suite,fast,10.0,obstacle_drift,0.5,4,False,True,0.584
dead_reckoning,fast,10.0,obstacle_drift,0.5,5,False,False,2.589
odometry_pods,fast,10.0,obstacle_drift,0.5,5,True,False,0.497
distance_sensors,fast,10.0,obstacle_drift,0.5,5,False,False,5.631
apriltag,fast,10.0,obstacle_drift,0.5,5,True,False,1.004
full_suite,fast,10.0,obstacle_drift,0.5,5,True,False,0.542
dead_reckoning,fast,10.0,obstacle_drift,0.5,6,False,False,3.994
odometry_pods,fast,10.0,obstacle_drift,0.5,6,True,False,0.724
distance_sensors,fast,10.0,obstacle_drift,0.5,6,True,False,1.98
apriltag,fast,10.0,obstacle_drift,0.5,6,True,False,3.36
full_suite,fast,10.0,obstacle_drift,0.5,6,True,False,0.418
dead_reckoning,fast,10.0,obstacle_drift,0.5,7,False,True,8.112
odometry_pods,fast,10.0,obstacle_drift,0.5,7,False,True,1.475
distance_sensors,fast,10.0,obstacle_drift,0.5,7,False,False,1.499
apriltag,fast,10.0,obstacle_drift,0.5,7,False,True,3.402
full_suite,fast,10.0,obstacle_drift,0.5,7,False,False,0.3
dead_reckoning,fast,10.0,obstacle_drift,0.5,8,False,False,9.32
odometry_pods,fast,10.0,obstacle_drift,0.5,8,False,True,0.829
distance_sensors,fast,10.0,obstacle_drift,0.5,8,False,False,1.769
apriltag,fast,10.0,obstacle_drift,0.5,8,False,True,4.773
full_suite,fast,10.0,obstacle_drift,0.5,8,False,False,0.109
dead_reckoning,fast,10.0,obstacle_drift,0.5,9,True,False,2.189
odometry_pods,fast,10.0,obstacle_drift,0.5,9,True,False,0.438
distance_sensors,fast,10.0,obstacle_drift,0.5,9,True,False,2.189
apriltag,fast,10.0,obstacle_drift,0.5,9,True,False,1.099
full_suite,fast,10.0,obstacle_drift,0.5,9,True,False,0.22
dead_reckoning,fast,10.0,obstacle_drift,0.5,10,False,False,4.167
odometry_pods,fast,10.0,obstacle_drift,0.5,10,True,False,0.126
distance_sensors,fast,10.0,obstacle_drift,0.5,10,False,False,3.541
apriltag,fast,10.0,obstacle_drift,0.5,10,False,False,4.167
full_suite,fast,10.0,obstacle_drift,0.5,10,True,False,0.778
dead_reckoning,fast,10.0,obstacle_drift,0.5,11,False,False,5.234
odometry_pods,fast,10.0,obstacle_drift,0.5,11,False,True,0.607
distance_sensors,fast,10.0,obstacle_drift,0.5,11,False,False,0.0
apriltag,fast,10.0,obstacle_drift,0.5,11,False,False,5.234
full_suite,fast,10.0,obstacle_drift,0.5,11,False,False,0.0
dead_reckoning,fast,10.0,obstacle_drift,0.5,12,True,False,3.453
odometry_pods,fast,10.0,obstacle_drift,0.5,12,True,False,0.691
distance_sensors,fast,10.0,obstacle_drift,0.5,12,True,False,2.559
apriltag,fast,10.0,obstacle_drift,0.5,12,True,False,4.425
full_suite,fast,10.0,obstacle_drift,0.5,12,True,False,0.436
dead_reckoning,fast,10.0,obstacle_drift,0.5,13,False,False,7.767
odometry_pods,fast,10.0,obstacle_drift,0.5,13,False,True,1.354
distance_sensors,fast,10.0,obstacle_drift,0.5,13,False,True,5.059
apriltag,fast,10.0,obstacle_drift,0.5,13,False,False,7.767
full_suite,fast,10.0,obstacle_drift,0.5,13,False,False,0.486
dead_reckoning,fast,10.0,obstacle_drift,0.5,14,True,False,5.273
odometry_pods,fast,10.0,obstacle_drift,0.5,14,True,False,0.874
distance_sensors,fast,10.0,obstacle_drift,0.5,14,False,False,6.116
apriltag,fast,10.0,obstacle_drift,0.5,14,True,False,1.292
full_suite,fast,10.0,obstacle_drift,0.5,14,True,False,0.364
dead_reckoning,fast,10.0,obstacle_drift,0.7,0,False,False,4.202
odometry_pods,fast,10.0,obstacle_drift,0.7,0,True,False,0.423
distance_sensors,fast,10.0,obstacle_drift,0.7,0,False,False,2.586
apriltag,fast,10.0,obstacle_drift,0.7,0,False,False,4.202
full_suite,fast,10.0,obstacle_drift,0.7,0,False,False,0.331
dead_reckoning,fast,10.0,obstacle_drift,0.7,1,False,True,3.93
odometry_pods,fast,10.0,obstacle_drift,0.7,1,False,True,1.387
distance_sensors,fast,10.0,obstacle_drift,0.7,1,False,True,2.958
apriltag,fast,10.0,obstacle_drift,0.7,1,False,True,3.175
full_suite,fast,10.0,obstacle_drift,0.7,1,False,True,0.147
dead_reckoning,fast,10.0,obstacle_drift,0.7,2,False,False,5.438
odometry_pods,fast,10.0,obstacle_drift,0.7,2,True,False,0.976
distance_sensors,fast,10.0,obstacle_drift,0.7,2,True,False,4.418
apriltag,fast,10.0,obstacle_drift,0.7,2,True,False,3.641
full_suite,fast,10.0,obstacle_drift,0.7,2,True,False,0.851
dead_reckoning,fast,10.0,obstacle_drift,0.7,3,False,True,2.635
odometry_pods,fast,10.0,obstacle_drift,0.7,3,False,True,0.443
distance_sensors,fast,10.0,obstacle_drift,0.7,3,False,False,0.0
apriltag,fast,10.0,obstacle_drift,0.7,3,False,True,1.639
full_suite,fast,10.0,obstacle_drift,0.7,3,False,False,0.0
dead_reckoning,fast,10.0,obstacle_drift,0.7,4,False,False,10.757
odometry_pods,fast,10.0,obstacle_drift,0.7,4,False,True,2.194
distance_sensors,fast,10.0,obstacle_drift,0.7,4,False,False,10.06
apriltag,fast,10.0,obstacle_drift,0.7,4,False,False,10.757
full_suite,fast,10.0,obstacle_drift,0.7,4,False,True,2.057
dead_reckoning,fast,10.0,obstacle_drift,0.7,5,False,False,4.837
odometry_pods,fast,10.0,obstacle_drift,0.7,5,True,False,0.738
distance_sensors,fast,10.0,obstacle_drift,0.7,5,True,False,3.875
apriltag,fast,10.0,obstacle_drift,0.7,5,True,False,0.505
full_suite,fast,10.0,obstacle_drift,0.7,5,True,False,0.12
dead_reckoning,fast,10.0,obstacle_drift,0.7,6,False,False,6.625
odometry_pods,fast,10.0,obstacle_drift,0.7,6,True,False,1.176
distance_sensors,fast,10.0,obstacle_drift,0.7,6,False,False,0.0
apriltag,fast,10.0,obstacle_drift,0.7,6,False,False,6.625
full_suite,fast,10.0,obstacle_drift,0.7,6,False,False,0.0
dead_reckoning,fast,10.0,obstacle_drift,0.7,7,False,False,13.109
odometry_pods,fast,10.0,obstacle_drift,0.7,7,False,True,1.908
distance_sensors,fast,10.0,obstacle_drift,0.7,7,False,False,11.767
apriltag,fast,10.0,obstacle_drift,0.7,7,False,True,3.545
full_suite,fast,10.0,obstacle_drift,0.7,7,True,False,0.443
dead_reckoning,fast,10.0,obstacle_drift,0.7,8,False,False,7.34
odometry_pods,fast,10.0,obstacle_drift,0.7,8,True,False,0.675
distance_sensors,fast,10.0,obstacle_drift,0.7,8,False,False,7.204
apriltag,fast,10.0,obstacle_drift,0.7,8,True,False,4.811
full_suite,fast,10.0,obstacle_drift,0.7,8,True,False,0.287
dead_reckoning,fast,10.0,obstacle_drift,0.7,9,False,False,5.975
odometry_pods,fast,10.0,obstacle_drift,0.7,9,True,False,0.89
distance_sensors,fast,10.0,obstacle_drift,0.7,9,False,False,6.768
apriltag,fast,10.0,obstacle_drift,0.7,9,True,False,4.25
full_suite,fast,10.0,obstacle_drift,0.7,9,True,False,0.875
dead_reckoning,fast,10.0,obstacle_drift,0.7,10,False,False,8.667
odometry_pods,fast,10.0,obstacle_drift,0.7,10,True,False,1.503
distance_sensors,fast,10.0,obstacle_drift,0.7,10,False,False,0.0
apriltag,fast,10.0,obstacle_drift,0.7,10,True,False,3.469
full_suite,fast,10.0,obstacle_drift,0.7,10,False,False,0.0
dead_reckoning,fast,10.0,obstacle_drift,0.7,11,False,False,7.812
odometry_pods,fast,10.0,obstacle_drift,0.7,11,False,False,0.652
distance_sensors,fast,10.0,obstacle_drift,0.7,11,False,False,2.472
apriltag,fast,10.0,obstacle_drift,0.7,11,False,False,0.857
full_suite,fast,10.0,obstacle_drift,0.7,11,False,False,0.565
dead_reckoning,fast,10.0,obstacle_drift,0.7,12,False,False,2.35
odometry_pods,fast,10.0,obstacle_drift,0.7,12,False,False,0.47
distance_sensors,fast,10.0,obstacle_drift,0.7,12,False,False,1.214
apriltag,fast,10.0,obstacle_drift,0.7,12,False,False,2.35
full_suite,fast,10.0,obstacle_drift,0.7,12,False,False,0.243
dead_reckoning,fast,10.0,obstacle_drift,0.7,13,False,True,8.207
odometry_pods,fast,10.0,obstacle_drift,0.7,13,False,True,1.904
distance_sensors,fast,10.0,obstacle_drift,0.7,13,False,False,2.306
apriltag,fast,10.0,obstacle_drift,0.7,13,False,True,4.793
full_suite,fast,10.0,obstacle_drift,0.7,13,False,False,0.461
dead_reckoning,fast,10.0,obstacle_drift,0.7,14,True,False,6.589
odometry_pods,fast,10.0,obstacle_drift,0.7,14,True,False,1.36
distance_sensors,fast,10.0,obstacle_drift,0.7,14,False,False,0.0
apriltag,fast,10.0,obstacle_drift,0.7,14,False,False,6.912
full_suite,fast,10.0,obstacle_drift,0.7,14,False,False,0.0
dead_reckoning,fast,10.0,obstacle_drift,0.9,0,False,False,10.132
odometry_pods,fast,10.0,obstacle_drift,0.9,0,False,True,1.237
distance_sensors,fast,10.0,obstacle_drift,0.9,0,False,False,3.45
apriltag,fast,10.0,obstacle_drift,0.9,0,False,False,10.132
full_suite,fast,10.0,obstacle_drift,0.9,0,False,True,0.548
dead_reckoning,fast,10.0,obstacle_drift,0.9,1,False,False,2.59
odometry_pods,fast,10.0,obstacle_drift,0.9,1,False,False,0.518
distance_sensors,fast,10.0,obstacle_drift,0.9,1,False,True,7.405
apriltag,fast,10.0,obstacle_drift,0.9,1,False,False,0.448
full_suite,fast,10.0,obstacle_drift,0.9,1,False,True,0.47
dead_reckoning,fast,10.0,obstacle_drift,0.9,2,False,False,7.217
odometry_pods,fast,10.0,obstacle_drift,0.9,2,False,True,1.69
distance_sensors,fast,10.0,obstacle_drift,0.9,2,False,True,8.015
apriltag,fast,10.0,obstacle_drift,0.9,2,False,True,2.241
full_suite,fast,10.0,obstacle_drift,0.9,2,True,False,0.947
dead_reckoning,fast,10.0,obstacle_drift,0.9,3,False,False,12.854
odometry_pods,fast,10.0,obstacle_drift,0.9,3,True,False,2.176
distance_sensors,fast,10.0,obstacle_drift,0.9,3,False,False,0.0
apriltag,fast,10.0,obstacle_drift,0.9,3,False,False,3.73
full_suite,fast,10.0,obstacle_drift,0.9,3,False,False,0.0
dead_reckoning,fast,10.0,obstacle_drift,0.9,4,False,True,4.227
odometry_pods,fast,10.0,obstacle_drift,0.9,4,False,True,0.99
distance_sensors,fast,10.0,obstacle_drift,0.9,4,False,False,6.06
apriltag,fast,10.0,obstacle_drift,0.9,4,False,True,0.241
full_suite,fast,10.0,obstacle_drift,0.9,4,False,False,1.232
dead_reckoning,fast,10.0,obstacle_drift,0.9,5,False,False,8.844
odometry_pods,fast,10.0,obstacle_drift,0.9,5,True,False,1.394
distance_sensors,fast,10.0,obstacle_drift,0.9,5,False,True,5.323
apriltag,fast,10.0,obstacle_drift,0.9,5,True,False,4.419
full_suite,fast,10.0,obstacle_drift,0.9,5,True,False,0.735
dead_reckoning,fast,10.0,obstacle_drift,0.9,6,False,False,10.235
odometry_pods,fast,10.0,obstacle_drift,0.9,6,True,False,1.734
distance_sensors,fast,10.0,obstacle_drift,0.9,6,False,False,8.359
apriltag,fast,10.0,obstacle_drift,0.9,6,True,False,2.865
full_suite,fast,10.0,obstacle_drift,0.9,6,True,False,0.45
dead_reckoning,fast,10.0,obstacle_drift,0.9,7,False,False,5.844
odometry_pods,fast,10.0,obstacle_drift,0.9,7,False,True,1.903
distance_sensors,fast,10.0,obstacle_drift,0.9,7,False,True,4.209
apriltag,fast,10.0,obstacle_drift,0.9,7,False,False,3.639
full_suite,fast,10.0,obstacle_drift,0.9,7,False,True,1.524
dead_reckoning,fast,10.0,obstacle_drift,0.9,8,False,False,6.301
odometry_pods,fast,10.0,obstacle_drift,0.9,8,True,False,1.439
distance_sensors,fast,10.0,obstacle_drift,0.9,8,False,False,5.727
apriltag,fast,10.0,obstacle_drift,0.9,8,True,False,3.034
full_suite,fast,10.0,obstacle_drift,0.9,8,True,False,0.074
dead_reckoning,fast,10.0,obstacle_drift,0.9,9,False,True,10.723
odometry_pods,fast,10.0,obstacle_drift,0.9,9,False,True,1.481
distance_sensors,fast,10.0,obstacle_drift,0.9,9,False,True,11.704
apriltag,fast,10.0,obstacle_drift,0.9,9,False,True,6.893
full_suite,fast,10.0,obstacle_drift,0.9,9,False,True,0.59
dead_reckoning,fast,10.0,obstacle_drift,0.9,10,True,False,3.167
odometry_pods,fast,10.0,obstacle_drift,0.9,10,True,False,0.466
distance_sensors,fast,10.0,obstacle_drift,0.9,10,True,False,3.073
apriltag,fast,10.0,obstacle_drift,0.9,10,True,False,3.547
full_suite,fast,10.0,obstacle_drift,0.9,10,True,False,0.632
dead_reckoning,fast,10.0,obstacle_drift,0.9,11,True,False,4.013
odometry_pods,fast,10.0,obstacle_drift,0.9,11,True,False,0.797
distance_sensors,fast,10.0,obstacle_drift,0.9,11,True,False,2.621
apriltag,fast,10.0,obstacle_drift,0.9,11,True,False,3.133
full_suite,fast,10.0,obstacle_drift,0.9,11,True,False,0.683
dead_reckoning,fast,10.0,obstacle_drift,0.9,12,False,True,3.468
odometry_pods,fast,10.0,obstacle_drift,0.9,12,False,True,0.984
distance_sensors,fast,10.0,obstacle_drift,0.9,12,False,True,6.335
apriltag,fast,10.0,obstacle_drift,0.9,12,False,True,1.553
full_suite,fast,10.0,obstacle_drift,0.9,12,False,True,0.475
dead_reckoning,fast,10.0,obstacle_drift,0.9,13,False,False,7.44
odometry_pods,fast,10.0,obstacle_drift,0.9,13,False,True,1.395
distance_sensors,fast,10.0,obstacle_drift,0.9,13,False,False,7.348
apriltag,fast,10.0,obstacle_drift,0.9,13,False,True,7.513
full_suite,fast,10.0,obstacle_drift,0.9,13,False,True,0.737
dead_reckoning,fast,10.0,obstacle_drift,0.9,14,True,False,2.295
odometry_pods,fast,10.0,obstacle_drift,0.9,14,True,False,0.668
distance_sensors,fast,10.0,obstacle_drift,0.9,14,True,False,2.295
apriltag,fast,10.0,obstacle_drift,0.9,14,True,False,2.07
full_suite,fast,10.0,obstacle_drift,0.9,14,True,False,0.726
dead_reckoning,fast,10.0,unplanned_blocker,0.3,0,False,True,8.996
odometry_pods,fast,10.0,unplanned_blocker,0.3,0,False,True,1.149
distance_sensors,fast,10.0,unplanned_blocker,0.3,0,False,False,0.0
apriltag,fast,10.0,unplanned_blocker,0.3,0,False,False,3.504
full_suite,fast,10.0,unplanned_blocker,0.3,0,False,False,0.0
dead_reckoning,fast,10.0,unplanned_blocker,0.3,1,False,False,3.446
odometry_pods,fast,10.0,unplanned_blocker,0.3,1,True,False,0.908
distance_sensors,fast,10.0,unplanned_blocker,0.3,1,False,False,3.962
apriltag,fast,10.0,unplanned_blocker,0.3,1,False,False,3.446
full_suite,fast,10.0,unplanned_blocker,0.3,1,True,False,0.626
dead_reckoning,fast,10.0,unplanned_blocker,0.3,2,True,False,1.777
odometry_pods,fast,10.0,unplanned_blocker,0.3,2,True,False,0.355
distance_sensors,fast,10.0,unplanned_blocker,0.3,2,True,False,1.777
apriltag,fast,10.0,unplanned_blocker,0.3,2,True,False,2.464
full_suite,fast,10.0,unplanned_blocker,0.3,2,True,False,0.493
dead_reckoning,fast,10.0,unplanned_blocker,0.3,3,False,False,4.081
odometry_pods,fast,10.0,unplanned_blocker,0.3,3,False,True,1.17
distance_sensors,fast,10.0,unplanned_blocker,0.3,3,False,False,0.391
apriltag,fast,10.0,unplanned_blocker,0.3,3,False,True,3.606
full_suite,fast,10.0,unplanned_blocker,0.3,3,False,False,0.078
dead_reckoning,fast,10.0,unplanned_blocker,0.3,4,False,False,2.855
odometry_pods,fast,10.0,unplanned_blocker,0.3,4,False,False,0.571
distance_sensors,fast,10.0,unplanned_blocker,0.3,4,False,False,4.493
apriltag,fast,10.0,unplanned_blocker,0.3,4,False,False,2.096
full_suite,fast,10.0,unplanned_blocker,0.3,4,True,False,0.574
dead_reckoning,fast,10.0,unplanned_blocker,0.3,5,False,False,13.203
odometry_pods,fast,10.0,unplanned_blocker,0.3,5,False,False,1.554
distance_sensors,fast,10.0,unplanned_blocker,0.3,5,False,False,6.085
apriltag,fast,10.0,unplanned_blocker,0.3,5,False,False,3.084
full_suite,fast,10.0,unplanned_blocker,0.3,5,True,False,0.186
dead_reckoning,fast,10.0,unplanned_blocker,0.3,6,False,True,3.466
odometry_pods,fast,10.0,unplanned_blocker,0.3,6,False,False,0.838
distance_sensors,fast,10.0,unplanned_blocker,0.3,6,False,True,5.187
apriltag,fast,10.0,unplanned_blocker,0.3,6,False,False,3.137
full_suite,fast,10.0,unplanned_blocker,0.3,6,False,True,0.231
dead_reckoning,fast,10.0,unplanned_blocker,0.3,7,False,False,13.905
odometry_pods,fast,10.0,unplanned_blocker,0.3,7,False,True,2.804
distance_sensors,fast,10.0,unplanned_blocker,0.3,7,False,False,4.933
apriltag,fast,10.0,unplanned_blocker,0.3,7,False,True,0.578
full_suite,fast,10.0,unplanned_blocker,0.3,7,False,False,0.445
dead_reckoning,fast,10.0,unplanned_blocker,0.3,8,False,False,14.645
odometry_pods,fast,10.0,unplanned_blocker,0.3,8,False,True,1.75
distance_sensors,fast,10.0,unplanned_blocker,0.3,8,False,False,6.757
apriltag,fast,10.0,unplanned_blocker,0.3,8,False,True,5.806
full_suite,fast,10.0,unplanned_blocker,0.3,8,False,True,0.787
dead_reckoning,fast,10.0,unplanned_blocker,0.3,9,True,False,5.422
odometry_pods,fast,10.0,unplanned_blocker,0.3,9,True,False,1.084
distance_sensors,fast,10.0,unplanned_blocker,0.3,9,False,False,5.875
apriltag,fast,10.0,unplanned_blocker,0.3,9,True,False,2.014
full_suite,fast,10.0,unplanned_blocker,0.3,9,True,False,0.478
dead_reckoning,fast,10.0,unplanned_blocker,0.3,10,False,False,7.435
odometry_pods,fast,10.0,unplanned_blocker,0.3,10,True,False,1.21
distance_sensors,fast,10.0,unplanned_blocker,0.3,10,False,False,1.635
apriltag,fast,10.0,unplanned_blocker,0.3,10,False,False,3.437
full_suite,fast,10.0,unplanned_blocker,0.3,10,True,False,1.286
dead_reckoning,fast,10.0,unplanned_blocker,0.3,11,False,False,5.901
odometry_pods,fast,10.0,unplanned_blocker,0.3,11,False,False,1.063
distance_sensors,fast,10.0,unplanned_blocker,0.3,11,False,False,5.729
apriltag,fast,10.0,unplanned_blocker,0.3,11,False,False,2.593
full_suite,fast,10.0,unplanned_blocker,0.3,11,True,False,1.737
dead_reckoning,fast,10.0,unplanned_blocker,0.3,12,False,False,9.157
odometry_pods,fast,10.0,unplanned_blocker,0.3,12,False,False,1.296
distance_sensors,fast,10.0,unplanned_blocker,0.3,12,False,False,5.457
apriltag,fast,10.0,unplanned_blocker,0.3,12,False,False,9.157
full_suite,fast,10.0,unplanned_blocker,0.3,12,True,False,1.002
dead_reckoning,fast,10.0,unplanned_blocker,0.3,13,False,False,0.0
odometry_pods,fast,10.0,unplanned_blocker,0.3,13,False,False,0.0
distance_sensors,fast,10.0,unplanned_blocker,0.3,13,True,False,2.39
apriltag,fast,10.0,unplanned_blocker,0.3,13,False,False,0.0
full_suite,fast,10.0,unplanned_blocker,0.3,13,True,False,0.478
dead_reckoning,fast,10.0,unplanned_blocker,0.3,14,False,False,3.996
odometry_pods,fast,10.0,unplanned_blocker,0.3,14,True,False,0.47
distance_sensors,fast,10.0,unplanned_blocker,0.3,14,True,False,0.962
apriltag,fast,10.0,unplanned_blocker,0.3,14,True,False,1.625
full_suite,fast,10.0,unplanned_blocker,0.3,14,True,False,0.32
dead_reckoning,fast,10.0,unplanned_blocker,0.5,0,False,False,3.736
odometry_pods,fast,10.0,unplanned_blocker,0.5,0,True,False,0.82
distance_sensors,fast,10.0,unplanned_blocker,0.5,0,True,False,4.199
apriltag,fast,10.0,unplanned_blocker,0.5,0,True,False,2.378
full_suite,fast,10.0,unplanned_blocker,0.5,0,True,False,0.701
dead_reckoning,fast,10.0,unplanned_blocker,0.5,1,False,False,2.943
odometry_pods,fast,10.0,unplanned_blocker,0.5,1,False,False,0.589
distance_sensors,fast,10.0,unplanned_blocker,0.5,1,False,True,8.768
apriltag,fast,10.0,unplanned_blocker,0.5,1,False,False,2.943
full_suite,fast,10.0,unplanned_blocker,0.5,1,False,True,0.472
dead_reckoning,fast,10.0,unplanned_blocker,0.5,2,False,False,2.24
odometry_pods,fast,10.0,unplanned_blocker,0.5,2,False,False,0.448
distance_sensors,fast,10.0,unplanned_blocker,0.5,2,False,False,2.3
apriltag,fast,10.0,unplanned_blocker,0.5,2,False,False,1.131
full_suite,fast,10.0,unplanned_blocker,0.5,2,False,False,0.371
dead_reckoning,fast,10.0,unplanned_blocker,0.5,3,False,True,5.45
odometry_pods,fast,10.0,unplanned_blocker,0.5,3,False,True,0.874
distance_sensors,fast,10.0,unplanned_blocker,0.5,3,False,False,1.907
apriltag,fast,10.0,unplanned_blocker,0.5,3,False,True,4.249
full_suite,fast,10.0,unplanned_blocker,0.5,3,False,True,0.32
dead_reckoning,fast,10.0,unplanned_blocker,0.5,4,False,False,4.485
odometry_pods,fast,10.0,unplanned_blocker,0.5,4,False,False,0.831
distance_sensors,fast,10.0,unplanned_blocker,0.5,4,True,False,0.909
apriltag,fast,10.0,unplanned_blocker,0.5,4,False,False,3.567
full_suite,fast,10.0,unplanned_blocker,0.5,4,True,False,0.652
dead_reckoning,fast,10.0,unplanned_blocker,0.5,5,False,True,4.962
odometry_pods,fast,10.0,unplanned_blocker,0.5,5,False,True,1.776
distance_sensors,fast,10.0,unplanned_blocker,0.5,5,False,False,3.627
apriltag,fast,10.0,unplanned_blocker,0.5,5,False,True,4.383
full_suite,fast,10.0,unplanned_blocker,0.5,5,False,False,0.605
dead_reckoning,fast,10.0,unplanned_blocker,0.5,6,False,False,1.746
odometry_pods,fast,10.0,unplanned_blocker,0.5,6,False,False,0.349
distance_sensors,fast,10.0,unplanned_blocker,0.5,6,True,False,0.872
apriltag,fast,10.0,unplanned_blocker,0.5,6,False,False,1.746
full_suite,fast,10.0,unplanned_blocker,0.5,6,True,False,0.051
dead_reckoning,fast,10.0,unplanned_blocker,0.5,7,True,False,3.643
odometry_pods,fast,10.0,unplanned_blocker,0.5,7,False,False,1.427
distance_sensors,fast,10.0,unplanned_blocker,0.5,7,False,False,4.978
apriltag,fast,10.0,unplanned_blocker,0.5,7,False,False,1.844
full_suite,fast,10.0,unplanned_blocker,0.5,7,True,False,0.391
dead_reckoning,fast,10.0,unplanned_blocker,0.5,8,True,False,9.377
odometry_pods,fast,10.0,unplanned_blocker,0.5,8,True,False,1.84
distance_sensors,fast,10.0,unplanned_blocker,0.5,8,False,False,11.103
apriltag,fast,10.0,unplanned_blocker,0.5,8,True,False,1.628
full_suite,fast,10.0,unplanned_blocker,0.5,8,True,False,0.243
dead_reckoning,fast,10.0,unplanned_blocker,0.5,9,True,False,4.265
odometry_pods,fast,10.0,unplanned_blocker,0.5,9,False,False,0.492
distance_sensors,fast,10.0,unplanned_blocker,0.5,9,False,False,10.66
apriltag,fast,10.0,unplanned_blocker,0.5,9,False,False,1.212
full_suite,fast,10.0,unplanned_blocker,0.5,9,True,False,0.558
dead_reckoning,fast,10.0,unplanned_blocker,0.5,10,False,False,2.015
odometry_pods,fast,10.0,unplanned_blocker,0.5,10,False,False,0.403
distance_sensors,fast,10.0,unplanned_blocker,0.5,10,False,False,2.455
apriltag,fast,10.0,unplanned_blocker,0.5,10,False,False,1.178
full_suite,fast,10.0,unplanned_blocker,0.5,10,True,False,0.722
dead_reckoning,fast,10.0,unplanned_blocker,0.5,11,False,False,11.038
odometry_pods,fast,10.0,unplanned_blocker,0.5,11,False,False,2.161
distance_sensors,fast,10.0,unplanned_blocker,0.5,11,False,False,10.651
apriltag,fast,10.0,unplanned_blocker,0.5,11,False,False,1.965
full_suite,fast,10.0,unplanned_blocker,0.5,11,False,True,0.576
dead_reckoning,fast,10.0,unplanned_blocker,0.5,12,False,False,3.079
odometry_pods,fast,10.0,unplanned_blocker,0.5,12,False,False,0.616
distance_sensors,fast,10.0,unplanned_blocker,0.5,12,False,False,2.889
apriltag,fast,10.0,unplanned_blocker,0.5,12,False,False,3.079
full_suite,fast,10.0,unplanned_blocker,0.5,12,False,False,0.578
dead_reckoning,fast,10.0,unplanned_blocker,0.5,13,False,False,6.965
odometry_pods,fast,10.0,unplanned_blocker,0.5,13,True,False,1.341
distance_sensors,fast,10.0,unplanned_blocker,0.5,13,False,False,3.892
apriltag,fast,10.0,unplanned_blocker,0.5,13,False,False,8.647
full_suite,fast,10.0,unplanned_blocker,0.5,13,True,False,1.408
dead_reckoning,fast,10.0,unplanned_blocker,0.5,14,False,False,9.282
odometry_pods,fast,10.0,unplanned_blocker,0.5,14,False,False,0.926
distance_sensors,fast,10.0,unplanned_blocker,0.5,14,False,False,4.039
apriltag,fast,10.0,unplanned_blocker,0.5,14,False,True,1.101
full_suite,fast,10.0,unplanned_blocker,0.5,14,False,True,0.972
dead_reckoning,fast,10.0,unplanned_blocker,0.7,0,False,False,3.562
odometry_pods,fast,10.0,unplanned_blocker,0.7,0,True,False,1.013
distance_sensors,fast,10.0,unplanned_blocker,0.7,0,False,False,5.068
apriltag,fast,10.0,unplanned_blocker,0.7,0,False,False,4.585
full_suite,fast,10.0,unplanned_blocker,0.7,0,True,False,1.028
dead_reckoning,fast,10.0,unplanned_blocker,0.7,1,False,False,1.316
odometry_pods,fast,10.0,unplanned_blocker,0.7,1,False,False,0.263
distance_sensors,fast,10.0,unplanned_blocker,0.7,1,True,False,3.5
apriltag,fast,10.0,unplanned_blocker,0.7,1,False,False,1.146
full_suite,fast,10.0,unplanned_blocker,0.7,1,True,False,0.663
dead_reckoning,fast,10.0,unplanned_blocker,0.7,2,False,False,0.953
odometry_pods,fast,10.0,unplanned_blocker,0.7,2,False,False,0.191
distance_sensors,fast,10.0,unplanned_blocker,0.7,2,False,False,2.927
apriltag,fast,10.0,unplanned_blocker,0.7,2,False,False,0.953
full_suite,fast,10.0,unplanned_blocker,0.7,2,True,False,0.411
dead_reckoning,fast,10.0,unplanned_blocker,0.7,3,False,False,7.704
odometry_pods,fast,10.0,unplanned_blocker,0.7,3,False,False,1.282
distance_sensors,fast,10.0,unplanned_blocker,0.7,3,False,True,16.741
apriltag,fast,10.0,unplanned_blocker,0.7,3,False,False,7.704
full_suite,fast,10.0,unplanned_blocker,0.7,3,False,False,1.432
dead_reckoning,fast,10.0,unplanned_blocker,0.7,4,False,False,6.578
odometry_pods,fast,10.0,unplanned_blocker,0.7,4,False,False,1.316
distance_sensors,fast,10.0,unplanned_blocker,0.7,4,False,False,5.782
apriltag,fast,10.0,unplanned_blocker,0.7,4,False,False,1.396
full_suite,fast,10.0,unplanned_blocker,0.7,4,False,False,1.301
dead_reckoning,fast,10.0,unplanned_blocker,0.7,5,True,False,2.825
odometry_pods,fast,10.0,unplanned_blocker,0.7,5,True,False,0.397
distance_sensors,fast,10.0,unplanned_blocker,0.7,5,True,False,1.824
apriltag,fast,10.0,unplanned_blocker,0.7,5,True,False,1.094
full_suite,fast,10.0,unplanned_blocker,0.7,5,True,False,0.556
dead_reckoning,fast,10.0,unplanned_blocker,0.7,6,False,False,3.519
odometry_pods,fast,10.0,unplanned_blocker,0.7,6,False,False,1.071
distance_sensors,fast,10.0,unplanned_blocker,0.7,6,False,False,5.258
apriltag,fast,10.0,unplanned_blocker,0.7,6,False,True,0.981
full_suite,fast,10.0,unplanned_blocker,0.7,6,False,True,0.29
dead_reckoning,fast,10.0,unplanned_blocker,0.7,7,False,True,8.119
odometry_pods,fast,10.0,unplanned_blocker,0.7,7,False,True,1.369
distance_sensors,fast,10.0,unplanned_blocker,0.7,7,False,False,6.777
apriltag,fast,10.0,unplanned_blocker,0.7,7,False,True,1.643
full_suite,fast,10.0,unplanned_blocker,0.7,7,False,True,0.22
dead_reckoning,fast,10.0,unplanned_blocker,0.7,8,False,False,8.343
odometry_pods,fast,10.0,unplanned_blocker,0.7,8,False,False,1.468
distance_sensors,fast,10.0,unplanned_blocker,0.7,8,False,False,0.0
apriltag,fast,10.0,unplanned_blocker,0.7,8,False,False,5.289
full_suite,fast,10.0,unplanned_blocker,0.7,8,False,False,0.0
dead_reckoning,fast,10.0,unplanned_blocker,0.7,9,False,False,3.329
odometry_pods,fast,10.0,unplanned_blocker,0.7,9,False,False,0.666
distance_sensors,fast,10.0,unplanned_blocker,0.7,9,False,False,3.785
apriltag,fast,10.0,unplanned_blocker,0.7,9,False,False,2.88
full_suite,fast,10.0,unplanned_blocker,0.7,9,True,False,0.233
dead_reckoning,fast,10.0,unplanned_blocker,0.7,10,False,False,6.002
odometry_pods,fast,10.0,unplanned_blocker,0.7,10,False,True,2.242
distance_sensors,fast,10.0,unplanned_blocker,0.7,10,False,True,11.954
apriltag,fast,10.0,unplanned_blocker,0.7,10,False,False,6.002
full_suite,fast,10.0,unplanned_blocker,0.7,10,False,True,0.132
dead_reckoning,fast,10.0,unplanned_blocker,0.7,11,False,False,7.64
odometry_pods,fast,10.0,unplanned_blocker,0.7,11,True,False,0.353
distance_sensors,fast,10.0,unplanned_blocker,0.7,11,False,False,6.996
apriltag,fast,10.0,unplanned_blocker,0.7,11,False,False,4.492
full_suite,fast,10.0,unplanned_blocker,0.7,11,True,False,1.773
dead_reckoning,fast,10.0,unplanned_blocker,0.7,12,False,False,0.219
odometry_pods,fast,10.0,unplanned_blocker,0.7,12,False,False,0.044
distance_sensors,fast,10.0,unplanned_blocker,0.7,12,False,False,12.331
apriltag,fast,10.0,unplanned_blocker,0.7,12,False,False,0.34
full_suite,fast,10.0,unplanned_blocker,0.7,12,False,True,0.432
dead_reckoning,fast,10.0,unplanned_blocker,0.7,13,False,True,6.053
odometry_pods,fast,10.0,unplanned_blocker,0.7,13,False,True,1.567
distance_sensors,fast,10.0,unplanned_blocker,0.7,13,False,False,0.0
apriltag,fast,10.0,unplanned_blocker,0.7,13,False,True,0.875
full_suite,fast,10.0,unplanned_blocker,0.7,13,False,False,0.0
dead_reckoning,fast,10.0,unplanned_blocker,0.7,14,True,False,7.685
odometry_pods,fast,10.0,unplanned_blocker,0.7,14,False,False,0.99
distance_sensors,fast,10.0,unplanned_blocker,0.7,14,False,False,0.0
apriltag,fast,10.0,unplanned_blocker,0.7,14,False,False,2.699
full_suite,fast,10.0,unplanned_blocker,0.7,14,False,False,0.0
dead_reckoning,fast,10.0,unplanned_blocker,0.9,0,False,False,0.491
odometry_pods,fast,10.0,unplanned_blocker,0.9,0,False,False,0.098
distance_sensors,fast,10.0,unplanned_blocker,0.9,0,False,False,6.422
apriltag,fast,10.0,unplanned_blocker,0.9,0,False,False,0.491
full_suite,fast,10.0,unplanned_blocker,0.9,0,True,False,1.502
dead_reckoning,fast,10.0,unplanned_blocker,0.9,1,False,False,4.498
odometry_pods,fast,10.0,unplanned_blocker,0.9,1,False,False,2.56
distance_sensors,fast,10.0,unplanned_blocker,0.9,1,False,False,2.111
apriltag,fast,10.0,unplanned_blocker,0.9,1,False,False,4.498
full_suite,fast,10.0,unplanned_blocker,0.9,1,False,False,0.422
dead_reckoning,fast,10.0,unplanned_blocker,0.9,2,False,False,11.464
odometry_pods,fast,10.0,unplanned_blocker,0.9,2,False,False,1.35
distance_sensors,fast,10.0,unplanned_blocker,0.9,2,False,False,4.619
apriltag,fast,10.0,unplanned_blocker,0.9,2,False,True,10.306
full_suite,fast,10.0,unplanned_blocker,0.9,2,True,False,1.147
dead_reckoning,fast,10.0,unplanned_blocker,0.9,3,False,False,5.091
odometry_pods,fast,10.0,unplanned_blocker,0.9,3,False,True,0.921
distance_sensors,fast,10.0,unplanned_blocker,0.9,3,False,False,4.844
apriltag,fast,10.0,unplanned_blocker,0.9,3,False,True,2.631
full_suite,fast,10.0,unplanned_blocker,0.9,3,False,True,1.752
dead_reckoning,fast,10.0,unplanned_blocker,0.9,4,False,False,0.953
odometry_pods,fast,10.0,unplanned_blocker,0.9,4,False,False,0.191
distance_sensors,fast,10.0,unplanned_blocker,0.9,4,False,False,4.915
apriltag,fast,10.0,unplanned_blocker,0.9,4,False,False,1.115
full_suite,fast,10.0,unplanned_blocker,0.9,4,False,True,1.276
dead_reckoning,fast,10.0,unplanned_blocker,0.9,5,False,False,0.866
odometry_pods,fast,10.0,unplanned_blocker,0.9,5,False,False,0.173
distance_sensors,fast,10.0,unplanned_blocker,0.9,5,False,False,9.125
apriltag,fast,10.0,unplanned_blocker,0.9,5,False,False,0.866
full_suite,fast,10.0,unplanned_blocker,0.9,5,True,False,1.041
dead_reckoning,fast,10.0,unplanned_blocker,0.9,6,False,False,5.007
odometry_pods,fast,10.0,unplanned_blocker,0.9,6,False,False,1.215
distance_sensors,fast,10.0,unplanned_blocker,0.9,6,False,False,9.677
apriltag,fast,10.0,unplanned_blocker,0.9,6,False,False,5.007
full_suite,fast,10.0,unplanned_blocker,0.9,6,True,False,0.627
dead_reckoning,fast,10.0,unplanned_blocker,0.9,7,False,False,7.665
odometry_pods,fast,10.0,unplanned_blocker,0.9,7,False,False,1.118
distance_sensors,fast,10.0,unplanned_blocker,0.9,7,False,False,5.115
apriltag,fast,10.0,unplanned_blocker,0.9,7,False,False,2.985
full_suite,fast,10.0,unplanned_blocker,0.9,7,True,False,0.672
dead_reckoning,fast,10.0,unplanned_blocker,0.9,8,False,False,7.351
odometry_pods,fast,10.0,unplanned_blocker,0.9,8,False,False,1.662
distance_sensors,fast,10.0,unplanned_blocker,0.9,8,False,False,0.0
apriltag,fast,10.0,unplanned_blocker,0.9,8,False,False,3.022
full_suite,fast,10.0,unplanned_blocker,0.9,8,False,False,0.0
dead_reckoning,fast,10.0,unplanned_blocker,0.9,9,False,False,0.0
odometry_pods,fast,10.0,unplanned_blocker,0.9,9,False,False,0.0
distance_sensors,fast,10.0,unplanned_blocker,0.9,9,False,False,0.0
apriltag,fast,10.0,unplanned_blocker,0.9,9,False,False,0.0
full_suite,fast,10.0,unplanned_blocker,0.9,9,False,False,0.0
dead_reckoning,fast,10.0,unplanned_blocker,0.9,10,False,False,0.0
odometry_pods,fast,10.0,unplanned_blocker,0.9,10,False,False,0.0
distance_sensors,fast,10.0,unplanned_blocker,0.9,10,True,False,2.061
apriltag,fast,10.0,unplanned_blocker,0.9,10,False,False,0.0
full_suite,fast,10.0,unplanned_blocker,0.9,10,True,False,0.967
dead_reckoning,fast,10.0,unplanned_blocker,0.9,11,False,False,2.735
odometry_pods,fast,10.0,unplanned_blocker,0.9,11,False,False,0.547
distance_sensors,fast,10.0,unplanned_blocker,0.9,11,True,False,2.716
apriltag,fast,10.0,unplanned_blocker,0.9,11,False,False,2.735
full_suite,fast,10.0,unplanned_blocker,0.9,11,True,False,0.404
dead_reckoning,fast,10.0,unplanned_blocker,0.9,12,False,True,2.191
odometry_pods,fast,10.0,unplanned_blocker,0.9,12,False,False,0.721
distance_sensors,fast,10.0,unplanned_blocker,0.9,12,False,True,2.055
apriltag,fast,10.0,unplanned_blocker,0.9,12,False,False,2.506
full_suite,fast,10.0,unplanned_blocker,0.9,12,False,True,0.246
dead_reckoning,fast,10.0,unplanned_blocker,0.9,13,False,False,11.339
odometry_pods,fast,10.0,unplanned_blocker,0.9,13,False,True,1.83
distance_sensors,fast,10.0,unplanned_blocker,0.9,13,False,False,7.379
apriltag,fast,10.0,unplanned_blocker,0.9,13,False,False,4.448
full_suite,fast,10.0,unplanned_blocker,0.9,13,False,True,0.429
dead_reckoning,fast,10.0,unplanned_blocker,0.9,14,False,True,8.5
odometry_pods,fast,10.0,unplanned_blocker,0.9,14,False,False,1.019
distance_sensors,fast,10.0,unplanned_blocker,0.9,14,False,False,6.465
apriltag,fast,10.0,unplanned_blocker,0.9,14,False,True,5.583
full_suite,fast,10.0,unplanned_blocker,0.9,14,True,False,0.879
dead_reckoning,faster,30.0,start_drift,0.3,0,False,False,19.709
odometry_pods,faster,30.0,start_drift,0.3,0,False,False,10.703
distance_sensors,faster,30.0,start_drift,0.3,0,False,False,12.871
apriltag,faster,30.0,start_drift,0.3,0,False,False,3.811
full_suite,faster,30.0,start_drift,0.3,0,False,False,0.748
dead_reckoning,faster,30.0,start_drift,0.3,1,False,False,14.628
odometry_pods,faster,30.0,start_drift,0.3,1,False,False,9.842
distance_sensors,faster,30.0,start_drift,0.3,1,False,False,8.485
apriltag,faster,30.0,start_drift,0.3,1,True,False,2.941
full_suite,faster,30.0,start_drift,0.3,1,False,False,8.485
dead_reckoning,faster,30.0,start_drift,0.3,2,False,False,7.552
odometry_pods,faster,30.0,start_drift,0.3,2,False,False,7.908
distance_sensors,faster,30.0,start_drift,0.3,2,False,False,4.116
apriltag,faster,30.0,start_drift,0.3,2,True,False,0.452
full_suite,faster,30.0,start_drift,0.3,2,True,False,0.291
dead_reckoning,faster,30.0,start_drift,0.3,3,False,False,21.448
odometry_pods,faster,30.0,start_drift,0.3,3,False,False,3.832
distance_sensors,faster,30.0,start_drift,0.3,3,False,False,8.133
apriltag,faster,30.0,start_drift,0.3,3,False,False,5.707
full_suite,faster,30.0,start_drift,0.3,3,False,False,0.729
dead_reckoning,faster,30.0,start_drift,0.3,4,False,False,9.254
odometry_pods,faster,30.0,start_drift,0.3,4,False,False,8.636
distance_sensors,faster,30.0,start_drift,0.3,4,False,False,12.627
apriltag,faster,30.0,start_drift,0.3,4,False,False,5.708
full_suite,faster,30.0,start_drift,0.3,4,False,False,1.803
dead_reckoning,faster,30.0,start_drift,0.3,5,False,False,10.085
odometry_pods,faster,30.0,start_drift,0.3,5,False,False,6.624
distance_sensors,faster,30.0,start_drift,0.3,5,False,False,8.386
apriltag,faster,30.0,start_drift,0.3,5,True,False,3.024
full_suite,faster,30.0,start_drift,0.3,5,False,False,6.116
dead_reckoning,faster,30.0,start_drift,0.3,6,False,False,10.68
odometry_pods,faster,30.0,start_drift,0.3,6,False,False,8.558
distance_sensors,faster,30.0,start_drift,0.3,6,False,False,10.351
apriltag,faster,30.0,start_drift,0.3,6,True,False,1.564
full_suite,faster,30.0,start_drift,0.3,6,True,False,4.303
dead_reckoning,faster,30.0,start_drift,0.3,7,False,False,4.879
odometry_pods,faster,30.0,start_drift,0.3,7,False,False,5.73
distance_sensors,faster,30.0,start_drift,0.3,7,False,False,4.459
apriltag,faster,30.0,start_drift,0.3,7,False,False,11.39
full_suite,faster,30.0,start_drift,0.3,7,False,False,5.637
dead_reckoning,faster,30.0,start_drift,0.3,8,False,False,3.812
odometry_pods,faster,30.0,start_drift,0.3,8,True,False,1.507
distance_sensors,faster,30.0,start_drift,0.3,8,False,False,4.293
apriltag,faster,30.0,start_drift,0.3,8,True,False,4.498
full_suite,faster,30.0,start_drift,0.3,8,True,False,0.748
dead_reckoning,faster,30.0,start_drift,0.3,9,False,False,11.374
odometry_pods,faster,30.0,start_drift,0.3,9,False,False,9.015
distance_sensors,faster,30.0,start_drift,0.3,9,False,False,8.485
apriltag,faster,30.0,start_drift,0.3,9,False,False,11.374
full_suite,faster,30.0,start_drift,0.3,9,False,False,8.485
dead_reckoning,faster,30.0,start_drift,0.3,10,False,False,19.133
odometry_pods,faster,30.0,start_drift,0.3,10,False,False,8.264
distance_sensors,faster,30.0,start_drift,0.3,10,False,False,12.303
apriltag,faster,30.0,start_drift,0.3,10,False,False,19.133
full_suite,faster,30.0,start_drift,0.3,10,True,False,0.977
dead_reckoning,faster,30.0,start_drift,0.3,11,False,False,8.603
odometry_pods,faster,30.0,start_drift,0.3,11,False,False,8.424
distance_sensors,faster,30.0,start_drift,0.3,11,False,False,8.776
apriltag,faster,30.0,start_drift,0.3,11,False,False,8.603
full_suite,faster,30.0,start_drift,0.3,11,True,False,1.163
dead_reckoning,faster,30.0,start_drift,0.3,12,False,False,11.48
odometry_pods,faster,30.0,start_drift,0.3,12,False,False,9.96
distance_sensors,faster,30.0,start_drift,0.3,12,False,False,10.59
apriltag,faster,30.0,start_drift,0.3,12,False,False,11.48
full_suite,faster,30.0,start_drift,0.3,12,False,False,8.9
dead_reckoning,faster,30.0,start_drift,0.3,13,False,False,11.032
odometry_pods,faster,30.0,start_drift,0.3,13,False,False,6.253
distance_sensors,faster,30.0,start_drift,0.3,13,False,False,14.752
apriltag,faster,30.0,start_drift,0.3,13,False,False,11.032
full_suite,faster,30.0,start_drift,0.3,13,False,False,3.347
dead_reckoning,faster,30.0,start_drift,0.3,14,False,False,8.076
odometry_pods,faster,30.0,start_drift,0.3,14,True,False,1.086
distance_sensors,faster,30.0,start_drift,0.3,14,False,False,12.128
apriltag,faster,30.0,start_drift,0.3,14,True,False,1.976
full_suite,faster,30.0,start_drift,0.3,14,True,False,0.248
dead_reckoning,faster,30.0,start_drift,0.5,0,False,False,18.091
odometry_pods,faster,30.0,start_drift,0.5,0,False,False,17.192
distance_sensors,faster,30.0,start_drift,0.5,0,False,False,21.889
apriltag,faster,30.0,start_drift,0.5,0,False,False,3.669
full_suite,faster,30.0,start_drift,0.5,0,True,False,1.609
dead_reckoning,faster,30.0,start_drift,0.5,1,False,False,9.503
odometry_pods,faster,30.0,start_drift,0.5,1,True,False,6.997
distance_sensors,faster,30.0,start_drift,0.5,1,False,False,4.823
apriltag,faster,30.0,start_drift,0.5,1,True,False,2.832
full_suite,faster,30.0,start_drift,0.5,1,False,False,0.456
dead_reckoning,faster,30.0,start_drift,0.5,2,False,False,14.346
odometry_pods,faster,30.0,start_drift,0.5,2,False,False,9.053
distance_sensors,faster,30.0,start_drift,0.5,2,False,False,11.081
apriltag,faster,30.0,start_drift,0.5,2,False,False,11.306
full_suite,faster,30.0,start_drift,0.5,2,False,False,0.624
dead_reckoning,faster,30.0,start_drift,0.5,3,False,False,11.947
odometry_pods,faster,30.0,start_drift,0.5,3,False,False,11.989
distance_sensors,faster,30.0,start_drift,0.5,3,False,False,10.283
apriltag,faster,30.0,start_drift,0.5,3,False,False,11.947
full_suite,faster,30.0,start_drift,0.5,3,True,False,11.616
dead_reckoning,faster,30.0,start_drift,0.5,4,False,False,17.42
odometry_pods,faster,30.0,start_drift,0.5,4,False,False,7.131
distance_sensors,faster,30.0,start_drift,0.5,4,True,False,9.309
apriltag,faster,30.0,start_drift,0.5,4,False,False,11.631
full_suite,faster,30.0,start_drift,0.5,4,False,False,4.761
dead_reckoning,faster,30.0,start_drift,0.5,5,False,False,13.504
odometry_pods,faster,30.0,start_drift,0.5,5,False,False,7.031
distance_sensors,faster,30.0,start_drift,0.5,5,False,False,6.0
apriltag,faster,30.0,start_drift,0.5,5,False,False,13.504
full_suite,faster,30.0,start_drift,0.5,5,False,False,6.0
dead_reckoning,faster,30.0,start_drift,0.5,6,False,False,34.28
odometry_pods,faster,30.0,start_drift,0.5,6,False,False,14.206
distance_sensors,faster,30.0,start_drift,0.5,6,False,False,30.815
apriltag,faster,30.0,start_drift,0.5,6,False,False,5.813
full_suite,faster,30.0,start_drift,0.5,6,False,False,2.864
dead_reckoning,faster,30.0,start_drift,0.5,7,False,False,20.191
odometry_pods,faster,30.0,start_drift,0.5,7,False,False,14.562
distance_sensors,faster,30.0,start_drift,0.5,7,False,False,18.931
apriltag,faster,30.0,start_drift,0.5,7,True,False,1.342
full_suite,faster,30.0,start_drift,0.5,7,True,False,0.634
dead_reckoning,faster,30.0,start_drift,0.5,8,False,False,4.647
odometry_pods,faster,30.0,start_drift,0.5,8,True,False,1.162
distance_sensors,faster,30.0,start_drift,0.5,8,False,False,5.229
apriltag,faster,30.0,start_drift,0.5,8,True,False,6.142
full_suite,faster,30.0,start_drift,0.5,8,False,False,0.506
dead_reckoning,faster,30.0,start_drift,0.5,9,False,False,9.687
odometry_pods,faster,30.0,start_drift,0.5,9,False,False,8.716
distance_sensors,faster,30.0,start_drift,0.5,9,False,False,13.989
apriltag,faster,30.0,start_drift,0.5,9,False,False,9.687
full_suite,faster,30.0,start_drift,0.5,9,False,False,0.402
dead_reckoning,faster,30.0,start_drift,0.5,10,False,False,13.416
odometry_pods,faster,30.0,start_drift,0.5,10,False,False,13.416
distance_sensors,faster,30.0,start_drift,0.5,10,False,False,12.779
apriltag,faster,30.0,start_drift,0.5,10,False,False,13.416
full_suite,faster,30.0,start_drift,0.5,10,False,False,13.282
dead_reckoning,faster,30.0,start_drift,0.5,11,False,False,15.513
odometry_pods,faster,30.0,start_drift,0.5,11,False,False,16.584
distance_sensors,faster,30.0,start_drift,0.5,11,False,False,18.482
apriltag,faster,30.0,start_drift,0.5,11,True,False,1.554
full_suite,faster,30.0,start_drift,0.5,11,True,False,0.738
dead_reckoning,faster,30.0,start_drift,0.5,12,True,False,11.433
odometry_pods,faster,30.0,start_drift,0.5,12,True,False,1.528
distance_sensors,faster,30.0,start_drift,0.5,12,False,False,3.391
apriltag,faster,30.0,start_drift,0.5,12,False,False,8.338
full_suite,faster,30.0,start_drift,0.5,12,True,False,0.966
dead_reckoning,faster,30.0,start_drift,0.5,13,False,False,13.413
odometry_pods,faster,30.0,start_drift,0.5,13,False,False,13.977
distance_sensors,faster,30.0,start_drift,0.5,13,False,False,11.206
apriltag,faster,30.0,start_drift,0.5,13,True,False,2.613
full_suite,faster,30.0,start_drift,0.5,13,False,False,9.425
dead_reckoning,faster,30.0,start_drift,0.5,14,False,False,9.757
odometry_pods,faster,30.0,start_drift,0.5,14,True,False,8.929
distance_sensors,faster,30.0,start_drift,0.5,14,False,False,9.708
apriltag,faster,30.0,start_drift,0.5,14,False,False,4.402
full_suite,faster,30.0,start_drift,0.5,14,True,False,0.625
dead_reckoning,faster,30.0,start_drift,0.7,0,False,False,14.486
odometry_pods,faster,30.0,start_drift,0.7,0,False,False,12.281
distance_sensors,faster,30.0,start_drift,0.7,0,False,False,22.638
apriltag,faster,30.0,start_drift,0.7,0,False,False,3.854
full_suite,faster,30.0,start_drift,0.7,0,False,False,4.136
dead_reckoning,faster,30.0,start_drift,0.7,1,False,False,7.588
odometry_pods,faster,30.0,start_drift,0.7,1,False,False,10.746
distance_sensors,faster,30.0,start_drift,0.7,1,False,False,6.17
apriltag,faster,30.0,start_drift,0.7,1,False,False,10.076
full_suite,faster,30.0,start_drift,0.7,1,False,False,6.07
dead_reckoning,faster,30.0,start_drift,0.7,2,False,False,6.961
odometry_pods,faster,30.0,start_drift,0.7,2,True,False,1.923
distance_sensors,faster,30.0,start_drift,0.7,2,False,False,5.553
apriltag,faster,30.0,start_drift,0.7,2,True,False,2.279
full_suite,faster,30.0,start_drift,0.7,2,True,False,0.371
dead_reckoning,faster,30.0,start_drift,0.7,3,False,False,13.112
odometry_pods,faster,30.0,start_drift,0.7,3,False,False,13.353
distance_sensors,faster,30.0,start_drift,0.7,3,False,False,15.963
apriltag,faster,30.0,start_drift,0.7,3,False,False,13.112
full_suite,faster,30.0,start_drift,0.7,3,False,False,6.335
dead_reckoning,faster,30.0,start_drift,0.7,4,False,False,6.752
odometry_pods,faster,30.0,start_drift,0.7,4,False,False,8.132
distance_sensors,faster,30.0,start_drift,0.7,4,False,False,7.53
apriltag,faster,30.0,start_drift,0.7,4,False,False,6.752
full_suite,faster,30.0,start_drift,0.7,4,False,False,8.294
dead_reckoning,faster,30.0,start_drift,0.7,5,False,False,8.485
odometry_pods,faster,30.0,start_drift,0.7,5,False,False,8.485
distance_sensors,faster,30.0,start_drift,0.7,5,False,False,12.604
apriltag,faster,30.0,start_drift,0.7,5,False,False,8.485
full_suite,faster,30.0,start_drift,0.7,5,True,False,0.768
dead_reckoning,faster,30.0,start_drift,0.7,6,False,False,12.532
odometry_pods,faster,30.0,start_drift,0.7,6,False,False,13.231
distance_sensors,faster,30.0,start_drift,0.7,6,False,False,9.983
apriltag,faster,30.0,start_drift,0.7,6,False,False,12.532
full_suite,faster,30.0,start_drift,0.7,6,False,False,2.331
dead_reckoning,faster,30.0,start_drift,0.7,7,False,False,4.905
odometry_pods,faster,30.0,start_drift,0.7,7,False,False,5.239
distance_sensors,faster,30.0,start_drift,0.7,7,False,False,6.0
apriltag,faster,30.0,start_drift,0.7,7,False,False,7.756
full_suite,faster,30.0,start_drift,0.7,7,False,False,6.0
dead_reckoning,faster,30.0,start_drift,0.7,8,False,False,11.176
odometry_pods,faster,30.0,start_drift,0.7,8,False,False,12.961
distance_sensors,faster,30.0,start_drift,0.7,8,False,False,11.064
apriltag,faster,30.0,start_drift,0.7,8,False,False,11.176
full_suite,faster,30.0,start_drift,0.7,8,False,False,13.105
dead_reckoning,faster,30.0,start_drift,0.7,9,False,False,16.834
odometry_pods,faster,30.0,start_drift,0.7,9,False,False,14.482
distance_sensors,faster,30.0,start_drift,0.7,9,False,False,13.416
apriltag,faster,30.0,start_drift,0.7,9,False,False,7.049
full_suite,faster,30.0,start_drift,0.7,9,False,False,9.452
dead_reckoning,faster,30.0,start_drift,0.7,10,False,False,9.949
odometry_pods,faster,30.0,start_drift,0.7,10,False,False,7.612
distance_sensors,faster,30.0,start_drift,0.7,10,False,False,12.34
apriltag,faster,30.0,start_drift,0.7,10,False,False,9.949
full_suite,faster,30.0,start_drift,0.7,10,True,False,1.35
dead_reckoning,faster,30.0,start_drift,0.7,11,True,False,5.453
odometry_pods,faster,30.0,start_drift,0.7,11,True,False,0.59
distance_sensors,faster,30.0,start_drift,0.7,11,False,False,2.198
apriltag,faster,30.0,start_drift,0.7,11,True,False,5.453
full_suite,faster,30.0,start_drift,0.7,11,False,False,0.44
dead_reckoning,faster,30.0,start_drift,0.7,12,False,False,10.941
odometry_pods,faster,30.0,start_drift,0.7,12,False,False,12.921
distance_sensors,faster,30.0,start_drift,0.7,12,False,False,18.922
apriltag,faster,30.0,start_drift,0.7,12,False,False,10.941
full_suite,faster,30.0,start_drift,0.7,12,False,False,13.544
dead_reckoning,faster,30.0,start_drift,0.7,13,False,False,6.011
odometry_pods,faster,30.0,start_drift,0.7,13,False,False,5.785
distance_sensors,faster,30.0,start_drift,0.7,13,False,False,7.547
apriltag,faster,30.0,start_drift,0.7,13,False,False,6.011
full_suite,faster,30.0,start_drift,0.7,13,False,False,6.295
dead_reckoning,faster,30.0,start_drift,0.7,14,False,False,11.98
odometry_pods,faster,30.0,start_drift,0.7,14,False,False,16.419
distance_sensors,faster,30.0,start_drift,0.7,14,False,False,16.971
apriltag,faster,30.0,start_drift,0.7,14,False,False,3.344
full_suite,faster,30.0,start_drift,0.7,14,False,False,10.908
dead_reckoning,faster,30.0,start_drift,0.9,0,False,False,22.011
odometry_pods,faster,30.0,start_drift,0.9,0,False,False,21.701
distance_sensors,faster,30.0,start_drift,0.9,0,False,False,15.855
apriltag,faster,30.0,start_drift,0.9,0,False,False,22.011
full_suite,faster,30.0,start_drift,0.9,0,False,False,1.262
dead_reckoning,faster,30.0,start_drift,0.9,1,False,False,17.591
odometry_pods,faster,30.0,start_drift,0.9,1,False,False,17.053
distance_sensors,faster,30.0,start_drift,0.9,1,True,False,20.778
apriltag,faster,30.0,start_drift,0.9,1,True,False,7.949
full_suite,faster,30.0,start_drift,0.9,1,True,False,2.961
dead_reckoning,faster,30.0,start_drift,0.9,2,False,False,12.872
odometry_pods,faster,30.0,start_drift,0.9,2,False,False,8.084
distance_sensors,faster,30.0,start_drift,0.9,2,False,False,12.278
apriltag,faster,30.0,start_drift,0.9,2,True,False,4.443
full_suite,faster,30.0,start_drift,0.9,2,True,False,2.962
dead_reckoning,faster,30.0,start_drift,0.9,3,False,False,18.974
odometry_pods,faster,30.0,start_drift,0.9,3,False,False,18.974
distance_sensors,faster,30.0,start_drift,0.9,3,False,False,22.449
apriltag,faster,30.0,start_drift,0.9,3,False,False,18.974
full_suite,faster,30.0,start_drift,0.9,3,False,False,0.895
dead_reckoning,faster,30.0,start_drift,0.9,4,False,False,18.555
odometry_pods,faster,30.0,start_drift,0.9,4,False,False,17.268
distance_sensors,faster,30.0,start_drift,0.9,4,False,False,21.284
apriltag,faster,30.0,start_drift,0.9,4,False,False,18.555
full_suite,faster,30.0,start_drift,0.9,4,False,False,0.359
dead_reckoning,faster,30.0,start_drift,0.9,5,False,False,28.731
odometry_pods,faster,30.0,start_drift,0.9,5,False,False,18.249
distance_sensors,faster,30.0,start_drift,0.9,5,False,False,21.692
apriltag,faster,30.0,start_drift,0.9,5,False,False,28.731
full_suite,faster,30.0,start_drift,0.9,5,False,False,1.265
dead_reckoning,faster,30.0,start_drift,0.9,6,False,False,12.408
odometry_pods,faster,30.0,start_drift,0.9,6,False,False,13.521
distance_sensors,faster,30.0,start_drift,0.9,6,False,False,13.416
apriltag,faster,30.0,start_drift,0.9,6,False,False,4.219
full_suite,faster,30.0,start_drift,0.9,6,False,False,9.155
dead_reckoning,faster,30.0,start_drift,0.9,7,False,False,21.633
odometry_pods,faster,30.0,start_drift,0.9,7,False,False,21.633
distance_sensors,faster,30.0,start_drift,0.9,7,False,False,25.431
apriltag,faster,30.0,start_drift,0.9,7,False,False,21.633
full_suite,faster,30.0,start_drift,0.9,7,False,False,10.27
dead_reckoning,faster,30.0,start_drift,0.9,8,False,False,6.398
odometry_pods,faster,30.0,start_drift,0.9,8,False,False,6.528
distance_sensors,faster,30.0,start_drift,0.9,8,False,False,10.465
apriltag,faster,30.0,start_drift,0.9,8,False,False,6.398
full_suite,faster,30.0,start_drift,0.9,8,True,False,1.305
dead_reckoning,faster,30.0,start_drift,0.9,9,False,False,22.09
odometry_pods,faster,30.0,start_drift,0.9,9,False,False,21.723
distance_sensors,faster,30.0,start_drift,0.9,9,False,False,22.09
apriltag,faster,30.0,start_drift,0.9,9,False,False,22.09
full_suite,faster,30.0,start_drift,0.9,9,False,False,11.423
dead_reckoning,faster,30.0,start_drift,0.9,10,False,False,18.141
odometry_pods,faster,30.0,start_drift,0.9,10,False,False,15.341
distance_sensors,faster,30.0,start_drift,0.9,10,False,False,30.225
apriltag,faster,30.0,start_drift,0.9,10,False,False,18.141
full_suite,faster,30.0,start_drift,0.9,10,False,False,0.797
dead_reckoning,faster,30.0,start_drift,0.9,11,False,False,25.774
odometry_pods,faster,30.0,start_drift,0.9,11,False,False,21.812
distance_sensors,faster,30.0,start_drift,0.9,11,False,False,26.689
apriltag,faster,30.0,start_drift,0.9,11,False,False,25.774
full_suite,faster,30.0,start_drift,0.9,11,False,False,22.026
dead_reckoning,faster,30.0,start_drift,0.9,12,False,False,20.789
odometry_pods,faster,30.0,start_drift,0.9,12,False,False,11.692
distance_sensors,faster,30.0,start_drift,0.9,12,False,False,22.197
apriltag,faster,30.0,start_drift,0.9,12,False,False,12.719
full_suite,faster,30.0,start_drift,0.9,12,True,False,8.084
dead_reckoning,faster,30.0,start_drift,0.9,13,False,False,7.263
odometry_pods,faster,30.0,start_drift,0.9,13,False,False,6.951
distance_sensors,faster,30.0,start_drift,0.9,13,False,False,6.567
apriltag,faster,30.0,start_drift,0.9,13,False,False,7.263
full_suite,faster,30.0,start_drift,0.9,13,False,False,7.184
dead_reckoning,faster,30.0,start_drift,0.9,14,False,False,17.478
odometry_pods,faster,30.0,start_drift,0.9,14,False,False,14.087
distance_sensors,faster,30.0,start_drift,0.9,14,False,False,17.832
apriltag,faster,30.0,start_drift,0.9,14,True,False,3.361
full_suite,faster,30.0,start_drift,0.9,14,False,False,0.349
dead_reckoning,faster,30.0,obstacle_drift,0.3,0,False,False,10.585
odometry_pods,faster,30.0,obstacle_drift,0.3,0,True,False,2.097
distance_sensors,faster,30.0,obstacle_drift,0.3,0,False,False,3.499
apriltag,faster,30.0,obstacle_drift,0.3,0,True,False,3.063
full_suite,faster,30.0,obstacle_drift,0.3,0,False,False,0.7
dead_reckoning,faster,30.0,obstacle_drift,0.3,1,True,False,1.076
odometry_pods,faster,30.0,obstacle_drift,0.3,1,True,False,0.164
distance_sensors,faster,30.0,obstacle_drift,0.3,1,False,False,3.069
apriltag,faster,30.0,obstacle_drift,0.3,1,False,False,5.729
full_suite,faster,30.0,obstacle_drift,0.3,1,True,False,0.809
dead_reckoning,faster,30.0,obstacle_drift,0.3,2,True,False,0.956
odometry_pods,faster,30.0,obstacle_drift,0.3,2,True,False,0.353
distance_sensors,faster,30.0,obstacle_drift,0.3,2,False,False,5.028
apriltag,faster,30.0,obstacle_drift,0.3,2,True,False,1.184
full_suite,faster,30.0,obstacle_drift,0.3,2,True,False,0.177
dead_reckoning,faster,30.0,obstacle_drift,0.3,3,False,False,10.473
odometry_pods,faster,30.0,obstacle_drift,0.3,3,True,False,1.965
distance_sensors,faster,30.0,obstacle_drift,0.3,3,False,False,8.288
apriltag,faster,30.0,obstacle_drift,0.3,3,True,False,2.338
full_suite,faster,30.0,obstacle_drift,0.3,3,True,False,1.089
dead_reckoning,faster,30.0,obstacle_drift,0.3,4,False,False,3.679
odometry_pods,faster,30.0,obstacle_drift,0.3,4,False,False,4.724
distance_sensors,faster,30.0,obstacle_drift,0.3,4,False,False,3.679
apriltag,faster,30.0,obstacle_drift,0.3,4,False,False,3.679
full_suite,faster,30.0,obstacle_drift,0.3,4,True,False,2.085
dead_reckoning,faster,30.0,obstacle_drift,0.3,5,False,False,0.0
odometry_pods,faster,30.0,obstacle_drift,0.3,5,False,False,0.0
distance_sensors,faster,30.0,obstacle_drift,0.3,5,False,False,5.32
apriltag,faster,30.0,obstacle_drift,0.3,5,False,False,0.0
full_suite,faster,30.0,obstacle_drift,0.3,5,True,False,0.486
dead_reckoning,faster,30.0,obstacle_drift,0.3,6,False,False,15.362
odometry_pods,faster,30.0,obstacle_drift,0.3,6,False,True,2.318
distance_sensors,faster,30.0,obstacle_drift,0.3,6,False,False,11.221
apriltag,faster,30.0,obstacle_drift,0.3,6,False,False,18.354
full_suite,faster,30.0,obstacle_drift,0.3,6,True,False,2.718
dead_reckoning,faster,30.0,obstacle_drift,0.3,7,False,False,7.335
odometry_pods,faster,30.0,obstacle_drift,0.3,7,True,False,0.172
distance_sensors,faster,30.0,obstacle_drift,0.3,7,False,False,7.705
apriltag,faster,30.0,obstacle_drift,0.3,7,True,False,2.863
full_suite,faster,30.0,obstacle_drift,0.3,7,True,False,0.37
dead_reckoning,faster,30.0,obstacle_drift,0.3,8,False,False,4.932
odometry_pods,faster,30.0,obstacle_drift,0.3,8,True,False,0.831
distance_sensors,faster,30.0,obstacle_drift,0.3,8,False,False,3.279
apriltag,faster,30.0,obstacle_drift,0.3,8,False,False,4.932
full_suite,faster,30.0,obstacle_drift,0.3,8,True,False,0.635
dead_reckoning,faster,30.0,obstacle_drift,0.3,9,False,False,4.016
odometry_pods,faster,30.0,obstacle_drift,0.3,9,True,False,0.59
distance_sensors,faster,30.0,obstacle_drift,0.3,9,False,False,4.016
apriltag,faster,30.0,obstacle_drift,0.3,9,True,False,4.207
full_suite,faster,30.0,obstacle_drift,0.3,9,True,False,0.234
dead_reckoning,faster,30.0,obstacle_drift,0.3,10,False,False,6.998
odometry_pods,faster,30.0,obstacle_drift,0.3,10,True,False,3.254
distance_sensors,faster,30.0,obstacle_drift,0.3,10,False,False,5.847
apriltag,faster,30.0,obstacle_drift,0.3,10,False,False,20.025
full_suite,faster,30.0,obstacle_drift,0.3,10,True,False,1.959
dead_reckoning,faster,30.0,obstacle_drift,0.3,11,True,False,3.808
odometry_pods,faster,30.0,obstacle_drift,0.3,11,True,False,0.762
distance_sensors,faster,30.0,obstacle_drift,0.3,11,True,False,4.138
apriltag,faster,30.0,obstacle_drift,0.3,11,True,False,3.808
full_suite,faster,30.0,obstacle_drift,0.3,11,True,False,0.828
dead_reckoning,faster,30.0,obstacle_drift,0.3,12,True,False,3.167
odometry_pods,faster,30.0,obstacle_drift,0.3,12,True,False,0.433
distance_sensors,faster,30.0,obstacle_drift,0.3,12,False,False,9.244
apriltag,faster,30.0,obstacle_drift,0.3,12,True,False,2.928
full_suite,faster,30.0,obstacle_drift,0.3,12,False,False,0.937
dead_reckoning,faster,30.0,obstacle_drift,0.3,13,True,False,1.872
odometry_pods,faster,30.0,obstacle_drift,0.3,13,True,False,0.374
distance_sensors,faster,30.0,obstacle_drift,0.3,13,True,False,1.203
apriltag,faster,30.0,obstacle_drift,0.3,13,True,False,1.635
full_suite,faster,30.0,obstacle_drift,0.3,13,True,False,0.265
dead_reckoning,faster,30.0,obstacle_drift,0.3,14,False,False,15.801
odometry_pods,faster,30.0,obstacle_drift,0.3,14,True,False,2.463
distance_sensors,faster,30.0,obstacle_drift,0.3,14,False,False,15.15
apriltag,faster,30.0,obstacle_drift,0.3,14,False,False,5.932
full_suite,faster,30.0,obstacle_drift,0.3,14,False,False,3.349
dead_reckoning,faster,30.0,obstacle_drift,0.5,0,False,False,8.882
odometry_pods,faster,30.0,obstacle_drift,0.5,0,True,False,1.187
distance_sensors,faster,30.0,obstacle_drift,0.5,0,False,False,2.152
apriltag,faster,30.0,obstacle_drift,0.5,0,True,False,5.409
full_suite,faster,30.0,obstacle_drift,0.5,0,False,False,0.43
dead_reckoning,faster,30.0,obstacle_drift,0.5,1,False,False,6.676
odometry_pods,faster,30.0,obstacle_drift,0.5,1,True,False,0.852
distance_sensors,faster,30.0,obstacle_drift,0.5,1,False,False,5.66
apriltag,faster,30.0,obstacle_drift,0.5,1,True,False,0.975
full_suite,faster,30.0,obstacle_drift,0.5,1,True,False,0.226
dead_reckoning,faster,30.0,obstacle_drift,0.5,2,False,False,9.228
odometry_pods,faster,30.0,obstacle_drift,0.5,2,True,False,0.622
distance_sensors,faster,30.0,obstacle_drift,0.5,2,False,False,4.239
apriltag,faster,30.0,obstacle_drift,0.5,2,True,False,3.609
full_suite,faster,30.0,obstacle_drift,0.5,2,True,False,0.186
dead_reckoning,faster,30.0,obstacle_drift,0.5,3,True,False,1.374
odometry_pods,faster,30.0,obstacle_drift,0.5,3,True,False,0.275
distance_sensors,faster,30.0,obstacle_drift,0.5,3,True,False,1.374
apriltag,faster,30.0,obstacle_drift,0.5,3,True,False,1.374
full_suite,faster,30.0,obstacle_drift,0.5,3,True,False,0.275
dead_reckoning,faster,30.0,obstacle_drift,0.5,4,False,False,18.406
odometry_pods,faster,30.0,obstacle_drift,0.5,4,True,False,1.565
distance_sensors,faster,30.0,obstacle_drift,0.5,4,False,False,16.664
apriltag,faster,30.0,obstacle_drift,0.5,4,False,False,10.159
full_suite,faster,30.0,obstacle_drift,0.5,4,True,False,0.956
dead_reckoning,faster,30.0,obstacle_drift,0.5,5,False,False,3.451
odometry_pods,faster,30.0,obstacle_drift,0.5,5,True,False,0.662
distance_sensors,faster,30.0,obstacle_drift,0.5,5,False,False,7.508
apriltag,faster,30.0,obstacle_drift,0.5,5,True,False,1.339
full_suite,faster,30.0,obstacle_drift,0.5,5,True,False,0.723
dead_reckoning,faster,30.0,obstacle_drift,0.5,6,True,False,2.019
odometry_pods,faster,30.0,obstacle_drift,0.5,6,True,False,0.965
distance_sensors,faster,30.0,obstacle_drift,0.5,6,True,False,1.64
apriltag,faster,30.0,obstacle_drift,0.5,6,True,False,1.004
full_suite,faster,30.0,obstacle_drift,0.5,6,True,False,0.557
dead_reckoning,faster,30.0,obstacle_drift,0.5,7,False,False,11.6
odometry_pods,faster,30.0,obstacle_drift,0.5,7,True,False,1.424
distance_sensors,faster,30.0,obstacle_drift,0.5,7,False,False,10.011
apriltag,faster,30.0,obstacle_drift,0.5,7,False,False,9.106
full_suite,faster,30.0,obstacle_drift,0.5,7,False,False,0.4
dead_reckoning,faster,30.0,obstacle_drift,0.5,8,False,False,9.439
odometry_pods,faster,30.0,obstacle_drift,0.5,8,True,False,0.652
distance_sensors,faster,30.0,obstacle_drift,0.5,8,False,False,2.359
apriltag,faster,30.0,obstacle_drift,0.5,8,False,False,8.061
full_suite,faster,30.0,obstacle_drift,0.5,8,False,False,0.145
dead_reckoning,faster,30.0,obstacle_drift,0.5,9,True,False,2.918
odometry_pods,faster,30.0,obstacle_drift,0.5,9,True,False,0.584
distance_sensors,faster,30.0,obstacle_drift,0.5,9,True,False,2.918
apriltag,faster,30.0,obstacle_drift,0.5,9,False,False,3.279
full_suite,faster,30.0,obstacle_drift,0.5,9,True,False,0.293
dead_reckoning,faster,30.0,obstacle_drift,0.5,10,False,False,4.108
odometry_pods,faster,30.0,obstacle_drift,0.5,10,True,False,0.168
distance_sensors,faster,30.0,obstacle_drift,0.5,10,False,False,6.416
apriltag,faster,30.0,obstacle_drift,0.5,10,False,False,4.108
full_suite,faster,30.0,obstacle_drift,0.5,10,True,False,1.037
dead_reckoning,faster,30.0,obstacle_drift,0.5,11,False,False,6.77
odometry_pods,faster,30.0,obstacle_drift,0.5,11,False,True,0.372
distance_sensors,faster,30.0,obstacle_drift,0.5,11,False,False,0.0
apriltag,faster,30.0,obstacle_drift,0.5,11,False,False,6.77
full_suite,faster,30.0,obstacle_drift,0.5,11,False,False,0.0
dead_reckoning,faster,30.0,obstacle_drift,0.5,12,True,False,4.604
odometry_pods,faster,30.0,obstacle_drift,0.5,12,True,False,0.921
distance_sensors,faster,30.0,obstacle_drift,0.5,12,True,False,2.911
apriltag,faster,30.0,obstacle_drift,0.5,12,False,False,3.237
full_suite,faster,30.0,obstacle_drift,0.5,12,True,False,0.582
dead_reckoning,faster,30.0,obstacle_drift,0.5,13,False,False,10.108
odometry_pods,faster,30.0,obstacle_drift,0.5,13,False,True,1.311
distance_sensors,faster,30.0,obstacle_drift,0.5,13,False,False,3.163
apriltag,faster,30.0,obstacle_drift,0.5,13,False,False,10.108
full_suite,faster,30.0,obstacle_drift,0.5,13,False,False,0.648
dead_reckoning,faster,30.0,obstacle_drift,0.5,14,False,False,3.678
odometry_pods,faster,30.0,obstacle_drift,0.5,14,True,False,1.166
distance_sensors,faster,30.0,obstacle_drift,0.5,14,False,False,8.193
apriltag,faster,30.0,obstacle_drift,0.5,14,True,False,3.058
full_suite,faster,30.0,obstacle_drift,0.5,14,True,False,0.485
dead_reckoning,faster,30.0,obstacle_drift,0.7,0,False,False,5.603
odometry_pods,faster,30.0,obstacle_drift,0.7,0,True,False,0.564
distance_sensors,faster,30.0,obstacle_drift,0.7,0,False,False,4.148
apriltag,faster,30.0,obstacle_drift,0.7,0,False,False,5.603
full_suite,faster,30.0,obstacle_drift,0.7,0,False,False,0.441
dead_reckoning,faster,30.0,obstacle_drift,0.7,1,False,False,5.983
odometry_pods,faster,30.0,obstacle_drift,0.7,1,False,False,1.978
distance_sensors,faster,30.0,obstacle_drift,0.7,1,False,False,17.121
apriltag,faster,30.0,obstacle_drift,0.7,1,False,False,5.983
full_suite,faster,30.0,obstacle_drift,0.7,1,True,False,0.76
dead_reckoning,faster,30.0,obstacle_drift,0.7,2,False,False,5.602
odometry_pods,faster,30.0,obstacle_drift,0.7,2,True,False,1.301
distance_sensors,faster,30.0,obstacle_drift,0.7,2,False,False,4.911
apriltag,faster,30.0,obstacle_drift,0.7,2,True,False,4.855
full_suite,faster,30.0,obstacle_drift,0.7,2,True,False,1.135
dead_reckoning,faster,30.0,obstacle_drift,0.7,3,True,False,6.64
odometry_pods,faster,30.0,obstacle_drift,0.7,3,True,False,1.242
distance_sensors,faster,30.0,obstacle_drift,0.7,3,False,False,0.0
apriltag,faster,30.0,obstacle_drift,0.7,3,True,False,4.204
full_suite,faster,30.0,obstacle_drift,0.7,3,False,False,0.0
dead_reckoning,faster,30.0,obstacle_drift,0.7,4,False,False,16.677
odometry_pods,faster,30.0,obstacle_drift,0.7,4,True,False,2.09
distance_sensors,faster,30.0,obstacle_drift,0.7,4,False,False,14.547
apriltag,faster,30.0,obstacle_drift,0.7,4,False,False,16.677
full_suite,faster,30.0,obstacle_drift,0.7,4,True,False,3.544
dead_reckoning,faster,30.0,obstacle_drift,0.7,5,False,False,6.45
odometry_pods,faster,30.0,obstacle_drift,0.7,5,True,False,0.984
distance_sensors,faster,30.0,obstacle_drift,0.7,5,False,False,5.621
apriltag,faster,30.0,obstacle_drift,0.7,5,True,False,0.673
full_suite,faster,30.0,obstacle_drift,0.7,5,True,False,0.16
dead_reckoning,faster,30.0,obstacle_drift,0.7,6,False,False,8.833
odometry_pods,faster,30.0,obstacle_drift,0.7,6,True,False,1.568
distance_sensors,faster,30.0,obstacle_drift,0.7,6,False,False,0.0
apriltag,faster,30.0,obstacle_drift,0.7,6,False,False,8.833
full_suite,faster,30.0,obstacle_drift,0.7,6,False,False,0.0
dead_reckoning,faster,30.0,obstacle_drift,0.7,7,False,False,14.762
odometry_pods,faster,30.0,obstacle_drift,0.7,7,True,False,3.007
distance_sensors,faster,30.0,obstacle_drift,0.7,7,False,False,13.745
apriltag,faster,30.0,obstacle_drift,0.7,7,False,False,7.37
full_suite,faster,30.0,obstacle_drift,0.7,7,True,False,0.59
dead_reckoning,faster,30.0,obstacle_drift,0.7,8,False,False,8.48
odometry_pods,faster,30.0,obstacle_drift,0.7,8,True,False,0.899
distance_sensors,faster,30.0,obstacle_drift,0.7,8,False,False,9.926
apriltag,faster,30.0,obstacle_drift,0.7,8,True,False,2.423
full_suite,faster,30.0,obstacle_drift,0.7,8,True,False,0.383
dead_reckoning,faster,30.0,obstacle_drift,0.7,9,False,False,7.524
odometry_pods,faster,30.0,obstacle_drift,0.7,9,True,False,1.186
distance_sensors,faster,30.0,obstacle_drift,0.7,9,False,False,7.243
apriltag,faster,30.0,obstacle_drift,0.7,9,True,False,5.667
full_suite,faster,30.0,obstacle_drift,0.7,9,True,False,1.167
dead_reckoning,faster,30.0,obstacle_drift,0.7,10,False,False,12.098
odometry_pods,faster,30.0,obstacle_drift,0.7,10,True,False,2.004
distance_sensors,faster,30.0,obstacle_drift,0.7,10,False,False,0.0
apriltag,faster,30.0,obstacle_drift,0.7,10,True,False,6.27
full_suite,faster,30.0,obstacle_drift,0.7,10,False,False,0.0
dead_reckoning,faster,30.0,obstacle_drift,0.7,11,False,False,8.548
odometry_pods,faster,30.0,obstacle_drift,0.7,11,False,False,0.869
distance_sensors,faster,30.0,obstacle_drift,0.7,11,False,False,6.179
apriltag,faster,30.0,obstacle_drift,0.7,11,False,False,1.143
full_suite,faster,30.0,obstacle_drift,0.7,11,False,False,0.754
dead_reckoning,faster,30.0,obstacle_drift,0.7,12,False,False,3.134
odometry_pods,faster,30.0,obstacle_drift,0.7,12,False,False,0.627
distance_sensors,faster,30.0,obstacle_drift,0.7,12,False,False,1.619
apriltag,faster,30.0,obstacle_drift,0.7,12,False,False,3.134
full_suite,faster,30.0,obstacle_drift,0.7,12,False,False,0.324
dead_reckoning,faster,30.0,obstacle_drift,0.7,13,False,False,13.562
odometry_pods,faster,30.0,obstacle_drift,0.7,13,True,False,3.435
distance_sensors,faster,30.0,obstacle_drift,0.7,13,False,False,3.074
apriltag,faster,30.0,obstacle_drift,0.7,13,False,False,13.562
full_suite,faster,30.0,obstacle_drift,0.7,13,False,False,0.615
dead_reckoning,faster,30.0,obstacle_drift,0.7,14,True,False,4.118
odometry_pods,faster,30.0,obstacle_drift,0.7,14,True,False,1.814
distance_sensors,faster,30.0,obstacle_drift,0.7,14,False,False,0.0
apriltag,faster,30.0,obstacle_drift,0.7,14,True,False,10.707
full_suite,faster,30.0,obstacle_drift,0.7,14,False,False,0.0
dead_reckoning,faster,30.0,obstacle_drift,0.9,0,False,False,13.901
odometry_pods,faster,30.0,obstacle_drift,0.9,0,True,False,1.913
distance_sensors,faster,30.0,obstacle_drift,0.9,0,False,False,4.6
apriltag,faster,30.0,obstacle_drift,0.9,0,False,False,2.471
full_suite,faster,30.0,obstacle_drift,0.9,0,True,False,0.791
dead_reckoning,faster,30.0,obstacle_drift,0.9,1,False,False,2.573
odometry_pods,faster,30.0,obstacle_drift,0.9,1,False,False,0.691
distance_sensors,faster,30.0,obstacle_drift,0.9,1,False,False,12.456
apriltag,faster,30.0,obstacle_drift,0.9,1,False,False,0.598
full_suite,faster,30.0,obstacle_drift,0.9,1,True,False,0.487
dead_reckoning,faster,30.0,obstacle_drift,0.9,2,False,False,10.678
odometry_pods,faster,30.0,obstacle_drift,0.9,2,True,False,1.275
distance_sensors,faster,30.0,obstacle_drift,0.9,2,False,False,10.716
apriltag,faster,30.0,obstacle_drift,0.9,2,False,False,4.346
full_suite,faster,30.0,obstacle_drift,0.9,2,True,False,1.262
dead_reckoning,faster,30.0,obstacle_drift,0.9,3,False,False,17.252
odometry_pods,faster,30.0,obstacle_drift,0.9,3,True,False,2.902
distance_sensors,faster,30.0,obstacle_drift,0.9,3,False,False,0.0
apriltag,faster,30.0,obstacle_drift,0.9,3,False,False,0.467
full_suite,faster,30.0,obstacle_drift,0.9,3,False,False,0.0
dead_reckoning,faster,30.0,obstacle_drift,0.9,4,False,False,25.085
odometry_pods,faster,30.0,obstacle_drift,0.9,4,True,False,3.912
distance_sensors,faster,30.0,obstacle_drift,0.9,4,False,False,7.773
apriltag,faster,30.0,obstacle_drift,0.9,4,True,False,1.686
full_suite,faster,30.0,obstacle_drift,0.9,4,False,False,1.642
dead_reckoning,faster,30.0,obstacle_drift,0.9,5,False,False,10.748
odometry_pods,faster,30.0,obstacle_drift,0.9,5,True,False,1.859
distance_sensors,faster,30.0,obstacle_drift,0.9,5,False,False,6.233
apriltag,faster,30.0,obstacle_drift,0.9,5,True,False,1.409
full_suite,faster,30.0,obstacle_drift,0.9,5,True,False,0.979
dead_reckoning,faster,30.0,obstacle_drift,0.9,6,False,False,14.139
odometry_pods,faster,30.0,obstacle_drift,0.9,6,True,False,2.312
distance_sensors,faster,30.0,obstacle_drift,0.9,6,False,False,11.548
apriltag,faster,30.0,obstacle_drift,0.9,6,True,False,4.661
full_suite,faster,30.0,obstacle_drift,0.9,6,True,False,0.601
dead_reckoning,faster,30.0,obstacle_drift,0.9,7,False,False,9.668
odometry_pods,faster,30.0,obstacle_drift,0.9,7,True,False,2.892
distance_sensors,faster,30.0,obstacle_drift,0.9,7,False,False,14.169
apriltag,faster,30.0,obstacle_drift,0.9,7,True,False,3.38
full_suite,faster,30.0,obstacle_drift,0.9,7,True,False,2.932
dead_reckoning,faster,30.0,obstacle_drift,0.9,8,False,False,8.401
odometry_pods,faster,30.0,obstacle_drift,0.9,8,True,False,1.918
distance_sensors,faster,30.0,obstacle_drift,0.9,8,False,False,7.636
apriltag,faster,30.0,obstacle_drift,0.9,8,True,False,4.045
full_suite,faster,30.0,obstacle_drift,0.9,8,True,False,0.098
dead_reckoning,faster,30.0,obstacle_drift,0.9,9,False,False,14.867
odometry_pods,faster,30.0,obstacle_drift,0.9,9,True,False,1.633
distance_sensors,faster,30.0,obstacle_drift,0.9,9,False,False,14.429
apriltag,faster,30.0,obstacle_drift,0.9,9,True,False,8.081
full_suite,faster,30.0,obstacle_drift,0.9,9,True,False,0.907
dead_reckoning,faster,30.0,obstacle_drift,0.9,10,False,False,5.161
odometry_pods,faster,30.0,obstacle_drift,0.9,10,True,False,0.621
distance_sensors,faster,30.0,obstacle_drift,0.9,10,False,False,4.402
apriltag,faster,30.0,obstacle_drift,0.9,10,True,False,4.729
full_suite,faster,30.0,obstacle_drift,0.9,10,True,False,0.843
dead_reckoning,faster,30.0,obstacle_drift,0.9,11,True,False,3.175
odometry_pods,faster,30.0,obstacle_drift,0.9,11,True,False,1.062
distance_sensors,faster,30.0,obstacle_drift,0.9,11,False,False,4.011
apriltag,faster,30.0,obstacle_drift,0.9,11,False,False,4.19
full_suite,faster,30.0,obstacle_drift,0.9,11,True,False,0.911
dead_reckoning,faster,30.0,obstacle_drift,0.9,12,False,False,13.051
odometry_pods,faster,30.0,obstacle_drift,0.9,12,False,False,3.256
distance_sensors,faster,30.0,obstacle_drift,0.9,12,False,False,13.089
apriltag,faster,30.0,obstacle_drift,0.9,12,False,False,9.143
full_suite,faster,30.0,obstacle_drift,0.9,12,True,False,1.397
dead_reckoning,faster,30.0,obstacle_drift,0.9,13,False,False,7.996
odometry_pods,faster,30.0,obstacle_drift,0.9,13,True,False,0.443
distance_sensors,faster,30.0,obstacle_drift,0.9,13,False,False,9.797
apriltag,faster,30.0,obstacle_drift,0.9,13,False,False,12.174
full_suite,faster,30.0,obstacle_drift,0.9,13,True,False,0.973
dead_reckoning,faster,30.0,obstacle_drift,0.9,14,True,False,3.371
odometry_pods,faster,30.0,obstacle_drift,0.9,14,True,False,0.891
distance_sensors,faster,30.0,obstacle_drift,0.9,14,True,False,3.371
apriltag,faster,30.0,obstacle_drift,0.9,14,True,False,2.701
full_suite,faster,30.0,obstacle_drift,0.9,14,True,False,0.968
dead_reckoning,faster,30.0,unplanned_blocker,0.3,0,False,False,14.057
odometry_pods,faster,30.0,unplanned_blocker,0.3,0,True,False,1.293
distance_sensors,faster,30.0,unplanned_blocker,0.3,0,False,False,0.0
apriltag,faster,30.0,unplanned_blocker,0.3,0,False,False,4.672
full_suite,faster,30.0,unplanned_blocker,0.3,0,False,False,0.0
dead_reckoning,faster,30.0,unplanned_blocker,0.3,1,False,False,7.341
odometry_pods,faster,30.0,unplanned_blocker,0.3,1,True,False,1.21
distance_sensors,faster,30.0,unplanned_blocker,0.3,1,False,False,3.194
apriltag,faster,30.0,unplanned_blocker,0.3,1,False,False,7.341
full_suite,faster,30.0,unplanned_blocker,0.3,1,True,False,0.835
dead_reckoning,faster,30.0,unplanned_blocker,0.3,2,True,False,2.369
odometry_pods,faster,30.0,unplanned_blocker,0.3,2,True,False,0.474
distance_sensors,faster,30.0,unplanned_blocker,0.3,2,True,False,2.369
apriltag,faster,30.0,unplanned_blocker,0.3,2,True,False,3.286
full_suite,faster,30.0,unplanned_blocker,0.3,2,True,False,0.657
dead_reckoning,faster,30.0,unplanned_blocker,0.3,3,False,False,3.34
odometry_pods,faster,30.0,unplanned_blocker,0.3,3,True,False,1.775
distance_sensors,faster,30.0,unplanned_blocker,0.3,3,False,False,0.521
apriltag,faster,30.0,unplanned_blocker,0.3,3,False,False,3.443
full_suite,faster,30.0,unplanned_blocker,0.3,3,False,False,0.104
dead_reckoning,faster,30.0,unplanned_blocker,0.3,4,True,False,4.563
odometry_pods,faster,30.0,unplanned_blocker,0.3,4,False,False,0.761
distance_sensors,faster,30.0,unplanned_blocker,0.3,4,False,False,3.316
apriltag,faster,30.0,unplanned_blocker,0.3,4,True,False,4.865
full_suite,faster,30.0,unplanned_blocker,0.3,4,True,False,0.765
dead_reckoning,faster,30.0,unplanned_blocker,0.3,5,False,False,11.726
odometry_pods,faster,30.0,unplanned_blocker,0.3,5,False,False,2.072
distance_sensors,faster,30.0,unplanned_blocker,0.3,5,False,False,8.96
apriltag,faster,30.0,unplanned_blocker,0.3,5,True,False,2.657
full_suite,faster,30.0,unplanned_blocker,0.3,5,True,False,0.248
dead_reckoning,faster,30.0,unplanned_blocker,0.3,6,False,False,11.152
odometry_pods,faster,30.0,unplanned_blocker,0.3,6,False,False,1.117
distance_sensors,faster,30.0,unplanned_blocker,0.3,6,False,False,8.434
apriltag,faster,30.0,unplanned_blocker,0.3,6,False,False,11.152
full_suite,faster,30.0,unplanned_blocker,0.3,6,True,False,0.408
dead_reckoning,faster,30.0,unplanned_blocker,0.3,7,False,False,20.995
odometry_pods,faster,30.0,unplanned_blocker,0.3,7,True,False,4.367
distance_sensors,faster,30.0,unplanned_blocker,0.3,7,False,False,6.578
apriltag,faster,30.0,unplanned_blocker,0.3,7,False,False,12.479
full_suite,faster,30.0,unplanned_blocker,0.3,7,False,False,0.594
dead_reckoning,faster,30.0,unplanned_blocker,0.3,8,False,False,12.221
odometry_pods,faster,30.0,unplanned_blocker,0.3,8,True,False,2.325
distance_sensors,faster,30.0,unplanned_blocker,0.3,8,False,False,6.015
apriltag,faster,30.0,unplanned_blocker,0.3,8,False,False,12.221
full_suite,faster,30.0,unplanned_blocker,0.3,8,True,False,1.894
dead_reckoning,faster,30.0,unplanned_blocker,0.3,9,False,False,4.511
odometry_pods,faster,30.0,unplanned_blocker,0.3,9,True,False,1.446
distance_sensors,faster,30.0,unplanned_blocker,0.3,9,True,False,5.974
apriltag,faster,30.0,unplanned_blocker,0.3,9,True,False,2.686
full_suite,faster,30.0,unplanned_blocker,0.3,9,True,False,0.638
dead_reckoning,faster,30.0,unplanned_blocker,0.3,10,True,False,3.212
odometry_pods,faster,30.0,unplanned_blocker,0.3,10,True,False,1.614
distance_sensors,faster,30.0,unplanned_blocker,0.3,10,False,False,1.132
apriltag,faster,30.0,unplanned_blocker,0.3,10,True,False,3.212
full_suite,faster,30.0,unplanned_blocker,0.3,10,True,False,1.714
dead_reckoning,faster,30.0,unplanned_blocker,0.3,11,False,False,11.47
odometry_pods,faster,30.0,unplanned_blocker,0.3,11,False,False,1.417
distance_sensors,faster,30.0,unplanned_blocker,0.3,11,False,False,6.419
apriltag,faster,30.0,unplanned_blocker,0.3,11,False,False,3.458
full_suite,faster,30.0,unplanned_blocker,0.3,11,True,False,2.316
dead_reckoning,faster,30.0,unplanned_blocker,0.3,12,False,False,8.282
odometry_pods,faster,30.0,unplanned_blocker,0.3,12,False,False,1.728
distance_sensors,faster,30.0,unplanned_blocker,0.3,12,False,False,4.569
apriltag,faster,30.0,unplanned_blocker,0.3,12,False,False,8.282
full_suite,faster,30.0,unplanned_blocker,0.3,12,True,False,1.336
dead_reckoning,faster,30.0,unplanned_blocker,0.3,13,False,False,0.0
odometry_pods,faster,30.0,unplanned_blocker,0.3,13,False,False,0.0
distance_sensors,faster,30.0,unplanned_blocker,0.3,13,True,False,3.187
apriltag,faster,30.0,unplanned_blocker,0.3,13,False,False,0.0
full_suite,faster,30.0,unplanned_blocker,0.3,13,True,False,0.637
dead_reckoning,faster,30.0,unplanned_blocker,0.3,14,False,False,5.328
odometry_pods,faster,30.0,unplanned_blocker,0.3,14,True,False,0.626
distance_sensors,faster,30.0,unplanned_blocker,0.3,14,False,False,3.184
apriltag,faster,30.0,unplanned_blocker,0.3,14,True,False,2.166
full_suite,faster,30.0,unplanned_blocker,0.3,14,True,False,0.426
dead_reckoning,faster,30.0,unplanned_blocker,0.5,0,False,False,5.583
odometry_pods,faster,30.0,unplanned_blocker,0.5,0,True,False,1.093
distance_sensors,faster,30.0,unplanned_blocker,0.5,0,False,False,5.93
apriltag,faster,30.0,unplanned_blocker,0.5,0,True,False,1.607
full_suite,faster,30.0,unplanned_blocker,0.5,0,True,False,0.935
dead_reckoning,faster,30.0,unplanned_blocker,0.5,1,False,False,10.079
odometry_pods,faster,30.0,unplanned_blocker,0.5,1,False,False,0.785
distance_sensors,faster,30.0,unplanned_blocker,0.5,1,False,False,7.259
apriltag,faster,30.0,unplanned_blocker,0.5,1,False,False,15.054
full_suite,faster,30.0,unplanned_blocker,0.5,1,True,False,1.644
dead_reckoning,faster,30.0,unplanned_blocker,0.5,2,False,False,2.45
odometry_pods,faster,30.0,unplanned_blocker,0.5,2,False,False,0.597
distance_sensors,faster,30.0,unplanned_blocker,0.5,2,False,False,3.067
apriltag,faster,30.0,unplanned_blocker,0.5,2,False,False,1.508
full_suite,faster,30.0,unplanned_blocker,0.5,2,False,False,0.495
dead_reckoning,faster,30.0,unplanned_blocker,0.5,3,True,False,3.498
odometry_pods,faster,30.0,unplanned_blocker,0.5,3,True,False,0.542
distance_sensors,faster,30.0,unplanned_blocker,0.5,3,False,False,2.543
apriltag,faster,30.0,unplanned_blocker,0.5,3,False,False,3.468
full_suite,faster,30.0,unplanned_blocker,0.5,3,False,False,0.585
dead_reckoning,faster,30.0,unplanned_blocker,0.5,4,False,False,5.98
odometry_pods,faster,30.0,unplanned_blocker,0.5,4,False,False,1.108
distance_sensors,faster,30.0,unplanned_blocker,0.5,4,False,False,3.177
apriltag,faster,30.0,unplanned_blocker,0.5,4,False,False,4.756
full_suite,faster,30.0,unplanned_blocker,0.5,4,True,False,0.869
dead_reckoning,faster,30.0,unplanned_blocker,0.5,5,False,False,10.784
odometry_pods,faster,30.0,unplanned_blocker,0.5,5,True,False,3.061
distance_sensors,faster,30.0,unplanned_blocker,0.5,5,False,False,4.836
apriltag,faster,30.0,unplanned_blocker,0.5,5,False,False,7.382
full_suite,faster,30.0,unplanned_blocker,0.5,5,False,False,0.806
dead_reckoning,faster,30.0,unplanned_blocker,0.5,6,True,False,1.693
odometry_pods,faster,30.0,unplanned_blocker,0.5,6,False,False,0.466
distance_sensors,faster,30.0,unplanned_blocker,0.5,6,True,False,1.162
apriltag,faster,30.0,unplanned_blocker,0.5,6,True,False,1.693
full_suite,faster,30.0,unplanned_blocker,0.5,6,True,False,0.068
dead_reckoning,faster,30.0,unplanned_blocker,0.5,7,False,False,12.923
odometry_pods,faster,30.0,unplanned_blocker,0.5,7,False,False,1.903
distance_sensors,faster,30.0,unplanned_blocker,0.5,7,False,False,15.288
apriltag,faster,30.0,unplanned_blocker,0.5,7,False,False,2.8
full_suite,faster,30.0,unplanned_blocker,0.5,7,True,False,0.521
dead_reckoning,faster,30.0,unplanned_blocker,0.5,8,False,False,16.155
odometry_pods,faster,30.0,unplanned_blocker,0.5,8,True,False,2.453
distance_sensors,faster,30.0,unplanned_blocker,0.5,8,False,False,18.57
apriltag,faster,30.0,unplanned_blocker,0.5,8,True,False,2.17
full_suite,faster,30.0,unplanned_blocker,0.5,8,True,False,0.324
dead_reckoning,faster,30.0,unplanned_blocker,0.5,9,True,False,7.776
odometry_pods,faster,30.0,unplanned_blocker,0.5,9,False,False,0.656
distance_sensors,faster,30.0,unplanned_blocker,0.5,9,False,False,13.826
apriltag,faster,30.0,unplanned_blocker,0.5,9,False,False,1.616
full_suite,faster,30.0,unplanned_blocker,0.5,9,True,False,0.745
dead_reckoning,faster,30.0,unplanned_blocker,0.5,10,False,False,2.686
odometry_pods,faster,30.0,unplanned_blocker,0.5,10,False,False,0.537
distance_sensors,faster,30.0,unplanned_blocker,0.5,10,False,False,9.354
apriltag,faster,30.0,unplanned_blocker,0.5,10,False,False,1.571
full_suite,faster,30.0,unplanned_blocker,0.5,10,True,False,0.962
dead_reckoning,faster,30.0,unplanned_blocker,0.5,11,False,False,14.997
odometry_pods,faster,30.0,unplanned_blocker,0.5,11,False,False,2.881
distance_sensors,faster,30.0,unplanned_blocker,0.5,11,False,False,16.108
apriltag,faster,30.0,unplanned_blocker,0.5,11,False,False,2.62
full_suite,faster,30.0,unplanned_blocker,0.5,11,True,False,0.53
dead_reckoning,faster,30.0,unplanned_blocker,0.5,12,False,False,13.508
odometry_pods,faster,30.0,unplanned_blocker,0.5,12,False,False,0.821
distance_sensors,faster,30.0,unplanned_blocker,0.5,12,False,False,5.054
apriltag,faster,30.0,unplanned_blocker,0.5,12,False,False,3.975
full_suite,faster,30.0,unplanned_blocker,0.5,12,False,False,0.77
dead_reckoning,faster,30.0,unplanned_blocker,0.5,13,False,False,5.24
odometry_pods,faster,30.0,unplanned_blocker,0.5,13,True,False,1.788
distance_sensors,faster,30.0,unplanned_blocker,0.5,13,False,False,6.154
apriltag,faster,30.0,unplanned_blocker,0.5,13,False,False,10.251
full_suite,faster,30.0,unplanned_blocker,0.5,13,True,False,1.877
dead_reckoning,faster,30.0,unplanned_blocker,0.5,14,False,False,3.808
odometry_pods,faster,30.0,unplanned_blocker,0.5,14,False,False,1.234
distance_sensors,faster,30.0,unplanned_blocker,0.5,14,False,False,11.413
apriltag,faster,30.0,unplanned_blocker,0.5,14,False,False,3.808
full_suite,faster,30.0,unplanned_blocker,0.5,14,True,False,1.575
dead_reckoning,faster,30.0,unplanned_blocker,0.7,0,False,False,4.749
odometry_pods,faster,30.0,unplanned_blocker,0.7,0,True,False,1.351
distance_sensors,faster,30.0,unplanned_blocker,0.7,0,False,False,8.095
apriltag,faster,30.0,unplanned_blocker,0.7,0,False,False,9.315
full_suite,faster,30.0,unplanned_blocker,0.7,0,True,False,1.371
dead_reckoning,faster,30.0,unplanned_blocker,0.7,1,False,False,1.755
odometry_pods,faster,30.0,unplanned_blocker,0.7,1,False,False,0.351
distance_sensors,faster,30.0,unplanned_blocker,0.7,1,True,False,3.676
apriltag,faster,30.0,unplanned_blocker,0.7,1,False,False,1.528
full_suite,faster,30.0,unplanned_blocker,0.7,1,True,False,0.884
dead_reckoning,faster,30.0,unplanned_blocker,0.7,2,False,False,1.271
odometry_pods,faster,30.0,unplanned_blocker,0.7,2,False,False,0.254
distance_sensors,faster,30.0,unplanned_blocker,0.7,2,False,False,3.903
apriltag,faster,30.0,unplanned_blocker,0.7,2,False,False,1.271
full_suite,faster,30.0,unplanned_blocker,0.7,2,True,False,0.548
dead_reckoning,faster,30.0,unplanned_blocker,0.7,3,False,False,12.555
odometry_pods,faster,30.0,unplanned_blocker,0.7,3,False,False,1.709
distance_sensors,faster,30.0,unplanned_blocker,0.7,3,False,False,19.295
apriltag,faster,30.0,unplanned_blocker,0.7,3,False,False,12.555
full_suite,faster,30.0,unplanned_blocker,0.7,3,False,False,1.91
dead_reckoning,faster,30.0,unplanned_blocker,0.7,4,False,False,10.798
odometry_pods,faster,30.0,unplanned_blocker,0.7,4,False,False,1.754
distance_sensors,faster,30.0,unplanned_blocker,0.7,4,False,False,6.208
apriltag,faster,30.0,unplanned_blocker,0.7,4,False,False,2.005
full_suite,faster,30.0,unplanned_blocker,0.7,4,False,False,1.735
dead_reckoning,faster,30.0,unplanned_blocker,0.7,5,False,False,6.472
odometry_pods,faster,30.0,unplanned_blocker,0.7,5,True,False,0.529
distance_sensors,faster,30.0,unplanned_blocker,0.7,5,False,False,5.991
apriltag,faster,30.0,unplanned_blocker,0.7,5,True,False,1.459
full_suite,faster,30.0,unplanned_blocker,0.7,5,True,False,0.741
dead_reckoning,faster,30.0,unplanned_blocker,0.7,6,False,False,4.692
odometry_pods,faster,30.0,unplanned_blocker,0.7,6,False,False,1.428
distance_sensors,faster,30.0,unplanned_blocker,0.7,6,False,False,7.011
apriltag,faster,30.0,unplanned_blocker,0.7,6,False,False,15.771
full_suite,faster,30.0,unplanned_blocker,0.7,6,True,False,0.367
dead_reckoning,faster,30.0,unplanned_blocker,0.7,7,False,False,13.211
odometry_pods,faster,30.0,unplanned_blocker,0.7,7,True,False,2.924
distance_sensors,faster,30.0,unplanned_blocker,0.7,7,False,False,10.05
apriltag,faster,30.0,unplanned_blocker,0.7,7,True,False,2.132
full_suite,faster,30.0,unplanned_blocker,0.7,7,True,False,0.218
dead_reckoning,faster,30.0,unplanned_blocker,0.7,8,False,False,16.016
odometry_pods,faster,30.0,unplanned_blocker,0.7,8,False,False,1.957
distance_sensors,faster,30.0,unplanned_blocker,0.7,8,False,False,0.0
apriltag,faster,30.0,unplanned_blocker,0.7,8,False,False,2.967
full_suite,faster,30.0,unplanned_blocker,0.7,8,False,False,0.0
dead_reckoning,faster,30.0,unplanned_blocker,0.7,9,False,False,11.314
odometry_pods,faster,30.0,unplanned_blocker,0.7,9,False,False,0.888
distance_sensors,faster,30.0,unplanned_blocker,0.7,9,False,False,4.438
apriltag,faster,30.0,unplanned_blocker,0.7,9,True,False,2.65
full_suite,faster,30.0,unplanned_blocker,0.7,9,True,False,0.311
dead_reckoning,faster,30.0,unplanned_blocker,0.7,10,False,False,4.809
odometry_pods,faster,30.0,unplanned_blocker,0.7,10,False,False,2.06
distance_sensors,faster,30.0,unplanned_blocker,0.7,10,False,False,3.027
apriltag,faster,30.0,unplanned_blocker,0.7,10,False,False,4.809
full_suite,faster,30.0,unplanned_blocker,0.7,10,True,False,0.849
dead_reckoning,faster,30.0,unplanned_blocker,0.7,11,False,False,7.232
odometry_pods,faster,30.0,unplanned_blocker,0.7,11,True,False,0.471
distance_sensors,faster,30.0,unplanned_blocker,0.7,11,False,False,9.328
apriltag,faster,30.0,unplanned_blocker,0.7,11,False,False,7.232
full_suite,faster,30.0,unplanned_blocker,0.7,11,True,False,2.364
dead_reckoning,faster,30.0,unplanned_blocker,0.7,12,False,False,0.292
odometry_pods,faster,30.0,unplanned_blocker,0.7,12,False,False,0.058
distance_sensors,faster,30.0,unplanned_blocker,0.7,12,False,False,9.948
apriltag,faster,30.0,unplanned_blocker,0.7,12,False,False,0.454
full_suite,faster,30.0,unplanned_blocker,0.7,12,True,False,1.264
dead_reckoning,faster,30.0,unplanned_blocker,0.7,13,False,False,13.729
odometry_pods,faster,30.0,unplanned_blocker,0.7,13,True,False,1.3
distance_sensors,faster,30.0,unplanned_blocker,0.7,13,False,False,0.0
apriltag,faster,30.0,unplanned_blocker,0.7,13,True,False,2.084
full_suite,faster,30.0,unplanned_blocker,0.7,13,False,False,0.0
dead_reckoning,faster,30.0,unplanned_blocker,0.7,14,False,False,3.116
odometry_pods,faster,30.0,unplanned_blocker,0.7,14,False,False,1.32
distance_sensors,faster,30.0,unplanned_blocker,0.7,14,False,False,0.0
apriltag,faster,30.0,unplanned_blocker,0.7,14,False,False,3.116
full_suite,faster,30.0,unplanned_blocker,0.7,14,False,False,0.0
dead_reckoning,faster,30.0,unplanned_blocker,0.9,0,False,False,0.655
odometry_pods,faster,30.0,unplanned_blocker,0.9,0,False,False,0.131
distance_sensors,faster,30.0,unplanned_blocker,0.9,0,False,False,9.821
apriltag,faster,30.0,unplanned_blocker,0.9,0,False,False,0.655
full_suite,faster,30.0,unplanned_blocker,0.9,0,True,False,2.003
dead_reckoning,faster,30.0,unplanned_blocker,0.9,1,False,False,5.997
odometry_pods,faster,30.0,unplanned_blocker,0.9,1,False,False,3.413
distance_sensors,faster,30.0,unplanned_blocker,0.9,1,False,False,2.814
apriltag,faster,30.0,unplanned_blocker,0.9,1,False,False,5.997
full_suite,faster,30.0,unplanned_blocker,0.9,1,False,False,0.563
dead_reckoning,faster,30.0,unplanned_blocker,0.9,2,False,False,13.585
odometry_pods,faster,30.0,unplanned_blocker,0.9,2,False,False,1.8
distance_sensors,faster,30.0,unplanned_blocker,0.9,2,False,False,5.399
apriltag,faster,30.0,unplanned_blocker,0.9,2,False,False,1.977
full_suite,faster,30.0,unplanned_blocker,0.9,2,True,False,1.529
dead_reckoning,faster,30.0,unplanned_blocker,0.9,3,False,False,7.22
odometry_pods,faster,30.0,unplanned_blocker,0.9,3,True,False,2.336
distance_sensors,faster,30.0,unplanned_blocker,0.9,3,False,False,6.459
apriltag,faster,30.0,unplanned_blocker,0.9,3,False,False,7.288
full_suite,faster,30.0,unplanned_blocker,0.9,3,True,False,3.317
dead_reckoning,faster,30.0,unplanned_blocker,0.9,4,False,False,1.028
odometry_pods,faster,30.0,unplanned_blocker,0.9,4,False,False,0.254
distance_sensors,faster,30.0,unplanned_blocker,0.9,4,False,False,4.788
apriltag,faster,30.0,unplanned_blocker,0.9,4,False,False,1.486
full_suite,faster,30.0,unplanned_blocker,0.9,4,True,False,2.333
dead_reckoning,faster,30.0,unplanned_blocker,0.9,5,False,False,1.155
odometry_pods,faster,30.0,unplanned_blocker,0.9,5,False,False,0.231
distance_sensors,faster,30.0,unplanned_blocker,0.9,5,False,False,14.058
apriltag,faster,30.0,unplanned_blocker,0.9,5,False,False,1.155
full_suite,faster,30.0,unplanned_blocker,0.9,5,True,False,1.389
dead_reckoning,faster,30.0,unplanned_blocker,0.9,6,False,False,6.677
odometry_pods,faster,30.0,unplanned_blocker,0.9,6,False,False,1.621
distance_sensors,faster,30.0,unplanned_blocker,0.9,6,False,False,10.573
apriltag,faster,30.0,unplanned_blocker,0.9,6,False,False,6.677
full_suite,faster,30.0,unplanned_blocker,0.9,6,True,False,0.836
dead_reckoning,faster,30.0,unplanned_blocker,0.9,7,False,False,11.172
odometry_pods,faster,30.0,unplanned_blocker,0.9,7,False,False,1.49
distance_sensors,faster,30.0,unplanned_blocker,0.9,7,True,False,8.733
apriltag,faster,30.0,unplanned_blocker,0.9,7,False,False,2.875
full_suite,faster,30.0,unplanned_blocker,0.9,7,True,False,0.896
dead_reckoning,faster,30.0,unplanned_blocker,0.9,8,False,False,28.883
odometry_pods,faster,30.0,unplanned_blocker,0.9,8,False,False,2.216
distance_sensors,faster,30.0,unplanned_blocker,0.9,8,False,False,0.0
apriltag,faster,30.0,unplanned_blocker,0.9,8,False,True,1.485
full_suite,faster,30.0,unplanned_blocker,0.9,8,False,False,0.0
dead_reckoning,faster,30.0,unplanned_blocker,0.9,9,False,False,0.0
odometry_pods,faster,30.0,unplanned_blocker,0.9,9,False,False,0.0
distance_sensors,faster,30.0,unplanned_blocker,0.9,9,False,False,0.0
apriltag,faster,30.0,unplanned_blocker,0.9,9,False,False,0.0
full_suite,faster,30.0,unplanned_blocker,0.9,9,False,False,0.0
dead_reckoning,faster,30.0,unplanned_blocker,0.9,10,False,False,0.0
odometry_pods,faster,30.0,unplanned_blocker,0.9,10,False,False,0.0
distance_sensors,faster,30.0,unplanned_blocker,0.9,10,False,False,3.088
apriltag,faster,30.0,unplanned_blocker,0.9,10,False,False,0.0
full_suite,faster,30.0,unplanned_blocker,0.9,10,True,False,1.289
dead_reckoning,faster,30.0,unplanned_blocker,0.9,11,False,False,3.646
odometry_pods,faster,30.0,unplanned_blocker,0.9,11,False,False,0.729
distance_sensors,faster,30.0,unplanned_blocker,0.9,11,True,False,3.622
apriltag,faster,30.0,unplanned_blocker,0.9,11,False,False,3.646
full_suite,faster,30.0,unplanned_blocker,0.9,11,True,False,0.539
dead_reckoning,faster,30.0,unplanned_blocker,0.9,12,False,False,16.659
odometry_pods,faster,30.0,unplanned_blocker,0.9,12,False,False,0.961
distance_sensors,faster,30.0,unplanned_blocker,0.9,12,False,False,4.546
apriltag,faster,30.0,unplanned_blocker,0.9,12,True,False,3.06
full_suite,faster,30.0,unplanned_blocker,0.9,12,True,False,0.648
dead_reckoning,faster,30.0,unplanned_blocker,0.9,13,False,False,14.155
odometry_pods,faster,30.0,unplanned_blocker,0.9,13,False,False,2.381
distance_sensors,faster,30.0,unplanned_blocker,0.9,13,False,False,11.043
apriltag,faster,30.0,unplanned_blocker,0.9,13,False,False,7.862
full_suite,faster,30.0,unplanned_blocker,0.9,13,True,False,0.599
dead_reckoning,faster,30.0,unplanned_blocker,0.9,14,False,False,10.044
odometry_pods,faster,30.0,unplanned_blocker,0.9,14,False,False,1.358
distance_sensors,faster,30.0,unplanned_blocker,0.9,14,False,False,8.974
apriltag,faster,30.0,unplanned_blocker,0.9,14,False,False,3.662
full_suite,faster,30.0,unplanned_blocker,0.9,14,True,False,1.172
dead_reckoning,faster,15.0,start_drift,0.3,0,False,False,19.709
odometry_pods,faster,15.0,start_drift,0.3,0,False,False,10.703
distance_sensors,faster,15.0,start_drift,0.3,0,False,False,12.871
apriltag,faster,15.0,start_drift,0.3,0,False,True,0.632
full_suite,faster,15.0,start_drift,0.3,0,False,True,0.719
dead_reckoning,faster,15.0,start_drift,0.3,1,False,False,14.628
odometry_pods,faster,15.0,start_drift,0.3,1,False,False,9.842
distance_sensors,faster,15.0,start_drift,0.3,1,False,False,8.485
apriltag,faster,15.0,start_drift,0.3,1,True,False,2.941
full_suite,faster,15.0,start_drift,0.3,1,False,False,8.485
dead_reckoning,faster,15.0,start_drift,0.3,2,False,False,7.552
odometry_pods,faster,15.0,start_drift,0.3,2,False,False,7.908
distance_sensors,faster,15.0,start_drift,0.3,2,False,False,4.116
apriltag,faster,15.0,start_drift,0.3,2,True,False,0.452
full_suite,faster,15.0,start_drift,0.3,2,True,False,0.291
dead_reckoning,faster,15.0,start_drift,0.3,3,False,False,21.448
odometry_pods,faster,15.0,start_drift,0.3,3,False,True,5.484
distance_sensors,faster,15.0,start_drift,0.3,3,False,False,8.133
apriltag,faster,15.0,start_drift,0.3,3,False,True,4.067
full_suite,faster,15.0,start_drift,0.3,3,False,False,0.729
dead_reckoning,faster,15.0,start_drift,0.3,4,False,False,9.254
odometry_pods,faster,15.0,start_drift,0.3,4,False,False,8.636
distance_sensors,faster,15.0,start_drift,0.3,4,False,False,12.627
apriltag,faster,15.0,start_drift,0.3,4,False,False,5.708
full_suite,faster,15.0,start_drift,0.3,4,False,False,1.803
dead_reckoning,faster,15.0,start_drift,0.3,5,False,False,10.085
odometry_pods,faster,15.0,start_drift,0.3,5,False,False,6.624
distance_sensors,faster,15.0,start_drift,0.3,5,False,False,8.386
apriltag,faster,15.0,start_drift,0.3,5,False,True,1.44
full_suite,faster,15.0,start_drift,0.3,5,False,False,6.116
dead_reckoning,faster,15.0,start_drift,0.3,6,False,False,10.68
odometry_pods,faster,15.0,start_drift,0.3,6,False,False,8.558
distance_sensors,faster,15.0,start_drift,0.3,6,False,False,10.351
apriltag,faster,15.0,start_drift,0.3,6,True,False,1.564
full_suite,faster,15.0,start_drift,0.3,6,True,False,4.303
dead_reckoning,faster,15.0,start_drift,0.3,7,False,False,4.879
odometry_pods,faster,15.0,start_drift,0.3,7,False,False,5.73
distance_sensors,faster,15.0,start_drift,0.3,7,False,False,4.459
apriltag,faster,15.0,start_drift,0.3,7,False,False,11.39
full_suite,faster,15.0,start_drift,0.3,7,False,False,5.637
dead_reckoning,faster,15.0,start_drift,0.3,8,False,True,6.663
odometry_pods,faster,15.0,start_drift,0.3,8,False,True,1.394
distance_sensors,faster,15.0,start_drift,0.3,8,False,True,5.663
apriltag,faster,15.0,start_drift,0.3,8,False,True,3.07
full_suite,faster,15.0,start_drift,0.3,8,False,True,0.146
dead_reckoning,faster,15.0,start_drift,0.3,9,False,False,11.374
odometry_pods,faster,15.0,start_drift,0.3,9,False,False,9.015
distance_sensors,faster,15.0,start_drift,0.3,9,False,False,8.485
apriltag,faster,15.0,start_drift,0.3,9,False,False,11.374
full_suite,faster,15.0,start_drift,0.3,9,False,False,8.485
dead_reckoning,faster,15.0,start_drift,0.3,10,False,False,19.133
odometry_pods,faster,15.0,start_drift,0.3,10,False,True,8.561
distance_sensors,faster,15.0,start_drift,0.3,10,False,True,15.728
apriltag,faster,15.0,start_drift,0.3,10,False,False,19.133
full_suite,faster,15.0,start_drift,0.3,10,False,True,0.431
dead_reckoning,faster,15.0,start_drift,0.3,11,False,False,8.603
odometry_pods,faster,15.0,start_drift,0.3,11,False,False,8.424
distance_sensors,faster,15.0,start_drift,0.3,11,False,True,13.444
apriltag,faster,15.0,start_drift,0.3,11,False,False,8.603
full_suite,faster,15.0,start_drift,0.3,11,False,True,2.462
dead_reckoning,faster,15.0,start_drift,0.3,12,False,False,11.48
odometry_pods,faster,15.0,start_drift,0.3,12,False,False,9.96
distance_sensors,faster,15.0,start_drift,0.3,12,False,False,10.59
apriltag,faster,15.0,start_drift,0.3,12,False,False,11.48
full_suite,faster,15.0,start_drift,0.3,12,False,False,8.9
dead_reckoning,faster,15.0,start_drift,0.3,13,False,False,11.032
odometry_pods,faster,15.0,start_drift,0.3,13,False,False,6.253
distance_sensors,faster,15.0,start_drift,0.3,13,False,False,14.752
apriltag,faster,15.0,start_drift,0.3,13,False,False,11.032
full_suite,faster,15.0,start_drift,0.3,13,False,False,3.347
dead_reckoning,faster,15.0,start_drift,0.3,14,False,False,8.076
odometry_pods,faster,15.0,start_drift,0.3,14,True,False,1.086
distance_sensors,faster,15.0,start_drift,0.3,14,False,False,12.128
apriltag,faster,15.0,start_drift,0.3,14,True,False,1.976
full_suite,faster,15.0,start_drift,0.3,14,True,False,0.248
dead_reckoning,faster,15.0,start_drift,0.5,0,False,False,18.091
odometry_pods,faster,15.0,start_drift,0.5,0,False,False,17.192
distance_sensors,faster,15.0,start_drift,0.5,0,False,False,21.889
apriltag,faster,15.0,start_drift,0.5,0,False,False,3.669
full_suite,faster,15.0,start_drift,0.5,0,True,False,1.609
dead_reckoning,faster,15.0,start_drift,0.5,1,False,False,9.503
odometry_pods,faster,15.0,start_drift,0.5,1,True,False,6.997
distance_sensors,faster,15.0,start_drift,0.5,1,False,False,4.823
apriltag,faster,15.0,start_drift,0.5,1,True,False,2.832
full_suite,faster,15.0,start_drift,0.5,1,False,False,0.456
dead_reckoning,faster,15.0,start_drift,0.5,2,False,False,14.346
odometry_pods,faster,15.0,start_drift,0.5,2,False,False,9.053
distance_sensors,faster,15.0,start_drift,0.5,2,False,False,11.081
apriltag,faster,15.0,start_drift,0.5,2,False,False,11.306
full_suite,faster,15.0,start_drift,0.5,2,False,False,0.624
dead_reckoning,faster,15.0,start_drift,0.5,3,False,False,11.947
odometry_pods,faster,15.0,start_drift,0.5,3,False,False,11.989
distance_sensors,faster,15.0,start_drift,0.5,3,False,False,10.283
apriltag,faster,15.0,start_drift,0.5,3,False,False,11.947
full_suite,faster,15.0,start_drift,0.5,3,True,False,11.616
dead_reckoning,faster,15.0,start_drift,0.5,4,False,False,17.42
odometry_pods,faster,15.0,start_drift,0.5,4,False,False,7.131
distance_sensors,faster,15.0,start_drift,0.5,4,True,False,9.309
apriltag,faster,15.0,start_drift,0.5,4,False,False,11.631
full_suite,faster,15.0,start_drift,0.5,4,False,False,4.761
dead_reckoning,faster,15.0,start_drift,0.5,5,False,False,13.504
odometry_pods,faster,15.0,start_drift,0.5,5,False,False,7.031
distance_sensors,faster,15.0,start_drift,0.5,5,False,False,6.0
apriltag,faster,15.0,start_drift,0.5,5,False,False,13.504
full_suite,faster,15.0,start_drift,0.5,5,False,False,6.0
dead_reckoning,faster,15.0,start_drift,0.5,6,False,False,34.28
odometry_pods,faster,15.0,start_drift,0.5,6,False,False,14.206
distance_sensors,faster,15.0,start_drift,0.5,6,False,False,30.815
apriltag,faster,15.0,start_drift,0.5,6,False,True,3.314
full_suite,faster,15.0,start_drift,0.5,6,False,False,2.864
dead_reckoning,faster,15.0,start_drift,0.5,7,False,False,20.191
odometry_pods,faster,15.0,start_drift,0.5,7,False,False,14.562
distance_sensors,faster,15.0,start_drift,0.5,7,False,False,18.931
apriltag,faster,15.0,start_drift,0.5,7,True,False,1.342
full_suite,faster,15.0,start_drift,0.5,7,True,False,0.634
dead_reckoning,faster,15.0,start_drift,0.5,8,False,False,4.647
odometry_pods,faster,15.0,start_drift,0.5,8,False,True,0.511
distance_sensors,faster,15.0,start_drift,0.5,8,False,True,5.382
apriltag,faster,15.0,start_drift,0.5,8,False,True,10.105
full_suite,faster,15.0,start_drift,0.5,8,False,False,0.506
dead_reckoning,faster,15.0,start_drift,0.5,9,False,False,9.687
odometry_pods,faster,15.0,start_drift,0.5,9,False,False,8.716
distance_sensors,faster,15.0,start_drift,0.5,9,False,False,13.989
apriltag,faster,15.0,start_drift,0.5,9,False,False,9.687
full_suite,faster,15.0,start_drift,0.5,9,False,True,0.894
dead_reckoning,faster,15.0,start_drift,0.5,10,False,False,13.416
odometry_pods,faster,15.0,start_drift,0.5,10,False,False,13.416
distance_sensors,faster,15.0,start_drift,0.5,10,False,False,12.779
apriltag,faster,15.0,start_drift,0.5,10,False,False,13.416
full_suite,faster,15.0,start_drift,0.5,10,False,False,13.282
dead_reckoning,faster,15.0,start_drift,0.5,11,False,False,15.513
odometry_pods,faster,15.0,start_drift,0.5,11,False,False,16.584
distance_sensors,faster,15.0,start_drift,0.5,11,False,False,18.482
apriltag,faster,15.0,start_drift,0.5,11,False,True,2.089
full_suite,faster,15.0,start_drift,0.5,11,False,True,0.507
dead_reckoning,faster,15.0,start_drift,0.5,12,True,False,11.433
odometry_pods,faster,15.0,start_drift,0.5,12,True,False,1.528
distance_sensors,faster,15.0,start_drift,0.5,12,False,False,3.391
apriltag,faster,15.0,start_drift,0.5,12,False,False,8.338
full_suite,faster,15.0,start_drift,0.5,12,True,False,0.966
dead_reckoning,faster,15.0,start_drift,0.5,13,False,False,13.413
odometry_pods,faster,15.0,start_drift,0.5,13,False,False,13.977
distance_sensors,faster,15.0,start_drift,0.5,13,False,False,11.206
apriltag,faster,15.0,start_drift,0.5,13,True,False,2.613
full_suite,faster,15.0,start_drift,0.5,13,False,False,9.425
dead_reckoning,faster,15.0,start_drift,0.5,14,False,False,9.757
odometry_pods,faster,15.0,start_drift,0.5,14,True,False,8.929
distance_sensors,faster,15.0,start_drift,0.5,14,False,True,4.364
apriltag,faster,15.0,start_drift,0.5,14,False,True,3.1
full_suite,faster,15.0,start_drift,0.5,14,False,True,0.129
dead_reckoning,faster,15.0,start_drift,0.7,0,False,False,14.486
odometry_pods,faster,15.0,start_drift,0.7,0,False,False,12.281
distance_sensors,faster,15.0,start_drift,0.7,0,False,False,22.638
apriltag,faster,15.0,start_drift,0.7,0,False,False,3.854
full_suite,faster,15.0,start_drift,0.7,0,False,False,4.136
dead_reckoning,faster,15.0,start_drift,0.7,1,False,False,7.588
odometry_pods,faster,15.0,start_drift,0.7,1,False,False,10.746
distance_sensors,faster,15.0,start_drift,0.7,1,False,False,6.17
apriltag,faster,15.0,start_drift,0.7,1,False,True,12.461
full_suite,faster,15.0,start_drift,0.7,1,False,False,6.07
dead_reckoning,faster,15.0,start_drift,0.7,2,False,True,8.147
odometry_pods,faster,15.0,start_drift,0.7,2,False,True,1.571
distance_sensors,faster,15.0,start_drift,0.7,2,False,False,5.553
apriltag,faster,15.0,start_drift,0.7,2,False,True,1.709
full_suite,faster,15.0,start_drift,0.7,2,False,True,0.134
dead_reckoning,faster,15.0,start_drift,0.7,3,False,False,13.112
odometry_pods,faster,15.0,start_drift,0.7,3,False,False,13.353
distance_sensors,faster,15.0,start_drift,0.7,3,False,False,15.963
apriltag,faster,15.0,start_drift,0.7,3,False,False,13.112
full_suite,faster,15.0,start_drift,0.7,3,False,False,6.335
dead_reckoning,faster,15.0,start_drift,0.7,4,False,False,6.752
odometry_pods,faster,15.0,start_drift,0.7,4,False,False,8.132
distance_sensors,faster,15.0,start_drift,0.7,4,False,False,7.53
apriltag,faster,15.0,start_drift,0.7,4,False,False,6.752
full_suite,faster,15.0,start_drift,0.7,4,False,False,8.294
dead_reckoning,faster,15.0,start_drift,0.7,5,False,False,8.485
odometry_pods,faster,15.0,start_drift,0.7,5,False,False,8.485
distance_sensors,faster,15.0,start_drift,0.7,5,False,False,12.604
apriltag,faster,15.0,start_drift,0.7,5,False,False,8.485
full_suite,faster,15.0,start_drift,0.7,5,True,False,0.768
dead_reckoning,faster,15.0,start_drift,0.7,6,False,False,12.532
odometry_pods,faster,15.0,start_drift,0.7,6,False,False,13.231
distance_sensors,faster,15.0,start_drift,0.7,6,False,False,9.983
apriltag,faster,15.0,start_drift,0.7,6,False,False,12.532
full_suite,faster,15.0,start_drift,0.7,6,False,False,2.331
dead_reckoning,faster,15.0,start_drift,0.7,7,False,False,4.905
odometry_pods,faster,15.0,start_drift,0.7,7,False,False,5.239
distance_sensors,faster,15.0,start_drift,0.7,7,False,False,6.0
apriltag,faster,15.0,start_drift,0.7,7,False,False,7.756
full_suite,faster,15.0,start_drift,0.7,7,False,False,6.0
dead_reckoning,faster,15.0,start_drift,0.7,8,False,False,11.176
odometry_pods,faster,15.0,start_drift,0.7,8,False,False,12.961
distance_sensors,faster,15.0,start_drift,0.7,8,False,False,11.064
apriltag,faster,15.0,start_drift,0.7,8,False,False,11.176
full_suite,faster,15.0,start_drift,0.7,8,False,False,13.105
dead_reckoning,faster,15.0,start_drift,0.7,9,False,False,16.834
odometry_pods,faster,15.0,start_drift,0.7,9,False,False,14.482
distance_sensors,faster,15.0,start_drift,0.7,9,False,False,13.416
apriltag,faster,15.0,start_drift,0.7,9,False,False,7.049
full_suite,faster,15.0,start_drift,0.7,9,False,False,9.452
dead_reckoning,faster,15.0,start_drift,0.7,10,False,False,9.949
odometry_pods,faster,15.0,start_drift,0.7,10,False,True,6.882
distance_sensors,faster,15.0,start_drift,0.7,10,False,True,11.088
apriltag,faster,15.0,start_drift,0.7,10,False,False,9.949
full_suite,faster,15.0,start_drift,0.7,10,False,True,0.319
dead_reckoning,faster,15.0,start_drift,0.7,11,True,False,5.453
odometry_pods,faster,15.0,start_drift,0.7,11,True,False,0.59
distance_sensors,faster,15.0,start_drift,0.7,11,False,False,2.198
apriltag,faster,15.0,start_drift,0.7,11,True,False,5.453
full_suite,faster,15.0,start_drift,0.7,11,False,False,0.44
dead_reckoning,faster,15.0,start_drift,0.7,12,False,False,10.941
odometry_pods,faster,15.0,start_drift,0.7,12,False,False,12.921
distance_sensors,faster,15.0,start_drift,0.7,12,False,False,18.922
apriltag,faster,15.0,start_drift,0.7,12,False,False,10.941
full_suite,faster,15.0,start_drift,0.7,12,False,False,13.544
dead_reckoning,faster,15.0,start_drift,0.7,13,False,False,6.011
odometry_pods,faster,15.0,start_drift,0.7,13,False,False,5.785
distance_sensors,faster,15.0,start_drift,0.7,13,False,False,7.547
apriltag,faster,15.0,start_drift,0.7,13,False,False,6.011
full_suite,faster,15.0,start_drift,0.7,13,False,False,6.295
dead_reckoning,faster,15.0,start_drift,0.7,14,False,False,11.98
odometry_pods,faster,15.0,start_drift,0.7,14,False,False,16.419
distance_sensors,faster,15.0,start_drift,0.7,14,False,False,16.971
apriltag,faster,15.0,start_drift,0.7,14,False,False,3.344
full_suite,faster,15.0,start_drift,0.7,14,False,False,10.908
dead_reckoning,faster,15.0,start_drift,0.9,0,False,False,22.011
odometry_pods,faster,15.0,start_drift,0.9,0,False,False,21.701
distance_sensors,faster,15.0,start_drift,0.9,0,False,False,15.855
apriltag,faster,15.0,start_drift,0.9,0,False,False,22.011
full_suite,faster,15.0,start_drift,0.9,0,False,False,1.262
dead_reckoning,faster,15.0,start_drift,0.9,1,False,False,17.591
odometry_pods,faster,15.0,start_drift,0.9,1,False,False,17.053
distance_sensors,faster,15.0,start_drift,0.9,1,True,False,20.778
apriltag,faster,15.0,start_drift,0.9,1,True,False,7.949
full_suite,faster,15.0,start_drift,0.9,1,True,False,2.961
dead_reckoning,faster,15.0,start_drift,0.9,2,False,False,12.872
odometry_pods,faster,15.0,start_drift,0.9,2,False,False,8.084
distance_sensors,faster,15.0,start_drift,0.9,2,False,False,12.278
apriltag,faster,15.0,start_drift,0.9,2,True,False,4.443
full_suite,faster,15.0,start_drift,0.9,2,True,False,2.962
dead_reckoning,faster,15.0,start_drift,0.9,3,False,False,18.974
odometry_pods,faster,15.0,start_drift,0.9,3,False,False,18.974
distance_sensors,faster,15.0,start_drift,0.9,3,False,False,22.449
apriltag,faster,15.0,start_drift,0.9,3,False,False,18.974
full_suite,faster,15.0,start_drift,0.9,3,False,False,0.895
dead_reckoning,faster,15.0,start_drift,0.9,4,False,False,18.555
odometry_pods,faster,15.0,start_drift,0.9,4,False,False,17.268
distance_sensors,faster,15.0,start_drift,0.9,4,False,False,21.284
apriltag,faster,15.0,start_drift,0.9,4,False,False,18.555
full_suite,faster,15.0,start_drift,0.9,4,False,False,0.359
dead_reckoning,faster,15.0,start_drift,0.9,5,False,False,28.731
odometry_pods,faster,15.0,start_drift,0.9,5,False,False,18.249
distance_sensors,faster,15.0,start_drift,0.9,5,False,False,21.692
apriltag,faster,15.0,start_drift,0.9,5,False,False,28.731
full_suite,faster,15.0,start_drift,0.9,5,False,True,1.911
dead_reckoning,faster,15.0,start_drift,0.9,6,False,False,12.408
odometry_pods,faster,15.0,start_drift,0.9,6,False,False,13.521
distance_sensors,faster,15.0,start_drift,0.9,6,False,False,13.416
apriltag,faster,15.0,start_drift,0.9,6,False,False,4.219
full_suite,faster,15.0,start_drift,0.9,6,False,False,9.155
dead_reckoning,faster,15.0,start_drift,0.9,7,False,False,21.633
odometry_pods,faster,15.0,start_drift,0.9,7,False,False,21.633
distance_sensors,faster,15.0,start_drift,0.9,7,False,True,26.009
apriltag,faster,15.0,start_drift,0.9,7,False,False,21.633
full_suite,faster,15.0,start_drift,0.9,7,False,False,10.27
dead_reckoning,faster,15.0,start_drift,0.9,8,False,False,6.398
odometry_pods,faster,15.0,start_drift,0.9,8,False,True,6.795
distance_sensors,faster,15.0,start_drift,0.9,8,False,True,10.047
apriltag,faster,15.0,start_drift,0.9,8,False,False,6.398
full_suite,faster,15.0,start_drift,0.9,8,True,False,1.305
dead_reckoning,faster,15.0,start_drift,0.9,9,False,False,22.09
odometry_pods,faster,15.0,start_drift,0.9,9,False,False,21.723
distance_sensors,faster,15.0,start_drift,0.9,9,False,False,22.09
apriltag,faster,15.0,start_drift,0.9,9,False,False,22.09
full_suite,faster,15.0,start_drift,0.9,9,False,False,11.423
dead_reckoning,faster,15.0,start_drift,0.9,10,False,False,18.141
odometry_pods,faster,15.0,start_drift,0.9,10,False,True,15.004
distance_sensors,faster,15.0,start_drift,0.9,10,False,True,30.32
apriltag,faster,15.0,start_drift,0.9,10,False,False,18.141
full_suite,faster,15.0,start_drift,0.9,10,False,False,0.797
dead_reckoning,faster,15.0,start_drift,0.9,11,False,False,25.774
odometry_pods,faster,15.0,start_drift,0.9,11,False,False,21.812
distance_sensors,faster,15.0,start_drift,0.9,11,False,False,26.689
apriltag,faster,15.0,start_drift,0.9,11,False,False,25.774
full_suite,faster,15.0,start_drift,0.9,11,False,False,22.026
dead_reckoning,faster,15.0,start_drift,0.9,12,False,False,20.789
odometry_pods,faster,15.0,start_drift,0.9,12,False,True,11.04
distance_sensors,faster,15.0,start_drift,0.9,12,False,False,22.197
apriltag,faster,15.0,start_drift,0.9,12,False,True,13.257
full_suite,faster,15.0,start_drift,0.9,12,False,True,7.181
dead_reckoning,faster,15.0,start_drift,0.9,13,False,False,7.263
odometry_pods,faster,15.0,start_drift,0.9,13,False,False,6.951
distance_sensors,faster,15.0,start_drift,0.9,13,False,False,6.567
apriltag,faster,15.0,start_drift,0.9,13,False,False,7.263
full_suite,faster,15.0,start_drift,0.9,13,False,False,7.184
dead_reckoning,faster,15.0,start_drift,0.9,14,False,False,17.478
odometry_pods,faster,15.0,start_drift,0.9,14,False,False,14.087
distance_sensors,faster,15.0,start_drift,0.9,14,False,False,17.832
apriltag,faster,15.0,start_drift,0.9,14,True,False,3.361
full_suite,faster,15.0,start_drift,0.9,14,False,False,0.349
dead_reckoning,faster,15.0,obstacle_drift,0.3,0,False,False,10.585
odometry_pods,faster,15.0,obstacle_drift,0.3,0,True,False,2.097
distance_sensors,faster,15.0,obstacle_drift,0.3,0,False,False,3.499
apriltag,faster,15.0,obstacle_drift,0.3,0,True,False,3.063
full_suite,faster,15.0,obstacle_drift,0.3,0,False,False,0.7
dead_reckoning,faster,15.0,obstacle_drift,0.3,1,False,True,2.217
odometry_pods,faster,15.0,obstacle_drift,0.3,1,False,True,0.535
distance_sensors,faster,15.0,obstacle_drift,0.3,1,False,True,2.475
apriltag,faster,15.0,obstacle_drift,0.3,1,False,False,5.729
full_suite,faster,15.0,obstacle_drift,0.3,1,False,True,1.091
dead_reckoning,faster,15.0,obstacle_drift,0.3,2,True,False,0.956
odometry_pods,faster,15.0,obstacle_drift,0.3,2,True,False,0.353
distance_sensors,faster,15.0,obstacle_drift,0.3,2,False,False,5.028
apriltag,faster,15.0,obstacle_drift,0.3,2,True,False,1.184
full_suite,faster,15.0,obstacle_drift,0.3,2,True,False,0.177
dead_reckoning,faster,15.0,obstacle_drift,0.3,3,False,False,10.473
odometry_pods,faster,15.0,obstacle_drift,0.3,3,True,False,1.965
distance_sensors,faster,15.0,obstacle_drift,0.3,3,False,False,8.288
apriltag,faster,15.0,obstacle_drift,0.3,3,True,False,2.338
full_suite,faster,15.0,obstacle_drift,0.3,3,True,False,1.089
dead_reckoning,faster,15.0,obstacle_drift,0.3,4,False,False,3.679
odometry_pods,faster,15.0,obstacle_drift,0.3,4,False,True,3.899
distance_sensors,faster,15.0,obstacle_drift,0.3,4,False,False,3.679
apriltag,faster,15.0,obstacle_drift,0.3,4,False,False,3.679
full_suite,faster,15.0,obstacle_drift,0.3,4,False,True,1.249
dead_reckoning,faster,15.0,obstacle_drift,0.3,5,False,False,0.0
odometry_pods,faster,15.0,obstacle_drift,0.3,5,False,False,0.0
distance_sensors,faster,15.0,obstacle_drift,0.3,5,False,False,5.32
apriltag,faster,15.0,obstacle_drift,0.3,5,False,False,0.0
full_suite,faster,15.0,obstacle_drift,0.3,5,True,False,0.486
dead_reckoning,faster,15.0,obstacle_drift,0.3,6,False,True,19.328
odometry_pods,faster,15.0,obstacle_drift,0.3,6,False,True,2.947
distance_sensors,faster,15.0,obstacle_drift,0.3,6,False,False,11.221
apriltag,faster,15.0,obstacle_drift,0.3,6,False,True,1.403
full_suite,faster,15.0,obstacle_drift,0.3,6,False,True,0.902
dead_reckoning,faster,15.0,obstacle_drift,0.3,7,False,False,7.335
odometry_pods,faster,15.0,obstacle_drift,0.3,7,True,False,0.172
distance_sensors,faster,15.0,obstacle_drift,0.3,7,False,False,7.705
apriltag,faster,15.0,obstacle_drift,0.3,7,True,False,2.863
full_suite,faster,15.0,obstacle_drift,0.3,7,True,False,0.37
dead_reckoning,faster,15.0,obstacle_drift,0.3,8,False,False,4.932
odometry_pods,faster,15.0,obstacle_drift,0.3,8,True,False,0.831
distance_sensors,faster,15.0,obstacle_drift,0.3,8,False,False,3.279
apriltag,faster,15.0,obstacle_drift,0.3,8,False,False,4.932
full_suite,faster,15.0,obstacle_drift,0.3,8,True,False,0.635
dead_reckoning,faster,15.0,obstacle_drift,0.3,9,False,False,4.016
odometry_pods,faster,15.0,obstacle_drift,0.3,9,True,False,0.59
distance_sensors,faster,15.0,obstacle_drift,0.3,9,False,False,4.016
apriltag,faster,15.0,obstacle_drift,0.3,9,True,False,4.207
full_suite,faster,15.0,obstacle_drift,0.3,9,True,False,0.234
dead_reckoning,faster,15.0,obstacle_drift,0.3,10,False,False,6.998
odometry_pods,faster,15.0,obstacle_drift,0.3,10,True,False,3.254
distance_sensors,faster,15.0,obstacle_drift,0.3,10,False,False,5.847
apriltag,faster,15.0,obstacle_drift,0.3,10,False,False,20.025
full_suite,faster,15.0,obstacle_drift,0.3,10,True,False,1.959
dead_reckoning,faster,15.0,obstacle_drift,0.3,11,True,False,3.808
odometry_pods,faster,15.0,obstacle_drift,0.3,11,True,False,0.762
distance_sensors,faster,15.0,obstacle_drift,0.3,11,True,False,4.138
apriltag,faster,15.0,obstacle_drift,0.3,11,True,False,3.808
full_suite,faster,15.0,obstacle_drift,0.3,11,True,False,0.828
dead_reckoning,faster,15.0,obstacle_drift,0.3,12,True,False,3.167
odometry_pods,faster,15.0,obstacle_drift,0.3,12,True,False,0.433
distance_sensors,faster,15.0,obstacle_drift,0.3,12,False,False,9.244
apriltag,faster,15.0,obstacle_drift,0.3,12,True,False,2.928
full_suite,faster,15.0,obstacle_drift,0.3,12,False,False,0.937
dead_reckoning,faster,15.0,obstacle_drift,0.3,13,True,False,1.872
odometry_pods,faster,15.0,obstacle_drift,0.3,13,True,False,0.374
distance_sensors,faster,15.0,obstacle_drift,0.3,13,True,False,1.203
apriltag,faster,15.0,obstacle_drift,0.3,13,True,False,1.635
full_suite,faster,15.0,obstacle_drift,0.3,13,True,False,0.265
dead_reckoning,faster,15.0,obstacle_drift,0.3,14,False,False,15.801
odometry_pods,faster,15.0,obstacle_drift,0.3,14,True,False,2.463
distance_sensors,faster,15.0,obstacle_drift,0.3,14,False,False,15.15
apriltag,faster,15.0,obstacle_drift,0.3,14,False,True,6.403
full_suite,faster,15.0,obstacle_drift,0.3,14,False,False,3.349
dead_reckoning,faster,15.0,obstacle_drift,0.5,0,False,True,10.8
odometry_pods,faster,15.0,obstacle_drift,0.5,0,False,True,1.644
distance_sensors,faster,15.0,obstacle_drift,0.5,0,False,False,2.152
apriltag,faster,15.0,obstacle_drift,0.5,0,False,True,3.946
full_suite,faster,15.0,obstacle_drift,0.5,0,False,False,0.43
dead_reckoning,faster,15.0,obstacle_drift,0.5,1,False,False,6.676
odometry_pods,faster,15.0,obstacle_drift,0.5,1,True,False,0.852
distance_sensors,faster,15.0,obstacle_drift,0.5,1,False,False,5.66
apriltag,faster,15.0,obstacle_drift,0.5,1,True,False,0.975
full_suite,faster,15.0,obstacle_drift,0.5,1,True,False,0.226
dead_reckoning,faster,15.0,obstacle_drift,0.5,2,False,False,9.228
odometry_pods,faster,15.0,obstacle_drift,0.5,2,False,True,0.566
distance_sensors,faster,15.0,obstacle_drift,0.5,2,False,False,4.239
apriltag,faster,15.0,obstacle_drift,0.5,2,False,True,2.94
full_suite,faster,15.0,obstacle_drift,0.5,2,False,True,0.818
dead_reckoning,faster,15.0,obstacle_drift,0.5,3,True,False,1.374
odometry_pods,faster,15.0,obstacle_drift,0.5,3,True,False,0.275
distance_sensors,faster,15.0,obstacle_drift,0.5,3,True,False,1.374
apriltag,faster,15.0,obstacle_drift,0.5,3,True,False,1.374
full_suite,faster,15.0,obstacle_drift,0.5,3,True,False,0.275
dead_reckoning,faster,15.0,obstacle_drift,0.5,4,False,False,18.406
odometry_pods,faster,15.0,obstacle_drift,0.5,4,False,True,1.288
distance_sensors,faster,15.0,obstacle_drift,0.5,4,False,False,16.664
apriltag,faster,15.0,obstacle_drift,0.5,4,False,False,10.159
full_suite,faster,15.0,obstacle_drift,0.5,4,False,True,0.742
dead_reckoning,faster,15.0,obstacle_drift,0.5,5,False,False,3.451
odometry_pods,faster,15.0,obstacle_drift,0.5,5,True,False,0.662
distance_sensors,faster,15.0,obstacle_drift,0.5,5,False,False,7.508
apriltag,faster,15.0,obstacle_drift,0.5,5,True,False,1.339
full_suite,faster,15.0,obstacle_drift,0.5,5,True,False,0.723
dead_reckoning,faster,15.0,obstacle_drift,0.5,6,True,False,2.019
odometry_pods,faster,15.0,obstacle_drift,0.5,6,True,False,0.965
distance_sensors,faster,15.0,obstacle_drift,0.5,6,True,False,1.64
apriltag,faster,15.0,obstacle_drift,0.5,6,True,False,1.004
full_suite,faster,15.0,obstacle_drift,0.5,6,True,False,0.557
dead_reckoning,faster,15.0,obstacle_drift,0.5,7,False,True,13.005
odometry_pods,faster,15.0,obstacle_drift,0.5,7,True,False,1.424
distance_sensors,faster,15.0,obstacle_drift,0.5,7,False,True,7.465
apriltag,faster,15.0,obstacle_drift,0.5,7,False,True,6.183
full_suite,faster,15.0,obstacle_drift,0.5,7,False,False,0.4
dead_reckoning,faster,15.0,obstacle_drift,0.5,8,False,False,9.439
odometry_pods,faster,15.0,obstacle_drift,0.5,8,False,True,0.554
distance_sensors,faster,15.0,obstacle_drift,0.5,8,False,False,2.359
apriltag,faster,15.0,obstacle_drift,0.5,8,False,False,8.061
full_suite,faster,15.0,obstacle_drift,0.5,8,False,False,0.145
dead_reckoning,faster,15.0,obstacle_drift,0.5,9,True,False,2.918
odometry_pods,faster,15.0,obstacle_drift,0.5,9,True,False,0.584
distance_sensors,faster,15.0,obstacle_drift,0.5,9,True,False,2.918
apriltag,faster,15.0,obstacle_drift,0.5,9,False,False,3.279
full_suite,faster,15.0,obstacle_drift,0.5,9,True,False,0.293
dead_reckoning,faster,15.0,obstacle_drift,0.5,10,False,False,4.108
odometry_pods,faster,15.0,obstacle_drift,0.5,10,True,False,0.168
distance_sensors,faster,15.0,obstacle_drift,0.5,10,False,False,6.416
apriltag,faster,15.0,obstacle_drift,0.5,10,False,False,4.108
full_suite,faster,15.0,obstacle_drift,0.5,10,True,False,1.037
dead_reckoning,faster,15.0,obstacle_drift,0.5,11,False,False,6.77
odometry_pods,faster,15.0,obstacle_drift,0.5,11,False,True,0.809
distance_sensors,faster,15.0,obstacle_drift,0.5,11,False,False,0.0
apriltag,faster,15.0,obstacle_drift,0.5,11,False,False,6.77
full_suite,faster,15.0,obstacle_drift,0.5,11,False,False,0.0
dead_reckoning,faster,15.0,obstacle_drift,0.5,12,True,False,4.604
odometry_pods,faster,15.0,obstacle_drift,0.5,12,True,False,0.921
distance_sensors,faster,15.0,obstacle_drift,0.5,12,True,False,2.911
apriltag,faster,15.0,obstacle_drift,0.5,12,False,False,3.237
full_suite,faster,15.0,obstacle_drift,0.5,12,True,False,0.582
dead_reckoning,faster,15.0,obstacle_drift,0.5,13,False,False,10.108
odometry_pods,faster,15.0,obstacle_drift,0.5,13,False,True,1.805
distance_sensors,faster,15.0,obstacle_drift,0.5,13,False,False,3.163
apriltag,faster,15.0,obstacle_drift,0.5,13,False,False,10.108
full_suite,faster,15.0,obstacle_drift,0.5,13,False,False,0.648
dead_reckoning,faster,15.0,obstacle_drift,0.5,14,False,False,3.678
odometry_pods,faster,15.0,obstacle_drift,0.5,14,True,False,1.166
distance_sensors,faster,15.0,obstacle_drift,0.5,14,False,False,8.193
apriltag,faster,15.0,obstacle_drift,0.5,14,True,False,3.058
full_suite,faster,15.0,obstacle_drift,0.5,14,True,False,0.485
dead_reckoning,faster,15.0,obstacle_drift,0.7,0,False,False,5.603
odometry_pods,faster,15.0,obstacle_drift,0.7,0,True,False,0.564
distance_sensors,faster,15.0,obstacle_drift,0.7,0,False,False,4.148
apriltag,faster,15.0,obstacle_drift,0.7,0,False,False,5.603
full_suite,faster,15.0,obstacle_drift,0.7,0,False,False,0.441
dead_reckoning,faster,15.0,obstacle_drift,0.7,1,False,False,5.983
odometry_pods,faster,15.0,obstacle_drift,0.7,1,False,True,1.733
distance_sensors,faster,15.0,obstacle_drift,0.7,1,False,False,17.121
apriltag,faster,15.0,obstacle_drift,0.7,1,False,False,5.983
full_suite,faster,15.0,obstacle_drift,0.7,1,False,True,0.196
dead_reckoning,faster,15.0,obstacle_drift,0.7,2,False,False,5.602
odometry_pods,faster,15.0,obstacle_drift,0.7,2,True,False,1.301
distance_sensors,faster,15.0,obstacle_drift,0.7,2,False,False,4.911
apriltag,faster,15.0,obstacle_drift,0.7,2,True,False,4.855
full_suite,faster,15.0,obstacle_drift,0.7,2,True,False,1.135
dead_reckoning,faster,15.0,obstacle_drift,0.7,3,False,True,3.238
odometry_pods,faster,15.0,obstacle_drift,0.7,3,False,True,0.945
distance_sensors,faster,15.0,obstacle_drift,0.7,3,False,False,0.0
apriltag,faster,15.0,obstacle_drift,0.7,3,False,True,2.086
full_suite,faster,15.0,obstacle_drift,0.7,3,False,False,0.0
dead_reckoning,faster,15.0,obstacle_drift,0.7,4,False,False,16.677
odometry_pods,faster,15.0,obstacle_drift,0.7,4,False,True,2.925
distance_sensors,faster,15.0,obstacle_drift,0.7,4,False,False,14.547
apriltag,faster,15.0,obstacle_drift,0.7,4,False,False,16.677
full_suite,faster,15.0,obstacle_drift,0.7,4,False,True,2.743
dead_reckoning,faster,15.0,obstacle_drift,0.7,5,False,False,6.45
odometry_pods,faster,15.0,obstacle_drift,0.7,5,True,False,0.984
distance_sensors,faster,15.0,obstacle_drift,0.7,5,False,False,5.621
apriltag,faster,15.0,obstacle_drift,0.7,5,True,False,0.673
full_suite,faster,15.0,obstacle_drift,0.7,5,True,False,0.16
dead_reckoning,faster,15.0,obstacle_drift,0.7,6,False,False,8.833
odometry_pods,faster,15.0,obstacle_drift,0.7,6,True,False,1.568
distance_sensors,faster,15.0,obstacle_drift,0.7,6,False,False,0.0
apriltag,faster,15.0,obstacle_drift,0.7,6,False,False,8.833
full_suite,faster,15.0,obstacle_drift,0.7,6,False,False,0.0
dead_reckoning,faster,15.0,obstacle_drift,0.7,7,False,False,14.762
odometry_pods,faster,15.0,obstacle_drift,0.7,7,False,True,2.544
distance_sensors,faster,15.0,obstacle_drift,0.7,7,False,False,13.745
apriltag,faster,15.0,obstacle_drift,0.7,7,False,True,5.444
full_suite,faster,15.0,obstacle_drift,0.7,7,True,False,0.59
dead_reckoning,faster,15.0,obstacle_drift,0.7,8,False,False,8.48
odometry_pods,faster,15.0,obstacle_drift,0.7,8,True,False,0.899
distance_sensors,faster,15.0,obstacle_drift,0.7,8,False,False,9.926
apriltag,faster,15.0,obstacle_drift,0.7,8,False,True,3.797
full_suite,faster,15.0,obstacle_drift,0.7,8,True,False,0.383
dead_reckoning,faster,15.0,obstacle_drift,0.7,9,False,False,7.524
odometry_pods,faster,15.0,obstacle_drift,0.7,9,True,False,1.186
distance_sensors,faster,15.0,obstacle_drift,0.7,9,False,False,7.243
apriltag,faster,15.0,obstacle_drift,0.7,9,True,False,5.667
full_suite,faster,15.0,obstacle_drift,0.7,9,True,False,1.167
dead_reckoning,faster,15.0,obstacle_drift,0.7,10,False,False,12.098
odometry_pods,faster,15.0,obstacle_drift,0.7,10,True,False,2.004
distance_sensors,faster,15.0,obstacle_drift,0.7,10,False,False,0.0
apriltag,faster,15.0,obstacle_drift,0.7,10,True,False,6.27
full_suite,faster,15.0,obstacle_drift,0.7,10,False,False,0.0
dead_reckoning,faster,15.0,obstacle_drift,0.7,11,False,False,8.548
odometry_pods,faster,15.0,obstacle_drift,0.7,11,False,False,0.869
distance_sensors,faster,15.0,obstacle_drift,0.7,11,False,False,6.179
apriltag,faster,15.0,obstacle_drift,0.7,11,False,False,1.143
full_suite,faster,15.0,obstacle_drift,0.7,11,False,False,0.754
dead_reckoning,faster,15.0,obstacle_drift,0.7,12,False,False,3.134
odometry_pods,faster,15.0,obstacle_drift,0.7,12,False,False,0.627
distance_sensors,faster,15.0,obstacle_drift,0.7,12,False,False,1.619
apriltag,faster,15.0,obstacle_drift,0.7,12,False,False,3.134
full_suite,faster,15.0,obstacle_drift,0.7,12,False,False,0.324
dead_reckoning,faster,15.0,obstacle_drift,0.7,13,False,False,13.562
odometry_pods,faster,15.0,obstacle_drift,0.7,13,False,True,2.539
distance_sensors,faster,15.0,obstacle_drift,0.7,13,False,False,3.074
apriltag,faster,15.0,obstacle_drift,0.7,13,False,False,13.562
full_suite,faster,15.0,obstacle_drift,0.7,13,False,False,0.615
dead_reckoning,faster,15.0,obstacle_drift,0.7,14,True,False,4.118
odometry_pods,faster,15.0,obstacle_drift,0.7,14,True,False,1.814
distance_sensors,faster,15.0,obstacle_drift,0.7,14,False,False,0.0
apriltag,faster,15.0,obstacle_drift,0.7,14,True,False,10.707
full_suite,faster,15.0,obstacle_drift,0.7,14,False,False,0.0
dead_reckoning,faster,15.0,obstacle_drift,0.9,0,False,True,12.371
odometry_pods,faster,15.0,obstacle_drift,0.9,0,False,True,1.649
distance_sensors,faster,15.0,obstacle_drift,0.9,0,False,False,4.6
apriltag,faster,15.0,obstacle_drift,0.9,0,False,True,2.371
full_suite,faster,15.0,obstacle_drift,0.9,0,False,True,0.73
dead_reckoning,faster,15.0,obstacle_drift,0.9,1,False,False,2.573
odometry_pods,faster,15.0,obstacle_drift,0.9,1,False,False,0.691
distance_sensors,faster,15.0,obstacle_drift,0.9,1,False,True,11.23
apriltag,faster,15.0,obstacle_drift,0.9,1,False,False,0.598
full_suite,faster,15.0,obstacle_drift,0.9,1,False,True,0.524
dead_reckoning,faster,15.0,obstacle_drift,0.9,2,False,False,10.678
odometry_pods,faster,15.0,obstacle_drift,0.9,2,False,True,2.254
distance_sensors,faster,15.0,obstacle_drift,0.9,2,False,False,10.716
apriltag,faster,15.0,obstacle_drift,0.9,2,False,True,1.992
full_suite,faster,15.0,obstacle_drift,0.9,2,True,False,1.262
dead_reckoning,faster,15.0,obstacle_drift,0.9,3,False,False,17.252
odometry_pods,faster,15.0,obstacle_drift,0.9,3,True,False,2.902
distance_sensors,faster,15.0,obstacle_drift,0.9,3,False,False,0.0
apriltag,faster,15.0,obstacle_drift,0.9,3,False,False,0.467
full_suite,faster,15.0,obstacle_drift,0.9,3,False,False,0.0
dead_reckoning,faster,15.0,obstacle_drift,0.9,4,False,True,8.164
odometry_pods,faster,15.0,obstacle_drift,0.9,4,False,True,1.32
distance_sensors,faster,15.0,obstacle_drift,0.9,4,False,False,7.773
apriltag,faster,15.0,obstacle_drift,0.9,4,False,True,1.314
full_suite,faster,15.0,obstacle_drift,0.9,4,False,False,1.642
dead_reckoning,faster,15.0,obstacle_drift,0.9,5,False,False,10.748
odometry_pods,faster,15.0,obstacle_drift,0.9,5,True,False,1.859
distance_sensors,faster,15.0,obstacle_drift,0.9,5,False,False,6.233
apriltag,faster,15.0,obstacle_drift,0.9,5,False,True,1.72
full_suite,faster,15.0,obstacle_drift,0.9,5,True,False,0.979
dead_reckoning,faster,15.0,obstacle_drift,0.9,6,False,False,14.139
odometry_pods,faster,15.0,obstacle_drift,0.9,6,True,False,2.312
distance_sensors,faster,15.0,obstacle_drift,0.9,6,False,False,11.548
apriltag,faster,15.0,obstacle_drift,0.9,6,True,False,4.661
full_suite,faster,15.0,obstacle_drift,0.9,6,True,False,0.601
dead_reckoning,faster,15.0,obstacle_drift,0.9,7,False,False,9.668
odometry_pods,faster,15.0,obstacle_drift,0.9,7,False,True,2.188
distance_sensors,faster,15.0,obstacle_drift,0.9,7,False,True,6.696
apriltag,faster,15.0,obstacle_drift,0.9,7,False,True,1.252
full_suite,faster,15.0,obstacle_drift,0.9,7,False,True,2.032
dead_reckoning,faster,15.0,obstacle_drift,0.9,8,False,False,8.401
odometry_pods,faster,15.0,obstacle_drift,0.9,8,True,False,1.918
distance_sensors,faster,15.0,obstacle_drift,0.9,8,False,False,7.636
apriltag,faster,15.0,obstacle_drift,0.9,8,True,False,4.045
full_suite,faster,15.0,obstacle_drift,0.9,8,True,False,0.098
dead_reckoning,faster,15.0,obstacle_drift,0.9,9,False,False,14.867
odometry_pods,faster,15.0,obstacle_drift,0.9,9,False,True,1.974
distance_sensors,faster,15.0,obstacle_drift,0.9,9,False,True,15.011
apriltag,faster,15.0,obstacle_drift,0.9,9,False,True,5.433
full_suite,faster,15.0,obstacle_drift,0.9,9,False,True,0.787
dead_reckoning,faster,15.0,obstacle_drift,0.9,10,False,False,5.161
odometry_pods,faster,15.0,obstacle_drift,0.9,10,True,False,0.621
distance_sensors,faster,15.0,obstacle_drift,0.9,10,False,False,4.402
apriltag,faster,15.0,obstacle_drift,0.9,10,True,False,4.729
full_suite,faster,15.0,obstacle_drift,0.9,10,True,False,0.843
dead_reckoning,faster,15.0,obstacle_drift,0.9,11,True,False,3.175
odometry_pods,faster,15.0,obstacle_drift,0.9,11,True,False,1.062
distance_sensors,faster,15.0,obstacle_drift,0.9,11,False,False,4.011
apriltag,faster,15.0,obstacle_drift,0.9,11,False,False,4.19
full_suite,faster,15.0,obstacle_drift,0.9,11,True,False,0.911
dead_reckoning,faster,15.0,obstacle_drift,0.9,12,False,True,6.941
odometry_pods,faster,15.0,obstacle_drift,0.9,12,False,True,1.54
distance_sensors,faster,15.0,obstacle_drift,0.9,12,False,True,9.965
apriltag,faster,15.0,obstacle_drift,0.9,12,False,True,5.786
full_suite,faster,15.0,obstacle_drift,0.9,12,False,True,1.148
dead_reckoning,faster,15.0,obstacle_drift,0.9,13,False,False,7.996
odometry_pods,faster,15.0,obstacle_drift,0.9,13,False,True,1.86
distance_sensors,faster,15.0,obstacle_drift,0.9,13,False,False,9.797
apriltag,faster,15.0,obstacle_drift,0.9,13,False,False,12.174
full_suite,faster,15.0,obstacle_drift,0.9,13,False,True,0.56
dead_reckoning,faster,15.0,obstacle_drift,0.9,14,True,False,3.371
odometry_pods,faster,15.0,obstacle_drift,0.9,14,True,False,0.891
distance_sensors,faster,15.0,obstacle_drift,0.9,14,True,False,3.371
apriltag,faster,15.0,obstacle_drift,0.9,14,True,False,2.701
full_suite,faster,15.0,obstacle_drift,0.9,14,True,False,0.968
dead_reckoning,faster,15.0,unplanned_blocker,0.3,0,False,True,9.153
odometry_pods,faster,15.0,unplanned_blocker,0.3,0,False,True,1.532
distance_sensors,faster,15.0,unplanned_blocker,0.3,0,False,False,0.0
apriltag,faster,15.0,unplanned_blocker,0.3,0,False,False,4.672
full_suite,faster,15.0,unplanned_blocker,0.3,0,False,False,0.0
dead_reckoning,faster,15.0,unplanned_blocker,0.3,1,False,False,7.341
odometry_pods,faster,15.0,unplanned_blocker,0.3,1,True,False,1.21
distance_sensors,faster,15.0,unplanned_blocker,0.3,1,False,False,3.194
apriltag,faster,15.0,unplanned_blocker,0.3,1,False,False,7.341
full_suite,faster,15.0,unplanned_blocker,0.3,1,True,False,0.835
dead_reckoning,faster,15.0,unplanned_blocker,0.3,2,True,False,2.369
odometry_pods,faster,15.0,unplanned_blocker,0.3,2,True,False,0.474
distance_sensors,faster,15.0,unplanned_blocker,0.3,2,True,False,2.369
apriltag,faster,15.0,unplanned_blocker,0.3,2,True,False,3.286
full_suite,faster,15.0,unplanned_blocker,0.3,2,True,False,0.657
dead_reckoning,faster,15.0,unplanned_blocker,0.3,3,False,False,3.34
odometry_pods,faster,15.0,unplanned_blocker,0.3,3,False,True,1.56
distance_sensors,faster,15.0,unplanned_blocker,0.3,3,False,False,0.521
apriltag,faster,15.0,unplanned_blocker,0.3,3,False,True,4.879
full_suite,faster,15.0,unplanned_blocker,0.3,3,False,False,0.104
dead_reckoning,faster,15.0,unplanned_blocker,0.3,4,True,False,4.563
odometry_pods,faster,15.0,unplanned_blocker,0.3,4,False,False,0.761
distance_sensors,faster,15.0,unplanned_blocker,0.3,4,False,False,3.316
apriltag,faster,15.0,unplanned_blocker,0.3,4,True,False,4.865
full_suite,faster,15.0,unplanned_blocker,0.3,4,True,False,0.765
dead_reckoning,faster,15.0,unplanned_blocker,0.3,5,False,False,11.726
odometry_pods,faster,15.0,unplanned_blocker,0.3,5,False,False,2.072
distance_sensors,faster,15.0,unplanned_blocker,0.3,5,False,False,8.96
apriltag,faster,15.0,unplanned_blocker,0.3,5,True,False,2.657
full_suite,faster,15.0,unplanned_blocker,0.3,5,True,False,0.248
dead_reckoning,faster,15.0,unplanned_blocker,0.3,6,False,False,11.152
odometry_pods,faster,15.0,unplanned_blocker,0.3,6,False,False,1.117
distance_sensors,faster,15.0,unplanned_blocker,0.3,6,False,False,8.434
apriltag,faster,15.0,unplanned_blocker,0.3,6,False,False,11.152
full_suite,faster,15.0,unplanned_blocker,0.3,6,False,True,0.308
dead_reckoning,faster,15.0,unplanned_blocker,0.3,7,False,False,20.995
odometry_pods,faster,15.0,unplanned_blocker,0.3,7,False,True,3.829
distance_sensors,faster,15.0,unplanned_blocker,0.3,7,False,False,6.578
apriltag,faster,15.0,unplanned_blocker,0.3,7,False,True,1.922
full_suite,faster,15.0,unplanned_blocker,0.3,7,False,False,0.594
dead_reckoning,faster,15.0,unplanned_blocker,0.3,8,False,False,12.221
odometry_pods,faster,15.0,unplanned_blocker,0.3,8,False,True,3.204
distance_sensors,faster,15.0,unplanned_blocker,0.3,8,False,False,6.015
apriltag,faster,15.0,unplanned_blocker,0.3,8,False,False,12.221
full_suite,faster,15.0,unplanned_blocker,0.3,8,False,True,1.049
dead_reckoning,faster,15.0,unplanned_blocker,0.3,9,False,False,4.511
odometry_pods,faster,15.0,unplanned_blocker,0.3,9,True,False,1.446
distance_sensors,faster,15.0,unplanned_blocker,0.3,9,True,False,5.974
apriltag,faster,15.0,unplanned_blocker,0.3,9,True,False,2.686
full_suite,faster,15.0,unplanned_blocker,0.3,9,True,False,0.638
dead_reckoning,faster,15.0,unplanned_blocker,0.3,10,True,False,3.212
odometry_pods,faster,15.0,unplanned_blocker,0.3,10,True,False,1.614
distance_sensors,faster,15.0,unplanned_blocker,0.3,10,False,False,1.132
apriltag,faster,15.0,unplanned_blocker,0.3,10,True,False,3.212
full_suite,faster,15.0,unplanned_blocker,0.3,10,True,False,1.714
dead_reckoning,faster,15.0,unplanned_blocker,0.3,11,False,True,12.692
odometry_pods,faster,15.0,unplanned_blocker,0.3,11,False,False,1.417
distance_sensors,faster,15.0,unplanned_blocker,0.3,11,False,False,6.419
apriltag,faster,15.0,unplanned_blocker,0.3,11,False,False,3.458
full_suite,faster,15.0,unplanned_blocker,0.3,11,True,False,2.316
dead_reckoning,faster,15.0,unplanned_blocker,0.3,12,False,False,8.282
odometry_pods,faster,15.0,unplanned_blocker,0.3,12,False,False,1.728
distance_sensors,faster,15.0,unplanned_blocker,0.3,12,False,False,4.569
apriltag,faster,15.0,unplanned_blocker,0.3,12,False,False,8.282
full_suite,faster,15.0,unplanned_blocker,0.3,12,True,False,1.336
dead_reckoning,faster,15.0,unplanned_blocker,0.3,13,False,False,0.0
odometry_pods,faster,15.0,unplanned_blocker,0.3,13,False,False,0.0
distance_sensors,faster,15.0,unplanned_blocker,0.3,13,True,False,3.187
apriltag,faster,15.0,unplanned_blocker,0.3,13,False,False,0.0
full_suite,faster,15.0,unplanned_blocker,0.3,13,True,False,0.637
dead_reckoning,faster,15.0,unplanned_blocker,0.3,14,False,False,5.328
odometry_pods,faster,15.0,unplanned_blocker,0.3,14,True,False,0.626
distance_sensors,faster,15.0,unplanned_blocker,0.3,14,False,False,3.184
apriltag,faster,15.0,unplanned_blocker,0.3,14,True,False,2.166
full_suite,faster,15.0,unplanned_blocker,0.3,14,True,False,0.426
dead_reckoning,faster,15.0,unplanned_blocker,0.5,0,False,False,5.583
odometry_pods,faster,15.0,unplanned_blocker,0.5,0,True,False,1.093
distance_sensors,faster,15.0,unplanned_blocker,0.5,0,False,False,5.93
apriltag,faster,15.0,unplanned_blocker,0.5,0,True,False,1.607
full_suite,faster,15.0,unplanned_blocker,0.5,0,True,False,0.935
dead_reckoning,faster,15.0,unplanned_blocker,0.5,1,False,True,6.193
odometry_pods,faster,15.0,unplanned_blocker,0.5,1,False,False,0.785
distance_sensors,faster,15.0,unplanned_blocker,0.5,1,False,True,9.542
apriltag,faster,15.0,unplanned_blocker,0.5,1,False,False,15.054
full_suite,faster,15.0,unplanned_blocker,0.5,1,False,True,0.63
dead_reckoning,faster,15.0,unplanned_blocker,0.5,2,False,False,2.45
odometry_pods,faster,15.0,unplanned_blocker,0.5,2,False,False,0.597
distance_sensors,faster,15.0,unplanned_blocker,0.5,2,False,False,3.067
apriltag,faster,15.0,unplanned_blocker,0.5,2,False,False,1.508
full_suite,faster,15.0,unplanned_blocker,0.5,2,False,False,0.495
dead_reckoning,faster,15.0,unplanned_blocker,0.5,3,False,True,7.168
odometry_pods,faster,15.0,unplanned_blocker,0.5,3,False,True,1.277
distance_sensors,faster,15.0,unplanned_blocker,0.5,3,False,False,2.543
apriltag,faster,15.0,unplanned_blocker,0.5,3,False,False,3.468
full_suite,faster,15.0,unplanned_blocker,0.5,3,False,True,0.427
dead_reckoning,faster,15.0,unplanned_blocker,0.5,4,False,False,5.98
odometry_pods,faster,15.0,unplanned_blocker,0.5,4,False,False,1.108
distance_sensors,faster,15.0,unplanned_blocker,0.5,4,False,False,3.177
apriltag,faster,15.0,unplanned_blocker,0.5,4,False,False,4.756
full_suite,faster,15.0,unplanned_blocker,0.5,4,True,False,0.869
dead_reckoning,faster,15.0,unplanned_blocker,0.5,5,False,True,11.313
odometry_pods,faster,15.0,unplanned_blocker,0.5,5,False,True,2.297
distance_sensors,faster,15.0,unplanned_blocker,0.5,5,False,False,4.836
apriltag,faster,15.0,unplanned_blocker,0.5,5,False,True,5.844
full_suite,faster,15.0,unplanned_blocker,0.5,5,False,False,0.806
dead_reckoning,faster,15.0,unplanned_blocker,0.5,6,True,False,1.693
odometry_pods,faster,15.0,unplanned_blocker,0.5,6,False,False,0.466
distance_sensors,faster,15.0,unplanned_blocker,0.5,6,True,False,1.162
apriltag,faster,15.0,unplanned_blocker,0.5,6,True,False,1.693
full_suite,faster,15.0,unplanned_blocker,0.5,6,True,False,0.068
dead_reckoning,faster,15.0,unplanned_blocker,0.5,7,False,False,12.923
odometry_pods,faster,15.0,unplanned_blocker,0.5,7,False,False,1.903
distance_sensors,faster,15.0,unplanned_blocker,0.5,7,False,False,15.288
apriltag,faster,15.0,unplanned_blocker,0.5,7,False,False,2.8
full_suite,faster,15.0,unplanned_blocker,0.5,7,True,False,0.521
dead_reckoning,faster,15.0,unplanned_blocker,0.5,8,False,False,16.155
odometry_pods,faster,15.0,unplanned_blocker,0.5,8,True,False,2.453
distance_sensors,faster,15.0,unplanned_blocker,0.5,8,False,False,18.57
apriltag,faster,15.0,unplanned_blocker,0.5,8,True,False,2.17
full_suite,faster,15.0,unplanned_blocker,0.5,8,True,False,0.324
dead_reckoning,faster,15.0,unplanned_blocker,0.5,9,True,False,7.776
odometry_pods,faster,15.0,unplanned_blocker,0.5,9,False,False,0.656
distance_sensors,faster,15.0,unplanned_blocker,0.5,9,False,False,13.826
apriltag,faster,15.0,unplanned_blocker,0.5,9,False,False,1.616
full_suite,faster,15.0,unplanned_blocker,0.5,9,True,False,0.745
dead_reckoning,faster,15.0,unplanned_blocker,0.5,10,False,False,2.686
odometry_pods,faster,15.0,unplanned_blocker,0.5,10,False,False,0.537
distance_sensors,faster,15.0,unplanned_blocker,0.5,10,False,False,9.354
apriltag,faster,15.0,unplanned_blocker,0.5,10,False,False,1.571
full_suite,faster,15.0,unplanned_blocker,0.5,10,True,False,0.962
dead_reckoning,faster,15.0,unplanned_blocker,0.5,11,False,False,14.997
odometry_pods,faster,15.0,unplanned_blocker,0.5,11,False,False,2.881
distance_sensors,faster,15.0,unplanned_blocker,0.5,11,False,False,16.108
apriltag,faster,15.0,unplanned_blocker,0.5,11,False,False,2.62
full_suite,faster,15.0,unplanned_blocker,0.5,11,False,True,0.443
dead_reckoning,faster,15.0,unplanned_blocker,0.5,12,False,True,7.454
odometry_pods,faster,15.0,unplanned_blocker,0.5,12,False,False,0.821
distance_sensors,faster,15.0,unplanned_blocker,0.5,12,False,False,5.054
apriltag,faster,15.0,unplanned_blocker,0.5,12,False,False,3.975
full_suite,faster,15.0,unplanned_blocker,0.5,12,False,False,0.77
dead_reckoning,faster,15.0,unplanned_blocker,0.5,13,False,False,5.24
odometry_pods,faster,15.0,unplanned_blocker,0.5,13,True,False,1.788
distance_sensors,faster,15.0,unplanned_blocker,0.5,13,False,False,6.154
apriltag,faster,15.0,unplanned_blocker,0.5,13,False,False,10.251
full_suite,faster,15.0,unplanned_blocker,0.5,13,True,False,1.877
dead_reckoning,faster,15.0,unplanned_blocker,0.5,14,False,False,3.808
odometry_pods,faster,15.0,unplanned_blocker,0.5,14,False,False,1.234
distance_sensors,faster,15.0,unplanned_blocker,0.5,14,False,False,11.413
apriltag,faster,15.0,unplanned_blocker,0.5,14,False,False,3.808
full_suite,faster,15.0,unplanned_blocker,0.5,14,False,True,1.264
dead_reckoning,faster,15.0,unplanned_blocker,0.7,0,False,False,4.749
odometry_pods,faster,15.0,unplanned_blocker,0.7,0,True,False,1.351
distance_sensors,faster,15.0,unplanned_blocker,0.7,0,False,False,8.095
apriltag,faster,15.0,unplanned_blocker,0.7,0,False,False,9.315
full_suite,faster,15.0,unplanned_blocker,0.7,0,True,False,1.371
dead_reckoning,faster,15.0,unplanned_blocker,0.7,1,False,False,1.755
odometry_pods,faster,15.0,unplanned_blocker,0.7,1,False,False,0.351
distance_sensors,faster,15.0,unplanned_blocker,0.7,1,True,False,3.676
apriltag,faster,15.0,unplanned_blocker,0.7,1,False,False,1.528
full_suite,faster,15.0,unplanned_blocker,0.7,1,True,False,0.884
dead_reckoning,faster,15.0,unplanned_blocker,0.7,2,False,False,1.271
odometry_pods,faster,15.0,unplanned_blocker,0.7,2,False,False,0.254
distance_sensors,faster,15.0,unplanned_blocker,0.7,2,False,False,3.903
apriltag,faster,15.0,unplanned_blocker,0.7,2,False,False,1.271
full_suite,faster,15.0,unplanned_blocker,0.7,2,True,False,0.548
dead_reckoning,faster,15.0,unplanned_blocker,0.7,3,False,False,12.555
odometry_pods,faster,15.0,unplanned_blocker,0.7,3,False,False,1.709
distance_sensors,faster,15.0,unplanned_blocker,0.7,3,False,False,19.295
apriltag,faster,15.0,unplanned_blocker,0.7,3,False,False,12.555
full_suite,faster,15.0,unplanned_blocker,0.7,3,False,False,1.91
dead_reckoning,faster,15.0,unplanned_blocker,0.7,4,False,False,10.798
odometry_pods,faster,15.0,unplanned_blocker,0.7,4,False,False,1.754
distance_sensors,faster,15.0,unplanned_blocker,0.7,4,False,False,6.208
apriltag,faster,15.0,unplanned_blocker,0.7,4,False,False,2.005
full_suite,faster,15.0,unplanned_blocker,0.7,4,False,False,1.735
dead_reckoning,faster,15.0,unplanned_blocker,0.7,5,False,False,6.472
odometry_pods,faster,15.0,unplanned_blocker,0.7,5,True,False,0.529
distance_sensors,faster,15.0,unplanned_blocker,0.7,5,False,False,5.991
apriltag,faster,15.0,unplanned_blocker,0.7,5,True,False,1.459
full_suite,faster,15.0,unplanned_blocker,0.7,5,True,False,0.741
dead_reckoning,faster,15.0,unplanned_blocker,0.7,6,False,False,4.692
odometry_pods,faster,15.0,unplanned_blocker,0.7,6,False,False,1.428
distance_sensors,faster,15.0,unplanned_blocker,0.7,6,False,False,7.011
apriltag,faster,15.0,unplanned_blocker,0.7,6,False,False,15.771
full_suite,faster,15.0,unplanned_blocker,0.7,6,False,True,0.386
dead_reckoning,faster,15.0,unplanned_blocker,0.7,7,False,False,13.211
odometry_pods,faster,15.0,unplanned_blocker,0.7,7,False,True,1.825
distance_sensors,faster,15.0,unplanned_blocker,0.7,7,False,False,10.05
apriltag,faster,15.0,unplanned_blocker,0.7,7,False,True,0.797
full_suite,faster,15.0,unplanned_blocker,0.7,7,False,True,0.294
dead_reckoning,faster,15.0,unplanned_blocker,0.7,8,False,False,16.016
odometry_pods,faster,15.0,unplanned_blocker,0.7,8,False,False,1.957
distance_sensors,faster,15.0,unplanned_blocker,0.7,8,False,False,0.0
apriltag,faster,15.0,unplanned_blocker,0.7,8,False,False,2.967
full_suite,faster,15.0,unplanned_blocker,0.7,8,False,False,0.0
dead_reckoning,faster,15.0,unplanned_blocker,0.7,9,False,False,11.314
odometry_pods,faster,15.0,unplanned_blocker,0.7,9,False,False,0.888
distance_sensors,faster,15.0,unplanned_blocker,0.7,9,False,False,4.438
apriltag,faster,15.0,unplanned_blocker,0.7,9,True,False,2.65
full_suite,faster,15.0,unplanned_blocker,0.7,9,True,False,0.311
dead_reckoning,faster,15.0,unplanned_blocker,0.7,10,False,False,4.809
odometry_pods,faster,15.0,unplanned_blocker,0.7,10,False,True,2.989
distance_sensors,faster,15.0,unplanned_blocker,0.7,10,False,False,3.027
apriltag,faster,15.0,unplanned_blocker,0.7,10,False,False,4.809
full_suite,faster,15.0,unplanned_blocker,0.7,10,False,True,0.742
dead_reckoning,faster,15.0,unplanned_blocker,0.7,11,False,False,7.232
odometry_pods,faster,15.0,unplanned_blocker,0.7,11,True,False,0.471
distance_sensors,faster,15.0,unplanned_blocker,0.7,11,False,False,9.328
apriltag,faster,15.0,unplanned_blocker,0.7,11,False,False,7.232
full_suite,faster,15.0,unplanned_blocker,0.7,11,True,False,2.364
dead_reckoning,faster,15.0,unplanned_blocker,0.7,12,False,False,0.292
odometry_pods,faster,15.0,unplanned_blocker,0.7,12,False,False,0.058
distance_sensors,faster,15.0,unplanned_blocker,0.7,12,False,False,9.948
apriltag,faster,15.0,unplanned_blocker,0.7,12,False,False,0.454
full_suite,faster,15.0,unplanned_blocker,0.7,12,False,True,0.717
dead_reckoning,faster,15.0,unplanned_blocker,0.7,13,False,True,7.707
odometry_pods,faster,15.0,unplanned_blocker,0.7,13,False,True,2.089
distance_sensors,faster,15.0,unplanned_blocker,0.7,13,False,False,0.0
apriltag,faster,15.0,unplanned_blocker,0.7,13,False,True,1.09
full_suite,faster,15.0,unplanned_blocker,0.7,13,False,False,0.0
dead_reckoning,faster,15.0,unplanned_blocker,0.7,14,False,False,3.116
odometry_pods,faster,15.0,unplanned_blocker,0.7,14,False,False,1.32
distance_sensors,faster,15.0,unplanned_blocker,0.7,14,False,False,0.0
apriltag,faster,15.0,unplanned_blocker,0.7,14,False,False,3.116
full_suite,faster,15.0,unplanned_blocker,0.7,14,False,False,0.0
dead_reckoning,faster,15.0,unplanned_blocker,0.9,0,False,False,0.655
odometry_pods,faster,15.0,unplanned_blocker,0.9,0,False,False,0.131
distance_sensors,faster,15.0,unplanned_blocker,0.9,0,False,False,9.821
apriltag,faster,15.0,unplanned_blocker,0.9,0,False,False,0.655
full_suite,faster,15.0,unplanned_blocker,0.9,0,True,False,2.003
dead_reckoning,faster,15.0,unplanned_blocker,0.9,1,False,False,5.997
odometry_pods,faster,15.0,unplanned_blocker,0.9,1,False,False,3.413
distance_sensors,faster,15.0,unplanned_blocker,0.9,1,False,False,2.814
apriltag,faster,15.0,unplanned_blocker,0.9,1,False,False,5.997
full_suite,faster,15.0,unplanned_blocker,0.9,1,False,False,0.563
dead_reckoning,faster,15.0,unplanned_blocker,0.9,2,False,False,13.585
odometry_pods,faster,15.0,unplanned_blocker,0.9,2,False,False,1.8
distance_sensors,faster,15.0,unplanned_blocker,0.9,2,False,False,5.399
apriltag,faster,15.0,unplanned_blocker,0.9,2,False,False,1.977
full_suite,faster,15.0,unplanned_blocker,0.9,2,True,False,1.529
dead_reckoning,faster,15.0,unplanned_blocker,0.9,3,False,False,7.22
odometry_pods,faster,15.0,unplanned_blocker,0.9,3,False,True,1.228
distance_sensors,faster,15.0,unplanned_blocker,0.9,3,False,False,6.459
apriltag,faster,15.0,unplanned_blocker,0.9,3,False,False,7.288
full_suite,faster,15.0,unplanned_blocker,0.9,3,False,True,2.336
dead_reckoning,faster,15.0,unplanned_blocker,0.9,4,False,False,1.028
odometry_pods,faster,15.0,unplanned_blocker,0.9,4,False,False,0.254
distance_sensors,faster,15.0,unplanned_blocker,0.9,4,False,False,4.788
apriltag,faster,15.0,unplanned_blocker,0.9,4,False,False,1.486
full_suite,faster,15.0,unplanned_blocker,0.9,4,False,True,2.001
dead_reckoning,faster,15.0,unplanned_blocker,0.9,5,False,False,1.155
odometry_pods,faster,15.0,unplanned_blocker,0.9,5,False,False,0.231
distance_sensors,faster,15.0,unplanned_blocker,0.9,5,False,False,14.058
apriltag,faster,15.0,unplanned_blocker,0.9,5,False,False,1.155
full_suite,faster,15.0,unplanned_blocker,0.9,5,True,False,1.389
dead_reckoning,faster,15.0,unplanned_blocker,0.9,6,False,False,6.677
odometry_pods,faster,15.0,unplanned_blocker,0.9,6,False,False,1.621
distance_sensors,faster,15.0,unplanned_blocker,0.9,6,False,False,10.573
apriltag,faster,15.0,unplanned_blocker,0.9,6,False,False,6.677
full_suite,faster,15.0,unplanned_blocker,0.9,6,True,False,0.836
dead_reckoning,faster,15.0,unplanned_blocker,0.9,7,False,False,11.172
odometry_pods,faster,15.0,unplanned_blocker,0.9,7,False,False,1.49
distance_sensors,faster,15.0,unplanned_blocker,0.9,7,True,False,8.733
apriltag,faster,15.0,unplanned_blocker,0.9,7,False,False,2.875
full_suite,faster,15.0,unplanned_blocker,0.9,7,True,False,0.896
dead_reckoning,faster,15.0,unplanned_blocker,0.9,8,False,True,10.653
odometry_pods,faster,15.0,unplanned_blocker,0.9,8,False,False,2.216
distance_sensors,faster,15.0,unplanned_blocker,0.9,8,False,False,0.0
apriltag,faster,15.0,unplanned_blocker,0.9,8,False,True,2.315
full_suite,faster,15.0,unplanned_blocker,0.9,8,False,False,0.0
dead_reckoning,faster,15.0,unplanned_blocker,0.9,9,False,False,0.0
odometry_pods,faster,15.0,unplanned_blocker,0.9,9,False,False,0.0
distance_sensors,faster,15.0,unplanned_blocker,0.9,9,False,False,0.0
apriltag,faster,15.0,unplanned_blocker,0.9,9,False,False,0.0
full_suite,faster,15.0,unplanned_blocker,0.9,9,False,False,0.0
dead_reckoning,faster,15.0,unplanned_blocker,0.9,10,False,False,0.0
odometry_pods,faster,15.0,unplanned_blocker,0.9,10,False,False,0.0
distance_sensors,faster,15.0,unplanned_blocker,0.9,10,False,False,3.088
apriltag,faster,15.0,unplanned_blocker,0.9,10,False,False,0.0
full_suite,faster,15.0,unplanned_blocker,0.9,10,True,False,1.289
dead_reckoning,faster,15.0,unplanned_blocker,0.9,11,False,False,3.646
odometry_pods,faster,15.0,unplanned_blocker,0.9,11,False,False,0.729
distance_sensors,faster,15.0,unplanned_blocker,0.9,11,True,False,3.622
apriltag,faster,15.0,unplanned_blocker,0.9,11,False,False,3.646
full_suite,faster,15.0,unplanned_blocker,0.9,11,True,False,0.539
dead_reckoning,faster,15.0,unplanned_blocker,0.9,12,False,True,2.451
odometry_pods,faster,15.0,unplanned_blocker,0.9,12,False,False,0.961
distance_sensors,faster,15.0,unplanned_blocker,0.9,12,False,False,4.546
apriltag,faster,15.0,unplanned_blocker,0.9,12,False,True,0.476
full_suite,faster,15.0,unplanned_blocker,0.9,12,False,True,0.328
dead_reckoning,faster,15.0,unplanned_blocker,0.9,13,False,False,14.155
odometry_pods,faster,15.0,unplanned_blocker,0.9,13,False,True,2.44
distance_sensors,faster,15.0,unplanned_blocker,0.9,13,False,False,11.043
apriltag,faster,15.0,unplanned_blocker,0.9,13,False,False,7.862
full_suite,faster,15.0,unplanned_blocker,0.9,13,False,True,0.572
dead_reckoning,faster,15.0,unplanned_blocker,0.9,14,False,True,9.149
odometry_pods,faster,15.0,unplanned_blocker,0.9,14,False,False,1.358
distance_sensors,faster,15.0,unplanned_blocker,0.9,14,False,False,8.974
apriltag,faster,15.0,unplanned_blocker,0.9,14,False,False,3.662
full_suite,faster,15.0,unplanned_blocker,0.9,14,True,False,1.172
dead_reckoning,faster,10.0,start_drift,0.3,0,False,True,10.913
odometry_pods,faster,10.0,start_drift,0.3,0,False,True,8.637
distance_sensors,faster,10.0,start_drift,0.3,0,False,True,17.009
apriltag,faster,10.0,start_drift,0.3,0,False,True,4.519
full_suite,faster,10.0,start_drift,0.3,0,False,True,2.764
dead_reckoning,faster,10.0,start_drift,0.3,1,False,False,14.628
odometry_pods,faster,10.0,start_drift,0.3,1,False,False,9.842
distance_sensors,faster,10.0,start_drift,0.3,1,False,False,8.485
apriltag,faster,10.0,start_drift,0.3,1,False,True,2.501
full_suite,faster,10.0,start_drift,0.3,1,False,False,8.485
dead_reckoning,faster,10.0,start_drift,0.3,2,False,False,7.552
odometry_pods,faster,10.0,start_drift,0.3,2,False,False,7.908
distance_sensors,faster,10.0,start_drift,0.3,2,False,False,4.116
apriltag,faster,10.0,start_drift,0.3,2,True,False,0.452
full_suite,faster,10.0,start_drift,0.3,2,True,False,0.291
dead_reckoning,faster,10.0,start_drift,0.3,3,False,True,22.513
odometry_pods,faster,10.0,start_drift,0.3,3,False,True,5.509
distance_sensors,faster,10.0,start_drift,0.3,3,False,False,8.133
apriltag,faster,10.0,start_drift,0.3,3,False,True,1.969
full_suite,faster,10.0,start_drift,0.3,3,False,True,0.285
dead_reckoning,faster,10.0,start_drift,0.3,4,False,False,9.254
odometry_pods,faster,10.0,start_drift,0.3,4,False,False,8.636
distance_sensors,faster,10.0,start_drift,0.3,4,False,False,12.627
apriltag,faster,10.0,start_drift,0.3,4,False,False,5.708
full_suite,faster,10.0,start_drift,0.3,4,False,False,1.803
dead_reckoning,faster,10.0,start_drift,0.3,5,False,True,8.548
odometry_pods,faster,10.0,start_drift,0.3,5,False,True,5.918
distance_sensors,faster,10.0,start_drift,0.3,5,False,False,8.386
apriltag,faster,10.0,start_drift,0.3,5,False,True,1.05
full_suite,faster,10.0,start_drift,0.3,5,False,False,6.116
dead_reckoning,faster,10.0,start_drift,0.3,6,False,False,10.68
odometry_pods,faster,10.0,start_drift,0.3,6,False,False,8.558
distance_sensors,faster,10.0,start_drift,0.3,6,False,False,10.351
apriltag,faster,10.0,start_drift,0.3,6,True,False,1.564
full_suite,faster,10.0,start_drift,0.3,6,True,False,4.303
dead_reckoning,faster,10.0,start_drift,0.3,7,False,False,4.879
odometry_pods,faster,10.0,start_drift,0.3,7,False,False,5.73
distance_sensors,faster,10.0,start_drift,0.3,7,False,False,4.459
apriltag,faster,10.0,start_drift,0.3,7,False,False,11.39
full_suite,faster,10.0,start_drift,0.3,7,False,False,5.637
dead_reckoning,faster,10.0,start_drift,0.3,8,False,True,3.499
odometry_pods,faster,10.0,start_drift,0.3,8,False,True,1.353
distance_sensors,faster,10.0,start_drift,0.3,8,False,True,4.989
apriltag,faster,10.0,start_drift,0.3,8,False,True,2.548
full_suite,faster,10.0,start_drift,0.3,8,False,True,0.24
dead_reckoning,faster,10.0,start_drift,0.3,9,False,False,11.374
odometry_pods,faster,10.0,start_drift,0.3,9,False,False,9.015
distance_sensors,faster,10.0,start_drift,0.3,9,False,False,8.485
apriltag,faster,10.0,start_drift,0.3,9,False,False,11.374
full_suite,faster,10.0,start_drift,0.3,9,False,False,8.485
dead_reckoning,faster,10.0,start_drift,0.3,10,False,False,19.133
odometry_pods,faster,10.0,start_drift,0.3,10,False,True,9.183
distance_sensors,faster,10.0,start_drift,0.3,10,False,True,14.238
apriltag,faster,10.0,start_drift,0.3,10,False,False,19.133
full_suite,faster,10.0,start_drift,0.3,10,False,True,0.692
dead_reckoning,faster,10.0,start_drift,0.3,11,False,False,8.603
odometry_pods,faster,10.0,start_drift,0.3,11,False,False,8.424
distance_sensors,faster,10.0,start_drift,0.3,11,False,True,10.607
apriltag,faster,10.0,start_drift,0.3,11,False,False,8.603
full_suite,faster,10.0,start_drift,0.3,11,False,True,2.066
dead_reckoning,faster,10.0,start_drift,0.3,12,False,False,11.48
odometry_pods,faster,10.0,start_drift,0.3,12,False,True,9.527
distance_sensors,faster,10.0,start_drift,0.3,12,False,False,10.59
apriltag,faster,10.0,start_drift,0.3,12,False,False,11.48
full_suite,faster,10.0,start_drift,0.3,12,False,False,8.9
dead_reckoning,faster,10.0,start_drift,0.3,13,False,False,11.032
odometry_pods,faster,10.0,start_drift,0.3,13,False,False,6.253
distance_sensors,faster,10.0,start_drift,0.3,13,False,False,14.752
apriltag,faster,10.0,start_drift,0.3,13,False,False,11.032
full_suite,faster,10.0,start_drift,0.3,13,False,False,3.347
dead_reckoning,faster,10.0,start_drift,0.3,14,False,True,8.993
odometry_pods,faster,10.0,start_drift,0.3,14,True,False,1.086
distance_sensors,faster,10.0,start_drift,0.3,14,False,False,12.128
apriltag,faster,10.0,start_drift,0.3,14,True,False,1.976
full_suite,faster,10.0,start_drift,0.3,14,True,False,0.248
dead_reckoning,faster,10.0,start_drift,0.5,0,False,False,18.091
odometry_pods,faster,10.0,start_drift,0.5,0,False,False,17.192
distance_sensors,faster,10.0,start_drift,0.5,0,False,True,29.037
apriltag,faster,10.0,start_drift,0.5,0,False,True,1.412
full_suite,faster,10.0,start_drift,0.5,0,False,True,0.534
dead_reckoning,faster,10.0,start_drift,0.5,1,False,False,9.503
odometry_pods,faster,10.0,start_drift,0.5,1,False,True,6.482
distance_sensors,faster,10.0,start_drift,0.5,1,False,False,4.823
apriltag,faster,10.0,start_drift,0.5,1,False,True,3.156
full_suite,faster,10.0,start_drift,0.5,1,False,False,0.456
dead_reckoning,faster,10.0,start_drift,0.5,2,False,True,15.245
odometry_pods,faster,10.0,start_drift,0.5,2,False,True,8.952
distance_sensors,faster,10.0,start_drift,0.5,2,False,True,15.397
apriltag,faster,10.0,start_drift,0.5,2,False,False,11.306
full_suite,faster,10.0,start_drift,0.5,2,False,False,0.624
dead_reckoning,faster,10.0,start_drift,0.5,3,False,False,11.947
odometry_pods,faster,10.0,start_drift,0.5,3,False,False,11.989
distance_sensors,faster,10.0,start_drift,0.5,3,False,False,10.283
apriltag,faster,10.0,start_drift,0.5,3,False,False,11.947
full_suite,faster,10.0,start_drift,0.5,3,True,False,11.616
dead_reckoning,faster,10.0,start_drift,0.5,4,False,False,17.42
odometry_pods,faster,10.0,start_drift,0.5,4,False,False,7.131
distance_sensors,faster,10.0,start_drift,0.5,4,True,False,9.309
apriltag,faster,10.0,start_drift,0.5,4,False,False,11.631
full_suite,faster,10.0,start_drift,0.5,4,False,False,4.761
dead_reckoning,faster,10.0,start_drift,0.5,5,False,True,11.9
odometry_pods,faster,10.0,start_drift,0.5,5,False,True,7.15
distance_sensors,faster,10.0,start_drift,0.5,5,False,False,6.0
apriltag,faster,10.0,start_drift,0.5,5,False,True,11.9
full_suite,faster,10.0,start_drift,0.5,5,False,False,6.0
dead_reckoning,faster,10.0,start_drift,0.5,6,False,False,34.28
odometry_pods,faster,10.0,start_drift,0.5,6,False,False,14.206
distance_sensors,faster,10.0,start_drift,0.5,6,False,False,30.815
apriltag,faster,10.0,start_drift,0.5,6,False,True,2.558
full_suite,faster,10.0,start_drift,0.5,6,False,False,2.864
dead_reckoning,faster,10.0,start_drift,0.5,7,False,False,20.191
odometry_pods,faster,10.0,start_drift,0.5,7,False,False,14.562
distance_sensors,faster,10.0,start_drift,0.5,7,False,False,18.931
apriltag,faster,10.0,start_drift,0.5,7,True,False,1.342
full_suite,faster,10.0,start_drift,0.5,7,True,False,0.634
dead_reckoning,faster,10.0,start_drift,0.5,8,False,False,4.647
odometry_pods,faster,10.0,start_drift,0.5,8,False,True,1.428
distance_sensors,faster,10.0,start_drift,0.5,8,False,True,6.476
apriltag,faster,10.0,start_drift,0.5,8,False,True,5.012
full_suite,faster,10.0,start_drift,0.5,8,False,False,0.506
dead_reckoning,faster,10.0,start_drift,0.5,9,False,False,9.687
odometry_pods,faster,10.0,start_drift,0.5,9,False,False,8.716
distance_sensors,faster,10.0,start_drift,0.5,9,False,True,9.366
apriltag,faster,10.0,start_drift,0.5,9,False,False,9.687
full_suite,faster,10.0,start_drift,0.5,9,False,True,4.708
dead_reckoning,faster,10.0,start_drift,0.5,10,False,False,13.416
odometry_pods,faster,10.0,start_drift,0.5,10,False,False,13.416
distance_sensors,faster,10.0,start_drift,0.5,10,False,False,12.779
apriltag,faster,10.0,start_drift,0.5,10,False,False,13.416
full_suite,faster,10.0,start_drift,0.5,10,False,False,13.282
dead_reckoning,faster,10.0,start_drift,0.5,11,False,False,15.513
odometry_pods,faster,10.0,start_drift,0.5,11,False,False,16.584
distance_sensors,faster,10.0,start_drift,0.5,11,False,False,18.482
apriltag,faster,10.0,start_drift,0.5,11,False,True,1.169
full_suite,faster,10.0,start_drift,0.5,11,False,True,0.974
dead_reckoning,faster,10.0,start_drift,0.5,12,False,True,3.076
odometry_pods,faster,10.0,start_drift,0.5,12,False,True,1.244
distance_sensors,faster,10.0,start_drift,0.5,12,False,False,3.391
apriltag,faster,10.0,start_drift,0.5,12,False,False,8.338
full_suite,faster,10.0,start_drift,0.5,12,False,True,1.063
dead_reckoning,faster,10.0,start_drift,0.5,13,False,False,13.413
odometry_pods,faster,10.0,start_drift,0.5,13,False,True,13.815
distance_sensors,faster,10.0,start_drift,0.5,13,False,False,11.206
apriltag,faster,10.0,start_drift,0.5,13,False,True,1.359
full_suite,faster,10.0,start_drift,0.5,13,False,False,9.425
dead_reckoning,faster,10.0,start_drift,0.5,14,False,False,9.757
odometry_pods,faster,10.0,start_drift,0.5,14,False,True,9.193
distance_sensors,faster,10.0,start_drift,0.5,14,False,True,12.817
apriltag,faster,10.0,start_drift,0.5,14,False,True,2.8
full_suite,faster,10.0,start_drift,0.5,14,False,True,0.883
dead_reckoning,faster,10.0,start_drift,0.7,0,False,False,14.486
odometry_pods,faster,10.0,start_drift,0.7,0,False,False,12.281
distance_sensors,faster,10.0,start_drift,0.7,0,False,True,12.855
apriltag,faster,10.0,start_drift,0.7,0,False,True,2.33
full_suite,faster,10.0,start_drift,0.7,0,False,False,4.136
dead_reckoning,faster,10.0,start_drift,0.7,1,False,False,7.588
odometry_pods,faster,10.0,start_drift,0.7,1,False,False,10.746
distance_sensors,faster,10.0,start_drift,0.7,1,False,False,6.17
apriltag,faster,10.0,start_drift,0.7,1,False,True,7.115
full_suite,faster,10.0,start_drift,0.7,1,False,False,6.07
dead_reckoning,faster,10.0,start_drift,0.7,2,False,True,9.979
odometry_pods,faster,10.0,start_drift,0.7,2,False,True,2.38
distance_sensors,faster,10.0,start_drift,0.7,2,False,False,5.553
apriltag,faster,10.0,start_drift,0.7,2,False,True,0.657
full_suite,faster,10.0,start_drift,0.7,2,False,True,1.839
dead_reckoning,faster,10.0,start_drift,0.7,3,False,False,13.112
odometry_pods,faster,10.0,start_drift,0.7,3,False,False,13.353
distance_sensors,faster,10.0,start_drift,0.7,3,False,True,13.492
apriltag,faster,10.0,start_drift,0.7,3,False,False,13.112
full_suite,faster,10.0,start_drift,0.7,3,False,False,6.335
dead_reckoning,faster,10.0,start_drift,0.7,4,False,False,6.752
odometry_pods,faster,10.0,start_drift,0.7,4,False,False,8.132
distance_sensors,faster,10.0,start_drift,0.7,4,False,False,7.53
apriltag,faster,10.0,start_drift,0.7,4,False,False,6.752
full_suite,faster,10.0,start_drift,0.7,4,False,False,8.294
dead_reckoning,faster,10.0,start_drift,0.7,5,False,False,8.485
odometry_pods,faster,10.0,start_drift,0.7,5,False,False,8.485
distance_sensors,faster,10.0,start_drift,0.7,5,False,False,12.604
apriltag,faster,10.0,start_drift,0.7,5,False,False,8.485
full_suite,faster,10.0,start_drift,0.7,5,False,True,6.078
dead_reckoning,faster,10.0,start_drift,0.7,6,False,False,12.532
odometry_pods,faster,10.0,start_drift,0.7,6,False,False,13.231
distance_sensors,faster,10.0,start_drift,0.7,6,False,False,9.983
apriltag,faster,10.0,start_drift,0.7,6,False,False,12.532
full_suite,faster,10.0,start_drift,0.7,6,False,False,2.331
dead_reckoning,faster,10.0,start_drift,0.7,7,False,False,4.905
odometry_pods,faster,10.0,start_drift,0.7,7,False,False,5.239
distance_sensors,faster,10.0,start_drift,0.7,7,False,False,6.0
apriltag,faster,10.0,start_drift,0.7,7,False,False,7.756
full_suite,faster,10.0,start_drift,0.7,7,False,False,6.0
dead_reckoning,faster,10.0,start_drift,0.7,8,False,False,11.176
odometry_pods,faster,10.0,start_drift,0.7,8,False,False,12.961
distance_sensors,faster,10.0,start_drift,0.7,8,False,False,11.064
apriltag,faster,10.0,start_drift,0.7,8,False,False,11.176
full_suite,faster,10.0,start_drift,0.7,8,False,False,13.105
dead_reckoning,faster,10.0,start_drift,0.7,9,False,False,16.834
odometry_pods,faster,10.0,start_drift,0.7,9,False,False,14.482
distance_sensors,faster,10.0,start_drift,0.7,9,False,False,13.416
apriltag,faster,10.0,start_drift,0.7,9,False,True,2.325
full_suite,faster,10.0,start_drift,0.7,9,False,False,9.452
dead_reckoning,faster,10.0,start_drift,0.7,10,False,False,9.949
odometry_pods,faster,10.0,start_drift,0.7,10,False,True,6.242
distance_sensors,faster,10.0,start_drift,0.7,10,False,True,8.945
apriltag,faster,10.0,start_drift,0.7,10,False,False,9.949
full_suite,faster,10.0,start_drift,0.7,10,False,True,1.264
dead_reckoning,faster,10.0,start_drift,0.7,11,False,True,2.731
odometry_pods,faster,10.0,start_drift,0.7,11,False,True,0.546
distance_sensors,faster,10.0,start_drift,0.7,11,False,False,2.198
apriltag,faster,10.0,start_drift,0.7,11,False,True,2.731
full_suite,faster,10.0,start_drift,0.7,11,False,False,0.44
dead_reckoning,faster,10.0,start_drift,0.7,12,False,False,10.941
odometry_pods,faster,10.0,start_drift,0.7,12,False,False,12.921
distance_sensors,faster,10.0,start_drift,0.7,12,False,True,18.487
apriltag,faster,10.0,start_drift,0.7,12,False,False,10.941
full_suite,faster,10.0,start_drift,0.7,12,False,False,13.544
dead_reckoning,faster,10.0,start_drift,0.7,13,False,False,6.011
odometry_pods,faster,10.0,start_drift,0.7,13,False,False,5.785
distance_sensors,faster,10.0,start_drift,0.7,13,False,False,7.547
apriltag,faster,10.0,start_drift,0.7,13,False,False,6.011
full_suite,faster,10.0,start_drift,0.7,13,False,False,6.295
dead_reckoning,faster,10.0,start_drift,0.7,14,False,False,11.98
odometry_pods,faster,10.0,start_drift,0.7,14,False,False,16.419
distance_sensors,faster,10.0,start_drift,0.7,14,False,False,16.971
apriltag,faster,10.0,start_drift,0.7,14,False,False,3.344
full_suite,faster,10.0,start_drift,0.7,14,False,False,10.908
dead_reckoning,faster,10.0,start_drift,0.9,0,False,False,22.011
odometry_pods,faster,10.0,start_drift,0.9,0,False,False,21.701
distance_sensors,faster,10.0,start_drift,0.9,0,False,True,21.071
apriltag,faster,10.0,start_drift,0.9,0,False,False,22.011
full_suite,faster,10.0,start_drift,0.9,0,False,True,4.341
dead_reckoning,faster,10.0,start_drift,0.9,1,False,False,17.591
odometry_pods,faster,10.0,start_drift,0.9,1,False,False,17.053
distance_sensors,faster,10.0,start_drift,0.9,1,True,False,20.778
apriltag,faster,10.0,start_drift,0.9,1,True,False,7.949
full_suite,faster,10.0,start_drift,0.9,1,True,False,2.961
dead_reckoning,faster,10.0,start_drift,0.9,2,False,False,12.872
odometry_pods,faster,10.0,start_drift,0.9,2,False,False,8.084
distance_sensors,faster,10.0,start_drift,0.9,2,False,False,12.278
apriltag,faster,10.0,start_drift,0.9,2,True,False,4.443
full_suite,faster,10.0,start_drift,0.9,2,True,False,2.962
dead_reckoning,faster,10.0,start_drift,0.9,3,False,False,18.974
odometry_pods,faster,10.0,start_drift,0.9,3,False,False,18.974
distance_sensors,faster,10.0,start_drift,0.9,3,False,True,21.476
apriltag,faster,10.0,start_drift,0.9,3,False,False,18.974
full_suite,faster,10.0,start_drift,0.9,3,False,True,18.461
dead_reckoning,faster,10.0,start_drift,0.9,4,False,False,18.555
odometry_pods,faster,10.0,start_drift,0.9,4,False,False,17.268
distance_sensors,faster,10.0,start_drift,0.9,4,False,True,22.656
apriltag,faster,10.0,start_drift,0.9,4,False,False,18.555
full_suite,faster,10.0,start_drift,0.9,4,False,False,0.359
dead_reckoning,faster,10.0,start_drift,0.9,5,False,False,28.731
odometry_pods,faster,10.0,start_drift,0.9,5,False,False,18.249
distance_sensors,faster,10.0,start_drift,0.9,5,False,False,21.692
apriltag,faster,10.0,start_drift,0.9,5,False,False,28.731
full_suite,faster,10.0,start_drift,0.9,5,False,True,0.955
dead_reckoning,faster,10.0,start_drift,0.9,6,False,False,12.408
odometry_pods,faster,10.0,start_drift,0.9,6,False,False,13.521
distance_sensors,faster,10.0,start_drift,0.9,6,False,False,13.416
apriltag,faster,10.0,start_drift,0.9,6,False,True,3.396
full_suite,faster,10.0,start_drift,0.9,6,False,False,9.155
dead_reckoning,faster,10.0,start_drift,0.9,7,False,False,21.633
odometry_pods,faster,10.0,start_drift,0.9,7,False,False,21.633
distance_sensors,faster,10.0,start_drift,0.9,7,False,True,19.093
apriltag,faster,10.0,start_drift,0.9,7,False,False,21.633
full_suite,faster,10.0,start_drift,0.9,7,False,False,10.27
dead_reckoning,faster,10.0,start_drift,0.9,8,False,False,6.398
odometry_pods,faster,10.0,start_drift,0.9,8,False,True,6.632
distance_sensors,faster,10.0,start_drift,0.9,8,False,True,17.535
apriltag,faster,10.0,start_drift,0.9,8,False,False,6.398
full_suite,faster,10.0,start_drift,0.9,8,False,True,3.758
dead_reckoning,faster,10.0,start_drift,0.9,9,False,False,22.09
odometry_pods,faster,10.0,start_drift,0.9,9,False,False,21.723
distance_sensors,faster,10.0,start_drift,0.9,9,False,False,22.09
apriltag,faster,10.0,start_drift,0.9,9,False,False,22.09
full_suite,faster,10.0,start_drift,0.9,9,False,False,11.423
dead_reckoning,faster,10.0,start_drift,0.9,10,False,False,18.141
odometry_pods,faster,10.0,start_drift,0.9,10,False,True,14.936
distance_sensors,faster,10.0,start_drift,0.9,10,False,True,29.991
apriltag,faster,10.0,start_drift,0.9,10,False,False,18.141
full_suite,faster,10.0,start_drift,0.9,10,False,False,0.797
dead_reckoning,faster,10.0,start_drift,0.9,11,False,False,25.774
odometry_pods,faster,10.0,start_drift,0.9,11,False,False,21.812
distance_sensors,faster,10.0,start_drift,0.9,11,False,False,26.689
apriltag,faster,10.0,start_drift,0.9,11,False,False,25.774
full_suite,faster,10.0,start_drift,0.9,11,False,False,22.026
dead_reckoning,faster,10.0,start_drift,0.9,12,False,False,20.789
odometry_pods,faster,10.0,start_drift,0.9,12,False,True,10.894
distance_sensors,faster,10.0,start_drift,0.9,12,False,False,22.197
apriltag,faster,10.0,start_drift,0.9,12,False,True,16.769
full_suite,faster,10.0,start_drift,0.9,12,False,True,6.848
dead_reckoning,faster,10.0,start_drift,0.9,13,False,False,7.263
odometry_pods,faster,10.0,start_drift,0.9,13,False,False,6.951
distance_sensors,faster,10.0,start_drift,0.9,13,False,False,6.567
apriltag,faster,10.0,start_drift,0.9,13,False,False,7.263
full_suite,faster,10.0,start_drift,0.9,13,False,False,7.184
dead_reckoning,faster,10.0,start_drift,0.9,14,False,False,17.478
odometry_pods,faster,10.0,start_drift,0.9,14,False,False,14.087
distance_sensors,faster,10.0,start_drift,0.9,14,False,False,17.832
apriltag,faster,10.0,start_drift,0.9,14,False,True,0.776
full_suite,faster,10.0,start_drift,0.9,14,False,False,0.349
dead_reckoning,faster,10.0,obstacle_drift,0.3,0,False,True,8.843
odometry_pods,faster,10.0,obstacle_drift,0.3,0,False,True,2.372
distance_sensors,faster,10.0,obstacle_drift,0.3,0,False,False,3.499
apriltag,faster,10.0,obstacle_drift,0.3,0,False,True,4.032
full_suite,faster,10.0,obstacle_drift,0.3,0,False,False,0.7
dead_reckoning,faster,10.0,obstacle_drift,0.3,1,False,True,4.356
odometry_pods,faster,10.0,obstacle_drift,0.3,1,False,True,0.681
distance_sensors,faster,10.0,obstacle_drift,0.3,1,False,True,3.84
apriltag,faster,10.0,obstacle_drift,0.3,1,False,True,3.586
full_suite,faster,10.0,obstacle_drift,0.3,1,False,True,0.459
dead_reckoning,faster,10.0,obstacle_drift,0.3,2,False,True,3.794
odometry_pods,faster,10.0,obstacle_drift,0.3,2,True,False,0.353
distance_sensors,faster,10.0,obstacle_drift,0.3,2,False,False,5.028
apriltag,faster,10.0,obstacle_drift,0.3,2,True,False,1.184
full_suite,faster,10.0,obstacle_drift,0.3,2,True,False,0.177
dead_reckoning,faster,10.0,obstacle_drift,0.3,3,False,False,10.473
odometry_pods,faster,10.0,obstacle_drift,0.3,3,False,True,1.226
distance_sensors,faster,10.0,obstacle_drift,0.3,3,False,True,7.87
apriltag,faster,10.0,obstacle_drift,0.3,3,False,True,2.406
full_suite,faster,10.0,obstacle_drift,0.3,3,False,True,0.556
dead_reckoning,faster,10.0,obstacle_drift,0.3,4,False,False,3.679
odometry_pods,faster,10.0,obstacle_drift,0.3,4,False,True,2.241
distance_sensors,faster,10.0,obstacle_drift,0.3,4,False,False,3.679
apriltag,faster,10.0,obstacle_drift,0.3,4,False,False,3.679
full_suite,faster,10.0,obstacle_drift,0.3,4,False,True,0.236
dead_reckoning,faster,10.0,obstacle_drift,0.3,5,False,False,0.0
odometry_pods,faster,10.0,obstacle_drift,0.3,5,False,False,0.0
distance_sensors,faster,10.0,obstacle_drift,0.3,5,False,False,5.32
apriltag,faster,10.0,obstacle_drift,0.3,5,False,False,0.0
full_suite,faster,10.0,obstacle_drift,0.3,5,True,False,0.486
dead_reckoning,faster,10.0,obstacle_drift,0.3,6,False,True,11.659
odometry_pods,faster,10.0,obstacle_drift,0.3,6,False,True,2.5
distance_sensors,faster,10.0,obstacle_drift,0.3,6,False,False,11.221
apriltag,faster,10.0,obstacle_drift,0.3,6,False,True,11.659
full_suite,faster,10.0,obstacle_drift,0.3,6,False,True,1.194
dead_reckoning,faster,10.0,obstacle_drift,0.3,7,False,False,7.335
odometry_pods,faster,10.0,obstacle_drift,0.3,7,True,False,0.172
distance_sensors,faster,10.0,obstacle_drift,0.3,7,False,False,7.705
apriltag,faster,10.0,obstacle_drift,0.3,7,True,False,2.863
full_suite,faster,10.0,obstacle_drift,0.3,7,True,False,0.37
dead_reckoning,faster,10.0,obstacle_drift,0.3,8,False,False,4.932
odometry_pods,faster,10.0,obstacle_drift,0.3,8,True,False,0.831
distance_sensors,faster,10.0,obstacle_drift,0.3,8,False,False,3.279
apriltag,faster,10.0,obstacle_drift,0.3,8,False,False,4.932
full_suite,faster,10.0,obstacle_drift,0.3,8,True,False,0.635
dead_reckoning,faster,10.0,obstacle_drift,0.3,9,False,False,4.016
odometry_pods,faster,10.0,obstacle_drift,0.3,9,False,True,1.728
distance_sensors,faster,10.0,obstacle_drift,0.3,9,False,False,4.016
apriltag,faster,10.0,obstacle_drift,0.3,9,False,True,4.329
full_suite,faster,10.0,obstacle_drift,0.3,9,False,True,1.08
dead_reckoning,faster,10.0,obstacle_drift,0.3,10,False,False,6.998
odometry_pods,faster,10.0,obstacle_drift,0.3,10,True,False,3.254
distance_sensors,faster,10.0,obstacle_drift,0.3,10,False,False,5.847
apriltag,faster,10.0,obstacle_drift,0.3,10,False,False,20.025
full_suite,faster,10.0,obstacle_drift,0.3,10,True,False,1.959
dead_reckoning,faster,10.0,obstacle_drift,0.3,11,True,False,3.808
odometry_pods,faster,10.0,obstacle_drift,0.3,11,True,False,0.762
distance_sensors,faster,10.0,obstacle_drift,0.3,11,True,False,4.138
apriltag,faster,10.0,obstacle_drift,0.3,11,True,False,3.808
full_suite,faster,10.0,obstacle_drift,0.3,11,True,False,0.828
dead_reckoning,faster,10.0,obstacle_drift,0.3,12,False,True,6.76
odometry_pods,faster,10.0,obstacle_drift,0.3,12,False,True,0.973
distance_sensors,faster,10.0,obstacle_drift,0.3,12,False,False,9.244
apriltag,faster,10.0,obstacle_drift,0.3,12,False,True,6.76
full_suite,faster,10.0,obstacle_drift,0.3,12,False,False,0.937
dead_reckoning,faster,10.0,obstacle_drift,0.3,13,True,False,1.872
odometry_pods,faster,10.0,obstacle_drift,0.3,13,True,False,0.374
distance_sensors,faster,10.0,obstacle_drift,0.3,13,True,False,1.203
apriltag,faster,10.0,obstacle_drift,0.3,13,True,False,1.635
full_suite,faster,10.0,obstacle_drift,0.3,13,True,False,0.265
dead_reckoning,faster,10.0,obstacle_drift,0.3,14,False,True,8.943
odometry_pods,faster,10.0,obstacle_drift,0.3,14,False,True,3.483
distance_sensors,faster,10.0,obstacle_drift,0.3,14,False,True,12.29
apriltag,faster,10.0,obstacle_drift,0.3,14,False,True,3.811
full_suite,faster,10.0,obstacle_drift,0.3,14,False,False,3.349
dead_reckoning,faster,10.0,obstacle_drift,0.5,0,False,True,11.681
odometry_pods,faster,10.0,obstacle_drift,0.5,0,False,True,1.525
distance_sensors,faster,10.0,obstacle_drift,0.5,0,False,False,2.152
apriltag,faster,10.0,obstacle_drift,0.5,0,False,True,0.226
full_suite,faster,10.0,obstacle_drift,0.5,0,False,False,0.43
dead_reckoning,faster,10.0,obstacle_drift,0.5,1,False,False,6.676
odometry_pods,faster,10.0,obstacle_drift,0.5,1,True,False,0.852
distance_sensors,faster,10.0,obstacle_drift,0.5,1,False,False,5.66
apriltag,faster,10.0,obstacle_drift,0.5,1,True,False,0.975
full_suite,faster,10.0,obstacle_drift,0.5,1,True,False,0.226
dead_reckoning,faster,10.0,obstacle_drift,0.5,2,False,False,9.228
odometry_pods,faster,10.0,obstacle_drift,0.5,2,False,True,1.395
distance_sensors,faster,10.0,obstacle_drift,0.5,2,False,False,4.239
apriltag,faster,10.0,obstacle_drift,0.5,2,False,True,1.796
full_suite,faster,10.0,obstacle_drift,0.5,2,False,True,0.436
dead_reckoning,faster,10.0,obstacle_drift,0.5,3,True,False,1.374
odometry_pods,faster,10.0,obstacle_drift,0.5,3,True,False,0.275
distance_sensors,faster,10.0,obstacle_drift,0.5,3,True,False,1.374
apriltag,faster,10.0,obstacle_drift,0.5,3,True,False,1.374
full_suite,faster,10.0,obstacle_drift,0.5,3,True,False,0.275
dead_reckoning,faster,10.0,obstacle_drift,0.5,4,False,True,17.727
odometry_pods,faster,10.0,obstacle_drift,0.5,4,False,True,2.279
distance_sensors,faster,10.0,obstacle_drift,0.5,4,False,True,15.743
apriltag,faster,10.0,obstacle_drift,0.5,4,False,True,11.125
full_suite,faster,10.0,obstacle_drift,0.5,4,False,True,2.309
dead_reckoning,faster,10.0,obstacle_drift,0.5,5,False,True,8.032
odometry_pods,faster,10.0,obstacle_drift,0.5,5,False,True,1.58
distance_sensors,faster,10.0,obstacle_drift,0.5,5,False,False,7.508
apriltag,faster,10.0,obstacle_drift,0.5,5,False,True,1.256
full_suite,faster,10.0,obstacle_drift,0.5,5,False,True,0.567
dead_reckoning,faster,10.0,obstacle_drift,0.5,6,False,True,2.339
odometry_pods,faster,10.0,obstacle_drift,0.5,6,False,True,0.627
distance_sensors,faster,10.0,obstacle_drift,0.5,6,True,False,1.64
apriltag,faster,10.0,obstacle_drift,0.5,6,False,True,3.862
full_suite,faster,10.0,obstacle_drift,0.5,6,True,False,0.557
dead_reckoning,faster,10.0,obstacle_drift,0.5,7,False,True,7.703
odometry_pods,faster,10.0,obstacle_drift,0.5,7,False,True,2.072
distance_sensors,faster,10.0,obstacle_drift,0.5,7,False,True,2.68
apriltag,faster,10.0,obstacle_drift,0.5,7,False,True,7.703
full_suite,faster,10.0,obstacle_drift,0.5,7,False,False,0.4
dead_reckoning,faster,10.0,obstacle_drift,0.5,8,False,False,9.439
odometry_pods,faster,10.0,obstacle_drift,0.5,8,False,True,2.257
distance_sensors,faster,10.0,obstacle_drift,0.5,8,False,False,2.359
apriltag,faster,10.0,obstacle_drift,0.5,8,False,True,2.387
full_suite,faster,10.0,obstacle_drift,0.5,8,False,False,0.145
dead_reckoning,faster,10.0,obstacle_drift,0.5,9,True,False,2.918
odometry_pods,faster,10.0,obstacle_drift,0.5,9,True,False,0.584
distance_sensors,faster,10.0,obstacle_drift,0.5,9,True,False,2.918
apriltag,faster,10.0,obstacle_drift,0.5,9,False,False,3.279
full_suite,faster,10.0,obstacle_drift,0.5,9,True,False,0.293
dead_reckoning,faster,10.0,obstacle_drift,0.5,10,False,False,4.108
odometry_pods,faster,10.0,obstacle_drift,0.5,10,True,False,0.168
distance_sensors,faster,10.0,obstacle_drift,0.5,10,False,False,6.416
apriltag,faster,10.0,obstacle_drift,0.5,10,False,False,4.108
full_suite,faster,10.0,obstacle_drift,0.5,10,True,False,1.037
dead_reckoning,faster,10.0,obstacle_drift,0.5,11,False,False,6.77
odometry_pods,faster,10.0,obstacle_drift,0.5,11,False,True,1.801
distance_sensors,faster,10.0,obstacle_drift,0.5,11,False,False,0.0
apriltag,faster,10.0,obstacle_drift,0.5,11,False,False,6.77
full_suite,faster,10.0,obstacle_drift,0.5,11,False,False,0.0
dead_reckoning,faster,10.0,obstacle_drift,0.5,12,True,False,4.604
odometry_pods,faster,10.0,obstacle_drift,0.5,12,True,False,0.921
distance_sensors,faster,10.0,obstacle_drift,0.5,12,True,False,2.911
apriltag,faster,10.0,obstacle_drift,0.5,12,False,False,3.237
full_suite,faster,10.0,obstacle_drift,0.5,12,True,False,0.582
dead_reckoning,faster,10.0,obstacle_drift,0.5,13,False,False,10.108
odometry_pods,faster,10.0,obstacle_drift,0.5,13,False,True,0.86
distance_sensors,faster,10.0,obstacle_drift,0.5,13,False,True,5.241
apriltag,faster,10.0,obstacle_drift,0.5,13,False,False,10.108
full_suite,faster,10.0,obstacle_drift,0.5,13,False,True,0.674
dead_reckoning,faster,10.0,obstacle_drift,0.5,14,False,False,3.678
odometry_pods,faster,10.0,obstacle_drift,0.5,14,True,False,1.166
distance_sensors,faster,10.0,obstacle_drift,0.5,14,False,False,8.193
apriltag,faster,10.0,obstacle_drift,0.5,14,True,False,3.058
full_suite,faster,10.0,obstacle_drift,0.5,14,True,False,0.485
dead_reckoning,faster,10.0,obstacle_drift,0.7,0,False,False,5.603
odometry_pods,faster,10.0,obstacle_drift,0.7,0,True,False,0.564
distance_sensors,faster,10.0,obstacle_drift,0.7,0,False,False,4.148
apriltag,faster,10.0,obstacle_drift,0.7,0,False,False,5.603
full_suite,faster,10.0,obstacle_drift,0.7,0,False,False,0.441
dead_reckoning,faster,10.0,obstacle_drift,0.7,1,False,False,5.983
odometry_pods,faster,10.0,obstacle_drift,0.7,1,False,True,2.049
distance_sensors,faster,10.0,obstacle_drift,0.7,1,False,False,17.121
apriltag,faster,10.0,obstacle_drift,0.7,1,False,False,5.983
full_suite,faster,10.0,obstacle_drift,0.7,1,False,True,1.007
dead_reckoning,faster,10.0,obstacle_drift,0.7,2,False,False,5.602
odometry_pods,faster,10.0,obstacle_drift,0.7,2,True,False,1.301
distance_sensors,faster,10.0,obstacle_drift,0.7,2,False,False,4.911
apriltag,faster,10.0,obstacle_drift,0.7,2,True,False,4.855
full_suite,faster,10.0,obstacle_drift,0.7,2,True,False,1.135
dead_reckoning,faster,10.0,obstacle_drift,0.7,3,False,True,9.891
odometry_pods,faster,10.0,obstacle_drift,0.7,3,False,True,0.436
distance_sensors,faster,10.0,obstacle_drift,0.7,3,False,False,0.0
apriltag,faster,10.0,obstacle_drift,0.7,3,False,True,1.606
full_suite,faster,10.0,obstacle_drift,0.7,3,False,False,0.0
dead_reckoning,faster,10.0,obstacle_drift,0.7,4,False,False,16.677
odometry_pods,faster,10.0,obstacle_drift,0.7,4,False,True,2.452
distance_sensors,faster,10.0,obstacle_drift,0.7,4,False,True,15.765
apriltag,faster,10.0,obstacle_drift,0.7,4,False,False,16.677
full_suite,faster,10.0,obstacle_drift,0.7,4,False,True,2.167
dead_reckoning,faster,10.0,obstacle_drift,0.7,5,False,False,6.45
odometry_pods,faster,10.0,obstacle_drift,0.7,5,True,False,0.984
distance_sensors,faster,10.0,obstacle_drift,0.7,5,False,False,5.621
apriltag,faster,10.0,obstacle_drift,0.7,5,True,False,0.673
full_suite,faster,10.0,obstacle_drift,0.7,5,True,False,0.16
dead_reckoning,faster,10.0,obstacle_drift,0.7,6,False,False,8.833
odometry_pods,faster,10.0,obstacle_drift,0.7,6,True,False,1.568
distance_sensors,faster,10.0,obstacle_drift,0.7,6,False,False,0.0
apriltag,faster,10.0,obstacle_drift,0.7,6,False,False,8.833
full_suite,faster,10.0,obstacle_drift,0.7,6,False,False,0.0
dead_reckoning,faster,10.0,obstacle_drift,0.7,7,False,False,14.762
odometry_pods,faster,10.0,obstacle_drift,0.7,7,False,True,3.043
distance_sensors,faster,10.0,obstacle_drift,0.7,7,False,True,16.174
apriltag,faster,10.0,obstacle_drift,0.7,7,False,True,1.4
full_suite,faster,10.0,obstacle_drift,0.7,7,False,True,0.359
dead_reckoning,faster,10.0,obstacle_drift,0.7,8,False,True,6.479
odometry_pods,faster,10.0,obstacle_drift,0.7,8,False,True,1.159
distance_sensors,faster,10.0,obstacle_drift,0.7,8,False,True,2.324
apriltag,faster,10.0,obstacle_drift,0.7,8,False,True,1.329
full_suite,faster,10.0,obstacle_drift,0.7,8,False,True,0.762
dead_reckoning,faster,10.0,obstacle_drift,0.7,9,False,False,7.524
odometry_pods,faster,10.0,obstacle_drift,0.7,9,True,False,1.186
distance_sensors,faster,10.0,obstacle_drift,0.7,9,False,False,7.243
apriltag,faster,10.0,obstacle_drift,0.7,9,True,False,5.667
full_suite,faster,10.0,obstacle_drift,0.7,9,True,False,1.167
dead_reckoning,faster,10.0,obstacle_drift,0.7,10,False,False,12.098
odometry_pods,faster,10.0,obstacle_drift,0.7,10,False,True,2.42
distance_sensors,faster,10.0,obstacle_drift,0.7,10,False,False,0.0
apriltag,faster,10.0,obstacle_drift,0.7,10,False,True,4.171
full_suite,faster,10.0,obstacle_drift,0.7,10,False,False,0.0
dead_reckoning,faster,10.0,obstacle_drift,0.7,11,False,True,6.229
odometry_pods,faster,10.0,obstacle_drift,0.7,11,False,False,0.869
distance_sensors,faster,10.0,obstacle_drift,0.7,11,False,False,6.179
apriltag,faster,10.0,obstacle_drift,0.7,11,False,False,1.143
full_suite,faster,10.0,obstacle_drift,0.7,11,False,False,0.754
dead_reckoning,faster,10.0,obstacle_drift,0.7,12,False,False,3.134
odometry_pods,faster,10.0,obstacle_drift,0.7,12,False,False,0.627
distance_sensors,faster,10.0,obstacle_drift,0.7,12,False,False,1.619
apriltag,faster,10.0,obstacle_drift,0.7,12,False,False,3.134
full_suite,faster,10.0,obstacle_drift,0.7,12,False,False,0.324
dead_reckoning,faster,10.0,obstacle_drift,0.7,13,False,False,13.562
odometry_pods,faster,10.0,obstacle_drift,0.7,13,False,True,2.415
distance_sensors,faster,10.0,obstacle_drift,0.7,13,False,False,3.074
apriltag,faster,10.0,obstacle_drift,0.7,13,False,False,13.562
full_suite,faster,10.0,obstacle_drift,0.7,13,False,False,0.615
dead_reckoning,faster,10.0,obstacle_drift,0.7,14,True,False,4.118
odometry_pods,faster,10.0,obstacle_drift,0.7,14,True,False,1.814
distance_sensors,faster,10.0,obstacle_drift,0.7,14,False,False,0.0
apriltag,faster,10.0,obstacle_drift,0.7,14,True,False,10.707
full_suite,faster,10.0,obstacle_drift,0.7,14,False,False,0.0
dead_reckoning,faster,10.0,obstacle_drift,0.9,0,False,True,14.139
odometry_pods,faster,10.0,obstacle_drift,0.9,0,False,True,2.071
distance_sensors,faster,10.0,obstacle_drift,0.9,0,False,False,4.6
apriltag,faster,10.0,obstacle_drift,0.9,0,False,True,14.139
full_suite,faster,10.0,obstacle_drift,0.9,0,False,True,2.071
dead_reckoning,faster,10.0,obstacle_drift,0.9,1,False,True,5.352
odometry_pods,faster,10.0,obstacle_drift,0.9,1,False,False,0.691
distance_sensors,faster,10.0,obstacle_drift,0.9,1,False,True,8.216
apriltag,faster,10.0,obstacle_drift,0.9,1,False,False,0.598
full_suite,faster,10.0,obstacle_drift,0.9,1,False,True,0.631
dead_reckoning,faster,10.0,obstacle_drift,0.9,2,False,True,10.642
odometry_pods,faster,10.0,obstacle_drift,0.9,2,False,True,1.404
distance_sensors,faster,10.0,obstacle_drift,0.9,2,False,True,10.689
apriltag,faster,10.0,obstacle_drift,0.9,2,False,True,2.77
full_suite,faster,10.0,obstacle_drift,0.9,2,False,True,0.766
dead_reckoning,faster,10.0,obstacle_drift,0.9,3,False,False,17.252
odometry_pods,faster,10.0,obstacle_drift,0.9,3,True,False,2.902
distance_sensors,faster,10.0,obstacle_drift,0.9,3,False,False,0.0
apriltag,faster,10.0,obstacle_drift,0.9,3,False,False,0.467
full_suite,faster,10.0,obstacle_drift,0.9,3,False,False,0.0
dead_reckoning,faster,10.0,obstacle_drift,0.9,4,False,True,5.025
odometry_pods,faster,10.0,obstacle_drift,0.9,4,False,True,0.882
distance_sensors,faster,10.0,obstacle_drift,0.9,4,False,False,7.773
apriltag,faster,10.0,obstacle_drift,0.9,4,False,True,5.025
full_suite,faster,10.0,obstacle_drift,0.9,4,False,False,1.642
dead_reckoning,faster,10.0,obstacle_drift,0.9,5,False,True,7.952
odometry_pods,faster,10.0,obstacle_drift,0.9,5,False,True,1.515
distance_sensors,faster,10.0,obstacle_drift,0.9,5,False,False,6.233
apriltag,faster,10.0,obstacle_drift,0.9,5,False,True,2.007
full_suite,faster,10.0,obstacle_drift,0.9,5,False,True,0.555
dead_reckoning,faster,10.0,obstacle_drift,0.9,6,False,True,10.544
odometry_pods,faster,10.0,obstacle_drift,0.9,6,False,True,2.343
distance_sensors,faster,10.0,obstacle_drift,0.9,6,False,True,9.45
apriltag,faster,10.0,obstacle_drift,0.9,6,False,True,6.186
full_suite,faster,10.0,obstacle_drift,0.9,6,False,True,0.514
dead_reckoning,faster,10.0,obstacle_drift,0.9,7,False,True,9.733
odometry_pods,faster,10.0,obstacle_drift,0.9,7,False,True,1.51
distance_sensors,faster,10.0,obstacle_drift,0.9,7,False,True,9.547
apriltag,faster,10.0,obstacle_drift,0.9,7,False,True,0.762
full_suite,faster,10.0,obstacle_drift,0.9,7,False,True,0.016
dead_reckoning,faster,10.0,obstacle_drift,0.9,8,False,False,8.401
odometry_pods,faster,10.0,obstacle_drift,0.9,8,True,False,1.918
distance_sensors,faster,10.0,obstacle_drift,0.9,8,False,False,7.636
apriltag,faster,10.0,obstacle_drift,0.9,8,True,False,4.045
full_suite,faster,10.0,obstacle_drift,0.9,8,True,False,0.098
dead_reckoning,faster,10.0,obstacle_drift,0.9,9,False,True,4.472
odometry_pods,faster,10.0,obstacle_drift,0.9,9,False,True,0.894
distance_sensors,faster,10.0,obstacle_drift,0.9,9,False,True,4.652
apriltag,faster,10.0,obstacle_drift,0.9,9,False,True,4.472
full_suite,faster,10.0,obstacle_drift,0.9,9,False,True,0.327
dead_reckoning,faster,10.0,obstacle_drift,0.9,10,False,True,1.277
odometry_pods,faster,10.0,obstacle_drift,0.9,10,False,True,0.585
distance_sensors,faster,10.0,obstacle_drift,0.9,10,False,True,3.937
apriltag,faster,10.0,obstacle_drift,0.9,10,False,True,1.783
full_suite,faster,10.0,obstacle_drift,0.9,10,True,False,0.843
dead_reckoning,faster,10.0,obstacle_drift,0.9,11,True,False,3.175
odometry_pods,faster,10.0,obstacle_drift,0.9,11,True,False,1.062
distance_sensors,faster,10.0,obstacle_drift,0.9,11,False,False,4.011
apriltag,faster,10.0,obstacle_drift,0.9,11,False,False,4.19
full_suite,faster,10.0,obstacle_drift,0.9,11,True,False,0.911
dead_reckoning,faster,10.0,obstacle_drift,0.9,12,False,True,4.014
odometry_pods,faster,10.0,obstacle_drift,0.9,12,False,True,1.058
distance_sensors,faster,10.0,obstacle_drift,0.9,12,False,True,4.883
apriltag,faster,10.0,obstacle_drift,0.9,12,False,True,1.78
full_suite,faster,10.0,obstacle_drift,0.9,12,False,True,0.132
dead_reckoning,faster,10.0,obstacle_drift,0.9,13,False,True,7.01
odometry_pods,faster,10.0,obstacle_drift,0.9,13,False,True,1.257
distance_sensors,faster,10.0,obstacle_drift,0.9,13,False,False,9.797
apriltag,faster,10.0,obstacle_drift,0.9,13,False,True,3.689
full_suite,faster,10.0,obstacle_drift,0.9,13,False,True,0.351
dead_reckoning,faster,10.0,obstacle_drift,0.9,14,True,False,3.371
odometry_pods,faster,10.0,obstacle_drift,0.9,14,True,False,0.891
distance_sensors,faster,10.0,obstacle_drift,0.9,14,True,False,3.371
apriltag,faster,10.0,obstacle_drift,0.9,14,True,False,2.701
full_suite,faster,10.0,obstacle_drift,0.9,14,True,False,0.968
dead_reckoning,faster,10.0,unplanned_blocker,0.3,0,False,True,7.442
odometry_pods,faster,10.0,unplanned_blocker,0.3,0,False,True,1.401
distance_sensors,faster,10.0,unplanned_blocker,0.3,0,False,False,0.0
apriltag,faster,10.0,unplanned_blocker,0.3,0,False,False,4.672
full_suite,faster,10.0,unplanned_blocker,0.3,0,False,False,0.0
dead_reckoning,faster,10.0,unplanned_blocker,0.3,1,False,False,7.341
odometry_pods,faster,10.0,unplanned_blocker,0.3,1,False,True,0.514
distance_sensors,faster,10.0,unplanned_blocker,0.3,1,False,True,1.876
apriltag,faster,10.0,unplanned_blocker,0.3,1,False,False,7.341
full_suite,faster,10.0,unplanned_blocker,0.3,1,False,True,0.533
dead_reckoning,faster,10.0,unplanned_blocker,0.3,2,True,False,2.369
odometry_pods,faster,10.0,unplanned_blocker,0.3,2,True,False,0.474
distance_sensors,faster,10.0,unplanned_blocker,0.3,2,True,False,2.369
apriltag,faster,10.0,unplanned_blocker,0.3,2,True,False,3.286
full_suite,faster,10.0,unplanned_blocker,0.3,2,True,False,0.657
dead_reckoning,faster,10.0,unplanned_blocker,0.3,3,False,False,3.34
odometry_pods,faster,10.0,unplanned_blocker,0.3,3,False,True,1.438
distance_sensors,faster,10.0,unplanned_blocker,0.3,3,False,False,0.521
apriltag,faster,10.0,unplanned_blocker,0.3,3,False,True,6.001
full_suite,faster,10.0,unplanned_blocker,0.3,3,False,False,0.104
dead_reckoning,faster,10.0,unplanned_blocker,0.3,4,True,False,4.563
odometry_pods,faster,10.0,unplanned_blocker,0.3,4,False,False,0.761
distance_sensors,faster,10.0,unplanned_blocker,0.3,4,False,False,3.316
apriltag,faster,10.0,unplanned_blocker,0.3,4,False,True,3.523
full_suite,faster,10.0,unplanned_blocker,0.3,4,True,False,0.765
dead_reckoning,faster,10.0,unplanned_blocker,0.3,5,False,False,11.726
odometry_pods,faster,10.0,unplanned_blocker,0.3,5,False,False,2.072
distance_sensors,faster,10.0,unplanned_blocker,0.3,5,False,False,8.96
apriltag,faster,10.0,unplanned_blocker,0.3,5,False,True,2.427
full_suite,faster,10.0,unplanned_blocker,0.3,5,False,True,0.178
dead_reckoning,faster,10.0,unplanned_blocker,0.3,6,False,False,11.152
odometry_pods,faster,10.0,unplanned_blocker,0.3,6,False,True,2.142
distance_sensors,faster,10.0,unplanned_blocker,0.3,6,False,False,8.434
apriltag,faster,10.0,unplanned_blocker,0.3,6,False,False,11.152
full_suite,faster,10.0,unplanned_blocker,0.3,6,False,True,0.405
dead_reckoning,faster,10.0,unplanned_blocker,0.3,7,False,False,20.995
odometry_pods,faster,10.0,unplanned_blocker,0.3,7,False,True,3.729
distance_sensors,faster,10.0,unplanned_blocker,0.3,7,False,False,6.578
apriltag,faster,10.0,unplanned_blocker,0.3,7,False,True,1.254
full_suite,faster,10.0,unplanned_blocker,0.3,7,False,False,0.594
dead_reckoning,faster,10.0,unplanned_blocker,0.3,8,False,False,12.221
odometry_pods,faster,10.0,unplanned_blocker,0.3,8,False,True,2.998
distance_sensors,faster,10.0,unplanned_blocker,0.3,8,False,False,6.015
apriltag,faster,10.0,unplanned_blocker,0.3,8,False,False,12.221
full_suite,faster,10.0,unplanned_blocker,0.3,8,False,True,0.374
dead_reckoning,faster,10.0,unplanned_blocker,0.3,9,False,False,4.511
odometry_pods,faster,10.0,unplanned_blocker,0.3,9,True,False,1.446
distance_sensors,faster,10.0,unplanned_blocker,0.3,9,True,False,5.974
apriltag,faster,10.0,unplanned_blocker,0.3,9,True,False,2.686
full_suite,faster,10.0,unplanned_blocker,0.3,9,True,False,0.638
dead_reckoning,faster,10.0,unplanned_blocker,0.3,10,False,True,5.069
odometry_pods,faster,10.0,unplanned_blocker,0.3,10,False,True,0.765
distance_sensors,faster,10.0,unplanned_blocker,0.3,10,False,False,1.132
apriltag,faster,10.0,unplanned_blocker,0.3,10,False,True,5.069
full_suite,faster,10.0,unplanned_blocker,0.3,10,False,True,1.088
dead_reckoning,faster,10.0,unplanned_blocker,0.3,11,False,True,7.516
odometry_pods,faster,10.0,unplanned_blocker,0.3,11,False,False,1.417
distance_sensors,faster,10.0,unplanned_blocker,0.3,11,False,False,6.419
apriltag,faster,10.0,unplanned_blocker,0.3,11,False,False,3.458
full_suite,faster,10.0,unplanned_blocker,0.3,11,False,True,1.991
dead_reckoning,faster,10.0,unplanned_blocker,0.3,12,False,False,8.282
odometry_pods,faster,10.0,unplanned_blocker,0.3,12,False,False,1.728
distance_sensors,faster,10.0,unplanned_blocker,0.3,12,False,False,4.569
apriltag,faster,10.0,unplanned_blocker,0.3,12,False,False,8.282
full_suite,faster,10.0,unplanned_blocker,0.3,12,True,False,1.336
dead_reckoning,faster,10.0,unplanned_blocker,0.3,13,False,False,0.0
odometry_pods,faster,10.0,unplanned_blocker,0.3,13,False,False,0.0
distance_sensors,faster,10.0,unplanned_blocker,0.3,13,True,False,3.187
apriltag,faster,10.0,unplanned_blocker,0.3,13,False,False,0.0
full_suite,faster,10.0,unplanned_blocker,0.3,13,True,False,0.637
dead_reckoning,faster,10.0,unplanned_blocker,0.3,14,False,False,5.328
odometry_pods,faster,10.0,unplanned_blocker,0.3,14,True,False,0.626
distance_sensors,faster,10.0,unplanned_blocker,0.3,14,False,False,3.184
apriltag,faster,10.0,unplanned_blocker,0.3,14,True,False,2.166
full_suite,faster,10.0,unplanned_blocker,0.3,14,True,False,0.426
dead_reckoning,faster,10.0,unplanned_blocker,0.5,0,False,False,5.583
odometry_pods,faster,10.0,unplanned_blocker,0.5,0,True,False,1.093
distance_sensors,faster,10.0,unplanned_blocker,0.5,0,False,False,5.93
apriltag,faster,10.0,unplanned_blocker,0.5,0,True,False,1.607
full_suite,faster,10.0,unplanned_blocker,0.5,0,True,False,0.935
dead_reckoning,faster,10.0,unplanned_blocker,0.5,1,False,True,6.889
odometry_pods,faster,10.0,unplanned_blocker,0.5,1,False,False,0.785
distance_sensors,faster,10.0,unplanned_blocker,0.5,1,False,True,10.169
apriltag,faster,10.0,unplanned_blocker,0.5,1,False,False,15.054
full_suite,faster,10.0,unplanned_blocker,0.5,1,False,True,0.313
dead_reckoning,faster,10.0,unplanned_blocker,0.5,2,False,False,2.45
odometry_pods,faster,10.0,unplanned_blocker,0.5,2,False,False,0.597
distance_sensors,faster,10.0,unplanned_blocker,0.5,2,False,False,3.067
apriltag,faster,10.0,unplanned_blocker,0.5,2,False,False,1.508
full_suite,faster,10.0,unplanned_blocker,0.5,2,False,False,0.495
dead_reckoning,faster,10.0,unplanned_blocker,0.5,3,False,True,5.388
odometry_pods,faster,10.0,unplanned_blocker,0.5,3,False,True,0.938
distance_sensors,faster,10.0,unplanned_blocker,0.5,3,False,False,2.543
apriltag,faster,10.0,unplanned_blocker,0.5,3,False,True,2.701
full_suite,faster,10.0,unplanned_blocker,0.5,3,False,True,0.288
dead_reckoning,faster,10.0,unplanned_blocker,0.5,4,False,False,5.98
odometry_pods,faster,10.0,unplanned_blocker,0.5,4,False,False,1.108
distance_sensors,faster,10.0,unplanned_blocker,0.5,4,False,False,3.177
apriltag,faster,10.0,unplanned_blocker,0.5,4,False,False,4.756
full_suite,faster,10.0,unplanned_blocker,0.5,4,True,False,0.869
dead_reckoning,faster,10.0,unplanned_blocker,0.5,5,False,True,5.252
odometry_pods,faster,10.0,unplanned_blocker,0.5,5,False,True,1.165
distance_sensors,faster,10.0,unplanned_blocker,0.5,5,False,False,4.836
apriltag,faster,10.0,unplanned_blocker,0.5,5,False,True,2.049
full_suite,faster,10.0,unplanned_blocker,0.5,5,False,False,0.806
dead_reckoning,faster,10.0,unplanned_blocker,0.5,6,True,False,1.693
odometry_pods,faster,10.0,unplanned_blocker,0.5,6,False,False,0.466
distance_sensors,faster,10.0,unplanned_blocker,0.5,6,True,False,1.162
apriltag,faster,10.0,unplanned_blocker,0.5,6,True,False,1.693
full_suite,faster,10.0,unplanned_blocker,0.5,6,True,False,0.068
dead_reckoning,faster,10.0,unplanned_blocker,0.5,7,False,True,14.084
odometry_pods,faster,10.0,unplanned_blocker,0.5,7,False,False,1.903
distance_sensors,faster,10.0,unplanned_blocker,0.5,7,False,True,12.266
apriltag,faster,10.0,unplanned_blocker,0.5,7,False,False,2.8
full_suite,faster,10.0,unplanned_blocker,0.5,7,False,True,0.208
dead_reckoning,faster,10.0,unplanned_blocker,0.5,8,False,False,16.155
odometry_pods,faster,10.0,unplanned_blocker,0.5,8,True,False,2.453
distance_sensors,faster,10.0,unplanned_blocker,0.5,8,False,False,18.57
apriltag,faster,10.0,unplanned_blocker,0.5,8,True,False,2.17
full_suite,faster,10.0,unplanned_blocker,0.5,8,True,False,0.324
dead_reckoning,faster,10.0,unplanned_blocker,0.5,9,False,True,4.083
odometry_pods,faster,10.0,unplanned_blocker,0.5,9,False,False,0.656
distance_sensors,faster,10.0,unplanned_blocker,0.5,9,False,True,2.871
apriltag,faster,10.0,unplanned_blocker,0.5,9,False,False,1.616
full_suite,faster,10.0,unplanned_blocker,0.5,9,True,False,0.745
dead_reckoning,faster,10.0,unplanned_blocker,0.5,10,False,False,2.686
odometry_pods,faster,10.0,unplanned_blocker,0.5,10,False,False,0.537
distance_sensors,faster,10.0,unplanned_blocker,0.5,10,False,False,9.354
apriltag,faster,10.0,unplanned_blocker,0.5,10,False,False,1.571
full_suite,faster,10.0,unplanned_blocker,0.5,10,False,True,0.793
dead_reckoning,faster,10.0,unplanned_blocker,0.5,11,False,True,13.488
odometry_pods,faster,10.0,unplanned_blocker,0.5,11,False,True,2.462
distance_sensors,faster,10.0,unplanned_blocker,0.5,11,False,True,16.535
apriltag,faster,10.0,unplanned_blocker,0.5,11,False,True,1.945
full_suite,faster,10.0,unplanned_blocker,0.5,11,False,True,0.746
dead_reckoning,faster,10.0,unplanned_blocker,0.5,12,False,True,6.173
odometry_pods,faster,10.0,unplanned_blocker,0.5,12,False,False,0.821
distance_sensors,faster,10.0,unplanned_blocker,0.5,12,False,False,5.054
apriltag,faster,10.0,unplanned_blocker,0.5,12,False,False,3.975
full_suite,faster,10.0,unplanned_blocker,0.5,12,False,False,0.77
dead_reckoning,faster,10.0,unplanned_blocker,0.5,13,False,False,5.24
odometry_pods,faster,10.0,unplanned_blocker,0.5,13,True,False,1.788
distance_sensors,faster,10.0,unplanned_blocker,0.5,13,False,False,6.154
apriltag,faster,10.0,unplanned_blocker,0.5,13,False,False,10.251
full_suite,faster,10.0,unplanned_blocker,0.5,13,True,False,1.877
dead_reckoning,faster,10.0,unplanned_blocker,0.5,14,False,False,3.808
odometry_pods,faster,10.0,unplanned_blocker,0.5,14,False,False,1.234
distance_sensors,faster,10.0,unplanned_blocker,0.5,14,False,False,11.413
apriltag,faster,10.0,unplanned_blocker,0.5,14,False,False,3.808
full_suite,faster,10.0,unplanned_blocker,0.5,14,False,True,0.431
dead_reckoning,faster,10.0,unplanned_blocker,0.7,0,False,False,4.749
odometry_pods,faster,10.0,unplanned_blocker,0.7,0,True,False,1.351
distance_sensors,faster,10.0,unplanned_blocker,0.7,0,False,False,8.095
apriltag,faster,10.0,unplanned_blocker,0.7,0,False,False,9.315
full_suite,faster,10.0,unplanned_blocker,0.7,0,True,False,1.371
dead_reckoning,faster,10.0,unplanned_blocker,0.7,1,False,False,1.755
odometry_pods,faster,10.0,unplanned_blocker,0.7,1,False,False,0.351
distance_sensors,faster,10.0,unplanned_blocker,0.7,1,False,True,5.241
apriltag,faster,10.0,unplanned_blocker,0.7,1,False,False,1.528
full_suite,faster,10.0,unplanned_blocker,0.7,1,False,True,0.871
dead_reckoning,faster,10.0,unplanned_blocker,0.7,2,False,False,1.271
odometry_pods,faster,10.0,unplanned_blocker,0.7,2,False,False,0.254
distance_sensors,faster,10.0,unplanned_blocker,0.7,2,False,False,3.903
apriltag,faster,10.0,unplanned_blocker,0.7,2,False,False,1.271
full_suite,faster,10.0,unplanned_blocker,0.7,2,True,False,0.548
dead_reckoning,faster,10.0,unplanned_blocker,0.7,3,False,False,12.555
odometry_pods,faster,10.0,unplanned_blocker,0.7,3,False,False,1.709
distance_sensors,faster,10.0,unplanned_blocker,0.7,3,False,True,18.294
apriltag,faster,10.0,unplanned_blocker,0.7,3,False,False,12.555
full_suite,faster,10.0,unplanned_blocker,0.7,3,False,False,1.91
dead_reckoning,faster,10.0,unplanned_blocker,0.7,4,False,False,10.798
odometry_pods,faster,10.0,unplanned_blocker,0.7,4,False,False,1.754
distance_sensors,faster,10.0,unplanned_blocker,0.7,4,False,False,6.208
apriltag,faster,10.0,unplanned_blocker,0.7,4,False,False,2.005
full_suite,faster,10.0,unplanned_blocker,0.7,4,False,False,1.735
dead_reckoning,faster,10.0,unplanned_blocker,0.7,5,False,True,1.73
odometry_pods,faster,10.0,unplanned_blocker,0.7,5,False,True,0.297
distance_sensors,faster,10.0,unplanned_blocker,0.7,5,False,True,1.721
apriltag,faster,10.0,unplanned_blocker,0.7,5,False,True,1.339
full_suite,faster,10.0,unplanned_blocker,0.7,5,False,True,0.382
dead_reckoning,faster,10.0,unplanned_blocker,0.7,6,False,False,4.692
odometry_pods,faster,10.0,unplanned_blocker,0.7,6,False,False,1.428
distance_sensors,faster,10.0,unplanned_blocker,0.7,6,False,False,7.011
apriltag,faster,10.0,unplanned_blocker,0.7,6,False,False,15.771
full_suite,faster,10.0,unplanned_blocker,0.7,6,False,True,0.61
dead_reckoning,faster,10.0,unplanned_blocker,0.7,7,False,True,10.857
odometry_pods,faster,10.0,unplanned_blocker,0.7,7,False,True,2.618
distance_sensors,faster,10.0,unplanned_blocker,0.7,7,False,False,10.05
apriltag,faster,10.0,unplanned_blocker,0.7,7,False,True,2.236
full_suite,faster,10.0,unplanned_blocker,0.7,7,False,True,0.269
dead_reckoning,faster,10.0,unplanned_blocker,0.7,8,False,True,5.028
odometry_pods,faster,10.0,unplanned_blocker,0.7,8,False,False,1.957
distance_sensors,faster,10.0,unplanned_blocker,0.7,8,False,False,0.0
apriltag,faster,10.0,unplanned_blocker,0.7,8,False,True,5.028
full_suite,faster,10.0,unplanned_blocker,0.7,8,False,False,0.0
dead_reckoning,faster,10.0,unplanned_blocker,0.7,9,False,False,11.314
odometry_pods,faster,10.0,unplanned_blocker,0.7,9,False,False,0.888
distance_sensors,faster,10.0,unplanned_blocker,0.7,9,False,False,4.438
apriltag,faster,10.0,unplanned_blocker,0.7,9,False,True,0.605
full_suite,faster,10.0,unplanned_blocker,0.7,9,False,True,0.523
dead_reckoning,faster,10.0,unplanned_blocker,0.7,10,False,False,4.809
odometry_pods,faster,10.0,unplanned_blocker,0.7,10,False,True,1.423
distance_sensors,faster,10.0,unplanned_blocker,0.7,10,False,False,3.027
apriltag,faster,10.0,unplanned_blocker,0.7,10,False,False,4.809
full_suite,faster,10.0,unplanned_blocker,0.7,10,False,True,0.23
dead_reckoning,faster,10.0,unplanned_blocker,0.7,11,False,False,7.232
odometry_pods,faster,10.0,unplanned_blocker,0.7,11,False,True,0.477
distance_sensors,faster,10.0,unplanned_blocker,0.7,11,False,False,9.328
apriltag,faster,10.0,unplanned_blocker,0.7,11,False,False,7.232
full_suite,faster,10.0,unplanned_blocker,0.7,11,False,True,2.313
dead_reckoning,faster,10.0,unplanned_blocker,0.7,12,False,False,0.292
odometry_pods,faster,10.0,unplanned_blocker,0.7,12,False,False,0.058
distance_sensors,faster,10.0,unplanned_blocker,0.7,12,False,True,5.478
apriltag,faster,10.0,unplanned_blocker,0.7,12,False,False,0.454
full_suite,faster,10.0,unplanned_blocker,0.7,12,False,True,0.843
dead_reckoning,faster,10.0,unplanned_blocker,0.7,13,False,True,8.132
odometry_pods,faster,10.0,unplanned_blocker,0.7,13,False,True,1.389
distance_sensors,faster,10.0,unplanned_blocker,0.7,13,False,False,0.0
apriltag,faster,10.0,unplanned_blocker,0.7,13,False,True,8.132
full_suite,faster,10.0,unplanned_blocker,0.7,13,False,False,0.0
dead_reckoning,faster,10.0,unplanned_blocker,0.7,14,False,False,3.116
odometry_pods,faster,10.0,unplanned_blocker,0.7,14,False,False,1.32
distance_sensors,faster,10.0,unplanned_blocker,0.7,14,False,False,0.0
apriltag,faster,10.0,unplanned_blocker,0.7,14,False,False,3.116
full_suite,faster,10.0,unplanned_blocker,0.7,14,False,False,0.0
dead_reckoning,faster,10.0,unplanned_blocker,0.9,0,False,False,0.655
odometry_pods,faster,10.0,unplanned_blocker,0.9,0,False,False,0.131
distance_sensors,faster,10.0,unplanned_blocker,0.9,0,False,True,7.947
apriltag,faster,10.0,unplanned_blocker,0.9,0,False,False,0.655
full_suite,faster,10.0,unplanned_blocker,0.9,0,False,True,1.645
dead_reckoning,faster,10.0,unplanned_blocker,0.9,1,False,False,5.997
odometry_pods,faster,10.0,unplanned_blocker,0.9,1,False,False,3.413
distance_sensors,faster,10.0,unplanned_blocker,0.9,1,False,False,2.814
apriltag,faster,10.0,unplanned_blocker,0.9,1,False,False,5.997
full_suite,faster,10.0,unplanned_blocker,0.9,1,False,False,0.563
dead_reckoning,faster,10.0,unplanned_blocker,0.9,2,False,True,4.807
odometry_pods,faster,10.0,unplanned_blocker,0.9,2,False,True,1.223
distance_sensors,faster,10.0,unplanned_blocker,0.9,2,False,False,5.399
apriltag,faster,10.0,unplanned_blocker,0.9,2,False,True,7.868
full_suite,faster,10.0,unplanned_blocker,0.9,2,False,True,0.381
dead_reckoning,faster,10.0,unplanned_blocker,0.9,3,False,False,7.22
odometry_pods,faster,10.0,unplanned_blocker,0.9,3,False,True,1.256
distance_sensors,faster,10.0,unplanned_blocker,0.9,3,False,False,6.459
apriltag,faster,10.0,unplanned_blocker,0.9,3,False,False,7.288
full_suite,faster,10.0,unplanned_blocker,0.9,3,False,True,0.645
dead_reckoning,faster,10.0,unplanned_blocker,0.9,4,False,False,1.028
odometry_pods,faster,10.0,unplanned_blocker,0.9,4,False,False,0.254
distance_sensors,faster,10.0,unplanned_blocker,0.9,4,False,False,4.788
apriltag,faster,10.0,unplanned_blocker,0.9,4,False,False,1.486
full_suite,faster,10.0,unplanned_blocker,0.9,4,False,True,0.43
dead_reckoning,faster,10.0,unplanned_blocker,0.9,5,False,False,1.155
odometry_pods,faster,10.0,unplanned_blocker,0.9,5,False,False,0.231
distance_sensors,faster,10.0,unplanned_blocker,0.9,5,False,False,14.058
apriltag,faster,10.0,unplanned_blocker,0.9,5,False,False,1.155
full_suite,faster,10.0,unplanned_blocker,0.9,5,False,True,1.603
dead_reckoning,faster,10.0,unplanned_blocker,0.9,6,False,False,6.677
odometry_pods,faster,10.0,unplanned_blocker,0.9,6,False,False,1.621
distance_sensors,faster,10.0,unplanned_blocker,0.9,6,False,False,10.573
apriltag,faster,10.0,unplanned_blocker,0.9,6,False,False,6.677
full_suite,faster,10.0,unplanned_blocker,0.9,6,True,False,0.836
dead_reckoning,faster,10.0,unplanned_blocker,0.9,7,False,False,11.172
odometry_pods,faster,10.0,unplanned_blocker,0.9,7,False,False,1.49
distance_sensors,faster,10.0,unplanned_blocker,0.9,7,True,False,8.733
apriltag,faster,10.0,unplanned_blocker,0.9,7,False,False,2.875
full_suite,faster,10.0,unplanned_blocker,0.9,7,True,False,0.896
dead_reckoning,faster,10.0,unplanned_blocker,0.9,8,False,True,4.58
odometry_pods,faster,10.0,unplanned_blocker,0.9,8,False,True,0.664
distance_sensors,faster,10.0,unplanned_blocker,0.9,8,False,False,0.0
apriltag,faster,10.0,unplanned_blocker,0.9,8,False,True,2.15
full_suite,faster,10.0,unplanned_blocker,0.9,8,False,False,0.0
dead_reckoning,faster,10.0,unplanned_blocker,0.9,9,False,False,0.0
odometry_pods,faster,10.0,unplanned_blocker,0.9,9,False,False,0.0
distance_sensors,faster,10.0,unplanned_blocker,0.9,9,False,False,0.0
apriltag,faster,10.0,unplanned_blocker,0.9,9,False,False,0.0
full_suite,faster,10.0,unplanned_blocker,0.9,9,False,False,0.0
dead_reckoning,faster,10.0,unplanned_blocker,0.9,10,False,False,0.0
odometry_pods,faster,10.0,unplanned_blocker,0.9,10,False,False,0.0
distance_sensors,faster,10.0,unplanned_blocker,0.9,10,False,True,2.52
apriltag,faster,10.0,unplanned_blocker,0.9,10,False,False,0.0
full_suite,faster,10.0,unplanned_blocker,0.9,10,False,True,0.226
dead_reckoning,faster,10.0,unplanned_blocker,0.9,11,False,False,3.646
odometry_pods,faster,10.0,unplanned_blocker,0.9,11,False,False,0.729
distance_sensors,faster,10.0,unplanned_blocker,0.9,11,True,False,3.622
apriltag,faster,10.0,unplanned_blocker,0.9,11,False,False,3.646
full_suite,faster,10.0,unplanned_blocker,0.9,11,True,False,0.539
dead_reckoning,faster,10.0,unplanned_blocker,0.9,12,False,True,8.654
odometry_pods,faster,10.0,unplanned_blocker,0.9,12,False,True,1.798
distance_sensors,faster,10.0,unplanned_blocker,0.9,12,False,True,5.697
apriltag,faster,10.0,unplanned_blocker,0.9,12,False,True,6.185
full_suite,faster,10.0,unplanned_blocker,0.9,12,False,True,1.581
dead_reckoning,faster,10.0,unplanned_blocker,0.9,13,False,False,14.155
odometry_pods,faster,10.0,unplanned_blocker,0.9,13,False,True,2.407
distance_sensors,faster,10.0,unplanned_blocker,0.9,13,False,False,11.043
apriltag,faster,10.0,unplanned_blocker,0.9,13,False,True,5.314
full_suite,faster,10.0,unplanned_blocker,0.9,13,False,True,1.366
dead_reckoning,faster,10.0,unplanned_blocker,0.9,14,False,True,10.722
odometry_pods,faster,10.0,unplanned_blocker,0.9,14,False,False,1.358
distance_sensors,faster,10.0,unplanned_blocker,0.9,14,False,False,8.974
apriltag,faster,10.0,unplanned_blocker,0.9,14,False,False,3.662
full_suite,faster,10.0,unplanned_blocker,0.9,14,False,True,1.413
