suite,blocker_type,variance_level,trial,seed,success,collisions,replans,cost_usd
dead_reckoning,static,0.0,0,9600000,False,1,0,0.0
odometry_pods,static,0.0,0,9600000,True,0,0,279.99
distance_sensors,static,0.0,0,9600000,False,1,0,94.5
apriltag,static,0.0,0,9600000,True,0,11,25.0
imu,static,0.0,0,9600000,False,1,0,0.0
dual_camera_apriltag,static,0.0,0,9600000,True,0,11,50.0
full_suite,static,0.0,0,9600000,True,0,10,399.49
dead_reckoning,static,0.0,1,9600001,False,0,0,0.0
odometry_pods,static,0.0,1,9600001,True,0,0,279.99
distance_sensors,static,0.0,1,9600001,False,1,0,94.5
apriltag,static,0.0,1,9600001,True,0,8,25.0
imu,static,0.0,1,9600001,False,0,0,0.0
dual_camera_apriltag,static,0.0,1,9600001,True,0,8,50.0
full_suite,static,0.0,1,9600001,False,1,0,399.49
dead_reckoning,static,0.0,2,9600002,False,1,0,0.0
odometry_pods,static,0.0,2,9600002,True,0,0,279.99
distance_sensors,static,0.0,2,9600002,True,0,0,94.5
apriltag,static,0.0,2,9600002,False,1,0,25.0
imu,static,0.0,2,9600002,False,1,0,0.0
dual_camera_apriltag,static,0.0,2,9600002,False,1,0,50.0
full_suite,static,0.0,2,9600002,True,0,3,399.49
dead_reckoning,static,0.0,3,9600003,False,0,0,0.0
odometry_pods,static,0.0,3,9600003,True,0,0,279.99
distance_sensors,static,0.0,3,9600003,False,1,0,94.5
apriltag,static,0.0,3,9600003,False,0,3,25.0
imu,static,0.0,3,9600003,False,0,0,0.0
dual_camera_apriltag,static,0.0,3,9600003,False,0,3,50.0
full_suite,static,0.0,3,9600003,False,1,0,399.49
dead_reckoning,static,0.0,4,9600004,False,1,0,0.0
odometry_pods,static,0.0,4,9600004,True,0,0,279.99
distance_sensors,static,0.0,4,9600004,False,1,0,94.5
apriltag,static,0.0,4,9600004,False,1,0,25.0
imu,static,0.0,4,9600004,False,1,0,0.0
dual_camera_apriltag,static,0.0,4,9600004,False,1,0,50.0
full_suite,static,0.0,4,9600004,True,0,0,399.49
dead_reckoning,static,0.0,5,9600005,False,1,0,0.0
odometry_pods,static,0.0,5,9600005,True,0,0,279.99
distance_sensors,static,0.0,5,9600005,False,1,0,94.5
apriltag,static,0.0,5,9600005,False,1,0,25.0
imu,static,0.0,5,9600005,False,1,0,0.0
dual_camera_apriltag,static,0.0,5,9600005,False,1,0,50.0
full_suite,static,0.0,5,9600005,True,0,1,399.49
dead_reckoning,static,0.0,6,9600006,True,0,0,0.0
odometry_pods,static,0.0,6,9600006,True,0,0,279.99
distance_sensors,static,0.0,6,9600006,False,0,1,94.5
apriltag,static,0.0,6,9600006,True,0,10,25.0
imu,static,0.0,6,9600006,True,0,0,0.0
dual_camera_apriltag,static,0.0,6,9600006,True,0,10,50.0
full_suite,static,0.0,6,9600006,True,0,6,399.49
dead_reckoning,static,0.0,7,9600007,True,0,0,0.0
odometry_pods,static,0.0,7,9600007,True,0,0,279.99
distance_sensors,static,0.0,7,9600007,True,0,0,94.5
apriltag,static,0.0,7,9600007,True,0,4,25.0
imu,static,0.0,7,9600007,True,0,0,0.0
dual_camera_apriltag,static,0.0,7,9600007,True,0,4,50.0
full_suite,static,0.0,7,9600007,True,0,4,399.49
dead_reckoning,static,0.0,8,9600008,True,0,0,0.0
odometry_pods,static,0.0,8,9600008,True,0,0,279.99
distance_sensors,static,0.0,8,9600008,True,0,0,94.5
apriltag,static,0.0,8,9600008,False,0,1,25.0
imu,static,0.0,8,9600008,True,0,0,0.0
dual_camera_apriltag,static,0.0,8,9600008,False,0,1,50.0
full_suite,static,0.0,8,9600008,True,0,3,399.49
dead_reckoning,static,0.0,9,9600009,False,1,0,0.0
odometry_pods,static,0.0,9,9600009,True,0,0,279.99
distance_sensors,static,0.0,9,9600009,False,1,1,94.5
apriltag,static,0.0,9,9600009,False,1,0,25.0
imu,static,0.0,9,9600009,False,1,0,0.0
dual_camera_apriltag,static,0.0,9,9600009,False,1,0,50.0
full_suite,static,0.0,9,9600009,True,0,2,399.49
dead_reckoning,static,0.0,10,9600010,True,0,0,0.0
odometry_pods,static,0.0,10,9600010,True,0,0,279.99
distance_sensors,static,0.0,10,9600010,False,0,1,94.5
apriltag,static,0.0,10,9600010,True,0,12,25.0
imu,static,0.0,10,9600010,True,0,0,0.0
dual_camera_apriltag,static,0.0,10,9600010,True,0,12,50.0
full_suite,static,0.0,10,9600010,True,0,8,399.49
dead_reckoning,static,0.0,11,9600011,True,0,0,0.0
odometry_pods,static,0.0,11,9600011,True,0,0,279.99
distance_sensors,static,0.0,11,9600011,True,0,0,94.5
apriltag,static,0.0,11,9600011,True,0,0,25.0
imu,static,0.0,11,9600011,True,0,0,0.0
dual_camera_apriltag,static,0.0,11,9600011,True,0,0,50.0
full_suite,static,0.0,11,9600011,True,0,0,399.49
dead_reckoning,static,0.0,12,9600012,True,0,0,0.0
odometry_pods,static,0.0,12,9600012,True,0,0,279.99
distance_sensors,static,0.0,12,9600012,False,1,0,94.5
apriltag,static,0.0,12,9600012,True,0,5,25.0
imu,static,0.0,12,9600012,True,0,0,0.0
dual_camera_apriltag,static,0.0,12,9600012,True,0,5,50.0
full_suite,static,0.0,12,9600012,False,1,0,399.49
dead_reckoning,static,0.0,13,9600013,True,0,0,0.0
odometry_pods,static,0.0,13,9600013,True,0,0,279.99
distance_sensors,static,0.0,13,9600013,True,0,0,94.5
apriltag,static,0.0,13,9600013,True,0,6,25.0
imu,static,0.0,13,9600013,True,0,0,0.0
dual_camera_apriltag,static,0.0,13,9600013,True,0,6,50.0
full_suite,static,0.0,13,9600013,True,0,2,399.49
dead_reckoning,static,0.0,14,9600014,False,0,0,0.0
odometry_pods,static,0.0,14,9600014,True,0,0,279.99
distance_sensors,static,0.0,14,9600014,False,0,1,94.5
apriltag,static,0.0,14,9600014,True,0,9,25.0
imu,static,0.0,14,9600014,False,0,0,0.0
dual_camera_apriltag,static,0.0,14,9600014,True,0,9,50.0
full_suite,static,0.0,14,9600014,True,0,9,399.49
dead_reckoning,static,0.0,15,9600015,True,0,0,0.0
odometry_pods,static,0.0,15,9600015,True,0,0,279.99
distance_sensors,static,0.0,15,9600015,False,0,2,94.5
apriltag,static,0.0,15,9600015,False,1,1,25.0
imu,static,0.0,15,9600015,True,0,0,0.0
dual_camera_apriltag,static,0.0,15,9600015,False,1,1,50.0
full_suite,static,0.0,15,9600015,True,0,12,399.49
dead_reckoning,static,0.0,16,9600016,True,0,0,0.0
odometry_pods,static,0.0,16,9600016,True,0,0,279.99
distance_sensors,static,0.0,16,9600016,False,1,0,94.5
apriltag,static,0.0,16,9600016,False,1,8,25.0
imu,static,0.0,16,9600016,True,0,0,0.0
dual_camera_apriltag,static,0.0,16,9600016,False,1,8,50.0
full_suite,static,0.0,16,9600016,False,1,1,399.49
dead_reckoning,static,0.0,17,9600017,False,0,0,0.0
odometry_pods,static,0.0,17,9600017,True,0,0,279.99
distance_sensors,static,0.0,17,9600017,False,1,0,94.5
apriltag,static,0.0,17,9600017,True,0,8,25.0
imu,static,0.0,17,9600017,False,0,0,0.0
dual_camera_apriltag,static,0.0,17,9600017,True,0,8,50.0
full_suite,static,0.0,17,9600017,False,1,0,399.49
dead_reckoning,static,0.0,18,9600018,False,1,0,0.0
odometry_pods,static,0.0,18,9600018,True,0,0,279.99
distance_sensors,static,0.0,18,9600018,False,1,0,94.5
apriltag,static,0.0,18,9600018,False,1,0,25.0
imu,static,0.0,18,9600018,False,1,0,0.0
dual_camera_apriltag,static,0.0,18,9600018,False,1,0,50.0
full_suite,static,0.0,18,9600018,True,0,12,399.49
dead_reckoning,static,0.0,19,9600019,True,0,0,0.0
odometry_pods,static,0.0,19,9600019,True,0,0,279.99
distance_sensors,static,0.0,19,9600019,True,0,0,94.5
apriltag,static,0.0,19,9600019,True,0,3,25.0
imu,static,0.0,19,9600019,True,0,0,0.0
dual_camera_apriltag,static,0.0,19,9600019,True,0,3,50.0
full_suite,static,0.0,19,9600019,True,0,2,399.49
dead_reckoning,static,0.0,20,9600020,True,0,0,0.0
odometry_pods,static,0.0,20,9600020,True,0,0,279.99
distance_sensors,static,0.0,20,9600020,False,1,0,94.5
apriltag,static,0.0,20,9600020,True,0,4,25.0
imu,static,0.0,20,9600020,True,0,0,0.0
dual_camera_apriltag,static,0.0,20,9600020,True,0,4,50.0
full_suite,static,0.0,20,9600020,False,1,0,399.49
dead_reckoning,static,0.0,21,9600021,False,0,0,0.0
odometry_pods,static,0.0,21,9600021,True,0,0,279.99
distance_sensors,static,0.0,21,9600021,False,1,0,94.5
apriltag,static,0.0,21,9600021,False,0,13,25.0
imu,static,0.0,21,9600021,False,0,0,0.0
dual_camera_apriltag,static,0.0,21,9600021,False,0,13,50.0
full_suite,static,0.0,21,9600021,True,0,11,399.49
dead_reckoning,static,0.0,22,9600022,True,0,0,0.0
odometry_pods,static,0.0,22,9600022,True,0,0,279.99
distance_sensors,static,0.0,22,9600022,False,1,0,94.5
apriltag,static,0.0,22,9600022,True,0,7,25.0
imu,static,0.0,22,9600022,True,0,0,0.0
dual_camera_apriltag,static,0.0,22,9600022,True,0,7,50.0
full_suite,static,0.0,22,9600022,False,1,0,399.49
dead_reckoning,static,0.0,23,9600023,True,0,0,0.0
odometry_pods,static,0.0,23,9600023,True,0,0,279.99
distance_sensors,static,0.0,23,9600023,False,1,0,94.5
apriltag,static,0.0,23,9600023,True,0,14,25.0
imu,static,0.0,23,9600023,True,0,0,0.0
dual_camera_apriltag,static,0.0,23,9600023,True,0,14,50.0
full_suite,static,0.0,23,9600023,False,1,0,399.49
dead_reckoning,static,0.0,24,9600024,False,1,0,0.0
odometry_pods,static,0.0,24,9600024,True,0,0,279.99
distance_sensors,static,0.0,24,9600024,False,0,3,94.5
apriltag,static,0.0,24,9600024,False,1,0,25.0
imu,static,0.0,24,9600024,False,1,0,0.0
dual_camera_apriltag,static,0.0,24,9600024,False,1,0,50.0
full_suite,static,0.0,24,9600024,True,0,10,399.49
dead_reckoning,static,0.1,0,9600010,True,0,0,0.0
odometry_pods,static,0.1,0,9600010,True,0,0,279.99
distance_sensors,static,0.1,0,9600010,False,0,1,94.5
apriltag,static,0.1,0,9600010,True,0,12,25.0
imu,static,0.1,0,9600010,True,0,0,0.0
dual_camera_apriltag,static,0.1,0,9600010,True,0,12,50.0
full_suite,static,0.1,0,9600010,True,0,8,399.49
dead_reckoning,static,0.1,1,9600011,True,0,0,0.0
odometry_pods,static,0.1,1,9600011,True,0,0,279.99
distance_sensors,static,0.1,1,9600011,True,0,0,94.5
apriltag,static,0.1,1,9600011,True,0,0,25.0
imu,static,0.1,1,9600011,True,0,0,0.0
dual_camera_apriltag,static,0.1,1,9600011,True,0,0,50.0
full_suite,static,0.1,1,9600011,True,0,0,399.49
dead_reckoning,static,0.1,2,9600012,True,0,0,0.0
odometry_pods,static,0.1,2,9600012,True,0,0,279.99
distance_sensors,static,0.1,2,9600012,False,1,0,94.5
apriltag,static,0.1,2,9600012,True,0,5,25.0
imu,static,0.1,2,9600012,True,0,0,0.0
dual_camera_apriltag,static,0.1,2,9600012,True,0,5,50.0
full_suite,static,0.1,2,9600012,False,1,0,399.49
dead_reckoning,static,0.1,3,9600013,True,0,0,0.0
odometry_pods,static,0.1,3,9600013,True,0,0,279.99
distance_sensors,static,0.1,3,9600013,True,0,0,94.5
apriltag,static,0.1,3,9600013,True,0,6,25.0
imu,static,0.1,3,9600013,True,0,0,0.0
dual_camera_apriltag,static,0.1,3,9600013,True,0,6,50.0
full_suite,static,0.1,3,9600013,True,0,2,399.49
dead_reckoning,static,0.1,4,9600014,False,0,0,0.0
odometry_pods,static,0.1,4,9600014,True,0,0,279.99
distance_sensors,static,0.1,4,9600014,False,0,1,94.5
apriltag,static,0.1,4,9600014,True,0,9,25.0
imu,static,0.1,4,9600014,False,0,0,0.0
dual_camera_apriltag,static,0.1,4,9600014,True,0,9,50.0
full_suite,static,0.1,4,9600014,True,0,9,399.49
dead_reckoning,static,0.1,5,9600015,True,0,0,0.0
odometry_pods,static,0.1,5,9600015,True,0,0,279.99
distance_sensors,static,0.1,5,9600015,False,0,2,94.5
apriltag,static,0.1,5,9600015,False,1,1,25.0
imu,static,0.1,5,9600015,True,0,0,0.0
dual_camera_apriltag,static,0.1,5,9600015,False,1,1,50.0
full_suite,static,0.1,5,9600015,True,0,12,399.49
dead_reckoning,static,0.1,6,9600016,True,0,0,0.0
odometry_pods,static,0.1,6,9600016,True,0,0,279.99
distance_sensors,static,0.1,6,9600016,False,1,0,94.5
apriltag,static,0.1,6,9600016,False,1,8,25.0
imu,static,0.1,6,9600016,True,0,0,0.0
dual_camera_apriltag,static,0.1,6,9600016,False,1,8,50.0
full_suite,static,0.1,6,9600016,False,1,1,399.49
dead_reckoning,static,0.1,7,9600017,False,0,0,0.0
odometry_pods,static,0.1,7,9600017,True,0,0,279.99
distance_sensors,static,0.1,7,9600017,False,1,0,94.5
apriltag,static,0.1,7,9600017,True,0,8,25.0
imu,static,0.1,7,9600017,False,0,0,0.0
dual_camera_apriltag,static,0.1,7,9600017,True,0,8,50.0
full_suite,static,0.1,7,9600017,False,1,0,399.49
dead_reckoning,static,0.1,8,9600018,False,1,0,0.0
odometry_pods,static,0.1,8,9600018,True,0,0,279.99
distance_sensors,static,0.1,8,9600018,False,1,0,94.5
apriltag,static,0.1,8,9600018,False,1,0,25.0
imu,static,0.1,8,9600018,False,1,0,0.0
dual_camera_apriltag,static,0.1,8,9600018,False,1,0,50.0
full_suite,static,0.1,8,9600018,True,0,12,399.49
dead_reckoning,static,0.1,9,9600019,True,0,0,0.0
odometry_pods,static,0.1,9,9600019,True,0,0,279.99
distance_sensors,static,0.1,9,9600019,True,0,0,94.5
apriltag,static,0.1,9,9600019,True,0,3,25.0
imu,static,0.1,9,9600019,True,0,0,0.0
dual_camera_apriltag,static,0.1,9,9600019,True,0,3,50.0
full_suite,static,0.1,9,9600019,True,0,2,399.49
dead_reckoning,static,0.1,10,9600020,True,0,0,0.0
odometry_pods,static,0.1,10,9600020,True,0,0,279.99
distance_sensors,static,0.1,10,9600020,False,1,0,94.5
apriltag,static,0.1,10,9600020,True,0,4,25.0
imu,static,0.1,10,9600020,True,0,0,0.0
dual_camera_apriltag,static,0.1,10,9600020,True,0,4,50.0
full_suite,static,0.1,10,9600020,False,1,0,399.49
dead_reckoning,static,0.1,11,9600021,False,0,0,0.0
odometry_pods,static,0.1,11,9600021,True,0,0,279.99
distance_sensors,static,0.1,11,9600021,False,1,0,94.5
apriltag,static,0.1,11,9600021,False,0,13,25.0
imu,static,0.1,11,9600021,False,0,0,0.0
dual_camera_apriltag,static,0.1,11,9600021,False,0,13,50.0
full_suite,static,0.1,11,9600021,True,0,11,399.49
dead_reckoning,static,0.1,12,9600022,True,0,0,0.0
odometry_pods,static,0.1,12,9600022,True,0,0,279.99
distance_sensors,static,0.1,12,9600022,False,1,0,94.5
apriltag,static,0.1,12,9600022,True,0,7,25.0
imu,static,0.1,12,9600022,True,0,0,0.0
dual_camera_apriltag,static,0.1,12,9600022,True,0,7,50.0
full_suite,static,0.1,12,9600022,False,1,0,399.49
dead_reckoning,static,0.1,13,9600023,True,0,0,0.0
odometry_pods,static,0.1,13,9600023,True,0,0,279.99
distance_sensors,static,0.1,13,9600023,False,1,0,94.5
apriltag,static,0.1,13,9600023,True,0,14,25.0
imu,static,0.1,13,9600023,True,0,0,0.0
dual_camera_apriltag,static,0.1,13,9600023,True,0,14,50.0
full_suite,static,0.1,13,9600023,False,1,0,399.49
dead_reckoning,static,0.1,14,9600024,False,1,0,0.0
odometry_pods,static,0.1,14,9600024,True,0,0,279.99
distance_sensors,static,0.1,14,9600024,False,0,3,94.5
apriltag,static,0.1,14,9600024,False,1,0,25.0
imu,static,0.1,14,9600024,False,1,0,0.0
dual_camera_apriltag,static,0.1,14,9600024,False,1,0,50.0
full_suite,static,0.1,14,9600024,True,0,10,399.49
dead_reckoning,static,0.1,15,9600025,True,0,0,0.0
odometry_pods,static,0.1,15,9600025,True,0,0,279.99
distance_sensors,static,0.1,15,9600025,True,0,1,94.5
apriltag,static,0.1,15,9600025,False,1,17,25.0
imu,static,0.1,15,9600025,True,0,0,0.0
dual_camera_apriltag,static,0.1,15,9600025,False,1,17,50.0
full_suite,static,0.1,15,9600025,True,0,8,399.49
dead_reckoning,static,0.1,16,9600026,True,0,0,0.0
odometry_pods,static,0.1,16,9600026,True,0,0,279.99
distance_sensors,static,0.1,16,9600026,True,0,1,94.5
apriltag,static,0.1,16,9600026,True,0,14,25.0
imu,static,0.1,16,9600026,True,0,0,0.0
dual_camera_apriltag,static,0.1,16,9600026,True,0,14,50.0
full_suite,static,0.1,16,9600026,True,0,10,399.49
dead_reckoning,static,0.1,17,9600027,True,0,0,0.0
odometry_pods,static,0.1,17,9600027,True,0,0,279.99
distance_sensors,static,0.1,17,9600027,True,0,0,94.5
apriltag,static,0.1,17,9600027,True,0,11,25.0
imu,static,0.1,17,9600027,True,0,0,0.0
dual_camera_apriltag,static,0.1,17,9600027,True,0,11,50.0
full_suite,static,0.1,17,9600027,True,0,6,399.49
dead_reckoning,static,0.1,18,9600028,False,0,0,0.0
odometry_pods,static,0.1,18,9600028,True,0,0,279.99
distance_sensors,static,0.1,18,9600028,False,1,0,94.5
apriltag,static,0.1,18,9600028,True,0,13,25.0
imu,static,0.1,18,9600028,False,0,0,0.0
dual_camera_apriltag,static,0.1,18,9600028,True,0,13,50.0
full_suite,static,0.1,18,9600028,False,1,0,399.49
dead_reckoning,static,0.1,19,9600029,True,0,0,0.0
odometry_pods,static,0.1,19,9600029,True,0,0,279.99
distance_sensors,static,0.1,19,9600029,True,0,0,94.5
apriltag,static,0.1,19,9600029,True,0,5,25.0
imu,static,0.1,19,9600029,True,0,0,0.0
dual_camera_apriltag,static,0.1,19,9600029,True,0,5,50.0
full_suite,static,0.1,19,9600029,True,0,2,399.49
dead_reckoning,static,0.1,20,9600030,True,0,0,0.0
odometry_pods,static,0.1,20,9600030,True,0,0,279.99
distance_sensors,static,0.1,20,9600030,False,1,2,94.5
apriltag,static,0.1,20,9600030,False,1,1,25.0
imu,static,0.1,20,9600030,True,0,0,0.0
dual_camera_apriltag,static,0.1,20,9600030,False,1,1,50.0
full_suite,static,0.1,20,9600030,True,0,3,399.49
dead_reckoning,static,0.1,21,9600031,True,0,0,0.0
odometry_pods,static,0.1,21,9600031,True,0,0,279.99
distance_sensors,static,0.1,21,9600031,True,0,0,94.5
apriltag,static,0.1,21,9600031,True,0,1,25.0
imu,static,0.1,21,9600031,True,0,0,0.0
dual_camera_apriltag,static,0.1,21,9600031,True,0,1,50.0
full_suite,static,0.1,21,9600031,True,0,1,399.49
dead_reckoning,static,0.1,22,9600032,False,1,0,0.0
odometry_pods,static,0.1,22,9600032,True,0,0,279.99
distance_sensors,static,0.1,22,9600032,False,1,0,94.5
apriltag,static,0.1,22,9600032,True,0,15,25.0
imu,static,0.1,22,9600032,False,1,0,0.0
dual_camera_apriltag,static,0.1,22,9600032,True,0,15,50.0
full_suite,static,0.1,22,9600032,True,0,14,399.49
dead_reckoning,static,0.1,23,9600033,True,0,0,0.0
odometry_pods,static,0.1,23,9600033,True,0,0,279.99
distance_sensors,static,0.1,23,9600033,True,0,0,94.5
apriltag,static,0.1,23,9600033,True,0,2,25.0
imu,static,0.1,23,9600033,True,0,0,0.0
dual_camera_apriltag,static,0.1,23,9600033,True,0,2,50.0
full_suite,static,0.1,23,9600033,True,0,3,399.49
dead_reckoning,static,0.1,24,9600034,False,1,0,0.0
odometry_pods,static,0.1,24,9600034,True,0,0,279.99
distance_sensors,static,0.1,24,9600034,False,1,0,94.5
apriltag,static,0.1,24,9600034,True,0,9,25.0
imu,static,0.1,24,9600034,False,1,0,0.0
dual_camera_apriltag,static,0.1,24,9600034,True,0,9,50.0
full_suite,static,0.1,24,9600034,True,0,10,399.49
dead_reckoning,static,0.2,0,9600020,False,1,0,0.0
odometry_pods,static,0.2,0,9600020,False,1,0,279.99
distance_sensors,static,0.2,0,9600020,False,1,0,94.5
apriltag,static,0.2,0,9600020,False,1,0,25.0
imu,static,0.2,0,9600020,False,1,0,0.0
dual_camera_apriltag,static,0.2,0,9600020,False,1,0,50.0
full_suite,static,0.2,0,9600020,False,1,0,399.49
dead_reckoning,static,0.2,1,9600021,False,0,0,0.0
odometry_pods,static,0.2,1,9600021,True,0,0,279.99
distance_sensors,static,0.2,1,9600021,False,1,0,94.5
apriltag,static,0.2,1,9600021,False,0,13,25.0
imu,static,0.2,1,9600021,False,0,0,0.0
dual_camera_apriltag,static,0.2,1,9600021,False,0,13,50.0
full_suite,static,0.2,1,9600021,True,0,11,399.49
dead_reckoning,static,0.2,2,9600022,True,0,0,0.0
odometry_pods,static,0.2,2,9600022,True,0,0,279.99
distance_sensors,static,0.2,2,9600022,False,1,0,94.5
apriltag,static,0.2,2,9600022,True,0,7,25.0
imu,static,0.2,2,9600022,True,0,0,0.0
dual_camera_apriltag,static,0.2,2,9600022,True,0,7,50.0
full_suite,static,0.2,2,9600022,False,1,0,399.49
dead_reckoning,static,0.2,3,9600023,True,0,0,0.0
odometry_pods,static,0.2,3,9600023,True,0,0,279.99
distance_sensors,static,0.2,3,9600023,False,1,0,94.5
apriltag,static,0.2,3,9600023,True,0,14,25.0
imu,static,0.2,3,9600023,True,0,0,0.0
dual_camera_apriltag,static,0.2,3,9600023,True,0,14,50.0
full_suite,static,0.2,3,9600023,False,1,0,399.49
dead_reckoning,static,0.2,4,9600024,False,1,0,0.0
odometry_pods,static,0.2,4,9600024,True,0,0,279.99
distance_sensors,static,0.2,4,9600024,False,0,3,94.5
apriltag,static,0.2,4,9600024,False,1,0,25.0
imu,static,0.2,4,9600024,False,1,0,0.0
dual_camera_apriltag,static,0.2,4,9600024,False,1,0,50.0
full_suite,static,0.2,4,9600024,True,0,10,399.49
dead_reckoning,static,0.2,5,9600025,True,0,0,0.0
odometry_pods,static,0.2,5,9600025,True,0,0,279.99
distance_sensors,static,0.2,5,9600025,True,0,1,94.5
apriltag,static,0.2,5,9600025,False,1,17,25.0
imu,static,0.2,5,9600025,True,0,0,0.0
dual_camera_apriltag,static,0.2,5,9600025,False,1,17,50.0
full_suite,static,0.2,5,9600025,True,0,8,399.49
dead_reckoning,static,0.2,6,9600026,True,0,0,0.0
odometry_pods,static,0.2,6,9600026,True,0,0,279.99
distance_sensors,static,0.2,6,9600026,True,0,1,94.5
apriltag,static,0.2,6,9600026,True,0,14,25.0
imu,static,0.2,6,9600026,True,0,0,0.0
dual_camera_apriltag,static,0.2,6,9600026,True,0,14,50.0
full_suite,static,0.2,6,9600026,True,0,10,399.49
dead_reckoning,static,0.2,7,9600027,True,0,0,0.0
odometry_pods,static,0.2,7,9600027,True,0,0,279.99
distance_sensors,static,0.2,7,9600027,True,0,0,94.5
apriltag,static,0.2,7,9600027,True,0,11,25.0
imu,static,0.2,7,9600027,True,0,0,0.0
dual_camera_apriltag,static,0.2,7,9600027,True,0,11,50.0
full_suite,static,0.2,7,9600027,True,0,6,399.49
dead_reckoning,static,0.2,8,9600028,False,0,0,0.0
odometry_pods,static,0.2,8,9600028,True,0,0,279.99
distance_sensors,static,0.2,8,9600028,False,1,0,94.5
apriltag,static,0.2,8,9600028,True,0,13,25.0
imu,static,0.2,8,9600028,False,0,0,0.0
dual_camera_apriltag,static,0.2,8,9600028,True,0,13,50.0
full_suite,static,0.2,8,9600028,False,1,0,399.49
dead_reckoning,static,0.2,9,9600029,True,0,0,0.0
odometry_pods,static,0.2,9,9600029,True,0,0,279.99
distance_sensors,static,0.2,9,9600029,True,0,0,94.5
apriltag,static,0.2,9,9600029,True,0,5,25.0
imu,static,0.2,9,9600029,True,0,0,0.0
dual_camera_apriltag,static,0.2,9,9600029,True,0,5,50.0
full_suite,static,0.2,9,9600029,True,0,2,399.49
dead_reckoning,static,0.2,10,9600030,True,0,0,0.0
odometry_pods,static,0.2,10,9600030,True,0,0,279.99
distance_sensors,static,0.2,10,9600030,False,1,2,94.5
apriltag,static,0.2,10,9600030,False,1,1,25.0
imu,static,0.2,10,9600030,True,0,0,0.0
dual_camera_apriltag,static,0.2,10,9600030,False,1,1,50.0
full_suite,static,0.2,10,9600030,True,0,3,399.49
dead_reckoning,static,0.2,11,9600031,True,0,0,0.0
odometry_pods,static,0.2,11,9600031,True,0,0,279.99
distance_sensors,static,0.2,11,9600031,True,0,0,94.5
apriltag,static,0.2,11,9600031,True,0,1,25.0
imu,static,0.2,11,9600031,True,0,0,0.0
dual_camera_apriltag,static,0.2,11,9600031,True,0,1,50.0
full_suite,static,0.2,11,9600031,True,0,1,399.49
dead_reckoning,static,0.2,12,9600032,False,1,0,0.0
odometry_pods,static,0.2,12,9600032,True,0,0,279.99
distance_sensors,static,0.2,12,9600032,False,1,0,94.5
apriltag,static,0.2,12,9600032,True,0,15,25.0
imu,static,0.2,12,9600032,False,1,0,0.0
dual_camera_apriltag,static,0.2,12,9600032,True,0,15,50.0
full_suite,static,0.2,12,9600032,True,0,14,399.49
dead_reckoning,static,0.2,13,9600033,True,0,0,0.0
odometry_pods,static,0.2,13,9600033,True,0,0,279.99
distance_sensors,static,0.2,13,9600033,True,0,0,94.5
apriltag,static,0.2,13,9600033,True,0,2,25.0
imu,static,0.2,13,9600033,True,0,0,0.0
dual_camera_apriltag,static,0.2,13,9600033,True,0,2,50.0
full_suite,static,0.2,13,9600033,True,0,3,399.49
dead_reckoning,static,0.2,14,9600034,False,1,0,0.0
odometry_pods,static,0.2,14,9600034,True,0,0,279.99
distance_sensors,static,0.2,14,9600034,False,1,0,94.5
apriltag,static,0.2,14,9600034,True,0,9,25.0
imu,static,0.2,14,9600034,False,1,0,0.0
dual_camera_apriltag,static,0.2,14,9600034,True,0,9,50.0
full_suite,static,0.2,14,9600034,True,0,10,399.49
dead_reckoning,static,0.2,15,9600035,True,0,0,0.0
odometry_pods,static,0.2,15,9600035,True,0,0,279.99
distance_sensors,static,0.2,15,9600035,True,0,0,94.5
apriltag,static,0.2,15,9600035,False,0,1,25.0
imu,static,0.2,15,9600035,True,0,0,0.0
dual_camera_apriltag,static,0.2,15,9600035,False,0,1,50.0
full_suite,static,0.2,15,9600035,True,0,0,399.49
dead_reckoning,static,0.2,16,9600036,True,0,0,0.0
odometry_pods,static,0.2,16,9600036,True,0,0,279.99
distance_sensors,static,0.2,16,9600036,True,0,0,94.5
apriltag,static,0.2,16,9600036,False,0,1,25.0
imu,static,0.2,16,9600036,True,0,0,0.0
dual_camera_apriltag,static,0.2,16,9600036,False,0,1,50.0
full_suite,static,0.2,16,9600036,True,0,0,399.49
dead_reckoning,static,0.2,17,9600037,False,0,0,0.0
odometry_pods,static,0.2,17,9600037,True,0,0,279.99
distance_sensors,static,0.2,17,9600037,False,0,0,94.5
apriltag,static,0.2,17,9600037,True,0,14,25.0
imu,static,0.2,17,9600037,False,0,0,0.0
dual_camera_apriltag,static,0.2,17,9600037,True,0,14,50.0
full_suite,static,0.2,17,9600037,True,0,12,399.49
dead_reckoning,static,0.2,18,9600038,False,0,0,0.0
odometry_pods,static,0.2,18,9600038,True,0,0,279.99
distance_sensors,static,0.2,18,9600038,False,1,1,94.5
apriltag,static,0.2,18,9600038,True,0,17,25.0
imu,static,0.2,18,9600038,False,0,0,0.0
dual_camera_apriltag,static,0.2,18,9600038,True,0,17,50.0
full_suite,static,0.2,18,9600038,True,0,15,399.49
dead_reckoning,static,0.2,19,9600039,False,0,0,0.0
odometry_pods,static,0.2,19,9600039,False,1,0,279.99
distance_sensors,static,0.2,19,9600039,False,0,1,94.5
apriltag,static,0.2,19,9600039,False,1,0,25.0
imu,static,0.2,19,9600039,False,0,0,0.0
dual_camera_apriltag,static,0.2,19,9600039,False,1,0,50.0
full_suite,static,0.2,19,9600039,False,1,1,399.49
dead_reckoning,static,0.2,20,9600040,False,1,0,0.0
odometry_pods,static,0.2,20,9600040,False,1,0,279.99
distance_sensors,static,0.2,20,9600040,False,0,0,94.5
apriltag,static,0.2,20,9600040,False,1,1,25.0
imu,static,0.2,20,9600040,False,1,0,0.0
dual_camera_apriltag,static,0.2,20,9600040,False,1,1,50.0
full_suite,static,0.2,20,9600040,True,0,3,399.49
dead_reckoning,static,0.2,21,9600041,False,1,0,0.0
odometry_pods,static,0.2,21,9600041,True,0,0,279.99
distance_sensors,static,0.2,21,9600041,False,1,1,94.5
apriltag,static,0.2,21,9600041,False,0,1,25.0
imu,static,0.2,21,9600041,False,1,0,0.0
dual_camera_apriltag,static,0.2,21,9600041,False,0,1,50.0
full_suite,static,0.2,21,9600041,True,0,3,399.49
dead_reckoning,static,0.2,22,9600042,False,1,0,0.0
odometry_pods,static,0.2,22,9600042,False,1,0,279.99
distance_sensors,static,0.2,22,9600042,False,1,2,94.5
apriltag,static,0.2,22,9600042,False,1,4,25.0
imu,static,0.2,22,9600042,False,1,0,0.0
dual_camera_apriltag,static,0.2,22,9600042,False,1,4,50.0
full_suite,static,0.2,22,9600042,True,0,5,399.49
dead_reckoning,static,0.2,23,9600043,False,1,0,0.0
odometry_pods,static,0.2,23,9600043,True,0,0,279.99
distance_sensors,static,0.2,23,9600043,False,1,0,94.5
apriltag,static,0.2,23,9600043,True,0,2,25.0
imu,static,0.2,23,9600043,False,1,0,0.0
dual_camera_apriltag,static,0.2,23,9600043,True,0,2,50.0
full_suite,static,0.2,23,9600043,True,0,2,399.49
dead_reckoning,static,0.2,24,9600044,False,1,0,0.0
odometry_pods,static,0.2,24,9600044,False,1,0,279.99
distance_sensors,static,0.2,24,9600044,False,1,0,94.5
apriltag,static,0.2,24,9600044,False,1,4,25.0
imu,static,0.2,24,9600044,False,1,0,0.0
dual_camera_apriltag,static,0.2,24,9600044,False,1,4,50.0
full_suite,static,0.2,24,9600044,False,1,0,399.49
dead_reckoning,static,0.3,0,9600030,True,0,0,0.0
odometry_pods,static,0.3,0,9600030,True,0,0,279.99
distance_sensors,static,0.3,0,9600030,False,1,2,94.5
apriltag,static,0.3,0,9600030,False,1,1,25.0
imu,static,0.3,0,9600030,True,0,0,0.0
dual_camera_apriltag,static,0.3,0,9600030,False,1,1,50.0
full_suite,static,0.3,0,9600030,True,0,3,399.49
dead_reckoning,static,0.3,1,9600031,True,0,0,0.0
odometry_pods,static,0.3,1,9600031,True,0,0,279.99
distance_sensors,static,0.3,1,9600031,True,0,0,94.5
apriltag,static,0.3,1,9600031,True,0,1,25.0
imu,static,0.3,1,9600031,True,0,0,0.0
dual_camera_apriltag,static,0.3,1,9600031,True,0,1,50.0
full_suite,static,0.3,1,9600031,True,0,1,399.49
dead_reckoning,static,0.3,2,9600032,False,1,0,0.0
odometry_pods,static,0.3,2,9600032,False,1,0,279.99
distance_sensors,static,0.3,2,9600032,False,1,0,94.5
apriltag,static,0.3,2,9600032,False,1,4,25.0
imu,static,0.3,2,9600032,False,1,0,0.0
dual_camera_apriltag,static,0.3,2,9600032,False,1,4,50.0
full_suite,static,0.3,2,9600032,True,0,14,399.49
dead_reckoning,static,0.3,3,9600033,True,0,0,0.0
odometry_pods,static,0.3,3,9600033,True,0,0,279.99
distance_sensors,static,0.3,3,9600033,True,0,0,94.5
apriltag,static,0.3,3,9600033,True,0,2,25.0
imu,static,0.3,3,9600033,True,0,0,0.0
dual_camera_apriltag,static,0.3,3,9600033,True,0,2,50.0
full_suite,static,0.3,3,9600033,True,0,3,399.49
dead_reckoning,static,0.3,4,9600034,False,1,0,0.0
odometry_pods,static,0.3,4,9600034,True,0,0,279.99
distance_sensors,static,0.3,4,9600034,False,1,0,94.5
apriltag,static,0.3,4,9600034,True,0,9,25.0
imu,static,0.3,4,9600034,False,1,0,0.0
dual_camera_apriltag,static,0.3,4,9600034,True,0,9,50.0
full_suite,static,0.3,4,9600034,True,0,10,399.49
dead_reckoning,static,0.3,5,9600035,True,0,0,0.0
odometry_pods,static,0.3,5,9600035,True,0,0,279.99
distance_sensors,static,0.3,5,9600035,True,0,0,94.5
apriltag,static,0.3,5,9600035,False,0,1,25.0
imu,static,0.3,5,9600035,True,0,0,0.0
dual_camera_apriltag,static,0.3,5,9600035,False,0,1,50.0
full_suite,static,0.3,5,9600035,True,0,0,399.49
dead_reckoning,static,0.3,6,9600036,True,0,0,0.0
odometry_pods,static,0.3,6,9600036,True,0,0,279.99
distance_sensors,static,0.3,6,9600036,True,0,0,94.5
apriltag,static,0.3,6,9600036,False,0,1,25.0
imu,static,0.3,6,9600036,True,0,0,0.0
dual_camera_apriltag,static,0.3,6,9600036,False,0,1,50.0
full_suite,static,0.3,6,9600036,True,0,0,399.49
dead_reckoning,static,0.3,7,9600037,False,0,0,0.0
odometry_pods,static,0.3,7,9600037,True,0,0,279.99
distance_sensors,static,0.3,7,9600037,False,0,0,94.5
apriltag,static,0.3,7,9600037,True,0,14,25.0
imu,static,0.3,7,9600037,False,0,0,0.0
dual_camera_apriltag,static,0.3,7,9600037,True,0,14,50.0
full_suite,static,0.3,7,9600037,True,0,12,399.49
dead_reckoning,static,0.3,8,9600038,False,0,0,0.0
odometry_pods,static,0.3,8,9600038,True,0,0,279.99
distance_sensors,static,0.3,8,9600038,False,1,1,94.5
apriltag,static,0.3,8,9600038,True,0,17,25.0
imu,static,0.3,8,9600038,False,0,0,0.0
dual_camera_apriltag,static,0.3,8,9600038,True,0,17,50.0
full_suite,static,0.3,8,9600038,True,0,15,399.49
dead_reckoning,static,0.3,9,9600039,False,0,0,0.0
odometry_pods,static,0.3,9,9600039,False,1,0,279.99
distance_sensors,static,0.3,9,9600039,False,0,1,94.5
apriltag,static,0.3,9,9600039,False,1,0,25.0
imu,static,0.3,9,9600039,False,0,0,0.0
dual_camera_apriltag,static,0.3,9,9600039,False,1,0,50.0
full_suite,static,0.3,9,9600039,False,1,1,399.49
dead_reckoning,static,0.3,10,9600040,False,1,0,0.0
odometry_pods,static,0.3,10,9600040,False,1,0,279.99
distance_sensors,static,0.3,10,9600040,False,0,0,94.5
apriltag,static,0.3,10,9600040,False,1,1,25.0
imu,static,0.3,10,9600040,False,1,0,0.0
dual_camera_apriltag,static,0.3,10,9600040,False,1,1,50.0
full_suite,static,0.3,10,9600040,True,0,3,399.49
dead_reckoning,static,0.3,11,9600041,False,1,0,0.0
odometry_pods,static,0.3,11,9600041,True,0,0,279.99
distance_sensors,static,0.3,11,9600041,False,1,1,94.5
apriltag,static,0.3,11,9600041,False,0,1,25.0
imu,static,0.3,11,9600041,False,1,0,0.0
dual_camera_apriltag,static,0.3,11,9600041,False,0,1,50.0
full_suite,static,0.3,11,9600041,True,0,3,399.49
dead_reckoning,static,0.3,12,9600042,False,1,0,0.0
odometry_pods,static,0.3,12,9600042,False,1,0,279.99
distance_sensors,static,0.3,12,9600042,False,1,2,94.5
apriltag,static,0.3,12,9600042,False,1,4,25.0
imu,static,0.3,12,9600042,False,1,0,0.0
dual_camera_apriltag,static,0.3,12,9600042,False,1,4,50.0
full_suite,static,0.3,12,9600042,True,0,5,399.49
dead_reckoning,static,0.3,13,9600043,False,1,0,0.0
odometry_pods,static,0.3,13,9600043,True,0,0,279.99
distance_sensors,static,0.3,13,9600043,False,1,0,94.5
apriltag,static,0.3,13,9600043,True,0,2,25.0
imu,static,0.3,13,9600043,False,1,0,0.0
dual_camera_apriltag,static,0.3,13,9600043,True,0,2,50.0
full_suite,static,0.3,13,9600043,True,0,2,399.49
dead_reckoning,static,0.3,14,9600044,False,1,0,0.0
odometry_pods,static,0.3,14,9600044,False,1,0,279.99
distance_sensors,static,0.3,14,9600044,False,1,0,94.5
apriltag,static,0.3,14,9600044,False,1,4,25.0
imu,static,0.3,14,9600044,False,1,0,0.0
dual_camera_apriltag,static,0.3,14,9600044,False,1,4,50.0
full_suite,static,0.3,14,9600044,False,1,0,399.49
dead_reckoning,static,0.3,15,9600045,False,1,0,0.0
odometry_pods,static,0.3,15,9600045,True,0,0,279.99
distance_sensors,static,0.3,15,9600045,False,1,0,94.5
apriltag,static,0.3,15,9600045,False,1,0,25.0
imu,static,0.3,15,9600045,False,1,0,0.0
dual_camera_apriltag,static,0.3,15,9600045,False,1,0,50.0
full_suite,static,0.3,15,9600045,True,0,1,399.49
dead_reckoning,static,0.3,16,9600046,False,1,0,0.0
odometry_pods,static,0.3,16,9600046,False,1,0,279.99
distance_sensors,static,0.3,16,9600046,False,0,0,94.5
apriltag,static,0.3,16,9600046,False,1,1,25.0
imu,static,0.3,16,9600046,False,1,0,0.0
dual_camera_apriltag,static,0.3,16,9600046,False,1,1,50.0
full_suite,static,0.3,16,9600046,True,0,2,399.49
dead_reckoning,static,0.3,17,9600047,False,1,0,0.0
odometry_pods,static,0.3,17,9600047,False,1,0,279.99
distance_sensors,static,0.3,17,9600047,False,1,0,94.5
apriltag,static,0.3,17,9600047,False,1,0,25.0
imu,static,0.3,17,9600047,False,1,0,0.0
dual_camera_apriltag,static,0.3,17,9600047,False,1,0,50.0
full_suite,static,0.3,17,9600047,True,0,0,399.49
dead_reckoning,static,0.3,18,9600048,False,1,0,0.0
odometry_pods,static,0.3,18,9600048,False,1,0,279.99
distance_sensors,static,0.3,18,9600048,False,1,0,94.5
apriltag,static,0.3,18,9600048,False,1,7,25.0
imu,static,0.3,18,9600048,False,1,0,0.0
dual_camera_apriltag,static,0.3,18,9600048,False,1,7,50.0
full_suite,static,0.3,18,9600048,False,1,0,399.49
dead_reckoning,static,0.3,19,9600049,False,1,0,0.0
odometry_pods,static,0.3,19,9600049,False,1,0,279.99
distance_sensors,static,0.3,19,9600049,True,0,1,94.5
apriltag,static,0.3,19,9600049,False,1,2,25.0
imu,static,0.3,19,9600049,False,1,0,0.0
dual_camera_apriltag,static,0.3,19,9600049,False,1,2,50.0
full_suite,static,0.3,19,9600049,True,0,4,399.49
dead_reckoning,static,0.3,20,9600050,True,0,0,0.0
odometry_pods,static,0.3,20,9600050,True,0,0,279.99
distance_sensors,static,0.3,20,9600050,False,0,1,94.5
apriltag,static,0.3,20,9600050,True,0,9,25.0
imu,static,0.3,20,9600050,True,0,0,0.0
dual_camera_apriltag,static,0.3,20,9600050,True,0,9,50.0
full_suite,static,0.3,20,9600050,True,0,5,399.49
dead_reckoning,static,0.3,21,9600051,False,0,0,0.0
odometry_pods,static,0.3,21,9600051,True,0,0,279.99
distance_sensors,static,0.3,21,9600051,False,1,0,94.5
apriltag,static,0.3,21,9600051,False,0,3,25.0
imu,static,0.3,21,9600051,False,0,0,0.0
dual_camera_apriltag,static,0.3,21,9600051,False,0,3,50.0
full_suite,static,0.3,21,9600051,False,1,0,399.49
dead_reckoning,static,0.3,22,9600052,False,1,0,0.0
odometry_pods,static,0.3,22,9600052,True,0,0,279.99
distance_sensors,static,0.3,22,9600052,False,1,1,94.5
apriltag,static,0.3,22,9600052,False,1,0,25.0
imu,static,0.3,22,9600052,False,1,0,0.0
dual_camera_apriltag,static,0.3,22,9600052,False,1,0,50.0
full_suite,static,0.3,22,9600052,True,0,3,399.49
dead_reckoning,static,0.3,23,9600053,False,0,0,0.0
odometry_pods,static,0.3,23,9600053,True,0,0,279.99
distance_sensors,static,0.3,23,9600053,False,0,0,94.5
apriltag,static,0.3,23,9600053,False,0,0,25.0
imu,static,0.3,23,9600053,False,0,0,0.0
dual_camera_apriltag,static,0.3,23,9600053,False,0,0,50.0
full_suite,static,0.3,23,9600053,True,0,0,399.49
dead_reckoning,static,0.3,24,9600054,False,1,0,0.0
odometry_pods,static,0.3,24,9600054,True,0,0,279.99
distance_sensors,static,0.3,24,9600054,False,0,2,94.5
apriltag,static,0.3,24,9600054,False,1,4,25.0
imu,static,0.3,24,9600054,False,1,0,0.0
dual_camera_apriltag,static,0.3,24,9600054,False,1,4,50.0
full_suite,static,0.3,24,9600054,True,0,8,399.49
dead_reckoning,static,0.4,0,9600040,False,1,0,0.0
odometry_pods,static,0.4,0,9600040,False,1,0,279.99
distance_sensors,static,0.4,0,9600040,False,0,0,94.5
apriltag,static,0.4,0,9600040,False,1,1,25.0
imu,static,0.4,0,9600040,False,1,0,0.0
dual_camera_apriltag,static,0.4,0,9600040,False,1,1,50.0
full_suite,static,0.4,0,9600040,True,0,3,399.49
dead_reckoning,static,0.4,1,9600041,False,1,0,0.0
odometry_pods,static,0.4,1,9600041,True,0,0,279.99
distance_sensors,static,0.4,1,9600041,False,1,1,94.5
apriltag,static,0.4,1,9600041,False,0,1,25.0
imu,static,0.4,1,9600041,False,1,0,0.0
dual_camera_apriltag,static,0.4,1,9600041,False,0,1,50.0
full_suite,static,0.4,1,9600041,True,0,3,399.49
dead_reckoning,static,0.4,2,9600042,False,1,0,0.0
odometry_pods,static,0.4,2,9600042,False,1,0,279.99
distance_sensors,static,0.4,2,9600042,False,1,2,94.5
apriltag,static,0.4,2,9600042,False,1,4,25.0
imu,static,0.4,2,9600042,False,1,0,0.0
dual_camera_apriltag,static,0.4,2,9600042,False,1,4,50.0
full_suite,static,0.4,2,9600042,True,0,5,399.49
dead_reckoning,static,0.4,3,9600043,False,1,0,0.0
odometry_pods,static,0.4,3,9600043,True,0,0,279.99
distance_sensors,static,0.4,3,9600043,False,1,0,94.5
apriltag,static,0.4,3,9600043,True,0,2,25.0
imu,static,0.4,3,9600043,False,1,0,0.0
dual_camera_apriltag,static,0.4,3,9600043,True,0,2,50.0
full_suite,static,0.4,3,9600043,True,0,2,399.49
dead_reckoning,static,0.4,4,9600044,False,1,0,0.0
odometry_pods,static,0.4,4,9600044,False,1,0,279.99
distance_sensors,static,0.4,4,9600044,False,1,0,94.5
apriltag,static,0.4,4,9600044,False,1,4,25.0
imu,static,0.4,4,9600044,False,1,0,0.0
dual_camera_apriltag,static,0.4,4,9600044,False,1,4,50.0
full_suite,static,0.4,4,9600044,False,1,0,399.49
dead_reckoning,static,0.4,5,9600045,False,1,0,0.0
odometry_pods,static,0.4,5,9600045,True,0,0,279.99
distance_sensors,static,0.4,5,9600045,False,1,0,94.5
apriltag,static,0.4,5,9600045,False,1,0,25.0
imu,static,0.4,5,9600045,False,1,0,0.0
dual_camera_apriltag,static,0.4,5,9600045,False,1,0,50.0
full_suite,static,0.4,5,9600045,True,0,1,399.49
dead_reckoning,static,0.4,6,9600046,False,1,0,0.0
odometry_pods,static,0.4,6,9600046,False,1,0,279.99
distance_sensors,static,0.4,6,9600046,False,0,0,94.5
apriltag,static,0.4,6,9600046,False,1,1,25.0
imu,static,0.4,6,9600046,False,1,0,0.0
dual_camera_apriltag,static,0.4,6,9600046,False,1,1,50.0
full_suite,static,0.4,6,9600046,True,0,2,399.49
dead_reckoning,static,0.4,7,9600047,False,1,0,0.0
odometry_pods,static,0.4,7,9600047,False,1,0,279.99
distance_sensors,static,0.4,7,9600047,False,1,0,94.5
apriltag,static,0.4,7,9600047,False,1,0,25.0
imu,static,0.4,7,9600047,False,1,0,0.0
dual_camera_apriltag,static,0.4,7,9600047,False,1,0,50.0
full_suite,static,0.4,7,9600047,True,0,0,399.49
dead_reckoning,static,0.4,8,9600048,False,1,0,0.0
odometry_pods,static,0.4,8,9600048,False,1,0,279.99
distance_sensors,static,0.4,8,9600048,False,1,0,94.5
apriltag,static,0.4,8,9600048,False,1,7,25.0
imu,static,0.4,8,9600048,False,1,0,0.0
dual_camera_apriltag,static,0.4,8,9600048,False,1,7,50.0
full_suite,static,0.4,8,9600048,False,1,0,399.49
dead_reckoning,static,0.4,9,9600049,False,1,0,0.0
odometry_pods,static,0.4,9,9600049,False,1,0,279.99
distance_sensors,static,0.4,9,9600049,True,0,1,94.5
apriltag,static,0.4,9,9600049,False,1,2,25.0
imu,static,0.4,9,9600049,False,1,0,0.0
dual_camera_apriltag,static,0.4,9,9600049,False,1,2,50.0
full_suite,static,0.4,9,9600049,True,0,4,399.49
dead_reckoning,static,0.4,10,9600050,False,1,0,0.0
odometry_pods,static,0.4,10,9600050,False,1,0,279.99
distance_sensors,static,0.4,10,9600050,True,0,1,94.5
apriltag,static,0.4,10,9600050,False,1,7,25.0
imu,static,0.4,10,9600050,False,1,0,0.0
dual_camera_apriltag,static,0.4,10,9600050,False,1,7,50.0
full_suite,static,0.4,10,9600050,True,0,5,399.49
dead_reckoning,static,0.4,11,9600051,False,0,0,0.0
odometry_pods,static,0.4,11,9600051,True,0,0,279.99
distance_sensors,static,0.4,11,9600051,False,1,0,94.5
apriltag,static,0.4,11,9600051,False,0,3,25.0
imu,static,0.4,11,9600051,False,0,0,0.0
dual_camera_apriltag,static,0.4,11,9600051,False,0,3,50.0
full_suite,static,0.4,11,9600051,False,1,0,399.49
dead_reckoning,static,0.4,12,9600052,False,1,0,0.0
odometry_pods,static,0.4,12,9600052,True,0,0,279.99
distance_sensors,static,0.4,12,9600052,False,1,1,94.5
apriltag,static,0.4,12,9600052,False,1,0,25.0
imu,static,0.4,12,9600052,False,1,0,0.0
dual_camera_apriltag,static,0.4,12,9600052,False,1,0,50.0
full_suite,static,0.4,12,9600052,True,0,3,399.49
dead_reckoning,static,0.4,13,9600053,False,0,0,0.0
odometry_pods,static,0.4,13,9600053,True,0,0,279.99
distance_sensors,static,0.4,13,9600053,False,0,0,94.5
apriltag,static,0.4,13,9600053,False,0,0,25.0
imu,static,0.4,13,9600053,False,0,0,0.0
dual_camera_apriltag,static,0.4,13,9600053,False,0,0,50.0
full_suite,static,0.4,13,9600053,True,0,0,399.49
dead_reckoning,static,0.4,14,9600054,False,1,0,0.0
odometry_pods,static,0.4,14,9600054,True,0,0,279.99
distance_sensors,static,0.4,14,9600054,False,0,2,94.5
apriltag,static,0.4,14,9600054,False,1,4,25.0
imu,static,0.4,14,9600054,False,1,0,0.0
dual_camera_apriltag,static,0.4,14,9600054,False,1,4,50.0
full_suite,static,0.4,14,9600054,True,0,8,399.49
dead_reckoning,static,0.4,15,9600055,False,1,0,0.0
odometry_pods,static,0.4,15,9600055,False,1,0,279.99
distance_sensors,static,0.4,15,9600055,True,0,0,94.5
apriltag,static,0.4,15,9600055,False,1,0,25.0
imu,static,0.4,15,9600055,False,1,0,0.0
dual_camera_apriltag,static,0.4,15,9600055,False,1,0,50.0
full_suite,static,0.4,15,9600055,True,0,8,399.49
dead_reckoning,static,0.4,16,9600056,False,1,0,0.0
odometry_pods,static,0.4,16,9600056,False,1,0,279.99
distance_sensors,static,0.4,16,9600056,False,1,1,94.5
apriltag,static,0.4,16,9600056,False,1,0,25.0
imu,static,0.4,16,9600056,False,1,0,0.0
dual_camera_apriltag,static,0.4,16,9600056,False,1,0,50.0
full_suite,static,0.4,16,9600056,True,0,19,399.49
dead_reckoning,static,0.4,17,9600057,False,1,0,0.0
odometry_pods,static,0.4,17,9600057,False,1,0,279.99
distance_sensors,static,0.4,17,9600057,True,0,0,94.5
apriltag,static,0.4,17,9600057,False,1,0,25.0
imu,static,0.4,17,9600057,False,1,0,0.0
dual_camera_apriltag,static,0.4,17,9600057,False,1,0,50.0
full_suite,static,0.4,17,9600057,True,0,0,399.49
dead_reckoning,static,0.4,18,9600058,False,1,0,0.0
odometry_pods,static,0.4,18,9600058,False,1,0,279.99
distance_sensors,static,0.4,18,9600058,False,1,0,94.5
apriltag,static,0.4,18,9600058,False,1,7,25.0
imu,static,0.4,18,9600058,False,1,0,0.0
dual_camera_apriltag,static,0.4,18,9600058,False,1,7,50.0
full_suite,static,0.4,18,9600058,True,0,5,399.49
dead_reckoning,static,0.4,19,9600059,False,0,0,0.0
odometry_pods,static,0.4,19,9600059,True,0,0,279.99
distance_sensors,static,0.4,19,9600059,False,0,0,94.5
apriltag,static,0.4,19,9600059,True,0,9,25.0
imu,static,0.4,19,9600059,False,0,0,0.0
dual_camera_apriltag,static,0.4,19,9600059,True,0,9,50.0
full_suite,static,0.4,19,9600059,True,0,4,399.49
dead_reckoning,static,0.4,20,9600060,False,1,0,0.0
odometry_pods,static,0.4,20,9600060,False,1,0,279.99
distance_sensors,static,0.4,20,9600060,True,0,0,94.5
apriltag,static,0.4,20,9600060,False,1,0,25.0
imu,static,0.4,20,9600060,False,1,0,0.0
dual_camera_apriltag,static,0.4,20,9600060,False,1,0,50.0
full_suite,static,0.4,20,9600060,True,0,0,399.49
dead_reckoning,static,0.4,21,9600061,False,0,0,0.0
odometry_pods,static,0.4,21,9600061,True,0,0,279.99
distance_sensors,static,0.4,21,9600061,False,1,4,94.5
apriltag,static,0.4,21,9600061,True,0,13,25.0
imu,static,0.4,21,9600061,False,0,0,0.0
dual_camera_apriltag,static,0.4,21,9600061,True,0,13,50.0
full_suite,static,0.4,21,9600061,False,1,1,399.49
dead_reckoning,static,0.4,22,9600062,False,1,0,0.0
odometry_pods,static,0.4,22,9600062,False,1,0,279.99
distance_sensors,static,0.4,22,9600062,False,1,0,94.5
apriltag,static,0.4,22,9600062,True,0,4,25.0
imu,static,0.4,22,9600062,False,1,0,0.0
dual_camera_apriltag,static,0.4,22,9600062,True,0,4,50.0
full_suite,static,0.4,22,9600062,True,0,0,399.49
dead_reckoning,static,0.4,23,9600063,False,1,0,0.0
odometry_pods,static,0.4,23,9600063,False,1,0,279.99
distance_sensors,static,0.4,23,9600063,False,1,0,94.5
apriltag,static,0.4,23,9600063,False,1,0,25.0
imu,static,0.4,23,9600063,False,1,0,0.0
dual_camera_apriltag,static,0.4,23,9600063,False,1,0,50.0
full_suite,static,0.4,23,9600063,False,1,0,399.49
dead_reckoning,static,0.4,24,9600064,False,0,0,0.0
odometry_pods,static,0.4,24,9600064,True,0,0,279.99
distance_sensors,static,0.4,24,9600064,False,0,0,94.5
apriltag,static,0.4,24,9600064,True,0,11,25.0
imu,static,0.4,24,9600064,False,0,0,0.0
dual_camera_apriltag,static,0.4,24,9600064,True,0,11,50.0
full_suite,static,0.4,24,9600064,True,0,8,399.49
dead_reckoning,static,0.5,0,9600050,False,1,0,0.0
odometry_pods,static,0.5,0,9600050,False,1,0,279.99
distance_sensors,static,0.5,0,9600050,True,0,1,94.5
apriltag,static,0.5,0,9600050,False,1,7,25.0
imu,static,0.5,0,9600050,False,1,0,0.0
dual_camera_apriltag,static,0.5,0,9600050,False,1,7,50.0
full_suite,static,0.5,0,9600050,True,0,5,399.49
dead_reckoning,static,0.5,1,9600051,False,0,0,0.0
odometry_pods,static,0.5,1,9600051,True,0,0,279.99
distance_sensors,static,0.5,1,9600051,False,1,0,94.5
apriltag,static,0.5,1,9600051,False,0,3,25.0
imu,static,0.5,1,9600051,False,0,0,0.0
dual_camera_apriltag,static,0.5,1,9600051,False,0,3,50.0
full_suite,static,0.5,1,9600051,False,1,0,399.49
dead_reckoning,static,0.5,2,9600052,False,1,0,0.0
odometry_pods,static,0.5,2,9600052,False,1,0,279.99
distance_sensors,static,0.5,2,9600052,False,1,1,94.5
apriltag,static,0.5,2,9600052,False,1,0,25.0
imu,static,0.5,2,9600052,False,1,0,0.0
dual_camera_apriltag,static,0.5,2,9600052,False,1,0,50.0
full_suite,static,0.5,2,9600052,True,0,3,399.49
dead_reckoning,static,0.5,3,9600053,False,0,0,0.0
odometry_pods,static,0.5,3,9600053,True,0,0,279.99
distance_sensors,static,0.5,3,9600053,False,0,0,94.5
apriltag,static,0.5,3,9600053,False,0,0,25.0
imu,static,0.5,3,9600053,False,0,0,0.0
dual_camera_apriltag,static,0.5,3,9600053,False,0,0,50.0
full_suite,static,0.5,3,9600053,True,0,0,399.49
dead_reckoning,static,0.5,4,9600054,False,1,0,0.0
odometry_pods,static,0.5,4,9600054,False,1,0,279.99
distance_sensors,static,0.5,4,9600054,False,1,2,94.5
apriltag,static,0.5,4,9600054,False,1,4,25.0
imu,static,0.5,4,9600054,False,1,0,0.0
dual_camera_apriltag,static,0.5,4,9600054,False,1,4,50.0
full_suite,static,0.5,4,9600054,True,0,8,399.49
dead_reckoning,static,0.5,5,9600055,False,1,0,0.0
odometry_pods,static,0.5,5,9600055,False,1,0,279.99
distance_sensors,static,0.5,5,9600055,True,0,0,94.5
apriltag,static,0.5,5,9600055,False,1,0,25.0
imu,static,0.5,5,9600055,False,1,0,0.0
dual_camera_apriltag,static,0.5,5,9600055,False,1,0,50.0
full_suite,static,0.5,5,9600055,True,0,8,399.49
dead_reckoning,static,0.5,6,9600056,False,1,0,0.0
odometry_pods,static,0.5,6,9600056,False,1,0,279.99
distance_sensors,static,0.5,6,9600056,False,1,1,94.5
apriltag,static,0.5,6,9600056,False,1,0,25.0
imu,static,0.5,6,9600056,False,1,0,0.0
dual_camera_apriltag,static,0.5,6,9600056,False,1,0,50.0
full_suite,static,0.5,6,9600056,True,0,19,399.49
dead_reckoning,static,0.5,7,9600057,False,1,0,0.0
odometry_pods,static,0.5,7,9600057,False,1,0,279.99
distance_sensors,static,0.5,7,9600057,True,0,0,94.5
apriltag,static,0.5,7,9600057,False,1,0,25.0
imu,static,0.5,7,9600057,False,1,0,0.0
dual_camera_apriltag,static,0.5,7,9600057,False,1,0,50.0
full_suite,static,0.5,7,9600057,True,0,0,399.49
dead_reckoning,static,0.5,8,9600058,False,1,0,0.0
odometry_pods,static,0.5,8,9600058,False,1,0,279.99
distance_sensors,static,0.5,8,9600058,False,1,0,94.5
apriltag,static,0.5,8,9600058,False,1,7,25.0
imu,static,0.5,8,9600058,False,1,0,0.0
dual_camera_apriltag,static,0.5,8,9600058,False,1,7,50.0
full_suite,static,0.5,8,9600058,True,0,5,399.49
dead_reckoning,static,0.5,9,9600059,False,0,0,0.0
odometry_pods,static,0.5,9,9600059,True,0,0,279.99
distance_sensors,static,0.5,9,9600059,False,0,0,94.5
apriltag,static,0.5,9,9600059,True,0,9,25.0
imu,static,0.5,9,9600059,False,0,0,0.0
dual_camera_apriltag,static,0.5,9,9600059,True,0,9,50.0
full_suite,static,0.5,9,9600059,True,0,4,399.49
dead_reckoning,static,0.5,10,9600060,False,1,0,0.0
odometry_pods,static,0.5,10,9600060,False,1,0,279.99
distance_sensors,static,0.5,10,9600060,True,0,0,94.5
apriltag,static,0.5,10,9600060,False,1,0,25.0
imu,static,0.5,10,9600060,False,1,0,0.0
dual_camera_apriltag,static,0.5,10,9600060,False,1,0,50.0
full_suite,static,0.5,10,9600060,True,0,0,399.49
dead_reckoning,static,0.5,11,9600061,False,0,0,0.0
odometry_pods,static,0.5,11,9600061,True,0,0,279.99
distance_sensors,static,0.5,11,9600061,False,1,4,94.5
apriltag,static,0.5,11,9600061,True,0,13,25.0
imu,static,0.5,11,9600061,False,0,0,0.0
dual_camera_apriltag,static,0.5,11,9600061,True,0,13,50.0
full_suite,static,0.5,11,9600061,False,1,1,399.49
dead_reckoning,static,0.5,12,9600062,False,1,0,0.0
odometry_pods,static,0.5,12,9600062,False,1,0,279.99
distance_sensors,static,0.5,12,9600062,False,1,0,94.5
apriltag,static,0.5,12,9600062,True,0,4,25.0
imu,static,0.5,12,9600062,False,1,0,0.0
dual_camera_apriltag,static,0.5,12,9600062,True,0,4,50.0
full_suite,static,0.5,12,9600062,True,0,0,399.49
dead_reckoning,static,0.5,13,9600063,False,1,0,0.0
odometry_pods,static,0.5,13,9600063,False,1,0,279.99
distance_sensors,static,0.5,13,9600063,False,1,0,94.5
apriltag,static,0.5,13,9600063,False,1,0,25.0
imu,static,0.5,13,9600063,False,1,0,0.0
dual_camera_apriltag,static,0.5,13,9600063,False,1,0,50.0
full_suite,static,0.5,13,9600063,False,1,0,399.49
dead_reckoning,static,0.5,14,9600064,False,1,0,0.0
odometry_pods,static,0.5,14,9600064,False,1,0,279.99
distance_sensors,static,0.5,14,9600064,False,1,0,94.5
apriltag,static,0.5,14,9600064,False,1,0,25.0
imu,static,0.5,14,9600064,False,1,0,0.0
dual_camera_apriltag,static,0.5,14,9600064,False,1,0,50.0
full_suite,static,0.5,14,9600064,False,1,0,399.49
dead_reckoning,static,0.5,15,9600065,False,1,0,0.0
odometry_pods,static,0.5,15,9600065,False,1,0,279.99
distance_sensors,static,0.5,15,9600065,False,1,0,94.5
apriltag,static,0.5,15,9600065,False,1,3,25.0
imu,static,0.5,15,9600065,False,1,0,0.0
dual_camera_apriltag,static,0.5,15,9600065,False,1,3,50.0
full_suite,static,0.5,15,9600065,False,1,0,399.49
dead_reckoning,static,0.5,16,9600066,True,0,0,0.0
odometry_pods,static,0.5,16,9600066,True,0,0,279.99
distance_sensors,static,0.5,16,9600066,True,0,0,94.5
apriltag,static,0.5,16,9600066,True,0,1,25.0
imu,static,0.5,16,9600066,True,0,0,0.0
dual_camera_apriltag,static,0.5,16,9600066,True,0,1,50.0
full_suite,static,0.5,16,9600066,True,0,1,399.49
dead_reckoning,static,0.5,17,9600067,False,1,0,0.0
odometry_pods,static,0.5,17,9600067,False,1,0,279.99
distance_sensors,static,0.5,17,9600067,False,1,5,94.5
apriltag,static,0.5,17,9600067,False,1,0,25.0
imu,static,0.5,17,9600067,False,1,0,0.0
dual_camera_apriltag,static,0.5,17,9600067,False,1,0,50.0
full_suite,static,0.5,17,9600067,True,0,16,399.49
dead_reckoning,static,0.5,18,9600068,False,1,0,0.0
odometry_pods,static,0.5,18,9600068,False,1,0,279.99
distance_sensors,static,0.5,18,9600068,False,1,0,94.5
apriltag,static,0.5,18,9600068,False,1,0,25.0
imu,static,0.5,18,9600068,False,1,0,0.0
dual_camera_apriltag,static,0.5,18,9600068,False,1,0,50.0
full_suite,static,0.5,18,9600068,True,0,9,399.49
dead_reckoning,static,0.5,19,9600069,False,1,0,0.0
odometry_pods,static,0.5,19,9600069,False,1,0,279.99
distance_sensors,static,0.5,19,9600069,True,0,1,94.5
apriltag,static,0.5,19,9600069,False,1,7,25.0
imu,static,0.5,19,9600069,False,1,0,0.0
dual_camera_apriltag,static,0.5,19,9600069,False,1,7,50.0
full_suite,static,0.5,19,9600069,True,0,8,399.49
dead_reckoning,static,0.5,20,9600070,False,0,0,0.0
odometry_pods,static,0.5,20,9600070,True,0,0,279.99
distance_sensors,static,0.5,20,9600070,True,0,0,94.5
apriltag,static,0.5,20,9600070,False,0,2,25.0
imu,static,0.5,20,9600070,False,0,0,0.0
dual_camera_apriltag,static,0.5,20,9600070,False,0,2,50.0
full_suite,static,0.5,20,9600070,True,0,1,399.49
dead_reckoning,static,0.5,21,9600071,False,1,0,0.0
odometry_pods,static,0.5,21,9600071,True,0,0,279.99
distance_sensors,static,0.5,21,9600071,False,0,1,94.5
apriltag,static,0.5,21,9600071,True,0,17,25.0
imu,static,0.5,21,9600071,False,1,0,0.0
dual_camera_apriltag,static,0.5,21,9600071,True,0,17,50.0
full_suite,static,0.5,21,9600071,True,0,5,399.49
dead_reckoning,static,0.5,22,9600072,False,1,0,0.0
odometry_pods,static,0.5,22,9600072,False,1,0,279.99
distance_sensors,static,0.5,22,9600072,False,1,0,94.5
apriltag,static,0.5,22,9600072,False,1,0,25.0
imu,static,0.5,22,9600072,False,1,0,0.0
dual_camera_apriltag,static,0.5,22,9600072,False,1,0,50.0
full_suite,static,0.5,22,9600072,True,0,3,399.49
dead_reckoning,static,0.5,23,9600073,False,1,0,0.0
odometry_pods,static,0.5,23,9600073,False,1,0,279.99
distance_sensors,static,0.5,23,9600073,True,0,0,94.5
apriltag,static,0.5,23,9600073,False,1,0,25.0
imu,static,0.5,23,9600073,False,1,0,0.0
dual_camera_apriltag,static,0.5,23,9600073,False,1,0,50.0
full_suite,static,0.5,23,9600073,True,0,0,399.49
dead_reckoning,static,0.5,24,9600074,False,0,0,0.0
odometry_pods,static,0.5,24,9600074,True,0,0,279.99
distance_sensors,static,0.5,24,9600074,False,0,0,94.5
apriltag,static,0.5,24,9600074,True,0,4,25.0
imu,static,0.5,24,9600074,False,0,0,0.0
dual_camera_apriltag,static,0.5,24,9600074,True,0,4,50.0
full_suite,static,0.5,24,9600074,True,0,2,399.49
dead_reckoning,static,0.6,0,9600060,False,1,0,0.0
odometry_pods,static,0.6,0,9600060,False,1,0,279.99
distance_sensors,static,0.6,0,9600060,True,0,0,94.5
apriltag,static,0.6,0,9600060,False,1,0,25.0
imu,static,0.6,0,9600060,False,1,0,0.0
dual_camera_apriltag,static,0.6,0,9600060,False,1,0,50.0
full_suite,static,0.6,0,9600060,True,0,0,399.49
dead_reckoning,static,0.6,1,9600061,False,0,0,0.0
odometry_pods,static,0.6,1,9600061,True,0,0,279.99
distance_sensors,static,0.6,1,9600061,False,1,4,94.5
apriltag,static,0.6,1,9600061,True,0,13,25.0
imu,static,0.6,1,9600061,False,0,0,0.0
dual_camera_apriltag,static,0.6,1,9600061,True,0,13,50.0
full_suite,static,0.6,1,9600061,False,1,1,399.49
dead_reckoning,static,0.6,2,9600062,False,1,0,0.0
odometry_pods,static,0.6,2,9600062,False,1,0,279.99
distance_sensors,static,0.6,2,9600062,False,1,0,94.5
apriltag,static,0.6,2,9600062,True,0,4,25.0
imu,static,0.6,2,9600062,False,1,0,0.0
dual_camera_apriltag,static,0.6,2,9600062,True,0,4,50.0
full_suite,static,0.6,2,9600062,True,0,0,399.49
dead_reckoning,static,0.6,3,9600063,False,1,0,0.0
odometry_pods,static,0.6,3,9600063,False,1,0,279.99
distance_sensors,static,0.6,3,9600063,False,1,0,94.5
apriltag,static,0.6,3,9600063,False,1,0,25.0
imu,static,0.6,3,9600063,False,1,0,0.0
dual_camera_apriltag,static,0.6,3,9600063,False,1,0,50.0
full_suite,static,0.6,3,9600063,False,1,0,399.49
dead_reckoning,static,0.6,4,9600064,False,1,0,0.0
odometry_pods,static,0.6,4,9600064,False,1,0,279.99
distance_sensors,static,0.6,4,9600064,False,1,0,94.5
apriltag,static,0.6,4,9600064,False,1,0,25.0
imu,static,0.6,4,9600064,False,1,0,0.0
dual_camera_apriltag,static,0.6,4,9600064,False,1,0,50.0
full_suite,static,0.6,4,9600064,False,1,0,399.49
dead_reckoning,static,0.6,5,9600065,False,1,0,0.0
odometry_pods,static,0.6,5,9600065,False,1,0,279.99
distance_sensors,static,0.6,5,9600065,False,1,0,94.5
apriltag,static,0.6,5,9600065,False,1,3,25.0
imu,static,0.6,5,9600065,False,1,0,0.0
dual_camera_apriltag,static,0.6,5,9600065,False,1,3,50.0
full_suite,static,0.6,5,9600065,False,1,0,399.49
dead_reckoning,static,0.6,6,9600066,True,0,0,0.0
odometry_pods,static,0.6,6,9600066,True,0,0,279.99
distance_sensors,static,0.6,6,9600066,True,0,0,94.5
apriltag,static,0.6,6,9600066,True,0,1,25.0
imu,static,0.6,6,9600066,True,0,0,0.0
dual_camera_apriltag,static,0.6,6,9600066,True,0,1,50.0
full_suite,static,0.6,6,9600066,True,0,1,399.49
dead_reckoning,static,0.6,7,9600067,False,1,0,0.0
odometry_pods,static,0.6,7,9600067,False,1,0,279.99
distance_sensors,static,0.6,7,9600067,False,1,5,94.5
apriltag,static,0.6,7,9600067,False,1,0,25.0
imu,static,0.6,7,9600067,False,1,0,0.0
dual_camera_apriltag,static,0.6,7,9600067,False,1,0,50.0
full_suite,static,0.6,7,9600067,True,0,16,399.49
dead_reckoning,static,0.6,8,9600068,False,1,0,0.0
odometry_pods,static,0.6,8,9600068,False,1,0,279.99
distance_sensors,static,0.6,8,9600068,False,1,0,94.5
apriltag,static,0.6,8,9600068,False,1,0,25.0
imu,static,0.6,8,9600068,False,1,0,0.0
dual_camera_apriltag,static,0.6,8,9600068,False,1,0,50.0
full_suite,static,0.6,8,9600068,True,0,9,399.49
dead_reckoning,static,0.6,9,9600069,False,1,0,0.0
odometry_pods,static,0.6,9,9600069,False,1,0,279.99
distance_sensors,static,0.6,9,9600069,True,0,1,94.5
apriltag,static,0.6,9,9600069,False,1,7,25.0
imu,static,0.6,9,9600069,False,1,0,0.0
dual_camera_apriltag,static,0.6,9,9600069,False,1,7,50.0
full_suite,static,0.6,9,9600069,True,0,8,399.49
dead_reckoning,static,0.6,10,9600070,False,0,0,0.0
odometry_pods,static,0.6,10,9600070,True,0,0,279.99
distance_sensors,static,0.6,10,9600070,True,0,0,94.5
apriltag,static,0.6,10,9600070,False,0,2,25.0
imu,static,0.6,10,9600070,False,0,0,0.0
dual_camera_apriltag,static,0.6,10,9600070,False,0,2,50.0
full_suite,static,0.6,10,9600070,True,0,1,399.49
dead_reckoning,static,0.6,11,9600071,False,1,0,0.0
odometry_pods,static,0.6,11,9600071,True,0,0,279.99
distance_sensors,static,0.6,11,9600071,False,0,1,94.5
apriltag,static,0.6,11,9600071,True,0,17,25.0
imu,static,0.6,11,9600071,False,1,0,0.0
dual_camera_apriltag,static,0.6,11,9600071,True,0,17,50.0
full_suite,static,0.6,11,9600071,True,0,5,399.49
dead_reckoning,static,0.6,12,9600072,False,1,0,0.0
odometry_pods,static,0.6,12,9600072,False,1,0,279.99
distance_sensors,static,0.6,12,9600072,False,1,0,94.5
apriltag,static,0.6,12,9600072,False,1,0,25.0
imu,static,0.6,12,9600072,False,1,0,0.0
dual_camera_apriltag,static,0.6,12,9600072,False,1,0,50.0
full_suite,static,0.6,12,9600072,True,0,3,399.49
dead_reckoning,static,0.6,13,9600073,False,1,0,0.0
odometry_pods,static,0.6,13,9600073,False,1,0,279.99
distance_sensors,static,0.6,13,9600073,True,0,0,94.5
apriltag,static,0.6,13,9600073,False,1,0,25.0
imu,static,0.6,13,9600073,False,1,0,0.0
dual_camera_apriltag,static,0.6,13,9600073,False,1,0,50.0
full_suite,static,0.6,13,9600073,True,0,0,399.49
dead_reckoning,static,0.6,14,9600074,False,0,0,0.0
odometry_pods,static,0.6,14,9600074,True,0,0,279.99
distance_sensors,static,0.6,14,9600074,False,0,0,94.5
apriltag,static,0.6,14,9600074,True,0,4,25.0
imu,static,0.6,14,9600074,False,0,0,0.0
dual_camera_apriltag,static,0.6,14,9600074,True,0,4,50.0
full_suite,static,0.6,14,9600074,True,0,2,399.49
dead_reckoning,static,0.6,15,9600075,False,1,0,0.0
odometry_pods,static,0.6,15,9600075,False,1,0,279.99
distance_sensors,static,0.6,15,9600075,False,1,0,94.5
apriltag,static,0.6,15,9600075,False,1,0,25.0
imu,static,0.6,15,9600075,False,1,0,0.0
dual_camera_apriltag,static,0.6,15,9600075,False,1,0,50.0
full_suite,static,0.6,15,9600075,False,1,0,399.49
dead_reckoning,static,0.6,16,9600076,False,1,0,0.0
odometry_pods,static,0.6,16,9600076,False,1,0,279.99
distance_sensors,static,0.6,16,9600076,False,0,1,94.5
apriltag,static,0.6,16,9600076,False,1,3,25.0
imu,static,0.6,16,9600076,False,1,0,0.0
dual_camera_apriltag,static,0.6,16,9600076,False,1,3,50.0
full_suite,static,0.6,16,9600076,True,0,7,399.49
dead_reckoning,static,0.6,17,9600077,False,1,0,0.0
odometry_pods,static,0.6,17,9600077,True,0,0,279.99
distance_sensors,static,0.6,17,9600077,False,1,1,94.5
apriltag,static,0.6,17,9600077,False,1,2,25.0
imu,static,0.6,17,9600077,False,1,0,0.0
dual_camera_apriltag,static,0.6,17,9600077,False,1,2,50.0
full_suite,static,0.6,17,9600077,False,1,1,399.49
dead_reckoning,static,0.6,18,9600078,False,1,0,0.0
odometry_pods,static,0.6,18,9600078,False,1,0,279.99
distance_sensors,static,0.6,18,9600078,False,1,0,94.5
apriltag,static,0.6,18,9600078,True,0,5,25.0
imu,static,0.6,18,9600078,False,1,0,0.0
dual_camera_apriltag,static,0.6,18,9600078,True,0,5,50.0
full_suite,static,0.6,18,9600078,False,1,0,399.49
dead_reckoning,static,0.6,19,9600079,False,1,0,0.0
odometry_pods,static,0.6,19,9600079,False,1,0,279.99
distance_sensors,static,0.6,19,9600079,True,0,1,94.5
apriltag,static,0.6,19,9600079,False,1,2,25.0
imu,static,0.6,19,9600079,False,1,0,0.0
dual_camera_apriltag,static,0.6,19,9600079,False,1,2,50.0
full_suite,static,0.6,19,9600079,True,0,1,399.49
dead_reckoning,static,0.6,20,9600080,False,1,0,0.0
odometry_pods,static,0.6,20,9600080,True,0,0,279.99
distance_sensors,static,0.6,20,9600080,False,1,1,94.5
apriltag,static,0.6,20,9600080,False,1,14,25.0
imu,static,0.6,20,9600080,False,1,0,0.0
dual_camera_apriltag,static,0.6,20,9600080,False,1,14,50.0
full_suite,static,0.6,20,9600080,True,0,15,399.49
dead_reckoning,static,0.6,21,9600081,False,1,0,0.0
odometry_pods,static,0.6,21,9600081,False,1,0,279.99
distance_sensors,static,0.6,21,9600081,True,0,0,94.5
apriltag,static,0.6,21,9600081,False,1,5,25.0
imu,static,0.6,21,9600081,False,1,0,0.0
dual_camera_apriltag,static,0.6,21,9600081,False,1,5,50.0
full_suite,static,0.6,21,9600081,True,0,9,399.49
dead_reckoning,static,0.6,22,9600082,False,1,0,0.0
odometry_pods,static,0.6,22,9600082,False,1,0,279.99
distance_sensors,static,0.6,22,9600082,False,1,0,94.5
apriltag,static,0.6,22,9600082,False,1,0,25.0
imu,static,0.6,22,9600082,False,1,0,0.0
dual_camera_apriltag,static,0.6,22,9600082,False,1,0,50.0
full_suite,static,0.6,22,9600082,False,1,0,399.49
dead_reckoning,static,0.6,23,9600083,False,1,0,0.0
odometry_pods,static,0.6,23,9600083,False,1,0,279.99
distance_sensors,static,0.6,23,9600083,False,1,1,94.5
apriltag,static,0.6,23,9600083,False,1,1,25.0
imu,static,0.6,23,9600083,False,1,0,0.0
dual_camera_apriltag,static,0.6,23,9600083,False,1,1,50.0
full_suite,static,0.6,23,9600083,False,1,1,399.49
dead_reckoning,static,0.6,24,9600084,False,1,0,0.0
odometry_pods,static,0.6,24,9600084,False,1,0,279.99
distance_sensors,static,0.6,24,9600084,False,0,1,94.5
apriltag,static,0.6,24,9600084,False,1,0,25.0
imu,static,0.6,24,9600084,False,1,0,0.0
dual_camera_apriltag,static,0.6,24,9600084,False,1,0,50.0
full_suite,static,0.6,24,9600084,True,0,2,399.49
dead_reckoning,static,0.7,0,9600070,False,0,0,0.0
odometry_pods,static,0.7,0,9600070,True,0,0,279.99
distance_sensors,static,0.7,0,9600070,True,0,0,94.5
apriltag,static,0.7,0,9600070,False,0,2,25.0
imu,static,0.7,0,9600070,False,0,0,0.0
dual_camera_apriltag,static,0.7,0,9600070,False,0,2,50.0
full_suite,static,0.7,0,9600070,True,0,1,399.49
dead_reckoning,static,0.7,1,9600071,False,1,0,0.0
odometry_pods,static,0.7,1,9600071,False,1,0,279.99
distance_sensors,static,0.7,1,9600071,False,0,1,94.5
apriltag,static,0.7,1,9600071,False,1,5,25.0
imu,static,0.7,1,9600071,False,1,0,0.0
dual_camera_apriltag,static,0.7,1,9600071,False,1,5,50.0
full_suite,static,0.7,1,9600071,True,0,5,399.49
dead_reckoning,static,0.7,2,9600072,False,1,0,0.0
odometry_pods,static,0.7,2,9600072,False,1,0,279.99
distance_sensors,static,0.7,2,9600072,False,1,0,94.5
apriltag,static,0.7,2,9600072,False,1,0,25.0
imu,static,0.7,2,9600072,False,1,0,0.0
dual_camera_apriltag,static,0.7,2,9600072,False,1,0,50.0
full_suite,static,0.7,2,9600072,True,0,3,399.49
dead_reckoning,static,0.7,3,9600073,False,1,0,0.0
odometry_pods,static,0.7,3,9600073,False,1,0,279.99
distance_sensors,static,0.7,3,9600073,True,0,0,94.5
apriltag,static,0.7,3,9600073,False,1,0,25.0
imu,static,0.7,3,9600073,False,1,0,0.0
dual_camera_apriltag,static,0.7,3,9600073,False,1,0,50.0
full_suite,static,0.7,3,9600073,True,0,0,399.49
dead_reckoning,static,0.7,4,9600074,False,0,0,0.0
odometry_pods,static,0.7,4,9600074,True,0,0,279.99
distance_sensors,static,0.7,4,9600074,False,0,0,94.5
apriltag,static,0.7,4,9600074,True,0,4,25.0
imu,static,0.7,4,9600074,False,0,0,0.0
dual_camera_apriltag,static,0.7,4,9600074,True,0,4,50.0
full_suite,static,0.7,4,9600074,True,0,2,399.49
dead_reckoning,static,0.7,5,9600075,False,1,0,0.0
odometry_pods,static,0.7,5,9600075,False,1,0,279.99
distance_sensors,static,0.7,5,9600075,False,1,0,94.5
apriltag,static,0.7,5,9600075,False,1,0,25.0
imu,static,0.7,5,9600075,False,1,0,0.0
dual_camera_apriltag,static,0.7,5,9600075,False,1,0,50.0
full_suite,static,0.7,5,9600075,False,1,0,399.49
dead_reckoning,static,0.7,6,9600076,False,1,0,0.0
odometry_pods,static,0.7,6,9600076,False,1,0,279.99
distance_sensors,static,0.7,6,9600076,False,0,1,94.5
apriltag,static,0.7,6,9600076,False,1,3,25.0
imu,static,0.7,6,9600076,False,1,0,0.0
dual_camera_apriltag,static,0.7,6,9600076,False,1,3,50.0
full_suite,static,0.7,6,9600076,True,0,7,399.49
dead_reckoning,static,0.7,7,9600077,False,1,0,0.0
odometry_pods,static,0.7,7,9600077,True,0,0,279.99
distance_sensors,static,0.7,7,9600077,False,1,1,94.5
apriltag,static,0.7,7,9600077,False,1,2,25.0
imu,static,0.7,7,9600077,False,1,0,0.0
dual_camera_apriltag,static,0.7,7,9600077,False,1,2,50.0
full_suite,static,0.7,7,9600077,False,1,1,399.49
dead_reckoning,static,0.7,8,9600078,False,1,0,0.0
odometry_pods,static,0.7,8,9600078,False,1,0,279.99
distance_sensors,static,0.7,8,9600078,False,1,0,94.5
apriltag,static,0.7,8,9600078,True,0,5,25.0
imu,static,0.7,8,9600078,False,1,0,0.0
dual_camera_apriltag,static,0.7,8,9600078,True,0,5,50.0
full_suite,static,0.7,8,9600078,False,1,0,399.49
dead_reckoning,static,0.7,9,9600079,False,1,0,0.0
odometry_pods,static,0.7,9,9600079,False,1,0,279.99
distance_sensors,static,0.7,9,9600079,True,0,1,94.5
apriltag,static,0.7,9,9600079,False,1,2,25.0
imu,static,0.7,9,9600079,False,1,0,0.0
dual_camera_apriltag,static,0.7,9,9600079,False,1,2,50.0
full_suite,static,0.7,9,9600079,True,0,1,399.49
dead_reckoning,static,0.7,10,9600080,False,1,0,0.0
odometry_pods,static,0.7,10,9600080,True,0,0,279.99
distance_sensors,static,0.7,10,9600080,False,1,1,94.5
apriltag,static,0.7,10,9600080,False,1,14,25.0
imu,static,0.7,10,9600080,False,1,0,0.0
dual_camera_apriltag,static,0.7,10,9600080,False,1,14,50.0
full_suite,static,0.7,10,9600080,True,0,15,399.49
dead_reckoning,static,0.7,11,9600081,False,1,0,0.0
odometry_pods,static,0.7,11,9600081,False,1,0,279.99
distance_sensors,static,0.7,11,9600081,True,0,0,94.5
apriltag,static,0.7,11,9600081,False,1,5,25.0
imu,static,0.7,11,9600081,False,1,0,0.0
dual_camera_apriltag,static,0.7,11,9600081,False,1,5,50.0
full_suite,static,0.7,11,9600081,True,0,9,399.49
dead_reckoning,static,0.7,12,9600082,False,1,0,0.0
odometry_pods,static,0.7,12,9600082,False,1,0,279.99
distance_sensors,static,0.7,12,9600082,False,1,0,94.5
apriltag,static,0.7,12,9600082,False,1,0,25.0
imu,static,0.7,12,9600082,False,1,0,0.0
dual_camera_apriltag,static,0.7,12,9600082,False,1,0,50.0
full_suite,static,0.7,12,9600082,False,1,0,399.49
dead_reckoning,static,0.7,13,9600083,False,1,0,0.0
odometry_pods,static,0.7,13,9600083,False,1,0,279.99
distance_sensors,static,0.7,13,9600083,False,1,1,94.5
apriltag,static,0.7,13,9600083,False,1,1,25.0
imu,static,0.7,13,9600083,False,1,0,0.0
dual_camera_apriltag,static,0.7,13,9600083,False,1,1,50.0
full_suite,static,0.7,13,9600083,False,1,1,399.49
dead_reckoning,static,0.7,14,9600084,False,1,0,0.0
odometry_pods,static,0.7,14,9600084,False,1,0,279.99
distance_sensors,static,0.7,14,9600084,False,0,1,94.5
apriltag,static,0.7,14,9600084,False,1,0,25.0
imu,static,0.7,14,9600084,False,1,0,0.0
dual_camera_apriltag,static,0.7,14,9600084,False,1,0,50.0
full_suite,static,0.7,14,9600084,True,0,2,399.49
dead_reckoning,static,0.7,15,9600085,False,1,0,0.0
odometry_pods,static,0.7,15,9600085,False,1,0,279.99
distance_sensors,static,0.7,15,9600085,False,1,0,94.5
apriltag,static,0.7,15,9600085,False,1,6,25.0
imu,static,0.7,15,9600085,False,1,0,0.0
dual_camera_apriltag,static,0.7,15,9600085,False,1,6,50.0
full_suite,static,0.7,15,9600085,True,0,4,399.49
dead_reckoning,static,0.7,16,9600086,False,1,0,0.0
odometry_pods,static,0.7,16,9600086,False,1,0,279.99
distance_sensors,static,0.7,16,9600086,True,0,0,94.5
apriltag,static,0.7,16,9600086,False,1,0,25.0
imu,static,0.7,16,9600086,False,1,0,0.0
dual_camera_apriltag,static,0.7,16,9600086,False,1,0,50.0
full_suite,static,0.7,16,9600086,True,0,0,399.49
dead_reckoning,static,0.7,17,9600087,False,0,0,0.0
odometry_pods,static,0.7,17,9600087,False,1,0,279.99
distance_sensors,static,0.7,17,9600087,False,1,4,94.5
apriltag,static,0.7,17,9600087,False,0,2,25.0
imu,static,0.7,17,9600087,False,0,0,0.0
dual_camera_apriltag,static,0.7,17,9600087,False,0,2,50.0
full_suite,static,0.7,17,9600087,True,0,11,399.49
dead_reckoning,static,0.7,18,9600088,False,1,0,0.0
odometry_pods,static,0.7,18,9600088,False,1,0,279.99
distance_sensors,static,0.7,18,9600088,False,1,0,94.5
apriltag,static,0.7,18,9600088,False,1,3,25.0
imu,static,0.7,18,9600088,False,1,0,0.0
dual_camera_apriltag,static,0.7,18,9600088,False,1,3,50.0
full_suite,static,0.7,18,9600088,True,0,4,399.49
dead_reckoning,static,0.7,19,9600089,True,0,0,0.0
odometry_pods,static,0.7,19,9600089,True,0,0,279.99
distance_sensors,static,0.7,19,9600089,False,0,4,94.5
apriltag,static,0.7,19,9600089,True,0,2,25.0
imu,static,0.7,19,9600089,True,0,0,0.0
dual_camera_apriltag,static,0.7,19,9600089,True,0,2,50.0
full_suite,static,0.7,19,9600089,False,1,6,399.49
dead_reckoning,static,0.7,20,9600090,False,0,0,0.0
odometry_pods,static,0.7,20,9600090,False,1,0,279.99
distance_sensors,static,0.7,20,9600090,False,0,1,94.5
apriltag,static,0.7,20,9600090,False,1,4,25.0
imu,static,0.7,20,9600090,False,0,0,0.0
dual_camera_apriltag,static,0.7,20,9600090,False,1,4,50.0
full_suite,static,0.7,20,9600090,True,0,10,399.49
dead_reckoning,static,0.7,21,9600091,False,0,0,0.0
odometry_pods,static,0.7,21,9600091,False,1,0,279.99
distance_sensors,static,0.7,21,9600091,False,1,1,94.5
apriltag,static,0.7,21,9600091,False,1,16,25.0
imu,static,0.7,21,9600091,False,0,0,0.0
dual_camera_apriltag,static,0.7,21,9600091,False,1,16,50.0
full_suite,static,0.7,21,9600091,False,1,1,399.49
dead_reckoning,static,0.7,22,9600092,False,1,0,0.0
odometry_pods,static,0.7,22,9600092,False,1,0,279.99
distance_sensors,static,0.7,22,9600092,False,1,1,94.5
apriltag,static,0.7,22,9600092,False,1,6,25.0
imu,static,0.7,22,9600092,False,1,0,0.0
dual_camera_apriltag,static,0.7,22,9600092,False,1,6,50.0
full_suite,static,0.7,22,9600092,True,0,12,399.49
dead_reckoning,static,0.7,23,9600093,False,1,0,0.0
odometry_pods,static,0.7,23,9600093,False,1,0,279.99
distance_sensors,static,0.7,23,9600093,True,0,0,94.5
apriltag,static,0.7,23,9600093,False,1,0,25.0
imu,static,0.7,23,9600093,False,1,0,0.0
dual_camera_apriltag,static,0.7,23,9600093,False,1,0,50.0
full_suite,static,0.7,23,9600093,True,0,1,399.49
dead_reckoning,static,0.7,24,9600094,False,0,0,0.0
odometry_pods,static,0.7,24,9600094,True,0,0,279.99
distance_sensors,static,0.7,24,9600094,False,1,0,94.5
apriltag,static,0.7,24,9600094,True,0,2,25.0
imu,static,0.7,24,9600094,False,0,0,0.0
dual_camera_apriltag,static,0.7,24,9600094,True,0,2,50.0
full_suite,static,0.7,24,9600094,False,1,0,399.49
dead_reckoning,static,0.8,0,9600080,False,1,0,0.0
odometry_pods,static,0.8,0,9600080,True,0,0,279.99
distance_sensors,static,0.8,0,9600080,False,1,1,94.5
apriltag,static,0.8,0,9600080,False,1,14,25.0
imu,static,0.8,0,9600080,False,1,0,0.0
dual_camera_apriltag,static,0.8,0,9600080,False,1,14,50.0
full_suite,static,0.8,0,9600080,True,0,15,399.49
dead_reckoning,static,0.8,1,9600081,False,1,0,0.0
odometry_pods,static,0.8,1,9600081,False,1,0,279.99
distance_sensors,static,0.8,1,9600081,True,0,0,94.5
apriltag,static,0.8,1,9600081,False,1,5,25.0
imu,static,0.8,1,9600081,False,1,0,0.0
dual_camera_apriltag,static,0.8,1,9600081,False,1,5,50.0
full_suite,static,0.8,1,9600081,True,0,9,399.49
dead_reckoning,static,0.8,2,9600082,False,1,0,0.0
odometry_pods,static,0.8,2,9600082,False,1,0,279.99
distance_sensors,static,0.8,2,9600082,False,1,0,94.5
apriltag,static,0.8,2,9600082,False,1,0,25.0
imu,static,0.8,2,9600082,False,1,0,0.0
dual_camera_apriltag,static,0.8,2,9600082,False,1,0,50.0
full_suite,static,0.8,2,9600082,False,1,0,399.49
dead_reckoning,static,0.8,3,9600083,False,1,0,0.0
odometry_pods,static,0.8,3,9600083,False,1,0,279.99
distance_sensors,static,0.8,3,9600083,False,1,1,94.5
apriltag,static,0.8,3,9600083,False,1,1,25.0
imu,static,0.8,3,9600083,False,1,0,0.0
dual_camera_apriltag,static,0.8,3,9600083,False,1,1,50.0
full_suite,static,0.8,3,9600083,False,1,1,399.49
dead_reckoning,static,0.8,4,9600084,False,1,0,0.0
odometry_pods,static,0.8,4,9600084,False,1,0,279.99
distance_sensors,static,0.8,4,9600084,False,0,1,94.5
apriltag,static,0.8,4,9600084,False,1,0,25.0
imu,static,0.8,4,9600084,False,1,0,0.0
dual_camera_apriltag,static,0.8,4,9600084,False,1,0,50.0
full_suite,static,0.8,4,9600084,True,0,2,399.49
dead_reckoning,static,0.8,5,9600085,False,1,0,0.0
odometry_pods,static,0.8,5,9600085,False,1,0,279.99
distance_sensors,static,0.8,5,9600085,False,1,0,94.5
apriltag,static,0.8,5,9600085,False,1,6,25.0
imu,static,0.8,5,9600085,False,1,0,0.0
dual_camera_apriltag,static,0.8,5,9600085,False,1,6,50.0
full_suite,static,0.8,5,9600085,True,0,4,399.49
dead_reckoning,static,0.8,6,9600086,False,1,0,0.0
odometry_pods,static,0.8,6,9600086,False,1,0,279.99
distance_sensors,static,0.8,6,9600086,True,0,0,94.5
apriltag,static,0.8,6,9600086,False,1,0,25.0
imu,static,0.8,6,9600086,False,1,0,0.0
dual_camera_apriltag,static,0.8,6,9600086,False,1,0,50.0
full_suite,static,0.8,6,9600086,True,0,0,399.49
dead_reckoning,static,0.8,7,9600087,False,0,0,0.0
odometry_pods,static,0.8,7,9600087,False,1,0,279.99
distance_sensors,static,0.8,7,9600087,False,1,4,94.5
apriltag,static,0.8,7,9600087,False,0,2,25.0
imu,static,0.8,7,9600087,False,0,0,0.0
dual_camera_apriltag,static,0.8,7,9600087,False,0,2,50.0
full_suite,static,0.8,7,9600087,True,0,11,399.49
dead_reckoning,static,0.8,8,9600088,False,1,0,0.0
odometry_pods,static,0.8,8,9600088,False,1,0,279.99
distance_sensors,static,0.8,8,9600088,False,1,0,94.5
apriltag,static,0.8,8,9600088,False,1,3,25.0
imu,static,0.8,8,9600088,False,1,0,0.0
dual_camera_apriltag,static,0.8,8,9600088,False,1,3,50.0
full_suite,static,0.8,8,9600088,True,0,4,399.49
dead_reckoning,static,0.8,9,9600089,False,1,0,0.0
odometry_pods,static,0.8,9,9600089,False,1,0,279.99
distance_sensors,static,0.8,9,9600089,False,0,4,94.5
apriltag,static,0.8,9,9600089,False,1,0,25.0
imu,static,0.8,9,9600089,False,1,0,0.0
dual_camera_apriltag,static,0.8,9,9600089,False,1,0,50.0
full_suite,static,0.8,9,9600089,False,1,6,399.49
dead_reckoning,static,0.8,10,9600090,False,0,0,0.0
odometry_pods,static,0.8,10,9600090,False,1,0,279.99
distance_sensors,static,0.8,10,9600090,False,0,1,94.5
apriltag,static,0.8,10,9600090,False,1,4,25.0
imu,static,0.8,10,9600090,False,0,0,0.0
dual_camera_apriltag,static,0.8,10,9600090,False,1,4,50.0
full_suite,static,0.8,10,9600090,True,0,10,399.49
dead_reckoning,static,0.8,11,9600091,False,0,0,0.0
odometry_pods,static,0.8,11,9600091,False,1,0,279.99
distance_sensors,static,0.8,11,9600091,False,1,1,94.5
apriltag,static,0.8,11,9600091,False,1,16,25.0
imu,static,0.8,11,9600091,False,0,0,0.0
dual_camera_apriltag,static,0.8,11,9600091,False,1,16,50.0
full_suite,static,0.8,11,9600091,False,1,1,399.49
dead_reckoning,static,0.8,12,9600092,False,1,0,0.0
odometry_pods,static,0.8,12,9600092,False,1,0,279.99
distance_sensors,static,0.8,12,9600092,False,1,1,94.5
apriltag,static,0.8,12,9600092,False,1,6,25.0
imu,static,0.8,12,9600092,False,1,0,0.0
dual_camera_apriltag,static,0.8,12,9600092,False,1,6,50.0
full_suite,static,0.8,12,9600092,True,0,12,399.49
dead_reckoning,static,0.8,13,9600093,False,1,0,0.0
odometry_pods,static,0.8,13,9600093,False,1,0,279.99
distance_sensors,static,0.8,13,9600093,True,0,0,94.5
apriltag,static,0.8,13,9600093,False,1,0,25.0
imu,static,0.8,13,9600093,False,1,0,0.0
dual_camera_apriltag,static,0.8,13,9600093,False,1,0,50.0
full_suite,static,0.8,13,9600093,True,0,1,399.49
dead_reckoning,static,0.8,14,9600094,False,0,0,0.0
odometry_pods,static,0.8,14,9600094,True,0,0,279.99
distance_sensors,static,0.8,14,9600094,False,1,0,94.5
apriltag,static,0.8,14,9600094,True,0,2,25.0
imu,static,0.8,14,9600094,False,0,0,0.0
dual_camera_apriltag,static,0.8,14,9600094,True,0,2,50.0
full_suite,static,0.8,14,9600094,False,1,0,399.49
dead_reckoning,static,0.8,15,9600095,False,1,0,0.0
odometry_pods,static,0.8,15,9600095,False,1,0,279.99
distance_sensors,static,0.8,15,9600095,False,1,0,94.5
apriltag,static,0.8,15,9600095,False,1,9,25.0
imu,static,0.8,15,9600095,False,1,0,0.0
dual_camera_apriltag,static,0.8,15,9600095,False,1,9,50.0
full_suite,static,0.8,15,9600095,True,0,15,399.49
dead_reckoning,static,0.8,16,9600096,True,0,0,0.0
odometry_pods,static,0.8,16,9600096,True,0,0,279.99
distance_sensors,static,0.8,16,9600096,True,0,0,94.5
apriltag,static,0.8,16,9600096,True,0,0,25.0
imu,static,0.8,16,9600096,True,0,0,0.0
dual_camera_apriltag,static,0.8,16,9600096,True,0,0,50.0
full_suite,static,0.8,16,9600096,True,0,1,399.49
dead_reckoning,static,0.8,17,9600097,False,1,0,0.0
odometry_pods,static,0.8,17,9600097,False,1,0,279.99
distance_sensors,static,0.8,17,9600097,False,1,1,94.5
apriltag,static,0.8,17,9600097,False,1,0,25.0
imu,static,0.8,17,9600097,False,1,0,0.0
dual_camera_apriltag,static,0.8,17,9600097,False,1,0,50.0
full_suite,static,0.8,17,9600097,True,0,7,399.49
dead_reckoning,static,0.8,18,9600098,False,1,0,0.0
odometry_pods,static,0.8,18,9600098,False,1,0,279.99
distance_sensors,static,0.8,18,9600098,False,1,0,94.5
apriltag,static,0.8,18,9600098,False,1,0,25.0
imu,static,0.8,18,9600098,False,1,0,0.0
dual_camera_apriltag,static,0.8,18,9600098,False,1,0,50.0
full_suite,static,0.8,18,9600098,False,1,1,399.49
dead_reckoning,static,0.8,19,9600099,True,0,0,0.0
odometry_pods,static,0.8,19,9600099,True,0,0,279.99
distance_sensors,static,0.8,19,9600099,True,0,0,94.5
apriltag,static,0.8,19,9600099,True,0,1,25.0
imu,static,0.8,19,9600099,True,0,0,0.0
dual_camera_apriltag,static,0.8,19,9600099,True,0,1,50.0
full_suite,static,0.8,19,9600099,True,0,1,399.49
dead_reckoning,static,0.8,20,9600100,False,1,0,0.0
odometry_pods,static,0.8,20,9600100,False,1,0,279.99
distance_sensors,static,0.8,20,9600100,False,1,3,94.5
apriltag,static,0.8,20,9600100,False,1,2,25.0
imu,static,0.8,20,9600100,False,1,0,0.0
dual_camera_apriltag,static,0.8,20,9600100,False,1,2,50.0
full_suite,static,0.8,20,9600100,True,0,5,399.49
dead_reckoning,static,0.8,21,9600101,False,1,0,0.0
odometry_pods,static,0.8,21,9600101,False,1,0,279.99
distance_sensors,static,0.8,21,9600101,False,1,0,94.5
apriltag,static,0.8,21,9600101,False,1,0,25.0
imu,static,0.8,21,9600101,False,1,0,0.0
dual_camera_apriltag,static,0.8,21,9600101,False,1,0,50.0
full_suite,static,0.8,21,9600101,True,0,0,399.49
dead_reckoning,static,0.8,22,9600102,False,1,0,0.0
odometry_pods,static,0.8,22,9600102,False,1,0,279.99
distance_sensors,static,0.8,22,9600102,False,1,0,94.5
apriltag,static,0.8,22,9600102,False,1,3,25.0
imu,static,0.8,22,9600102,False,1,0,0.0
dual_camera_apriltag,static,0.8,22,9600102,False,1,3,50.0
full_suite,static,0.8,22,9600102,False,1,0,399.49
dead_reckoning,static,0.8,23,9600103,True,0,0,0.0
odometry_pods,static,0.8,23,9600103,True,0,0,279.99
distance_sensors,static,0.8,23,9600103,False,1,0,94.5
apriltag,static,0.8,23,9600103,False,0,3,25.0
imu,static,0.8,23,9600103,True,0,0,0.0
dual_camera_apriltag,static,0.8,23,9600103,False,0,3,50.0
full_suite,static,0.8,23,9600103,True,0,3,399.49
dead_reckoning,static,0.8,24,9600104,False,1,0,0.0
odometry_pods,static,0.8,24,9600104,False,1,0,279.99
distance_sensors,static,0.8,24,9600104,False,1,0,94.5
apriltag,static,0.8,24,9600104,False,1,0,25.0
imu,static,0.8,24,9600104,False,1,0,0.0
dual_camera_apriltag,static,0.8,24,9600104,False,1,0,50.0
full_suite,static,0.8,24,9600104,True,0,4,399.49
dead_reckoning,static,0.9,0,9600090,False,0,0,0.0
odometry_pods,static,0.9,0,9600090,False,1,0,279.99
distance_sensors,static,0.9,0,9600090,False,0,1,94.5
apriltag,static,0.9,0,9600090,False,1,4,25.0
imu,static,0.9,0,9600090,False,0,0,0.0
dual_camera_apriltag,static,0.9,0,9600090,False,1,4,50.0
full_suite,static,0.9,0,9600090,True,0,10,399.49
dead_reckoning,static,0.9,1,9600091,False,0,0,0.0
odometry_pods,static,0.9,1,9600091,False,1,0,279.99
distance_sensors,static,0.9,1,9600091,False,1,1,94.5
apriltag,static,0.9,1,9600091,False,1,16,25.0
imu,static,0.9,1,9600091,False,0,0,0.0
dual_camera_apriltag,static,0.9,1,9600091,False,1,16,50.0
full_suite,static,0.9,1,9600091,False,1,1,399.49
dead_reckoning,static,0.9,2,9600092,False,1,0,0.0
odometry_pods,static,0.9,2,9600092,False,1,0,279.99
distance_sensors,static,0.9,2,9600092,False,1,1,94.5
apriltag,static,0.9,2,9600092,False,1,6,25.0
imu,static,0.9,2,9600092,False,1,0,0.0
dual_camera_apriltag,static,0.9,2,9600092,False,1,6,50.0
full_suite,static,0.9,2,9600092,True,0,12,399.49
dead_reckoning,static,0.9,3,9600093,False,1,0,0.0
odometry_pods,static,0.9,3,9600093,False,1,0,279.99
distance_sensors,static,0.9,3,9600093,True,0,0,94.5
apriltag,static,0.9,3,9600093,False,1,0,25.0
imu,static,0.9,3,9600093,False,1,0,0.0
dual_camera_apriltag,static,0.9,3,9600093,False,1,0,50.0
full_suite,static,0.9,3,9600093,True,0,1,399.49
dead_reckoning,static,0.9,4,9600094,False,1,0,0.0
odometry_pods,static,0.9,4,9600094,False,1,0,279.99
distance_sensors,static,0.9,4,9600094,False,1,0,94.5
apriltag,static,0.9,4,9600094,False,1,0,25.0
imu,static,0.9,4,9600094,False,1,0,0.0
dual_camera_apriltag,static,0.9,4,9600094,False,1,0,50.0
full_suite,static,0.9,4,9600094,False,1,0,399.49
dead_reckoning,static,0.9,5,9600095,False,1,0,0.0
odometry_pods,static,0.9,5,9600095,False,1,0,279.99
distance_sensors,static,0.9,5,9600095,False,1,0,94.5
apriltag,static,0.9,5,9600095,False,1,9,25.0
imu,static,0.9,5,9600095,False,1,0,0.0
dual_camera_apriltag,static,0.9,5,9600095,False,1,9,50.0
full_suite,static,0.9,5,9600095,True,0,15,399.49
dead_reckoning,static,0.9,6,9600096,False,1,0,0.0
odometry_pods,static,0.9,6,9600096,False,1,0,279.99
distance_sensors,static,0.9,6,9600096,True,0,0,94.5
apriltag,static,0.9,6,9600096,False,1,0,25.0
imu,static,0.9,6,9600096,False,1,0,0.0
dual_camera_apriltag,static,0.9,6,9600096,False,1,0,50.0
full_suite,static,0.9,6,9600096,True,0,1,399.49
dead_reckoning,static,0.9,7,9600097,False,1,0,0.0
odometry_pods,static,0.9,7,9600097,False,1,0,279.99
distance_sensors,static,0.9,7,9600097,False,1,1,94.5
apriltag,static,0.9,7,9600097,False,1,0,25.0
imu,static,0.9,7,9600097,False,1,0,0.0
dual_camera_apriltag,static,0.9,7,9600097,False,1,0,50.0
full_suite,static,0.9,7,9600097,True,0,7,399.49
dead_reckoning,static,0.9,8,9600098,False,1,0,0.0
odometry_pods,static,0.9,8,9600098,False,1,0,279.99
distance_sensors,static,0.9,8,9600098,False,1,0,94.5
apriltag,static,0.9,8,9600098,False,1,0,25.0
imu,static,0.9,8,9600098,False,1,0,0.0
dual_camera_apriltag,static,0.9,8,9600098,False,1,0,50.0
full_suite,static,0.9,8,9600098,False,1,1,399.49
dead_reckoning,static,0.9,9,9600099,True,0,0,0.0
odometry_pods,static,0.9,9,9600099,True,0,0,279.99
distance_sensors,static,0.9,9,9600099,True,0,0,94.5
apriltag,static,0.9,9,9600099,True,0,1,25.0
imu,static,0.9,9,9600099,True,0,0,0.0
dual_camera_apriltag,static,0.9,9,9600099,True,0,1,50.0
full_suite,static,0.9,9,9600099,True,0,1,399.49
dead_reckoning,static,0.9,10,9600100,False,1,0,0.0
odometry_pods,static,0.9,10,9600100,False,1,0,279.99
distance_sensors,static,0.9,10,9600100,False,1,3,94.5
apriltag,static,0.9,10,9600100,False,1,2,25.0
imu,static,0.9,10,9600100,False,1,0,0.0
dual_camera_apriltag,static,0.9,10,9600100,False,1,2,50.0
full_suite,static,0.9,10,9600100,True,0,5,399.49
dead_reckoning,static,0.9,11,9600101,False,1,0,0.0
odometry_pods,static,0.9,11,9600101,False,1,0,279.99
distance_sensors,static,0.9,11,9600101,False,1,0,94.5
apriltag,static,0.9,11,9600101,False,1,0,25.0
imu,static,0.9,11,9600101,False,1,0,0.0
dual_camera_apriltag,static,0.9,11,9600101,False,1,0,50.0
full_suite,static,0.9,11,9600101,True,0,0,399.49
dead_reckoning,static,0.9,12,9600102,False,1,0,0.0
odometry_pods,static,0.9,12,9600102,False,1,0,279.99
distance_sensors,static,0.9,12,9600102,False,1,0,94.5
apriltag,static,0.9,12,9600102,False,1,3,25.0
imu,static,0.9,12,9600102,False,1,0,0.0
dual_camera_apriltag,static,0.9,12,9600102,False,1,3,50.0
full_suite,static,0.9,12,9600102,False,1,0,399.49
dead_reckoning,static,0.9,13,9600103,True,0,0,0.0
odometry_pods,static,0.9,13,9600103,True,0,0,279.99
distance_sensors,static,0.9,13,9600103,False,1,0,94.5
apriltag,static,0.9,13,9600103,False,0,3,25.0
imu,static,0.9,13,9600103,True,0,0,0.0
dual_camera_apriltag,static,0.9,13,9600103,False,0,3,50.0
full_suite,static,0.9,13,9600103,True,0,3,399.49
dead_reckoning,static,0.9,14,9600104,False,1,0,0.0
odometry_pods,static,0.9,14,9600104,False,1,0,279.99
distance_sensors,static,0.9,14,9600104,False,1,0,94.5
apriltag,static,0.9,14,9600104,False,1,0,25.0
imu,static,0.9,14,9600104,False,1,0,0.0
dual_camera_apriltag,static,0.9,14,9600104,False,1,0,50.0
full_suite,static,0.9,14,9600104,True,0,4,399.49
dead_reckoning,static,0.9,15,9600105,False,1,0,0.0
odometry_pods,static,0.9,15,9600105,False,1,0,279.99
distance_sensors,static,0.9,15,9600105,False,1,3,94.5
apriltag,static,0.9,15,9600105,True,0,4,25.0
imu,static,0.9,15,9600105,False,1,0,0.0
dual_camera_apriltag,static,0.9,15,9600105,True,0,4,50.0
full_suite,static,0.9,15,9600105,True,0,7,399.49
dead_reckoning,static,0.9,16,9600106,False,1,0,0.0
odometry_pods,static,0.9,16,9600106,False,1,0,279.99
distance_sensors,static,0.9,16,9600106,True,0,0,94.5
apriltag,static,0.9,16,9600106,False,1,0,25.0
imu,static,0.9,16,9600106,False,1,0,0.0
dual_camera_apriltag,static,0.9,16,9600106,False,1,0,50.0
full_suite,static,0.9,16,9600106,True,0,3,399.49
dead_reckoning,static,0.9,17,9600107,False,1,0,0.0
odometry_pods,static,0.9,17,9600107,False,1,0,279.99
distance_sensors,static,0.9,17,9600107,False,1,0,94.5
apriltag,static,0.9,17,9600107,False,1,0,25.0
imu,static,0.9,17,9600107,False,1,0,0.0
dual_camera_apriltag,static,0.9,17,9600107,False,1,0,50.0
full_suite,static,0.9,17,9600107,False,1,0,399.49
dead_reckoning,static,0.9,18,9600108,False,1,0,0.0
odometry_pods,static,0.9,18,9600108,False,1,0,279.99
distance_sensors,static,0.9,18,9600108,True,0,0,94.5
apriltag,static,0.9,18,9600108,False,1,0,25.0
imu,static,0.9,18,9600108,False,1,0,0.0
dual_camera_apriltag,static,0.9,18,9600108,False,1,0,50.0
full_suite,static,0.9,18,9600108,True,0,0,399.49
dead_reckoning,static,0.9,19,9600109,False,1,0,0.0
odometry_pods,static,0.9,19,9600109,False,1,0,279.99
distance_sensors,static,0.9,19,9600109,False,1,1,94.5
apriltag,static,0.9,19,9600109,False,1,0,25.0
imu,static,0.9,19,9600109,False,1,0,0.0
dual_camera_apriltag,static,0.9,19,9600109,False,1,0,50.0
full_suite,static,0.9,19,9600109,False,1,1,399.49
dead_reckoning,static,0.9,20,9600110,False,1,0,0.0
odometry_pods,static,0.9,20,9600110,False,1,0,279.99
distance_sensors,static,0.9,20,9600110,False,0,1,94.5
apriltag,static,0.9,20,9600110,False,1,0,25.0
imu,static,0.9,20,9600110,False,1,0,0.0
dual_camera_apriltag,static,0.9,20,9600110,False,1,0,50.0
full_suite,static,0.9,20,9600110,True,0,10,399.49
dead_reckoning,static,0.9,21,9600111,True,0,0,0.0
odometry_pods,static,0.9,21,9600111,False,1,0,279.99
distance_sensors,static,0.9,21,9600111,False,1,0,94.5
apriltag,static,0.9,21,9600111,False,1,13,25.0
imu,static,0.9,21,9600111,True,0,0,0.0
dual_camera_apriltag,static,0.9,21,9600111,False,1,13,50.0
full_suite,static,0.9,21,9600111,False,1,0,399.49
dead_reckoning,static,0.9,22,9600112,False,1,0,0.0
odometry_pods,static,0.9,22,9600112,False,1,0,279.99
distance_sensors,static,0.9,22,9600112,False,1,5,94.5
apriltag,static,0.9,22,9600112,False,1,0,25.0
imu,static,0.9,22,9600112,False,1,0,0.0
dual_camera_apriltag,static,0.9,22,9600112,False,1,0,50.0
full_suite,static,0.9,22,9600112,True,0,10,399.49
dead_reckoning,static,0.9,23,9600113,False,1,0,0.0
odometry_pods,static,0.9,23,9600113,False,1,0,279.99
distance_sensors,static,0.9,23,9600113,False,1,0,94.5
apriltag,static,0.9,23,9600113,False,1,9,25.0
imu,static,0.9,23,9600113,False,1,0,0.0
dual_camera_apriltag,static,0.9,23,9600113,False,1,9,50.0
full_suite,static,0.9,23,9600113,False,1,0,399.49
dead_reckoning,static,0.9,24,9600114,False,1,0,0.0
odometry_pods,static,0.9,24,9600114,False,1,0,279.99
distance_sensors,static,0.9,24,9600114,True,0,0,94.5
apriltag,static,0.9,24,9600114,False,1,2,25.0
imu,static,0.9,24,9600114,False,1,0,0.0
dual_camera_apriltag,static,0.9,24,9600114,False,1,2,50.0
full_suite,static,0.9,24,9600114,True,0,2,399.49
dead_reckoning,static,1.0,0,9600100,False,1,0,0.0
odometry_pods,static,1.0,0,9600100,False,1,0,279.99
distance_sensors,static,1.0,0,9600100,False,1,3,94.5
apriltag,static,1.0,0,9600100,False,1,2,25.0
imu,static,1.0,0,9600100,False,1,0,0.0
dual_camera_apriltag,static,1.0,0,9600100,False,1,2,50.0
full_suite,static,1.0,0,9600100,True,0,5,399.49
dead_reckoning,static,1.0,1,9600101,False,1,0,0.0
odometry_pods,static,1.0,1,9600101,False,1,0,279.99
distance_sensors,static,1.0,1,9600101,False,1,0,94.5
apriltag,static,1.0,1,9600101,False,1,0,25.0
imu,static,1.0,1,9600101,False,1,0,0.0
dual_camera_apriltag,static,1.0,1,9600101,False,1,0,50.0
full_suite,static,1.0,1,9600101,True,0,0,399.49
dead_reckoning,static,1.0,2,9600102,False,1,0,0.0
odometry_pods,static,1.0,2,9600102,False,1,0,279.99
distance_sensors,static,1.0,2,9600102,False,1,0,94.5
apriltag,static,1.0,2,9600102,False,1,3,25.0
imu,static,1.0,2,9600102,False,1,0,0.0
dual_camera_apriltag,static,1.0,2,9600102,False,1,3,50.0
full_suite,static,1.0,2,9600102,False,1,0,399.49
dead_reckoning,static,1.0,3,9600103,False,1,0,0.0
odometry_pods,static,1.0,3,9600103,False,1,0,279.99
distance_sensors,static,1.0,3,9600103,False,1,1,94.5
apriltag,static,1.0,3,9600103,False,1,3,25.0
imu,static,1.0,3,9600103,False,1,0,0.0
dual_camera_apriltag,static,1.0,3,9600103,False,1,3,50.0
full_suite,static,1.0,3,9600103,True,0,6,399.49
dead_reckoning,static,1.0,4,9600104,False,1,0,0.0
odometry_pods,static,1.0,4,9600104,False,1,0,279.99
distance_sensors,static,1.0,4,9600104,False,1,0,94.5
apriltag,static,1.0,4,9600104,False,1,0,25.0
imu,static,1.0,4,9600104,False,1,0,0.0
dual_camera_apriltag,static,1.0,4,9600104,False,1,0,50.0
full_suite,static,1.0,4,9600104,True,0,4,399.49
dead_reckoning,static,1.0,5,9600105,False,1,0,0.0
odometry_pods,static,1.0,5,9600105,False,1,0,279.99
distance_sensors,static,1.0,5,9600105,False,1,3,94.5
apriltag,static,1.0,5,9600105,True,0,4,25.0
imu,static,1.0,5,9600105,False,1,0,0.0
dual_camera_apriltag,static,1.0,5,9600105,True,0,4,50.0
full_suite,static,1.0,5,9600105,True,0,7,399.49
dead_reckoning,static,1.0,6,9600106,False,1,0,0.0
odometry_pods,static,1.0,6,9600106,False,1,0,279.99
distance_sensors,static,1.0,6,9600106,True,0,0,94.5
apriltag,static,1.0,6,9600106,False,1,0,25.0
imu,static,1.0,6,9600106,False,1,0,0.0
dual_camera_apriltag,static,1.0,6,9600106,False,1,0,50.0
full_suite,static,1.0,6,9600106,True,0,3,399.49
dead_reckoning,static,1.0,7,9600107,False,1,0,0.0
odometry_pods,static,1.0,7,9600107,False,1,0,279.99
distance_sensors,static,1.0,7,9600107,False,1,0,94.5
apriltag,static,1.0,7,9600107,False,1,0,25.0
imu,static,1.0,7,9600107,False,1,0,0.0
dual_camera_apriltag,static,1.0,7,9600107,False,1,0,50.0
full_suite,static,1.0,7,9600107,False,1,0,399.49
dead_reckoning,static,1.0,8,9600108,False,1,0,0.0
odometry_pods,static,1.0,8,9600108,False,1,0,279.99
distance_sensors,static,1.0,8,9600108,True,0,0,94.5
apriltag,static,1.0,8,9600108,False,1,0,25.0
imu,static,1.0,8,9600108,False,1,0,0.0
dual_camera_apriltag,static,1.0,8,9600108,False,1,0,50.0
full_suite,static,1.0,8,9600108,True,0,0,399.49
dead_reckoning,static,1.0,9,9600109,False,1,0,0.0
odometry_pods,static,1.0,9,9600109,False,1,0,279.99
distance_sensors,static,1.0,9,9600109,False,1,1,94.5
apriltag,static,1.0,9,9600109,False,1,0,25.0
imu,static,1.0,9,9600109,False,1,0,0.0
dual_camera_apriltag,static,1.0,9,9600109,False,1,0,50.0
full_suite,static,1.0,9,9600109,False,1,1,399.49
dead_reckoning,static,1.0,10,9600110,False,1,0,0.0
odometry_pods,static,1.0,10,9600110,False,1,0,279.99
distance_sensors,static,1.0,10,9600110,False,0,1,94.5
apriltag,static,1.0,10,9600110,False,1,0,25.0
imu,static,1.0,10,9600110,False,1,0,0.0
dual_camera_apriltag,static,1.0,10,9600110,False,1,0,50.0
full_suite,static,1.0,10,9600110,True,0,10,399.49
dead_reckoning,static,1.0,11,9600111,True,0,0,0.0
odometry_pods,static,1.0,11,9600111,False,1,0,279.99
distance_sensors,static,1.0,11,9600111,False,1,0,94.5
apriltag,static,1.0,11,9600111,False,1,13,25.0
imu,static,1.0,11,9600111,True,0,0,0.0
dual_camera_apriltag,static,1.0,11,9600111,False,1,13,50.0
full_suite,static,1.0,11,9600111,False,1,0,399.49
dead_reckoning,static,1.0,12,9600112,False,1,0,0.0
odometry_pods,static,1.0,12,9600112,False,1,0,279.99
distance_sensors,static,1.0,12,9600112,False,1,5,94.5
apriltag,static,1.0,12,9600112,False,1,0,25.0
imu,static,1.0,12,9600112,False,1,0,0.0
dual_camera_apriltag,static,1.0,12,9600112,False,1,0,50.0
full_suite,static,1.0,12,9600112,True,0,10,399.49
dead_reckoning,static,1.0,13,9600113,False,1,0,0.0
odometry_pods,static,1.0,13,9600113,False,1,0,279.99
distance_sensors,static,1.0,13,9600113,False,1,0,94.5
apriltag,static,1.0,13,9600113,False,1,9,25.0
imu,static,1.0,13,9600113,False,1,0,0.0
dual_camera_apriltag,static,1.0,13,9600113,False,1,9,50.0
full_suite,static,1.0,13,9600113,False,1,0,399.49
dead_reckoning,static,1.0,14,9600114,False,1,0,0.0
odometry_pods,static,1.0,14,9600114,False,1,0,279.99
distance_sensors,static,1.0,14,9600114,True,0,0,94.5
apriltag,static,1.0,14,9600114,False,1,2,25.0
imu,static,1.0,14,9600114,False,1,0,0.0
dual_camera_apriltag,static,1.0,14,9600114,False,1,2,50.0
full_suite,static,1.0,14,9600114,True,0,2,399.49
dead_reckoning,static,1.0,15,9600115,False,1,0,0.0
odometry_pods,static,1.0,15,9600115,False,1,0,279.99
distance_sensors,static,1.0,15,9600115,False,1,0,94.5
apriltag,static,1.0,15,9600115,False,1,2,25.0
imu,static,1.0,15,9600115,False,1,0,0.0
dual_camera_apriltag,static,1.0,15,9600115,False,1,2,50.0
full_suite,static,1.0,15,9600115,True,0,4,399.49
dead_reckoning,static,1.0,16,9600116,False,1,0,0.0
odometry_pods,static,1.0,16,9600116,False,1,0,279.99
distance_sensors,static,1.0,16,9600116,True,0,0,94.5
apriltag,static,1.0,16,9600116,False,1,0,25.0
imu,static,1.0,16,9600116,False,1,0,0.0
dual_camera_apriltag,static,1.0,16,9600116,False,1,0,50.0
full_suite,static,1.0,16,9600116,True,0,7,399.49
dead_reckoning,static,1.0,17,9600117,False,1,0,0.0
odometry_pods,static,1.0,17,9600117,False,1,0,279.99
distance_sensors,static,1.0,17,9600117,False,0,0,94.5
apriltag,static,1.0,17,9600117,False,1,0,25.0
imu,static,1.0,17,9600117,False,1,0,0.0
dual_camera_apriltag,static,1.0,17,9600117,False,1,0,50.0
full_suite,static,1.0,17,9600117,True,0,1,399.49
dead_reckoning,static,1.0,18,9600118,False,0,0,0.0
odometry_pods,static,1.0,18,9600118,False,1,0,279.99
distance_sensors,static,1.0,18,9600118,True,0,0,94.5
apriltag,static,1.0,18,9600118,False,0,1,25.0
imu,static,1.0,18,9600118,False,0,0,0.0
dual_camera_apriltag,static,1.0,18,9600118,False,0,1,50.0
full_suite,static,1.0,18,9600118,True,0,1,399.49
dead_reckoning,static,1.0,19,9600119,False,1,0,0.0
odometry_pods,static,1.0,19,9600119,False,1,0,279.99
distance_sensors,static,1.0,19,9600119,False,0,2,94.5
apriltag,static,1.0,19,9600119,False,1,13,25.0
imu,static,1.0,19,9600119,False,1,0,0.0
dual_camera_apriltag,static,1.0,19,9600119,False,1,13,50.0
full_suite,static,1.0,19,9600119,True,0,8,399.49
dead_reckoning,static,1.0,20,9600120,False,1,0,0.0
odometry_pods,static,1.0,20,9600120,False,1,0,279.99
distance_sensors,static,1.0,20,9600120,False,1,1,94.5
apriltag,static,1.0,20,9600120,False,1,3,25.0
imu,static,1.0,20,9600120,False,1,0,0.0
dual_camera_apriltag,static,1.0,20,9600120,False,1,3,50.0
full_suite,static,1.0,20,9600120,False,1,1,399.49
dead_reckoning,static,1.0,21,9600121,False,1,0,0.0
odometry_pods,static,1.0,21,9600121,False,1,0,279.99
distance_sensors,static,1.0,21,9600121,True,0,1,94.5
apriltag,static,1.0,21,9600121,False,1,0,25.0
imu,static,1.0,21,9600121,False,1,0,0.0
dual_camera_apriltag,static,1.0,21,9600121,False,1,0,50.0
full_suite,static,1.0,21,9600121,True,0,4,399.49
dead_reckoning,static,1.0,22,9600122,False,1,0,0.0
odometry_pods,static,1.0,22,9600122,False,1,0,279.99
distance_sensors,static,1.0,22,9600122,False,1,0,94.5
apriltag,static,1.0,22,9600122,False,1,14,25.0
imu,static,1.0,22,9600122,False,1,0,0.0
dual_camera_apriltag,static,1.0,22,9600122,False,1,14,50.0
full_suite,static,1.0,22,9600122,False,1,0,399.49
dead_reckoning,static,1.0,23,9600123,True,0,0,0.0
odometry_pods,static,1.0,23,9600123,False,1,0,279.99
distance_sensors,static,1.0,23,9600123,False,1,1,94.5
apriltag,static,1.0,23,9600123,False,1,6,25.0
imu,static,1.0,23,9600123,True,0,0,0.0
dual_camera_apriltag,static,1.0,23,9600123,False,1,6,50.0
full_suite,static,1.0,23,9600123,True,0,8,399.49
dead_reckoning,static,1.0,24,9600124,False,1,0,0.0
odometry_pods,static,1.0,24,9600124,False,1,0,279.99
distance_sensors,static,1.0,24,9600124,True,0,1,94.5
apriltag,static,1.0,24,9600124,False,1,0,25.0
imu,static,1.0,24,9600124,False,1,0,0.0
dual_camera_apriltag,static,1.0,24,9600124,False,1,0,50.0
full_suite,static,1.0,24,9600124,True,0,3,399.49
dead_reckoning,moving,0.0,0,10600000,False,0,0,0.0
odometry_pods,moving,0.0,0,10600000,True,0,0,279.99
distance_sensors,moving,0.0,0,10600000,False,0,0,94.5
apriltag,moving,0.0,0,10600000,True,0,11,25.0
imu,moving,0.0,0,10600000,False,0,0,0.0
dual_camera_apriltag,moving,0.0,0,10600000,True,0,11,50.0
full_suite,moving,0.0,0,10600000,True,0,6,399.49
dead_reckoning,moving,0.0,1,10600001,False,1,0,0.0
odometry_pods,moving,0.0,1,10600001,True,0,0,279.99
distance_sensors,moving,0.0,1,10600001,False,1,0,94.5
apriltag,moving,0.0,1,10600001,True,0,1,25.0
imu,moving,0.0,1,10600001,False,1,0,0.0
dual_camera_apriltag,moving,0.0,1,10600001,True,0,1,50.0
full_suite,moving,0.0,1,10600001,False,1,0,399.49
dead_reckoning,moving,0.0,2,10600002,True,0,0,0.0
odometry_pods,moving,0.0,2,10600002,True,0,0,279.99
distance_sensors,moving,0.0,2,10600002,True,0,0,94.5
apriltag,moving,0.0,2,10600002,True,0,3,25.0
imu,moving,0.0,2,10600002,True,0,0,0.0
dual_camera_apriltag,moving,0.0,2,10600002,True,0,3,50.0
full_suite,moving,0.0,2,10600002,True,0,2,399.49
dead_reckoning,moving,0.0,3,10600003,False,1,0,0.0
odometry_pods,moving,0.0,3,10600003,True,0,0,279.99
distance_sensors,moving,0.0,3,10600003,False,1,2,94.5
apriltag,moving,0.0,3,10600003,False,1,1,25.0
imu,moving,0.0,3,10600003,False,1,0,0.0
dual_camera_apriltag,moving,0.0,3,10600003,False,1,1,50.0
full_suite,moving,0.0,3,10600003,True,0,4,399.49
dead_reckoning,moving,0.0,4,10600004,False,0,0,0.0
odometry_pods,moving,0.0,4,10600004,True,0,0,279.99
distance_sensors,moving,0.0,4,10600004,False,1,3,94.5
apriltag,moving,0.0,4,10600004,False,1,1,25.0
imu,moving,0.0,4,10600004,False,0,0,0.0
dual_camera_apriltag,moving,0.0,4,10600004,False,1,1,50.0
full_suite,moving,0.0,4,10600004,True,0,13,399.49
dead_reckoning,moving,0.0,5,10600005,False,0,0,0.0
odometry_pods,moving,0.0,5,10600005,True,0,0,279.99
distance_sensors,moving,0.0,5,10600005,False,1,0,94.5
apriltag,moving,0.0,5,10600005,False,0,9,25.0
imu,moving,0.0,5,10600005,False,0,0,0.0
dual_camera_apriltag,moving,0.0,5,10600005,False,0,9,50.0
full_suite,moving,0.0,5,10600005,True,0,2,399.49
dead_reckoning,moving,0.0,6,10600006,False,1,0,0.0
odometry_pods,moving,0.0,6,10600006,True,0,0,279.99
distance_sensors,moving,0.0,6,10600006,False,1,0,94.5
apriltag,moving,0.0,6,10600006,True,0,13,25.0
imu,moving,0.0,6,10600006,False,1,0,0.0
dual_camera_apriltag,moving,0.0,6,10600006,True,0,13,50.0
full_suite,moving,0.0,6,10600006,True,0,7,399.49
dead_reckoning,moving,0.0,7,10600007,True,0,0,0.0
odometry_pods,moving,0.0,7,10600007,True,0,0,279.99
distance_sensors,moving,0.0,7,10600007,False,1,0,94.5
apriltag,moving,0.0,7,10600007,True,0,0,25.0
imu,moving,0.0,7,10600007,True,0,0,0.0
dual_camera_apriltag,moving,0.0,7,10600007,True,0,0,50.0
full_suite,moving,0.0,7,10600007,True,0,0,399.49
dead_reckoning,moving,0.0,8,10600008,True,0,0,0.0
odometry_pods,moving,0.0,8,10600008,True,0,0,279.99
distance_sensors,moving,0.0,8,10600008,False,0,0,94.5
apriltag,moving,0.0,8,10600008,True,0,8,25.0
imu,moving,0.0,8,10600008,True,0,0,0.0
dual_camera_apriltag,moving,0.0,8,10600008,True,0,8,50.0
full_suite,moving,0.0,8,10600008,True,0,6,399.49
dead_reckoning,moving,0.0,9,10600009,False,1,0,0.0
odometry_pods,moving,0.0,9,10600009,True,0,0,279.99
distance_sensors,moving,0.0,9,10600009,True,0,1,94.5
apriltag,moving,0.0,9,10600009,True,0,17,25.0
imu,moving,0.0,9,10600009,False,1,0,0.0
dual_camera_apriltag,moving,0.0,9,10600009,True,0,17,50.0
full_suite,moving,0.0,9,10600009,True,0,7,399.49
dead_reckoning,moving,0.0,10,10600010,False,0,0,0.0
odometry_pods,moving,0.0,10,10600010,True,0,0,279.99
distance_sensors,moving,0.0,10,10600010,False,1,4,94.5
apriltag,moving,0.0,10,10600010,True,0,12,25.0
imu,moving,0.0,10,10600010,False,0,0,0.0
dual_camera_apriltag,moving,0.0,10,10600010,True,0,12,50.0
full_suite,moving,0.0,10,10600010,True,0,15,399.49
dead_reckoning,moving,0.0,11,10600011,False,0,0,0.0
odometry_pods,moving,0.0,11,10600011,True,0,0,279.99
distance_sensors,moving,0.0,11,10600011,False,1,3,94.5
apriltag,moving,0.0,11,10600011,True,0,5,25.0
imu,moving,0.0,11,10600011,False,0,0,0.0
dual_camera_apriltag,moving,0.0,11,10600011,True,0,5,50.0
full_suite,moving,0.0,11,10600011,True,0,8,399.49
dead_reckoning,moving,0.0,12,10600012,False,0,0,0.0
odometry_pods,moving,0.0,12,10600012,True,0,0,279.99
distance_sensors,moving,0.0,12,10600012,False,1,0,94.5
apriltag,moving,0.0,12,10600012,True,0,15,25.0
imu,moving,0.0,12,10600012,False,0,0,0.0
dual_camera_apriltag,moving,0.0,12,10600012,True,0,15,50.0
full_suite,moving,0.0,12,10600012,True,0,11,399.49
dead_reckoning,moving,0.0,13,10600013,True,0,0,0.0
odometry_pods,moving,0.0,13,10600013,True,0,0,279.99
distance_sensors,moving,0.0,13,10600013,True,0,0,94.5
apriltag,moving,0.0,13,10600013,True,0,4,25.0
imu,moving,0.0,13,10600013,True,0,0,0.0
dual_camera_apriltag,moving,0.0,13,10600013,True,0,4,50.0
full_suite,moving,0.0,13,10600013,True,0,2,399.49
dead_reckoning,moving,0.0,14,10600014,False,0,0,0.0
odometry_pods,moving,0.0,14,10600014,True,0,0,279.99
distance_sensors,moving,0.0,14,10600014,False,0,0,94.5
apriltag,moving,0.0,14,10600014,True,0,3,25.0
imu,moving,0.0,14,10600014,False,0,0,0.0
dual_camera_apriltag,moving,0.0,14,10600014,True,0,3,50.0
full_suite,moving,0.0,14,10600014,True,0,2,399.49
dead_reckoning,moving,0.0,15,10600015,False,1,0,0.0
odometry_pods,moving,0.0,15,10600015,True,0,0,279.99
distance_sensors,moving,0.0,15,10600015,False,1,2,94.5
apriltag,moving,0.0,15,10600015,False,1,0,25.0
imu,moving,0.0,15,10600015,False,1,0,0.0
dual_camera_apriltag,moving,0.0,15,10600015,False,1,0,50.0
full_suite,moving,0.0,15,10600015,True,0,3,399.49
dead_reckoning,moving,0.0,16,10600016,False,1,0,0.0
odometry_pods,moving,0.0,16,10600016,True,0,0,279.99
distance_sensors,moving,0.0,16,10600016,True,0,3,94.5
apriltag,moving,0.0,16,10600016,True,0,4,25.0
imu,moving,0.0,16,10600016,False,1,0,0.0
dual_camera_apriltag,moving,0.0,16,10600016,True,0,4,50.0
full_suite,moving,0.0,16,10600016,True,0,9,399.49
dead_reckoning,moving,0.0,17,10600017,False,1,0,0.0
odometry_pods,moving,0.0,17,10600017,True,0,0,279.99
distance_sensors,moving,0.0,17,10600017,False,1,0,94.5
apriltag,moving,0.0,17,10600017,False,1,1,25.0
imu,moving,0.0,17,10600017,False,1,0,0.0
dual_camera_apriltag,moving,0.0,17,10600017,False,1,1,50.0
full_suite,moving,0.0,17,10600017,False,1,0,399.49
dead_reckoning,moving,0.0,18,10600018,True,0,0,0.0
odometry_pods,moving,0.0,18,10600018,True,0,0,279.99
distance_sensors,moving,0.0,18,10600018,True,0,0,94.5
apriltag,moving,0.0,18,10600018,True,0,2,25.0
imu,moving,0.0,18,10600018,True,0,0,0.0
dual_camera_apriltag,moving,0.0,18,10600018,True,0,2,50.0
full_suite,moving,0.0,18,10600018,True,0,0,399.49
dead_reckoning,moving,0.0,19,10600019,False,1,0,0.0
odometry_pods,moving,0.0,19,10600019,True,0,0,279.99
distance_sensors,moving,0.0,19,10600019,True,0,0,94.5
apriltag,moving,0.0,19,10600019,True,0,4,25.0
imu,moving,0.0,19,10600019,False,1,0,0.0
dual_camera_apriltag,moving,0.0,19,10600019,True,0,4,50.0
full_suite,moving,0.0,19,10600019,True,0,6,399.49
dead_reckoning,moving,0.0,20,10600020,False,1,0,0.0
odometry_pods,moving,0.0,20,10600020,True,0,0,279.99
distance_sensors,moving,0.0,20,10600020,False,1,0,94.5
apriltag,moving,0.0,20,10600020,True,0,5,25.0
imu,moving,0.0,20,10600020,False,1,0,0.0
dual_camera_apriltag,moving,0.0,20,10600020,True,0,5,50.0
full_suite,moving,0.0,20,10600020,False,1,0,399.49
dead_reckoning,moving,0.0,21,10600021,False,0,0,0.0
odometry_pods,moving,0.0,21,10600021,True,0,0,279.99
distance_sensors,moving,0.0,21,10600021,False,0,0,94.5
apriltag,moving,0.0,21,10600021,False,0,1,25.0
imu,moving,0.0,21,10600021,False,0,0,0.0
dual_camera_apriltag,moving,0.0,21,10600021,False,0,1,50.0
full_suite,moving,0.0,21,10600021,True,0,1,399.49
dead_reckoning,moving,0.0,22,10600022,False,1,0,0.0
odometry_pods,moving,0.0,22,10600022,True,0,0,279.99
distance_sensors,moving,0.0,22,10600022,False,1,1,94.5
apriltag,moving,0.0,22,10600022,True,0,2,25.0
imu,moving,0.0,22,10600022,False,1,0,0.0
dual_camera_apriltag,moving,0.0,22,10600022,True,0,2,50.0
full_suite,moving,0.0,22,10600022,False,1,1,399.49
dead_reckoning,moving,0.0,23,10600023,True,0,0,0.0
odometry_pods,moving,0.0,23,10600023,True,0,0,279.99
distance_sensors,moving,0.0,23,10600023,False,1,0,94.5
apriltag,moving,0.0,23,10600023,True,0,12,25.0
imu,moving,0.0,23,10600023,True,0,0,0.0
dual_camera_apriltag,moving,0.0,23,10600023,True,0,12,50.0
full_suite,moving,0.0,23,10600023,False,1,0,399.49
dead_reckoning,moving,0.0,24,10600024,True,0,0,0.0
odometry_pods,moving,0.0,24,10600024,True,0,0,279.99
distance_sensors,moving,0.0,24,10600024,True,0,1,94.5
apriltag,moving,0.0,24,10600024,True,0,3,25.0
imu,moving,0.0,24,10600024,True,0,0,0.0
dual_camera_apriltag,moving,0.0,24,10600024,True,0,3,50.0
full_suite,moving,0.0,24,10600024,True,0,6,399.49
dead_reckoning,moving,0.1,0,10600010,False,0,0,0.0
odometry_pods,moving,0.1,0,10600010,True,0,0,279.99
distance_sensors,moving,0.1,0,10600010,False,1,4,94.5
apriltag,moving,0.1,0,10600010,True,0,12,25.0
imu,moving,0.1,0,10600010,False,0,0,0.0
dual_camera_apriltag,moving,0.1,0,10600010,True,0,12,50.0
full_suite,moving,0.1,0,10600010,True,0,15,399.49
dead_reckoning,moving,0.1,1,10600011,False,0,0,0.0
odometry_pods,moving,0.1,1,10600011,False,1,0,279.99
distance_sensors,moving,0.1,1,10600011,False,1,3,94.5
apriltag,moving,0.1,1,10600011,True,0,5,25.0
imu,moving,0.1,1,10600011,False,1,0,0.0
dual_camera_apriltag,moving,0.1,1,10600011,False,1,5,50.0
full_suite,moving,0.1,1,10600011,True,0,9,399.49
dead_reckoning,moving,0.1,2,10600012,False,0,0,0.0
odometry_pods,moving,0.1,2,10600012,True,0,0,279.99
distance_sensors,moving,0.1,2,10600012,False,1,0,94.5
apriltag,moving,0.1,2,10600012,True,0,15,25.0
imu,moving,0.1,2,10600012,False,0,0,0.0
dual_camera_apriltag,moving,0.1,2,10600012,True,0,15,50.0
full_suite,moving,0.1,2,10600012,True,0,11,399.49
dead_reckoning,moving,0.1,3,10600013,True,0,0,0.0
odometry_pods,moving,0.1,3,10600013,True,0,0,279.99
distance_sensors,moving,0.1,3,10600013,True,0,0,94.5
apriltag,moving,0.1,3,10600013,True,0,4,25.0
imu,moving,0.1,3,10600013,True,0,0,0.0
dual_camera_apriltag,moving,0.1,3,10600013,True,0,4,50.0
full_suite,moving,0.1,3,10600013,True,0,2,399.49
dead_reckoning,moving,0.1,4,10600014,False,0,0,0.0
odometry_pods,moving,0.1,4,10600014,True,0,0,279.99
distance_sensors,moving,0.1,4,10600014,False,0,0,94.5
apriltag,moving,0.1,4,10600014,True,0,3,25.0
imu,moving,0.1,4,10600014,False,0,0,0.0
dual_camera_apriltag,moving,0.1,4,10600014,True,0,3,50.0
full_suite,moving,0.1,4,10600014,True,0,2,399.49
dead_reckoning,moving,0.1,5,10600015,False,1,0,0.0
odometry_pods,moving,0.1,5,10600015,True,0,0,279.99
distance_sensors,moving,0.1,5,10600015,False,1,2,94.5
apriltag,moving,0.1,5,10600015,False,1,0,25.0
imu,moving,0.1,5,10600015,False,1,0,0.0
dual_camera_apriltag,moving,0.1,5,10600015,False,1,0,50.0
full_suite,moving,0.1,5,10600015,True,0,3,399.49
dead_reckoning,moving,0.1,6,10600016,False,1,0,0.0
odometry_pods,moving,0.1,6,10600016,True,0,0,279.99
distance_sensors,moving,0.1,6,10600016,True,0,3,94.5
apriltag,moving,0.1,6,10600016,True,0,4,25.0
imu,moving,0.1,6,10600016,False,1,0,0.0
dual_camera_apriltag,moving,0.1,6,10600016,True,0,4,50.0
full_suite,moving,0.1,6,10600016,True,0,9,399.49
dead_reckoning,moving,0.1,7,10600017,False,1,0,0.0
odometry_pods,moving,0.1,7,10600017,True,0,0,279.99
distance_sensors,moving,0.1,7,10600017,False,1,0,94.5
apriltag,moving,0.1,7,10600017,False,1,1,25.0
imu,moving,0.1,7,10600017,False,1,0,0.0
dual_camera_apriltag,moving,0.1,7,10600017,False,1,1,50.0
full_suite,moving,0.1,7,10600017,False,1,0,399.49
dead_reckoning,moving,0.1,8,10600018,True,0,0,0.0
odometry_pods,moving,0.1,8,10600018,True,0,0,279.99
distance_sensors,moving,0.1,8,10600018,True,0,0,94.5
apriltag,moving,0.1,8,10600018,True,0,2,25.0
imu,moving,0.1,8,10600018,True,0,0,0.0
dual_camera_apriltag,moving,0.1,8,10600018,True,0,2,50.0
full_suite,moving,0.1,8,10600018,True,0,0,399.49
dead_reckoning,moving,0.1,9,10600019,False,1,0,0.0
odometry_pods,moving,0.1,9,10600019,True,0,0,279.99
distance_sensors,moving,0.1,9,10600019,True,0,0,94.5
apriltag,moving,0.1,9,10600019,True,0,4,25.0
imu,moving,0.1,9,10600019,False,1,0,0.0
dual_camera_apriltag,moving,0.1,9,10600019,True,0,4,50.0
full_suite,moving,0.1,9,10600019,True,0,6,399.49
dead_reckoning,moving,0.1,10,10600020,False,1,0,0.0
odometry_pods,moving,0.1,10,10600020,True,0,0,279.99
distance_sensors,moving,0.1,10,10600020,False,1,0,94.5
apriltag,moving,0.1,10,10600020,True,0,5,25.0
imu,moving,0.1,10,10600020,False,1,0,0.0
dual_camera_apriltag,moving,0.1,10,10600020,True,0,5,50.0
full_suite,moving,0.1,10,10600020,False,1,0,399.49
dead_reckoning,moving,0.1,11,10600021,False,0,0,0.0
odometry_pods,moving,0.1,11,10600021,True,0,0,279.99
distance_sensors,moving,0.1,11,10600021,False,0,0,94.5
apriltag,moving,0.1,11,10600021,False,0,1,25.0
imu,moving,0.1,11,10600021,False,0,0,0.0
dual_camera_apriltag,moving,0.1,11,10600021,False,0,1,50.0
full_suite,moving,0.1,11,10600021,True,0,1,399.49
dead_reckoning,moving,0.1,12,10600022,False,1,0,0.0
odometry_pods,moving,0.1,12,10600022,True,0,0,279.99
distance_sensors,moving,0.1,12,10600022,False,1,1,94.5
apriltag,moving,0.1,12,10600022,True,0,2,25.0
imu,moving,0.1,12,10600022,False,1,0,0.0
dual_camera_apriltag,moving,0.1,12,10600022,True,0,2,50.0
full_suite,moving,0.1,12,10600022,False,1,1,399.49
dead_reckoning,moving,0.1,13,10600023,True,0,0,0.0
odometry_pods,moving,0.1,13,10600023,True,0,0,279.99
distance_sensors,moving,0.1,13,10600023,False,1,0,94.5
apriltag,moving,0.1,13,10600023,True,0,12,25.0
imu,moving,0.1,13,10600023,True,0,0,0.0
dual_camera_apriltag,moving,0.1,13,10600023,True,0,12,50.0
full_suite,moving,0.1,13,10600023,False,1,0,399.49
dead_reckoning,moving,0.1,14,10600024,True,0,0,0.0
odometry_pods,moving,0.1,14,10600024,True,0,0,279.99
distance_sensors,moving,0.1,14,10600024,True,0,1,94.5
apriltag,moving,0.1,14,10600024,True,0,3,25.0
imu,moving,0.1,14,10600024,True,0,0,0.0
dual_camera_apriltag,moving,0.1,14,10600024,True,0,3,50.0
full_suite,moving,0.1,14,10600024,True,0,6,399.49
dead_reckoning,moving,0.1,15,10600025,False,1,0,0.0
odometry_pods,moving,0.1,15,10600025,True,0,0,279.99
distance_sensors,moving,0.1,15,10600025,False,1,0,94.5
apriltag,moving,0.1,15,10600025,False,1,2,25.0
imu,moving,0.1,15,10600025,False,1,0,0.0
dual_camera_apriltag,moving,0.1,15,10600025,False,1,2,50.0
full_suite,moving,0.1,15,10600025,True,0,2,399.49
dead_reckoning,moving,0.1,16,10600026,False,0,0,0.0
odometry_pods,moving,0.1,16,10600026,True,0,0,279.99
distance_sensors,moving,0.1,16,10600026,False,0,0,94.5
apriltag,moving,0.1,16,10600026,False,0,1,25.0
imu,moving,0.1,16,10600026,False,0,0,0.0
dual_camera_apriltag,moving,0.1,16,10600026,False,0,1,50.0
full_suite,moving,0.1,16,10600026,True,0,1,399.49
dead_reckoning,moving,0.1,17,10600027,False,0,0,0.0
odometry_pods,moving,0.1,17,10600027,True,0,0,279.99
distance_sensors,moving,0.1,17,10600027,False,1,0,94.5
apriltag,moving,0.1,17,10600027,False,0,4,25.0
imu,moving,0.1,17,10600027,False,0,0,0.0
dual_camera_apriltag,moving,0.1,17,10600027,False,0,4,50.0
full_suite,moving,0.1,17,10600027,True,0,8,399.49
dead_reckoning,moving,0.1,18,10600028,True,0,0,0.0
odometry_pods,moving,0.1,18,10600028,True,0,0,279.99
distance_sensors,moving,0.1,18,10600028,True,0,0,94.5
apriltag,moving,0.1,18,10600028,True,0,1,25.0
imu,moving,0.1,18,10600028,True,0,0,0.0
dual_camera_apriltag,moving,0.1,18,10600028,True,0,1,50.0
full_suite,moving,0.1,18,10600028,True,0,1,399.49
dead_reckoning,moving,0.1,19,10600029,True,0,0,0.0
odometry_pods,moving,0.1,19,10600029,True,0,0,279.99
distance_sensors,moving,0.1,19,10600029,False,0,0,94.5
apriltag,moving,0.1,19,10600029,True,0,0,25.0
imu,moving,0.1,19,10600029,True,0,0,0.0
dual_camera_apriltag,moving,0.1,19,10600029,True,0,0,50.0
full_suite,moving,0.1,19,10600029,True,0,0,399.49
dead_reckoning,moving,0.1,20,10600030,False,1,0,0.0
odometry_pods,moving,0.1,20,10600030,True,0,0,279.99
distance_sensors,moving,0.1,20,10600030,False,1,1,94.5
apriltag,moving,0.1,20,10600030,True,0,3,25.0
imu,moving,0.1,20,10600030,False,1,0,0.0
dual_camera_apriltag,moving,0.1,20,10600030,True,0,3,50.0
full_suite,moving,0.1,20,10600030,True,0,7,399.49
dead_reckoning,moving,0.1,21,10600031,False,1,0,0.0
odometry_pods,moving,0.1,21,10600031,True,0,0,279.99
distance_sensors,moving,0.1,21,10600031,False,1,5,94.5
apriltag,moving,0.1,21,10600031,True,0,13,25.0
imu,moving,0.1,21,10600031,False,1,0,0.0
dual_camera_apriltag,moving,0.1,21,10600031,True,0,13,50.0
full_suite,moving,0.1,21,10600031,False,1,7,399.49
dead_reckoning,moving,0.1,22,10600032,True,0,0,0.0
odometry_pods,moving,0.1,22,10600032,True,0,0,279.99
distance_sensors,moving,0.1,22,10600032,True,0,0,94.5
apriltag,moving,0.1,22,10600032,True,0,0,25.0
imu,moving,0.1,22,10600032,True,0,0,0.0
dual_camera_apriltag,moving,0.1,22,10600032,True,0,0,50.0
full_suite,moving,0.1,22,10600032,True,0,0,399.49
dead_reckoning,moving,0.1,23,10600033,False,0,0,0.0
odometry_pods,moving,0.1,23,10600033,True,0,0,279.99
distance_sensors,moving,0.1,23,10600033,False,1,0,94.5
apriltag,moving,0.1,23,10600033,True,0,1,25.0
imu,moving,0.1,23,10600033,False,0,0,0.0
dual_camera_apriltag,moving,0.1,23,10600033,True,0,1,50.0
full_suite,moving,0.1,23,10600033,False,1,0,399.49
dead_reckoning,moving,0.1,24,10600034,True,0,0,0.0
odometry_pods,moving,0.1,24,10600034,True,0,0,279.99
distance_sensors,moving,0.1,24,10600034,True,0,0,94.5
apriltag,moving,0.1,24,10600034,True,0,4,25.0
imu,moving,0.1,24,10600034,True,0,0,0.0
dual_camera_apriltag,moving,0.1,24,10600034,True,0,4,50.0
full_suite,moving,0.1,24,10600034,True,0,3,399.49
dead_reckoning,moving,0.2,0,10600020,False,1,0,0.0
odometry_pods,moving,0.2,0,10600020,True,0,0,279.99
distance_sensors,moving,0.2,0,10600020,False,1,0,94.5
apriltag,moving,0.2,0,10600020,True,0,5,25.0
imu,moving,0.2,0,10600020,False,1,0,0.0
dual_camera_apriltag,moving,0.2,0,10600020,True,0,5,50.0
full_suite,moving,0.2,0,10600020,False,1,0,399.49
dead_reckoning,moving,0.2,1,10600021,False,0,0,0.0
odometry_pods,moving,0.2,1,10600021,True,0,0,279.99
distance_sensors,moving,0.2,1,10600021,False,0,0,94.5
apriltag,moving,0.2,1,10600021,False,0,1,25.0
imu,moving,0.2,1,10600021,False,0,0,0.0
dual_camera_apriltag,moving,0.2,1,10600021,False,0,1,50.0
full_suite,moving,0.2,1,10600021,True,0,1,399.49
dead_reckoning,moving,0.2,2,10600022,False,1,0,0.0
odometry_pods,moving,0.2,2,10600022,True,0,0,279.99
distance_sensors,moving,0.2,2,10600022,False,1,1,94.5
apriltag,moving,0.2,2,10600022,True,0,2,25.0
imu,moving,0.2,2,10600022,False,1,0,0.0
dual_camera_apriltag,moving,0.2,2,10600022,True,0,2,50.0
full_suite,moving,0.2,2,10600022,False,1,1,399.49
dead_reckoning,moving,0.2,3,10600023,True,0,0,0.0
odometry_pods,moving,0.2,3,10600023,True,0,0,279.99
distance_sensors,moving,0.2,3,10600023,False,1,0,94.5
apriltag,moving,0.2,3,10600023,True,0,12,25.0
imu,moving,0.2,3,10600023,True,0,0,0.0
dual_camera_apriltag,moving,0.2,3,10600023,True,0,12,50.0
full_suite,moving,0.2,3,10600023,False,1,0,399.49
dead_reckoning,moving,0.2,4,10600024,True,0,0,0.0
odometry_pods,moving,0.2,4,10600024,True,0,0,279.99
distance_sensors,moving,0.2,4,10600024,True,0,1,94.5
apriltag,moving,0.2,4,10600024,True,0,3,25.0
imu,moving,0.2,4,10600024,True,0,0,0.0
dual_camera_apriltag,moving,0.2,4,10600024,True,0,3,50.0
full_suite,moving,0.2,4,10600024,True,0,6,399.49
dead_reckoning,moving,0.2,5,10600025,False,1,0,0.0
odometry_pods,moving,0.2,5,10600025,True,0,0,279.99
distance_sensors,moving,0.2,5,10600025,False,1,0,94.5
apriltag,moving,0.2,5,10600025,False,1,2,25.0
imu,moving,0.2,5,10600025,False,1,0,0.0
dual_camera_apriltag,moving,0.2,5,10600025,False,1,2,50.0
full_suite,moving,0.2,5,10600025,True,0,2,399.49
dead_reckoning,moving,0.2,6,10600026,False,0,0,0.0
odometry_pods,moving,0.2,6,10600026,True,0,0,279.99
distance_sensors,moving,0.2,6,10600026,False,0,0,94.5
apriltag,moving,0.2,6,10600026,False,0,1,25.0
imu,moving,0.2,6,10600026,False,0,0,0.0
dual_camera_apriltag,moving,0.2,6,10600026,False,0,1,50.0
full_suite,moving,0.2,6,10600026,True,0,1,399.49
dead_reckoning,moving,0.2,7,10600027,False,0,0,0.0
odometry_pods,moving,0.2,7,10600027,True,0,0,279.99
distance_sensors,moving,0.2,7,10600027,False,1,0,94.5
apriltag,moving,0.2,7,10600027,False,0,4,25.0
imu,moving,0.2,7,10600027,False,0,0,0.0
dual_camera_apriltag,moving,0.2,7,10600027,False,0,4,50.0
full_suite,moving,0.2,7,10600027,True,0,8,399.49
dead_reckoning,moving,0.2,8,10600028,True,0,0,0.0
odometry_pods,moving,0.2,8,10600028,True,0,0,279.99
distance_sensors,moving,0.2,8,10600028,True,0,0,94.5
apriltag,moving,0.2,8,10600028,True,0,1,25.0
imu,moving,0.2,8,10600028,True,0,0,0.0
dual_camera_apriltag,moving,0.2,8,10600028,True,0,1,50.0
full_suite,moving,0.2,8,10600028,True,0,1,399.49
dead_reckoning,moving,0.2,9,10600029,True,0,0,0.0
odometry_pods,moving,0.2,9,10600029,True,0,0,279.99
distance_sensors,moving,0.2,9,10600029,False,0,0,94.5
apriltag,moving,0.2,9,10600029,True,0,0,25.0
imu,moving,0.2,9,10600029,True,0,0,0.0
dual_camera_apriltag,moving,0.2,9,10600029,True,0,0,50.0
full_suite,moving,0.2,9,10600029,True,0,0,399.49
dead_reckoning,moving,0.2,10,10600030,False,1,0,0.0
odometry_pods,moving,0.2,10,10600030,True,0,0,279.99
distance_sensors,moving,0.2,10,10600030,False,1,1,94.5
apriltag,moving,0.2,10,10600030,True,0,3,25.0
imu,moving,0.2,10,10600030,False,1,0,0.0
dual_camera_apriltag,moving,0.2,10,10600030,True,0,3,50.0
full_suite,moving,0.2,10,10600030,True,0,7,399.49
dead_reckoning,moving,0.2,11,10600031,False,1,0,0.0
odometry_pods,moving,0.2,11,10600031,True,0,0,279.99
distance_sensors,moving,0.2,11,10600031,False,1,5,94.5
apriltag,moving,0.2,11,10600031,True,0,13,25.0
imu,moving,0.2,11,10600031,False,1,0,0.0
dual_camera_apriltag,moving,0.2,11,10600031,True,0,13,50.0
full_suite,moving,0.2,11,10600031,False,1,7,399.49
dead_reckoning,moving,0.2,12,10600032,True,0,0,0.0
odometry_pods,moving,0.2,12,10600032,True,0,0,279.99
distance_sensors,moving,0.2,12,10600032,True,0,0,94.5
apriltag,moving,0.2,12,10600032,True,0,0,25.0
imu,moving,0.2,12,10600032,True,0,0,0.0
dual_camera_apriltag,moving,0.2,12,10600032,True,0,0,50.0
full_suite,moving,0.2,12,10600032,True,0,0,399.49
dead_reckoning,moving,0.2,13,10600033,False,0,0,0.0
odometry_pods,moving,0.2,13,10600033,True,0,0,279.99
distance_sensors,moving,0.2,13,10600033,False,1,0,94.5
apriltag,moving,0.2,13,10600033,True,0,1,25.0
imu,moving,0.2,13,10600033,False,0,0,0.0
dual_camera_apriltag,moving,0.2,13,10600033,True,0,1,50.0
full_suite,moving,0.2,13,10600033,False,1,0,399.49
dead_reckoning,moving,0.2,14,10600034,True,0,0,0.0
odometry_pods,moving,0.2,14,10600034,True,0,0,279.99
distance_sensors,moving,0.2,14,10600034,True,0,0,94.5
apriltag,moving,0.2,14,10600034,True,0,4,25.0
imu,moving,0.2,14,10600034,True,0,0,0.0
dual_camera_apriltag,moving,0.2,14,10600034,True,0,4,50.0
full_suite,moving,0.2,14,10600034,True,0,3,399.49
dead_reckoning,moving,0.2,15,10600035,True,0,0,0.0
odometry_pods,moving,0.2,15,10600035,True,0,0,279.99
distance_sensors,moving,0.2,15,10600035,False,1,0,94.5
apriltag,moving,0.2,15,10600035,True,0,16,25.0
imu,moving,0.2,15,10600035,True,0,0,0.0
dual_camera_apriltag,moving,0.2,15,10600035,True,0,16,50.0
full_suite,moving,0.2,15,10600035,True,0,9,399.49
dead_reckoning,moving,0.2,16,10600036,False,1,0,0.0
odometry_pods,moving,0.2,16,10600036,True,0,0,279.99
distance_sensors,moving,0.2,16,10600036,False,1,0,94.5
apriltag,moving,0.2,16,10600036,False,1,0,25.0
imu,moving,0.2,16,10600036,False,1,0,0.0
dual_camera_apriltag,moving,0.2,16,10600036,False,1,0,50.0
full_suite,moving,0.2,16,10600036,True,0,0,399.49
dead_reckoning,moving,0.2,17,10600037,False,1,0,0.0
odometry_pods,moving,0.2,17,10600037,True,0,0,279.99
distance_sensors,moving,0.2,17,10600037,False,0,1,94.5
apriltag,moving,0.2,17,10600037,False,1,5,25.0
imu,moving,0.2,17,10600037,True,0,0,0.0
dual_camera_apriltag,moving,0.2,17,10600037,False,1,5,50.0
full_suite,moving,0.2,17,10600037,True,0,10,399.49
dead_reckoning,moving,0.2,18,10600038,False,1,0,0.0
odometry_pods,moving,0.2,18,10600038,True,0,0,279.99
distance_sensors,moving,0.2,18,10600038,False,1,0,94.5
apriltag,moving,0.2,18,10600038,True,0,3,25.0
imu,moving,0.2,18,10600038,False,1,0,0.0
dual_camera_apriltag,moving,0.2,18,10600038,True,0,3,50.0
full_suite,moving,0.2,18,10600038,False,1,0,399.49
dead_reckoning,moving,0.2,19,10600039,False,0,0,0.0
odometry_pods,moving,0.2,19,10600039,True,0,0,279.99
distance_sensors,moving,0.2,19,10600039,False,1,0,94.5
apriltag,moving,0.2,19,10600039,True,0,11,25.0
imu,moving,0.2,19,10600039,False,0,0,0.0
dual_camera_apriltag,moving,0.2,19,10600039,True,0,11,50.0
full_suite,moving,0.2,19,10600039,True,0,4,399.49
dead_reckoning,moving,0.2,20,10600040,False,0,0,0.0
odometry_pods,moving,0.2,20,10600040,True,0,0,279.99
distance_sensors,moving,0.2,20,10600040,False,0,0,94.5
apriltag,moving,0.2,20,10600040,True,0,2,25.0
imu,moving,0.2,20,10600040,False,0,0,0.0
dual_camera_apriltag,moving,0.2,20,10600040,True,0,2,50.0
full_suite,moving,0.2,20,10600040,True,0,1,399.49
dead_reckoning,moving,0.2,21,10600041,False,0,0,0.0
odometry_pods,moving,0.2,21,10600041,True,0,0,279.99
distance_sensors,moving,0.2,21,10600041,False,1,0,94.5
apriltag,moving,0.2,21,10600041,True,0,4,25.0
imu,moving,0.2,21,10600041,False,0,0,0.0
dual_camera_apriltag,moving,0.2,21,10600041,True,0,4,50.0
full_suite,moving,0.2,21,10600041,True,0,4,399.49
dead_reckoning,moving,0.2,22,10600042,True,0,0,0.0
odometry_pods,moving,0.2,22,10600042,True,0,0,279.99
distance_sensors,moving,0.2,22,10600042,False,1,1,94.5
apriltag,moving,0.2,22,10600042,True,0,3,25.0
imu,moving,0.2,22,10600042,True,0,0,0.0
dual_camera_apriltag,moving,0.2,22,10600042,True,0,3,50.0
full_suite,moving,0.2,22,10600042,False,1,1,399.49
dead_reckoning,moving,0.2,23,10600043,False,0,0,0.0
odometry_pods,moving,0.2,23,10600043,True,0,0,279.99
distance_sensors,moving,0.2,23,10600043,False,1,1,94.5
apriltag,moving,0.2,23,10600043,True,0,6,25.0
imu,moving,0.2,23,10600043,False,0,0,0.0
dual_camera_apriltag,moving,0.2,23,10600043,True,0,6,50.0
full_suite,moving,0.2,23,10600043,True,0,6,399.49
dead_reckoning,moving,0.2,24,10600044,False,0,0,0.0
odometry_pods,moving,0.2,24,10600044,True,0,0,279.99
distance_sensors,moving,0.2,24,10600044,False,0,0,94.5
apriltag,moving,0.2,24,10600044,True,0,1,25.0
imu,moving,0.2,24,10600044,False,0,0,0.0
dual_camera_apriltag,moving,0.2,24,10600044,True,0,1,50.0
full_suite,moving,0.2,24,10600044,True,0,1,399.49
dead_reckoning,moving,0.3,0,10600030,False,1,0,0.0
odometry_pods,moving,0.3,0,10600030,True,0,0,279.99
distance_sensors,moving,0.3,0,10600030,False,1,1,94.5
apriltag,moving,0.3,0,10600030,True,0,3,25.0
imu,moving,0.3,0,10600030,False,1,0,0.0
dual_camera_apriltag,moving,0.3,0,10600030,True,0,3,50.0
full_suite,moving,0.3,0,10600030,True,0,7,399.49
dead_reckoning,moving,0.3,1,10600031,False,1,0,0.0
odometry_pods,moving,0.3,1,10600031,True,0,0,279.99
distance_sensors,moving,0.3,1,10600031,False,1,5,94.5
apriltag,moving,0.3,1,10600031,True,0,13,25.0
imu,moving,0.3,1,10600031,False,1,0,0.0
dual_camera_apriltag,moving,0.3,1,10600031,True,0,13,50.0
full_suite,moving,0.3,1,10600031,False,1,7,399.49
dead_reckoning,moving,0.3,2,10600032,True,0,0,0.0
odometry_pods,moving,0.3,2,10600032,True,0,0,279.99
distance_sensors,moving,0.3,2,10600032,True,0,0,94.5
apriltag,moving,0.3,2,10600032,True,0,0,25.0
imu,moving,0.3,2,10600032,True,0,0,0.0
dual_camera_apriltag,moving,0.3,2,10600032,True,0,0,50.0
full_suite,moving,0.3,2,10600032,True,0,0,399.49
dead_reckoning,moving,0.3,3,10600033,False,0,0,0.0
odometry_pods,moving,0.3,3,10600033,False,1,0,279.99
distance_sensors,moving,0.3,3,10600033,False,1,0,94.5
apriltag,moving,0.3,3,10600033,False,1,1,25.0
imu,moving,0.3,3,10600033,False,0,0,0.0
dual_camera_apriltag,moving,0.3,3,10600033,False,1,1,50.0
full_suite,moving,0.3,3,10600033,False,1,0,399.49
dead_reckoning,moving,0.3,4,10600034,True,0,0,0.0
odometry_pods,moving,0.3,4,10600034,True,0,0,279.99
distance_sensors,moving,0.3,4,10600034,True,0,0,94.5
apriltag,moving,0.3,4,10600034,True,0,4,25.0
imu,moving,0.3,4,10600034,True,0,0,0.0
dual_camera_apriltag,moving,0.3,4,10600034,True,0,4,50.0
full_suite,moving,0.3,4,10600034,True,0,3,399.49
dead_reckoning,moving,0.3,5,10600035,True,0,0,0.0
odometry_pods,moving,0.3,5,10600035,True,0,0,279.99
distance_sensors,moving,0.3,5,10600035,False,1,0,94.5
apriltag,moving,0.3,5,10600035,True,0,16,25.0
imu,moving,0.3,5,10600035,True,0,0,0.0
dual_camera_apriltag,moving,0.3,5,10600035,True,0,16,50.0
full_suite,moving,0.3,5,10600035,True,0,9,399.49
dead_reckoning,moving,0.3,6,10600036,False,1,0,0.0
odometry_pods,moving,0.3,6,10600036,True,0,0,279.99
distance_sensors,moving,0.3,6,10600036,False,1,0,94.5
apriltag,moving,0.3,6,10600036,False,1,0,25.0
imu,moving,0.3,6,10600036,False,1,0,0.0
dual_camera_apriltag,moving,0.3,6,10600036,False,1,0,50.0
full_suite,moving,0.3,6,10600036,True,0,0,399.49
dead_reckoning,moving,0.3,7,10600037,False,1,0,0.0
odometry_pods,moving,0.3,7,10600037,True,0,0,279.99
distance_sensors,moving,0.3,7,10600037,False,0,1,94.5
apriltag,moving,0.3,7,10600037,False,1,5,25.0
imu,moving,0.3,7,10600037,True,0,0,0.0
dual_camera_apriltag,moving,0.3,7,10600037,False,1,5,50.0
full_suite,moving,0.3,7,10600037,True,0,10,399.49
dead_reckoning,moving,0.3,8,10600038,False,1,0,0.0
odometry_pods,moving,0.3,8,10600038,True,0,0,279.99
distance_sensors,moving,0.3,8,10600038,False,1,0,94.5
apriltag,moving,0.3,8,10600038,True,0,3,25.0
imu,moving,0.3,8,10600038,False,1,0,0.0
dual_camera_apriltag,moving,0.3,8,10600038,True,0,3,50.0
full_suite,moving,0.3,8,10600038,False,1,0,399.49
dead_reckoning,moving,0.3,9,10600039,False,0,0,0.0
odometry_pods,moving,0.3,9,10600039,True,0,0,279.99
distance_sensors,moving,0.3,9,10600039,False,1,0,94.5
apriltag,moving,0.3,9,10600039,True,0,11,25.0
imu,moving,0.3,9,10600039,False,0,0,0.0
dual_camera_apriltag,moving,0.3,9,10600039,True,0,11,50.0
full_suite,moving,0.3,9,10600039,True,0,4,399.49
dead_reckoning,moving,0.3,10,10600040,False,0,0,0.0
odometry_pods,moving,0.3,10,10600040,True,0,0,279.99
distance_sensors,moving,0.3,10,10600040,False,0,0,94.5
apriltag,moving,0.3,10,10600040,True,0,2,25.0
imu,moving,0.3,10,10600040,False,0,0,0.0
dual_camera_apriltag,moving,0.3,10,10600040,True,0,2,50.0
full_suite,moving,0.3,10,10600040,True,0,1,399.49
dead_reckoning,moving,0.3,11,10600041,False,0,0,0.0
odometry_pods,moving,0.3,11,10600041,True,0,0,279.99
distance_sensors,moving,0.3,11,10600041,False,1,0,94.5
apriltag,moving,0.3,11,10600041,True,0,4,25.0
imu,moving,0.3,11,10600041,False,0,0,0.0
dual_camera_apriltag,moving,0.3,11,10600041,True,0,4,50.0
full_suite,moving,0.3,11,10600041,True,0,4,399.49
dead_reckoning,moving,0.3,12,10600042,True,0,0,0.0
odometry_pods,moving,0.3,12,10600042,True,0,0,279.99
distance_sensors,moving,0.3,12,10600042,False,1,1,94.5
apriltag,moving,0.3,12,10600042,True,0,3,25.0
imu,moving,0.3,12,10600042,True,0,0,0.0
dual_camera_apriltag,moving,0.3,12,10600042,True,0,3,50.0
full_suite,moving,0.3,12,10600042,False,1,1,399.49
dead_reckoning,moving,0.3,13,10600043,False,0,0,0.0
odometry_pods,moving,0.3,13,10600043,True,0,0,279.99
distance_sensors,moving,0.3,13,10600043,False,1,1,94.5
apriltag,moving,0.3,13,10600043,True,0,6,25.0
imu,moving,0.3,13,10600043,False,0,0,0.0
dual_camera_apriltag,moving,0.3,13,10600043,True,0,6,50.0
full_suite,moving,0.3,13,10600043,True,0,6,399.49
dead_reckoning,moving,0.3,14,10600044,False,0,0,0.0
odometry_pods,moving,0.3,14,10600044,True,0,0,279.99
distance_sensors,moving,0.3,14,10600044,False,0,0,94.5
apriltag,moving,0.3,14,10600044,True,0,1,25.0
imu,moving,0.3,14,10600044,False,0,0,0.0
dual_camera_apriltag,moving,0.3,14,10600044,True,0,1,50.0
full_suite,moving,0.3,14,10600044,True,0,1,399.49
dead_reckoning,moving,0.3,15,10600045,False,1,0,0.0
odometry_pods,moving,0.3,15,10600045,True,0,0,279.99
distance_sensors,moving,0.3,15,10600045,False,0,1,94.5
apriltag,moving,0.3,15,10600045,True,0,1,25.0
imu,moving,0.3,15,10600045,False,1,0,0.0
dual_camera_apriltag,moving,0.3,15,10600045,True,0,1,50.0
full_suite,moving,0.3,15,10600045,False,1,2,399.49
dead_reckoning,moving,0.3,16,10600046,False,1,0,0.0
odometry_pods,moving,0.3,16,10600046,True,0,0,279.99
distance_sensors,moving,0.3,16,10600046,False,1,0,94.5
apriltag,moving,0.3,16,10600046,False,1,0,25.0
imu,moving,0.3,16,10600046,False,1,0,0.0
dual_camera_apriltag,moving,0.3,16,10600046,False,1,0,50.0
full_suite,moving,0.3,16,10600046,True,0,5,399.49
dead_reckoning,moving,0.3,17,10600047,False,0,0,0.0
odometry_pods,moving,0.3,17,10600047,True,0,0,279.99
distance_sensors,moving,0.3,17,10600047,False,0,1,94.5
apriltag,moving,0.3,17,10600047,True,0,5,25.0
imu,moving,0.3,17,10600047,False,0,0,0.0
dual_camera_apriltag,moving,0.3,17,10600047,True,0,5,50.0
full_suite,moving,0.3,17,10600047,True,0,2,399.49
dead_reckoning,moving,0.3,18,10600048,False,1,0,0.0
odometry_pods,moving,0.3,18,10600048,True,0,0,279.99
distance_sensors,moving,0.3,18,10600048,False,1,0,94.5
apriltag,moving,0.3,18,10600048,False,1,0,25.0
imu,moving,0.3,18,10600048,False,1,0,0.0
dual_camera_apriltag,moving,0.3,18,10600048,False,1,0,50.0
full_suite,moving,0.3,18,10600048,True,0,0,399.49
dead_reckoning,moving,0.3,19,10600049,False,1,0,0.0
odometry_pods,moving,0.3,19,10600049,True,0,0,279.99
distance_sensors,moving,0.3,19,10600049,False,1,0,94.5
apriltag,moving,0.3,19,10600049,False,1,1,25.0
imu,moving,0.3,19,10600049,False,1,0,0.0
dual_camera_apriltag,moving,0.3,19,10600049,False,1,1,50.0
full_suite,moving,0.3,19,10600049,False,1,0,399.49
dead_reckoning,moving,0.3,20,10600050,True,0,0,0.0
odometry_pods,moving,0.3,20,10600050,True,0,0,279.99
distance_sensors,moving,0.3,20,10600050,True,0,0,94.5
apriltag,moving,0.3,20,10600050,True,0,6,25.0
imu,moving,0.3,20,10600050,True,0,0,0.0
dual_camera_apriltag,moving,0.3,20,10600050,True,0,6,50.0
full_suite,moving,0.3,20,10600050,True,0,5,399.49
dead_reckoning,moving,0.3,21,10600051,True,0,0,0.0
odometry_pods,moving,0.3,21,10600051,True,0,0,279.99
distance_sensors,moving,0.3,21,10600051,False,1,0,94.5
apriltag,moving,0.3,21,10600051,True,0,2,25.0
imu,moving,0.3,21,10600051,True,0,0,0.0
dual_camera_apriltag,moving,0.3,21,10600051,True,0,2,50.0
full_suite,moving,0.3,21,10600051,True,0,3,399.49
dead_reckoning,moving,0.3,22,10600052,False,1,0,0.0
odometry_pods,moving,0.3,22,10600052,True,0,0,279.99
distance_sensors,moving,0.3,22,10600052,False,1,0,94.5
apriltag,moving,0.3,22,10600052,False,1,0,25.0
imu,moving,0.3,22,10600052,False,1,0,0.0
dual_camera_apriltag,moving,0.3,22,10600052,False,1,0,50.0
full_suite,moving,0.3,22,10600052,False,1,0,399.49
dead_reckoning,moving,0.3,23,10600053,False,1,0,0.0
odometry_pods,moving,0.3,23,10600053,True,0,0,279.99
distance_sensors,moving,0.3,23,10600053,False,1,0,94.5
apriltag,moving,0.3,23,10600053,True,0,5,25.0
imu,moving,0.3,23,10600053,False,1,0,0.0
dual_camera_apriltag,moving,0.3,23,10600053,True,0,5,50.0
full_suite,moving,0.3,23,10600053,True,0,5,399.49
dead_reckoning,moving,0.3,24,10600054,False,1,0,0.0
odometry_pods,moving,0.3,24,10600054,True,0,0,279.99
distance_sensors,moving,0.3,24,10600054,False,1,2,94.5
apriltag,moving,0.3,24,10600054,False,1,11,25.0
imu,moving,0.3,24,10600054,False,1,0,0.0
dual_camera_apriltag,moving,0.3,24,10600054,False,1,11,50.0
full_suite,moving,0.3,24,10600054,True,0,17,399.49
dead_reckoning,moving,0.4,0,10600040,False,0,0,0.0
odometry_pods,moving,0.4,0,10600040,True,0,0,279.99
distance_sensors,moving,0.4,0,10600040,False,0,0,94.5
apriltag,moving,0.4,0,10600040,True,0,2,25.0
imu,moving,0.4,0,10600040,False,0,0,0.0
dual_camera_apriltag,moving,0.4,0,10600040,True,0,2,50.0
full_suite,moving,0.4,0,10600040,True,0,1,399.49
dead_reckoning,moving,0.4,1,10600041,False,0,0,0.0
odometry_pods,moving,0.4,1,10600041,True,0,0,279.99
distance_sensors,moving,0.4,1,10600041,False,1,0,94.5
apriltag,moving,0.4,1,10600041,True,0,4,25.0
imu,moving,0.4,1,10600041,False,0,0,0.0
dual_camera_apriltag,moving,0.4,1,10600041,True,0,4,50.0
full_suite,moving,0.4,1,10600041,True,0,4,399.49
dead_reckoning,moving,0.4,2,10600042,True,0,0,0.0
odometry_pods,moving,0.4,2,10600042,True,0,0,279.99
distance_sensors,moving,0.4,2,10600042,False,1,1,94.5
apriltag,moving,0.4,2,10600042,True,0,3,25.0
imu,moving,0.4,2,10600042,True,0,0,0.0
dual_camera_apriltag,moving,0.4,2,10600042,True,0,3,50.0
full_suite,moving,0.4,2,10600042,False,1,1,399.49
dead_reckoning,moving,0.4,3,10600043,False,0,0,0.0
odometry_pods,moving,0.4,3,10600043,True,0,0,279.99
distance_sensors,moving,0.4,3,10600043,False,1,1,94.5
apriltag,moving,0.4,3,10600043,True,0,6,25.0
imu,moving,0.4,3,10600043,False,0,0,0.0
dual_camera_apriltag,moving,0.4,3,10600043,True,0,6,50.0
full_suite,moving,0.4,3,10600043,True,0,6,399.49
dead_reckoning,moving,0.4,4,10600044,False,0,0,0.0
odometry_pods,moving,0.4,4,10600044,True,0,0,279.99
distance_sensors,moving,0.4,4,10600044,False,0,0,94.5
apriltag,moving,0.4,4,10600044,True,0,1,25.0
imu,moving,0.4,4,10600044,False,0,0,0.0
dual_camera_apriltag,moving,0.4,4,10600044,True,0,1,50.0
full_suite,moving,0.4,4,10600044,True,0,1,399.49
dead_reckoning,moving,0.4,5,10600045,False,1,0,0.0
odometry_pods,moving,0.4,5,10600045,True,0,0,279.99
distance_sensors,moving,0.4,5,10600045,False,0,1,94.5
apriltag,moving,0.4,5,10600045,True,0,1,25.0
imu,moving,0.4,5,10600045,False,1,0,0.0
dual_camera_apriltag,moving,0.4,5,10600045,True,0,1,50.0
full_suite,moving,0.4,5,10600045,False,1,2,399.49
dead_reckoning,moving,0.4,6,10600046,False,1,0,0.0
odometry_pods,moving,0.4,6,10600046,True,0,0,279.99
distance_sensors,moving,0.4,6,10600046,False,1,0,94.5
apriltag,moving,0.4,6,10600046,False,1,0,25.0
imu,moving,0.4,6,10600046,False,1,0,0.0
dual_camera_apriltag,moving,0.4,6,10600046,False,1,0,50.0
full_suite,moving,0.4,6,10600046,True,0,5,399.49
dead_reckoning,moving,0.4,7,10600047,False,0,0,0.0
odometry_pods,moving,0.4,7,10600047,True,0,0,279.99
distance_sensors,moving,0.4,7,10600047,False,0,1,94.5
apriltag,moving,0.4,7,10600047,True,0,5,25.0
imu,moving,0.4,7,10600047,False,0,0,0.0
dual_camera_apriltag,moving,0.4,7,10600047,True,0,5,50.0
full_suite,moving,0.4,7,10600047,True,0,2,399.49
dead_reckoning,moving,0.4,8,10600048,False,1,0,0.0
odometry_pods,moving,0.4,8,10600048,True,0,0,279.99
distance_sensors,moving,0.4,8,10600048,False,1,0,94.5
apriltag,moving,0.4,8,10600048,False,1,0,25.0
imu,moving,0.4,8,10600048,False,1,0,0.0
dual_camera_apriltag,moving,0.4,8,10600048,False,1,0,50.0
full_suite,moving,0.4,8,10600048,True,0,0,399.49
dead_reckoning,moving,0.4,9,10600049,False,1,0,0.0
odometry_pods,moving,0.4,9,10600049,True,0,0,279.99
distance_sensors,moving,0.4,9,10600049,False,1,0,94.5
apriltag,moving,0.4,9,10600049,False,1,1,25.0
imu,moving,0.4,9,10600049,False,1,0,0.0
dual_camera_apriltag,moving,0.4,9,10600049,False,1,1,50.0
full_suite,moving,0.4,9,10600049,False,1,0,399.49
dead_reckoning,moving,0.4,10,10600050,True,0,0,0.0
odometry_pods,moving,0.4,10,10600050,True,0,0,279.99
distance_sensors,moving,0.4,10,10600050,True,0,0,94.5
apriltag,moving,0.4,10,10600050,True,0,6,25.0
imu,moving,0.4,10,10600050,True,0,0,0.0
dual_camera_apriltag,moving,0.4,10,10600050,True,0,6,50.0
full_suite,moving,0.4,10,10600050,True,0,5,399.49
dead_reckoning,moving,0.4,11,10600051,True,0,0,0.0
odometry_pods,moving,0.4,11,10600051,True,0,0,279.99
distance_sensors,moving,0.4,11,10600051,False,1,0,94.5
apriltag,moving,0.4,11,10600051,True,0,2,25.0
imu,moving,0.4,11,10600051,True,0,0,0.0
dual_camera_apriltag,moving,0.4,11,10600051,True,0,2,50.0
full_suite,moving,0.4,11,10600051,True,0,3,399.49
dead_reckoning,moving,0.4,12,10600052,False,1,0,0.0
odometry_pods,moving,0.4,12,10600052,True,0,0,279.99
distance_sensors,moving,0.4,12,10600052,False,1,0,94.5
apriltag,moving,0.4,12,10600052,False,1,0,25.0
imu,moving,0.4,12,10600052,False,1,0,0.0
dual_camera_apriltag,moving,0.4,12,10600052,False,1,0,50.0
full_suite,moving,0.4,12,10600052,False,1,0,399.49
dead_reckoning,moving,0.4,13,10600053,False,1,0,0.0
odometry_pods,moving,0.4,13,10600053,True,0,0,279.99
distance_sensors,moving,0.4,13,10600053,False,1,0,94.5
apriltag,moving,0.4,13,10600053,True,0,5,25.0
imu,moving,0.4,13,10600053,False,1,0,0.0
dual_camera_apriltag,moving,0.4,13,10600053,True,0,5,50.0
full_suite,moving,0.4,13,10600053,True,0,5,399.49
dead_reckoning,moving,0.4,14,10600054,False,1,0,0.0
odometry_pods,moving,0.4,14,10600054,True,0,0,279.99
distance_sensors,moving,0.4,14,10600054,False,1,2,94.5
apriltag,moving,0.4,14,10600054,False,1,11,25.0
imu,moving,0.4,14,10600054,False,1,0,0.0
dual_camera_apriltag,moving,0.4,14,10600054,False,1,11,50.0
full_suite,moving,0.4,14,10600054,True,0,17,399.49
dead_reckoning,moving,0.4,15,10600055,False,1,0,0.0
odometry_pods,moving,0.4,15,10600055,True,0,0,279.99
distance_sensors,moving,0.4,15,10600055,False,1,0,94.5
apriltag,moving,0.4,15,10600055,True,0,3,25.0
imu,moving,0.4,15,10600055,False,1,0,0.0
dual_camera_apriltag,moving,0.4,15,10600055,True,0,3,50.0
full_suite,moving,0.4,15,10600055,True,0,3,399.49
dead_reckoning,moving,0.4,16,10600056,False,1,0,0.0
odometry_pods,moving,0.4,16,10600056,False,1,0,279.99
distance_sensors,moving,0.4,16,10600056,False,1,1,94.5
apriltag,moving,0.4,16,10600056,False,0,9,25.0
imu,moving,0.4,16,10600056,False,1,0,0.0
dual_camera_apriltag,moving,0.4,16,10600056,False,0,9,50.0
full_suite,moving,0.4,16,10600056,True,0,9,399.49
dead_reckoning,moving,0.4,17,10600057,False,1,0,0.0
odometry_pods,moving,0.4,17,10600057,False,1,0,279.99
distance_sensors,moving,0.4,17,10600057,False,1,0,94.5
apriltag,moving,0.4,17,10600057,True,0,9,25.0
imu,moving,0.4,17,10600057,False,1,0,0.0
dual_camera_apriltag,moving,0.4,17,10600057,True,0,9,50.0
full_suite,moving,0.4,17,10600057,True,0,6,399.49
dead_reckoning,moving,0.4,18,10600058,False,1,0,0.0
odometry_pods,moving,0.4,18,10600058,False,1,0,279.99
distance_sensors,moving,0.4,18,10600058,False,1,3,94.5
apriltag,moving,0.4,18,10600058,True,0,9,25.0
imu,moving,0.4,18,10600058,False,1,0,0.0
dual_camera_apriltag,moving,0.4,18,10600058,True,0,9,50.0
full_suite,moving,0.4,18,10600058,False,1,2,399.49
dead_reckoning,moving,0.4,19,10600059,True,0,0,0.0
odometry_pods,moving,0.4,19,10600059,True,0,0,279.99
distance_sensors,moving,0.4,19,10600059,True,0,0,94.5
apriltag,moving,0.4,19,10600059,True,0,6,25.0
imu,moving,0.4,19,10600059,True,0,0,0.0
dual_camera_apriltag,moving,0.4,19,10600059,True,0,6,50.0
full_suite,moving,0.4,19,10600059,True,0,5,399.49
dead_reckoning,moving,0.4,20,10600060,False,0,0,0.0
odometry_pods,moving,0.4,20,10600060,True,0,0,279.99
distance_sensors,moving,0.4,20,10600060,False,0,0,94.5
apriltag,moving,0.4,20,10600060,True,0,5,25.0
imu,moving,0.4,20,10600060,False,0,0,0.0
dual_camera_apriltag,moving,0.4,20,10600060,True,0,5,50.0
full_suite,moving,0.4,20,10600060,True,0,5,399.49
dead_reckoning,moving,0.4,21,10600061,True,0,0,0.0
odometry_pods,moving,0.4,21,10600061,True,0,0,279.99
distance_sensors,moving,0.4,21,10600061,True,0,1,94.5
apriltag,moving,0.4,21,10600061,True,0,10,25.0
imu,moving,0.4,21,10600061,True,0,0,0.0
dual_camera_apriltag,moving,0.4,21,10600061,True,0,10,50.0
full_suite,moving,0.4,21,10600061,True,0,9,399.49
dead_reckoning,moving,0.4,22,10600062,False,1,0,0.0
odometry_pods,moving,0.4,22,10600062,True,0,0,279.99
distance_sensors,moving,0.4,22,10600062,False,1,0,94.5
apriltag,moving,0.4,22,10600062,False,1,0,25.0
imu,moving,0.4,22,10600062,False,1,0,0.0
dual_camera_apriltag,moving,0.4,22,10600062,False,1,0,50.0
full_suite,moving,0.4,22,10600062,False,1,0,399.49
dead_reckoning,moving,0.4,23,10600063,True,0,0,0.0
odometry_pods,moving,0.4,23,10600063,True,0,0,279.99
distance_sensors,moving,0.4,23,10600063,True,0,0,94.5
apriltag,moving,0.4,23,10600063,True,0,0,25.0
imu,moving,0.4,23,10600063,True,0,0,0.0
dual_camera_apriltag,moving,0.4,23,10600063,True,0,0,50.0
full_suite,moving,0.4,23,10600063,True,0,0,399.49
dead_reckoning,moving,0.4,24,10600064,True,0,0,0.0
odometry_pods,moving,0.4,24,10600064,True,0,0,279.99
distance_sensors,moving,0.4,24,10600064,True,0,0,94.5
apriltag,moving,0.4,24,10600064,True,0,10,25.0
imu,moving,0.4,24,10600064,True,0,0,0.0
dual_camera_apriltag,moving,0.4,24,10600064,True,0,10,50.0
full_suite,moving,0.4,24,10600064,True,0,2,399.49
dead_reckoning,moving,0.5,0,10600050,False,1,0,0.0
odometry_pods,moving,0.5,0,10600050,False,1,0,279.99
distance_sensors,moving,0.5,0,10600050,True,0,0,94.5
apriltag,moving,0.5,0,10600050,True,0,5,25.0
imu,moving,0.5,0,10600050,False,1,0,0.0
dual_camera_apriltag,moving,0.5,0,10600050,False,1,0,50.0
full_suite,moving,0.5,0,10600050,True,0,3,399.49
dead_reckoning,moving,0.5,1,10600051,True,0,0,0.0
odometry_pods,moving,0.5,1,10600051,True,0,0,279.99
distance_sensors,moving,0.5,1,10600051,False,1,0,94.5
apriltag,moving,0.5,1,10600051,True,0,2,25.0
imu,moving,0.5,1,10600051,True,0,0,0.0
dual_camera_apriltag,moving,0.5,1,10600051,True,0,2,50.0
full_suite,moving,0.5,1,10600051,True,0,3,399.49
dead_reckoning,moving,0.5,2,10600052,False,1,0,0.0
odometry_pods,moving,0.5,2,10600052,True,0,0,279.99
distance_sensors,moving,0.5,2,10600052,False,1,0,94.5
apriltag,moving,0.5,2,10600052,False,1,0,25.0
imu,moving,0.5,2,10600052,False,1,0,0.0
dual_camera_apriltag,moving,0.5,2,10600052,False,1,0,50.0
full_suite,moving,0.5,2,10600052,False,1,0,399.49
dead_reckoning,moving,0.5,3,10600053,False,1,0,0.0
odometry_pods,moving,0.5,3,10600053,True,0,0,279.99
distance_sensors,moving,0.5,3,10600053,False,1,0,94.5
apriltag,moving,0.5,3,10600053,True,0,5,25.0
imu,moving,0.5,3,10600053,False,1,0,0.0
dual_camera_apriltag,moving,0.5,3,10600053,True,0,5,50.0
full_suite,moving,0.5,3,10600053,True,0,5,399.49
dead_reckoning,moving,0.5,4,10600054,False,1,0,0.0
odometry_pods,moving,0.5,4,10600054,True,0,0,279.99
distance_sensors,moving,0.5,4,10600054,False,1,2,94.5
apriltag,moving,0.5,4,10600054,False,1,11,25.0
imu,moving,0.5,4,10600054,False,1,0,0.0
dual_camera_apriltag,moving,0.5,4,10600054,False,1,11,50.0
full_suite,moving,0.5,4,10600054,True,0,17,399.49
dead_reckoning,moving,0.5,5,10600055,False,1,0,0.0
odometry_pods,moving,0.5,5,10600055,True,0,0,279.99
distance_sensors,moving,0.5,5,10600055,False,1,0,94.5
apriltag,moving,0.5,5,10600055,True,0,3,25.0
imu,moving,0.5,5,10600055,False,1,0,0.0
dual_camera_apriltag,moving,0.5,5,10600055,True,0,3,50.0
full_suite,moving,0.5,5,10600055,True,0,3,399.49
dead_reckoning,moving,0.5,6,10600056,False,1,0,0.0
odometry_pods,moving,0.5,6,10600056,False,1,0,279.99
distance_sensors,moving,0.5,6,10600056,False,1,1,94.5
apriltag,moving,0.5,6,10600056,False,0,9,25.0
imu,moving,0.5,6,10600056,False,1,0,0.0
dual_camera_apriltag,moving,0.5,6,10600056,False,0,9,50.0
full_suite,moving,0.5,6,10600056,True,0,9,399.49
dead_reckoning,moving,0.5,7,10600057,False,1,0,0.0
odometry_pods,moving,0.5,7,10600057,False,1,0,279.99
distance_sensors,moving,0.5,7,10600057,False,1,0,94.5
apriltag,moving,0.5,7,10600057,True,0,9,25.0
imu,moving,0.5,7,10600057,False,1,0,0.0
dual_camera_apriltag,moving,0.5,7,10600057,True,0,9,50.0
full_suite,moving,0.5,7,10600057,True,0,6,399.49
dead_reckoning,moving,0.5,8,10600058,False,1,0,0.0
odometry_pods,moving,0.5,8,10600058,False,1,0,279.99
distance_sensors,moving,0.5,8,10600058,False,1,3,94.5
apriltag,moving,0.5,8,10600058,True,0,9,25.0
imu,moving,0.5,8,10600058,False,1,0,0.0
dual_camera_apriltag,moving,0.5,8,10600058,True,0,9,50.0
full_suite,moving,0.5,8,10600058,False,1,2,399.49
dead_reckoning,moving,0.5,9,10600059,True,0,0,0.0
odometry_pods,moving,0.5,9,10600059,True,0,0,279.99
distance_sensors,moving,0.5,9,10600059,True,0,0,94.5
apriltag,moving,0.5,9,10600059,True,0,6,25.0
imu,moving,0.5,9,10600059,True,0,0,0.0
dual_camera_apriltag,moving,0.5,9,10600059,True,0,6,50.0
full_suite,moving,0.5,9,10600059,True,0,5,399.49
dead_reckoning,moving,0.5,10,10600060,False,0,0,0.0
odometry_pods,moving,0.5,10,10600060,True,0,0,279.99
distance_sensors,moving,0.5,10,10600060,False,0,0,94.5
apriltag,moving,0.5,10,10600060,True,0,5,25.0
imu,moving,0.5,10,10600060,False,0,0,0.0
dual_camera_apriltag,moving,0.5,10,10600060,True,0,5,50.0
full_suite,moving,0.5,10,10600060,True,0,5,399.49
dead_reckoning,moving,0.5,11,10600061,True,0,0,0.0
odometry_pods,moving,0.5,11,10600061,True,0,0,279.99
distance_sensors,moving,0.5,11,10600061,True,0,1,94.5
apriltag,moving,0.5,11,10600061,True,0,10,25.0
imu,moving,0.5,11,10600061,True,0,0,0.0
dual_camera_apriltag,moving,0.5,11,10600061,True,0,10,50.0
full_suite,moving,0.5,11,10600061,True,0,9,399.49
dead_reckoning,moving,0.5,12,10600062,False,1,0,0.0
odometry_pods,moving,0.5,12,10600062,True,0,0,279.99
distance_sensors,moving,0.5,12,10600062,False,1,0,94.5
apriltag,moving,0.5,12,10600062,False,1,0,25.0
imu,moving,0.5,12,10600062,False,1,0,0.0
dual_camera_apriltag,moving,0.5,12,10600062,False,1,0,50.0
full_suite,moving,0.5,12,10600062,False,1,0,399.49
dead_reckoning,moving,0.5,13,10600063,False,1,0,0.0
odometry_pods,moving,0.5,13,10600063,False,1,0,279.99
distance_sensors,moving,0.5,13,10600063,False,1,0,94.5
apriltag,moving,0.5,13,10600063,False,1,0,25.0
imu,moving,0.5,13,10600063,False,1,0,0.0
dual_camera_apriltag,moving,0.5,13,10600063,False,1,0,50.0
full_suite,moving,0.5,13,10600063,False,1,0,399.49
dead_reckoning,moving,0.5,14,10600064,True,0,0,0.0
odometry_pods,moving,0.5,14,10600064,True,0,0,279.99
distance_sensors,moving,0.5,14,10600064,True,0,0,94.5
apriltag,moving,0.5,14,10600064,True,0,10,25.0
imu,moving,0.5,14,10600064,True,0,0,0.0
dual_camera_apriltag,moving,0.5,14,10600064,True,0,10,50.0
full_suite,moving,0.5,14,10600064,True,0,2,399.49
dead_reckoning,moving,0.5,15,10600065,False,0,0,0.0
odometry_pods,moving,0.5,15,10600065,True,0,0,279.99
distance_sensors,moving,0.5,15,10600065,False,0,0,94.5
apriltag,moving,0.5,15,10600065,True,0,11,25.0
imu,moving,0.5,15,10600065,False,0,0,0.0
dual_camera_apriltag,moving,0.5,15,10600065,True,0,11,50.0
full_suite,moving,0.5,15,10600065,True,0,9,399.49
dead_reckoning,moving,0.5,16,10600066,True,0,0,0.0
odometry_pods,moving,0.5,16,10600066,True,0,0,279.99
distance_sensors,moving,0.5,16,10600066,False,1,1,94.5
apriltag,moving,0.5,16,10600066,True,0,2,25.0
imu,moving,0.5,16,10600066,True,0,0,0.0
dual_camera_apriltag,moving,0.5,16,10600066,True,0,2,50.0
full_suite,moving,0.5,16,10600066,False,1,2,399.49
dead_reckoning,moving,0.5,17,10600067,False,0,0,0.0
odometry_pods,moving,0.5,17,10600067,True,0,0,279.99
distance_sensors,moving,0.5,17,10600067,False,0,0,94.5
apriltag,moving,0.5,17,10600067,False,0,0,25.0
imu,moving,0.5,17,10600067,False,0,0,0.0
dual_camera_apriltag,moving,0.5,17,10600067,False,0,0,50.0
full_suite,moving,0.5,17,10600067,True,0,1,399.49
dead_reckoning,moving,0.5,18,10600068,True,0,0,0.0
odometry_pods,moving,0.5,18,10600068,True,0,0,279.99
distance_sensors,moving,0.5,18,10600068,False,1,3,94.5
apriltag,moving,0.5,18,10600068,True,0,16,25.0
imu,moving,0.5,18,10600068,False,1,0,0.0
dual_camera_apriltag,moving,0.5,18,10600068,True,0,16,50.0
full_suite,moving,0.5,18,10600068,True,0,11,399.49
dead_reckoning,moving,0.5,19,10600069,True,0,0,0.0
odometry_pods,moving,0.5,19,10600069,True,0,0,279.99
distance_sensors,moving,0.5,19,10600069,False,1,0,94.5
apriltag,moving,0.5,19,10600069,True,0,4,25.0
imu,moving,0.5,19,10600069,True,0,0,0.0
dual_camera_apriltag,moving,0.5,19,10600069,True,0,4,50.0
full_suite,moving,0.5,19,10600069,False,1,0,399.49
dead_reckoning,moving,0.5,20,10600070,False,1,0,0.0
odometry_pods,moving,0.5,20,10600070,True,0,0,279.99
distance_sensors,moving,0.5,20,10600070,False,1,2,94.5
apriltag,moving,0.5,20,10600070,True,0,2,25.0
imu,moving,0.5,20,10600070,False,1,0,0.0
dual_camera_apriltag,moving,0.5,20,10600070,True,0,2,50.0
full_suite,moving,0.5,20,10600070,True,0,7,399.49
dead_reckoning,moving,0.5,21,10600071,True,0,0,0.0
odometry_pods,moving,0.5,21,10600071,True,0,0,279.99
distance_sensors,moving,0.5,21,10600071,True,0,0,94.5
apriltag,moving,0.5,21,10600071,True,0,6,25.0
imu,moving,0.5,21,10600071,True,0,0,0.0
dual_camera_apriltag,moving,0.5,21,10600071,True,0,6,50.0
full_suite,moving,0.5,21,10600071,True,0,5,399.49
dead_reckoning,moving,0.5,22,10600072,True,0,0,0.0
odometry_pods,moving,0.5,22,10600072,True,0,0,279.99
distance_sensors,moving,0.5,22,10600072,True,0,0,94.5
apriltag,moving,0.5,22,10600072,True,0,1,25.0
imu,moving,0.5,22,10600072,True,0,0,0.0
dual_camera_apriltag,moving,0.5,22,10600072,True,0,1,50.0
full_suite,moving,0.5,22,10600072,True,0,1,399.49
dead_reckoning,moving,0.5,23,10600073,True,0,0,0.0
odometry_pods,moving,0.5,23,10600073,True,0,0,279.99
distance_sensors,moving,0.5,23,10600073,False,0,1,94.5
apriltag,moving,0.5,23,10600073,False,1,0,25.0
imu,moving,0.5,23,10600073,False,1,0,0.0
dual_camera_apriltag,moving,0.5,23,10600073,False,1,0,50.0
full_suite,moving,0.5,23,10600073,False,0,0,399.49
dead_reckoning,moving,0.5,24,10600074,False,1,0,0.0
odometry_pods,moving,0.5,24,10600074,True,0,0,279.99
distance_sensors,moving,0.5,24,10600074,False,1,0,94.5
apriltag,moving,0.5,24,10600074,False,0,4,25.0
imu,moving,0.5,24,10600074,False,1,0,0.0
dual_camera_apriltag,moving,0.5,24,10600074,False,0,4,50.0
full_suite,moving,0.5,24,10600074,True,0,2,399.49
dead_reckoning,moving,0.6,0,10600060,False,0,0,0.0
odometry_pods,moving,0.6,0,10600060,True,0,0,279.99
distance_sensors,moving,0.6,0,10600060,False,0,0,94.5
apriltag,moving,0.6,0,10600060,True,0,5,25.0
imu,moving,0.6,0,10600060,False,0,0,0.0
dual_camera_apriltag,moving,0.6,0,10600060,True,0,5,50.0
full_suite,moving,0.6,0,10600060,True,0,5,399.49
dead_reckoning,moving,0.6,1,10600061,True,0,0,0.0
odometry_pods,moving,0.6,1,10600061,True,0,0,279.99
distance_sensors,moving,0.6,1,10600061,True,0,1,94.5
apriltag,moving,0.6,1,10600061,True,0,10,25.0
imu,moving,0.6,1,10600061,True,0,0,0.0
dual_camera_apriltag,moving,0.6,1,10600061,True,0,10,50.0
full_suite,moving,0.6,1,10600061,True,0,9,399.49
dead_reckoning,moving,0.6,2,10600062,False,1,0,0.0
odometry_pods,moving,0.6,2,10600062,True,0,0,279.99
distance_sensors,moving,0.6,2,10600062,False,1,0,94.5
apriltag,moving,0.6,2,10600062,False,1,0,25.0
imu,moving,0.6,2,10600062,False,1,0,0.0
dual_camera_apriltag,moving,0.6,2,10600062,False,1,0,50.0
full_suite,moving,0.6,2,10600062,False,1,0,399.49
dead_reckoning,moving,0.6,3,10600063,False,1,0,0.0
odometry_pods,moving,0.6,3,10600063,False,1,0,279.99
distance_sensors,moving,0.6,3,10600063,False,1,0,94.5
apriltag,moving,0.6,3,10600063,False,1,0,25.0
imu,moving,0.6,3,10600063,False,1,0,0.0
dual_camera_apriltag,moving,0.6,3,10600063,False,1,0,50.0
full_suite,moving,0.6,3,10600063,False,1,0,399.49
dead_reckoning,moving,0.6,4,10600064,True,0,0,0.0
odometry_pods,moving,0.6,4,10600064,True,0,0,279.99
distance_sensors,moving,0.6,4,10600064,True,0,0,94.5
apriltag,moving,0.6,4,10600064,True,0,10,25.0
imu,moving,0.6,4,10600064,True,0,0,0.0
dual_camera_apriltag,moving,0.6,4,10600064,True,0,10,50.0
full_suite,moving,0.6,4,10600064,True,0,2,399.49
dead_reckoning,moving,0.6,5,10600065,False,0,0,0.0
odometry_pods,moving,0.6,5,10600065,True,0,0,279.99
distance_sensors,moving,0.6,5,10600065,False,0,0,94.5
apriltag,moving,0.6,5,10600065,True,0,11,25.0
imu,moving,0.6,5,10600065,False,0,0,0.0
dual_camera_apriltag,moving,0.6,5,10600065,True,0,11,50.0
full_suite,moving,0.6,5,10600065,True,0,9,399.49
dead_reckoning,moving,0.6,6,10600066,True,0,0,0.0
odometry_pods,moving,0.6,6,10600066,True,0,0,279.99
distance_sensors,moving,0.6,6,10600066,False,1,1,94.5
apriltag,moving,0.6,6,10600066,True,0,2,25.0
imu,moving,0.6,6,10600066,True,0,0,0.0
dual_camera_apriltag,moving,0.6,6,10600066,True,0,2,50.0
full_suite,moving,0.6,6,10600066,False,1,2,399.49
dead_reckoning,moving,0.6,7,10600067,False,0,0,0.0
odometry_pods,moving,0.6,7,10600067,True,0,0,279.99
distance_sensors,moving,0.6,7,10600067,False,0,0,94.5
apriltag,moving,0.6,7,10600067,False,0,0,25.0
imu,moving,0.6,7,10600067,False,0,0,0.0
dual_camera_apriltag,moving,0.6,7,10600067,False,0,0,50.0
full_suite,moving,0.6,7,10600067,True,0,1,399.49
dead_reckoning,moving,0.6,8,10600068,True,0,0,0.0
odometry_pods,moving,0.6,8,10600068,True,0,0,279.99
distance_sensors,moving,0.6,8,10600068,False,1,3,94.5
apriltag,moving,0.6,8,10600068,True,0,16,25.0
imu,moving,0.6,8,10600068,False,1,0,0.0
dual_camera_apriltag,moving,0.6,8,10600068,True,0,16,50.0
full_suite,moving,0.6,8,10600068,True,0,11,399.49
dead_reckoning,moving,0.6,9,10600069,True,0,0,0.0
odometry_pods,moving,0.6,9,10600069,True,0,0,279.99
distance_sensors,moving,0.6,9,10600069,False,1,0,94.5
apriltag,moving,0.6,9,10600069,True,0,4,25.0
imu,moving,0.6,9,10600069,True,0,0,0.0
dual_camera_apriltag,moving,0.6,9,10600069,True,0,4,50.0
full_suite,moving,0.6,9,10600069,False,1,0,399.49
dead_reckoning,moving,0.6,10,10600070,False,1,0,0.0
odometry_pods,moving,0.6,10,10600070,True,0,0,279.99
distance_sensors,moving,0.6,10,10600070,False,1,2,94.5
apriltag,moving,0.6,10,10600070,True,0,2,25.0
imu,moving,0.6,10,10600070,False,1,0,0.0
dual_camera_apriltag,moving,0.6,10,10600070,True,0,2,50.0
full_suite,moving,0.6,10,10600070,True,0,7,399.49
dead_reckoning,moving,0.6,11,10600071,True,0,0,0.0
odometry_pods,moving,0.6,11,10600071,True,0,0,279.99
distance_sensors,moving,0.6,11,10600071,True,0,0,94.5
apriltag,moving,0.6,11,10600071,True,0,6,25.0
imu,moving,0.6,11,10600071,True,0,0,0.0
dual_camera_apriltag,moving,0.6,11,10600071,True,0,6,50.0
full_suite,moving,0.6,11,10600071,True,0,5,399.49
dead_reckoning,moving,0.6,12,10600072,True,0,0,0.0
odometry_pods,moving,0.6,12,10600072,True,0,0,279.99
distance_sensors,moving,0.6,12,10600072,True,0,0,94.5
apriltag,moving,0.6,12,10600072,True,0,1,25.0
imu,moving,0.6,12,10600072,True,0,0,0.0
dual_camera_apriltag,moving,0.6,12,10600072,True,0,1,50.0
full_suite,moving,0.6,12,10600072,True,0,1,399.49
dead_reckoning,moving,0.6,13,10600073,True,0,0,0.0
odometry_pods,moving,0.6,13,10600073,True,0,0,279.99
distance_sensors,moving,0.6,13,10600073,False,0,1,94.5
apriltag,moving,0.6,13,10600073,False,1,0,25.0
imu,moving,0.6,13,10600073,False,1,0,0.0
dual_camera_apriltag,moving,0.6,13,10600073,False,1,0,50.0
full_suite,moving,0.6,13,10600073,False,0,0,399.49
dead_reckoning,moving,0.6,14,10600074,False,1,0,0.0
odometry_pods,moving,0.6,14,10600074,True,0,0,279.99
distance_sensors,moving,0.6,14,10600074,False,1,0,94.5
apriltag,moving,0.6,14,10600074,False,0,4,25.0
imu,moving,0.6,14,10600074,False,1,0,0.0
dual_camera_apriltag,moving,0.6,14,10600074,False,0,4,50.0
full_suite,moving,0.6,14,10600074,True,0,2,399.49
dead_reckoning,moving,0.6,15,10600075,False,1,0,0.0
odometry_pods,moving,0.6,15,10600075,False,1,0,279.99
distance_sensors,moving,0.6,15,10600075,True,0,3,94.5
apriltag,moving,0.6,15,10600075,True,0,14,25.0
imu,moving,0.6,15,10600075,False,1,0,0.0
dual_camera_apriltag,moving,0.6,15,10600075,False,1,8,50.0
full_suite,moving,0.6,15,10600075,True,0,14,399.49
dead_reckoning,moving,0.6,16,10600076,False,1,0,0.0
odometry_pods,moving,0.6,16,10600076,False,1,0,279.99
distance_sensors,moving,0.6,16,10600076,False,0,0,94.5
apriltag,moving,0.6,16,10600076,True,0,8,25.0
imu,moving,0.6,16,10600076,False,0,0,0.0
dual_camera_apriltag,moving,0.6,16,10600076,True,0,8,50.0
full_suite,moving,0.6,16,10600076,True,0,7,399.49
dead_reckoning,moving,0.6,17,10600077,True,0,0,0.0
odometry_pods,moving,0.6,17,10600077,True,0,0,279.99
distance_sensors,moving,0.6,17,10600077,False,1,0,94.5
apriltag,moving,0.6,17,10600077,True,0,12,25.0
imu,moving,0.6,17,10600077,True,0,0,0.0
dual_camera_apriltag,moving,0.6,17,10600077,True,0,12,50.0
full_suite,moving,0.6,17,10600077,True,0,5,399.49
dead_reckoning,moving,0.6,18,10600078,False,1,0,0.0
odometry_pods,moving,0.6,18,10600078,True,0,0,279.99
distance_sensors,moving,0.6,18,10600078,False,1,3,94.5
apriltag,moving,0.6,18,10600078,False,1,0,25.0
imu,moving,0.6,18,10600078,False,1,0,0.0
dual_camera_apriltag,moving,0.6,18,10600078,False,1,0,50.0
full_suite,moving,0.6,18,10600078,True,0,2,399.49
dead_reckoning,moving,0.6,19,10600079,False,1,0,0.0
odometry_pods,moving,0.6,19,10600079,True,0,0,279.99
distance_sensors,moving,0.6,19,10600079,False,1,2,94.5
apriltag,moving,0.6,19,10600079,False,1,1,25.0
imu,moving,0.6,19,10600079,False,1,0,0.0
dual_camera_apriltag,moving,0.6,19,10600079,False,1,1,50.0
full_suite,moving,0.6,19,10600079,True,0,5,399.49
dead_reckoning,moving,0.6,20,10600080,False,1,0,0.0
odometry_pods,moving,0.6,20,10600080,True,0,0,279.99
distance_sensors,moving,0.6,20,10600080,False,1,0,94.5
apriltag,moving,0.6,20,10600080,False,1,0,25.0
imu,moving,0.6,20,10600080,False,1,0,0.0
dual_camera_apriltag,moving,0.6,20,10600080,False,1,0,50.0
full_suite,moving,0.6,20,10600080,False,1,1,399.49
dead_reckoning,moving,0.6,21,10600081,False,0,0,0.0
odometry_pods,moving,0.6,21,10600081,True,0,0,279.99
distance_sensors,moving,0.6,21,10600081,False,1,2,94.5
apriltag,moving,0.6,21,10600081,False,1,1,25.0
imu,moving,0.6,21,10600081,False,0,0,0.0
dual_camera_apriltag,moving,0.6,21,10600081,False,1,1,50.0
full_suite,moving,0.6,21,10600081,False,1,8,399.49
dead_reckoning,moving,0.6,22,10600082,False,1,0,0.0
odometry_pods,moving,0.6,22,10600082,True,0,0,279.99
distance_sensors,moving,0.6,22,10600082,False,0,4,94.5
apriltag,moving,0.6,22,10600082,False,1,0,25.0
imu,moving,0.6,22,10600082,False,1,0,0.0
dual_camera_apriltag,moving,0.6,22,10600082,False,1,0,50.0
full_suite,moving,0.6,22,10600082,False,1,1,399.49
dead_reckoning,moving,0.6,23,10600083,False,1,0,0.0
odometry_pods,moving,0.6,23,10600083,False,1,0,279.99
distance_sensors,moving,0.6,23,10600083,False,0,0,94.5
apriltag,moving,0.6,23,10600083,False,0,2,25.0
imu,moving,0.6,23,10600083,False,1,0,0.0
dual_camera_apriltag,moving,0.6,23,10600083,False,0,2,50.0
full_suite,moving,0.6,23,10600083,False,0,0,399.49
dead_reckoning,moving,0.6,24,10600084,False,1,0,0.0
odometry_pods,moving,0.6,24,10600084,False,1,0,279.99
distance_sensors,moving,0.6,24,10600084,True,0,0,94.5
apriltag,moving,0.6,24,10600084,False,1,0,25.0
imu,moving,0.6,24,10600084,False,1,0,0.0
dual_camera_apriltag,moving,0.6,24,10600084,False,1,0,50.0
full_suite,moving,0.6,24,10600084,True,0,0,399.49
dead_reckoning,moving,0.7,0,10600070,False,1,0,0.0
odometry_pods,moving,0.7,0,10600070,True,0,0,279.99
distance_sensors,moving,0.7,0,10600070,False,1,2,94.5
apriltag,moving,0.7,0,10600070,True,0,2,25.0
imu,moving,0.7,0,10600070,False,1,0,0.0
dual_camera_apriltag,moving,0.7,0,10600070,True,0,2,50.0
full_suite,moving,0.7,0,10600070,True,0,7,399.49
dead_reckoning,moving,0.7,1,10600071,True,0,0,0.0
odometry_pods,moving,0.7,1,10600071,True,0,0,279.99
distance_sensors,moving,0.7,1,10600071,True,0,0,94.5
apriltag,moving,0.7,1,10600071,True,0,6,25.0
imu,moving,0.7,1,10600071,True,0,0,0.0
dual_camera_apriltag,moving,0.7,1,10600071,True,0,6,50.0
full_suite,moving,0.7,1,10600071,True,0,5,399.49
dead_reckoning,moving,0.7,2,10600072,True,0,0,0.0
odometry_pods,moving,0.7,2,10600072,True,0,0,279.99
distance_sensors,moving,0.7,2,10600072,True,0,0,94.5
apriltag,moving,0.7,2,10600072,True,0,1,25.0
imu,moving,0.7,2,10600072,True,0,0,0.0
dual_camera_apriltag,moving,0.7,2,10600072,True,0,1,50.0
full_suite,moving,0.7,2,10600072,True,0,1,399.49
dead_reckoning,moving,0.7,3,10600073,True,0,0,0.0
odometry_pods,moving,0.7,3,10600073,True,0,0,279.99
distance_sensors,moving,0.7,3,10600073,False,0,1,94.5
apriltag,moving,0.7,3,10600073,False,1,0,25.0
imu,moving,0.7,3,10600073,False,1,0,0.0
dual_camera_apriltag,moving,0.7,3,10600073,False,1,0,50.0
full_suite,moving,0.7,3,10600073,False,0,0,399.49
dead_reckoning,moving,0.7,4,10600074,False,1,0,0.0
odometry_pods,moving,0.7,4,10600074,True,0,0,279.99
distance_sensors,moving,0.7,4,10600074,False,1,0,94.5
apriltag,moving,0.7,4,10600074,False,0,4,25.0
imu,moving,0.7,4,10600074,False,1,0,0.0
dual_camera_apriltag,moving,0.7,4,10600074,False,0,4,50.0
full_suite,moving,0.7,4,10600074,True,0,2,399.49
dead_reckoning,moving,0.7,5,10600075,False,1,0,0.0
odometry_pods,moving,0.7,5,10600075,False,1,0,279.99
distance_sensors,moving,0.7,5,10600075,True,0,3,94.5
apriltag,moving,0.7,5,10600075,True,0,14,25.0
imu,moving,0.7,5,10600075,False,1,0,0.0
dual_camera_apriltag,moving,0.7,5,10600075,False,1,8,50.0
full_suite,moving,0.7,5,10600075,True,0,14,399.49
dead_reckoning,moving,0.7,6,10600076,False,1,0,0.0
odometry_pods,moving,0.7,6,10600076,False,1,0,279.99
distance_sensors,moving,0.7,6,10600076,False,0,0,94.5
apriltag,moving,0.7,6,10600076,True,0,8,25.0
imu,moving,0.7,6,10600076,False,0,0,0.0
dual_camera_apriltag,moving,0.7,6,10600076,True,0,8,50.0
full_suite,moving,0.7,6,10600076,True,0,7,399.49
dead_reckoning,moving,0.7,7,10600077,True,0,0,0.0
odometry_pods,moving,0.7,7,10600077,True,0,0,279.99
distance_sensors,moving,0.7,7,10600077,False,1,0,94.5
apriltag,moving,0.7,7,10600077,True,0,12,25.0
imu,moving,0.7,7,10600077,True,0,0,0.0
dual_camera_apriltag,moving,0.7,7,10600077,True,0,12,50.0
full_suite,moving,0.7,7,10600077,True,0,5,399.49
dead_reckoning,moving,0.7,8,10600078,False,1,0,0.0
odometry_pods,moving,0.7,8,10600078,True,0,0,279.99
distance_sensors,moving,0.7,8,10600078,False,1,3,94.5
apriltag,moving,0.7,8,10600078,False,1,0,25.0
imu,moving,0.7,8,10600078,False,1,0,0.0
dual_camera_apriltag,moving,0.7,8,10600078,False,1,0,50.0
full_suite,moving,0.7,8,10600078,True,0,2,399.49
dead_reckoning,moving,0.7,9,10600079,False,1,0,0.0
odometry_pods,moving,0.7,9,10600079,True,0,0,279.99
distance_sensors,moving,0.7,9,10600079,False,1,2,94.5
apriltag,moving,0.7,9,10600079,False,1,1,25.0
imu,moving,0.7,9,10600079,False,1,0,0.0
dual_camera_apriltag,moving,0.7,9,10600079,False,1,1,50.0
full_suite,moving,0.7,9,10600079,True,0,5,399.49
dead_reckoning,moving,0.7,10,10600080,False,1,0,0.0
odometry_pods,moving,0.7,10,10600080,True,0,0,279.99
distance_sensors,moving,0.7,10,10600080,False,1,0,94.5
apriltag,moving,0.7,10,10600080,False,1,0,25.0
imu,moving,0.7,10,10600080,False,1,0,0.0
dual_camera_apriltag,moving,0.7,10,10600080,False,1,0,50.0
full_suite,moving,0.7,10,10600080,False,1,1,399.49
dead_reckoning,moving,0.7,11,10600081,False,0,0,0.0
odometry_pods,moving,0.7,11,10600081,True,0,0,279.99
distance_sensors,moving,0.7,11,10600081,False,1,2,94.5
apriltag,moving,0.7,11,10600081,False,1,1,25.0
imu,moving,0.7,11,10600081,False,0,0,0.0
dual_camera_apriltag,moving,0.7,11,10600081,False,1,1,50.0
full_suite,moving,0.7,11,10600081,False,1,8,399.49
dead_reckoning,moving,0.7,12,10600082,False,1,0,0.0
odometry_pods,moving,0.7,12,10600082,True,0,0,279.99
distance_sensors,moving,0.7,12,10600082,False,0,4,94.5
apriltag,moving,0.7,12,10600082,False,1,0,25.0
imu,moving,0.7,12,10600082,False,1,0,0.0
dual_camera_apriltag,moving,0.7,12,10600082,False,1,0,50.0
full_suite,moving,0.7,12,10600082,False,1,1,399.49
dead_reckoning,moving,0.7,13,10600083,False,1,0,0.0
odometry_pods,moving,0.7,13,10600083,False,1,0,279.99
distance_sensors,moving,0.7,13,10600083,False,0,0,94.5
apriltag,moving,0.7,13,10600083,False,0,2,25.0
imu,moving,0.7,13,10600083,False,1,0,0.0
dual_camera_apriltag,moving,0.7,13,10600083,False,0,2,50.0
full_suite,moving,0.7,13,10600083,False,0,0,399.49
dead_reckoning,moving,0.7,14,10600084,False,1,0,0.0
odometry_pods,moving,0.7,14,10600084,False,1,0,279.99
distance_sensors,moving,0.7,14,10600084,True,0,0,94.5
apriltag,moving,0.7,14,10600084,False,1,0,25.0
imu,moving,0.7,14,10600084,False,1,0,0.0
dual_camera_apriltag,moving,0.7,14,10600084,False,1,0,50.0
full_suite,moving,0.7,14,10600084,True,0,0,399.49
dead_reckoning,moving,0.7,15,10600085,False,0,0,0.0
odometry_pods,moving,0.7,15,10600085,True,0,0,279.99
distance_sensors,moving,0.7,15,10600085,True,0,1,94.5
apriltag,moving,0.7,15,10600085,True,0,5,25.0
imu,moving,0.7,15,10600085,False,0,0,0.0
dual_camera_apriltag,moving,0.7,15,10600085,True,0,5,50.0
full_suite,moving,0.7,15,10600085,True,0,7,399.49
dead_reckoning,moving,0.7,16,10600086,False,1,0,0.0
odometry_pods,moving,0.7,16,10600086,False,1,0,279.99
distance_sensors,moving,0.7,16,10600086,False,0,0,94.5
apriltag,moving,0.7,16,10600086,False,1,1,25.0
imu,moving,0.7,16,10600086,False,1,0,0.0
dual_camera_apriltag,moving,0.7,16,10600086,False,1,1,50.0
full_suite,moving,0.7,16,10600086,True,0,1,399.49
dead_reckoning,moving,0.7,17,10600087,False,0,0,0.0
odometry_pods,moving,0.7,17,10600087,True,0,0,279.99
distance_sensors,moving,0.7,17,10600087,False,1,0,94.5
apriltag,moving,0.7,17,10600087,False,0,2,25.0
imu,moving,0.7,17,10600087,False,0,0,0.0
dual_camera_apriltag,moving,0.7,17,10600087,False,0,2,50.0
full_suite,moving,0.7,17,10600087,True,0,2,399.49
dead_reckoning,moving,0.7,18,10600088,True,0,0,0.0
odometry_pods,moving,0.7,18,10600088,True,0,0,279.99
distance_sensors,moving,0.7,18,10600088,False,1,0,94.5
apriltag,moving,0.7,18,10600088,False,0,3,25.0
imu,moving,0.7,18,10600088,True,0,0,0.0
dual_camera_apriltag,moving,0.7,18,10600088,False,0,3,50.0
full_suite,moving,0.7,18,10600088,True,0,2,399.49
dead_reckoning,moving,0.7,19,10600089,False,0,0,0.0
odometry_pods,moving,0.7,19,10600089,True,0,0,279.99
distance_sensors,moving,0.7,19,10600089,False,1,0,94.5
apriltag,moving,0.7,19,10600089,True,0,9,25.0
imu,moving,0.7,19,10600089,False,0,0,0.0
dual_camera_apriltag,moving,0.7,19,10600089,True,0,9,50.0
full_suite,moving,0.7,19,10600089,False,1,0,399.49
dead_reckoning,moving,0.7,20,10600090,True,0,0,0.0
odometry_pods,moving,0.7,20,10600090,True,0,0,279.99
distance_sensors,moving,0.7,20,10600090,True,0,1,94.5
apriltag,moving,0.7,20,10600090,True,0,14,25.0
imu,moving,0.7,20,10600090,True,0,0,0.0
dual_camera_apriltag,moving,0.7,20,10600090,True,0,14,50.0
full_suite,moving,0.7,20,10600090,True,0,5,399.49
dead_reckoning,moving,0.7,21,10600091,False,0,0,0.0
odometry_pods,moving,0.7,21,10600091,True,0,0,279.99
distance_sensors,moving,0.7,21,10600091,False,0,0,94.5
apriltag,moving,0.7,21,10600091,True,0,5,25.0
imu,moving,0.7,21,10600091,False,0,0,0.0
dual_camera_apriltag,moving,0.7,21,10600091,True,0,5,50.0
full_suite,moving,0.7,21,10600091,True,0,4,399.49
dead_reckoning,moving,0.7,22,10600092,False,1,0,0.0
odometry_pods,moving,0.7,22,10600092,True,0,0,279.99
distance_sensors,moving,0.7,22,10600092,False,1,0,94.5
apriltag,moving,0.7,22,10600092,True,0,5,25.0
imu,moving,0.7,22,10600092,False,0,0,0.0
dual_camera_apriltag,moving,0.7,22,10600092,False,1,4,50.0
full_suite,moving,0.7,22,10600092,True,0,3,399.49
dead_reckoning,moving,0.7,23,10600093,True,0,0,0.0
odometry_pods,moving,0.7,23,10600093,True,0,0,279.99
distance_sensors,moving,0.7,23,10600093,True,0,0,94.5
apriltag,moving,0.7,23,10600093,True,0,0,25.0
imu,moving,0.7,23,10600093,True,0,0,0.0
dual_camera_apriltag,moving,0.7,23,10600093,True,0,0,50.0
full_suite,moving,0.7,23,10600093,True,0,1,399.49
dead_reckoning,moving,0.7,24,10600094,False,0,0,0.0
odometry_pods,moving,0.7,24,10600094,False,1,0,279.99
distance_sensors,moving,0.7,24,10600094,False,1,2,94.5
apriltag,moving,0.7,24,10600094,False,1,10,25.0
imu,moving,0.7,24,10600094,False,0,0,0.0
dual_camera_apriltag,moving,0.7,24,10600094,False,1,10,50.0
full_suite,moving,0.7,24,10600094,True,0,6,399.49
dead_reckoning,moving,0.8,0,10600080,False,1,0,0.0
odometry_pods,moving,0.8,0,10600080,True,0,0,279.99
distance_sensors,moving,0.8,0,10600080,False,1,0,94.5
apriltag,moving,0.8,0,10600080,False,1,0,25.0
imu,moving,0.8,0,10600080,False,1,0,0.0
dual_camera_apriltag,moving,0.8,0,10600080,False,1,0,50.0
full_suite,moving,0.8,0,10600080,False,1,1,399.49
dead_reckoning,moving,0.8,1,10600081,False,0,0,0.0
odometry_pods,moving,0.8,1,10600081,True,0,0,279.99
distance_sensors,moving,0.8,1,10600081,False,1,2,94.5
apriltag,moving,0.8,1,10600081,False,1,1,25.0
imu,moving,0.8,1,10600081,False,0,0,0.0
dual_camera_apriltag,moving,0.8,1,10600081,False,1,1,50.0
full_suite,moving,0.8,1,10600081,False,1,8,399.49
dead_reckoning,moving,0.8,2,10600082,False,1,0,0.0
odometry_pods,moving,0.8,2,10600082,True,0,0,279.99
distance_sensors,moving,0.8,2,10600082,False,0,4,94.5
apriltag,moving,0.8,2,10600082,False,1,0,25.0
imu,moving,0.8,2,10600082,False,1,0,0.0
dual_camera_apriltag,moving,0.8,2,10600082,False,1,0,50.0
full_suite,moving,0.8,2,10600082,False,1,1,399.49
dead_reckoning,moving,0.8,3,10600083,False,1,0,0.0
odometry_pods,moving,0.8,3,10600083,False,1,0,279.99
distance_sensors,moving,0.8,3,10600083,False,0,0,94.5
apriltag,moving,0.8,3,10600083,False,0,2,25.0
imu,moving,0.8,3,10600083,False,1,0,0.0
dual_camera_apriltag,moving,0.8,3,10600083,False,0,2,50.0
full_suite,moving,0.8,3,10600083,False,0,0,399.49
dead_reckoning,moving,0.8,4,10600084,False,1,0,0.0
odometry_pods,moving,0.8,4,10600084,False,1,0,279.99
distance_sensors,moving,0.8,4,10600084,True,0,0,94.5
apriltag,moving,0.8,4,10600084,False,1,0,25.0
imu,moving,0.8,4,10600084,False,1,0,0.0
dual_camera_apriltag,moving,0.8,4,10600084,False,1,0,50.0
full_suite,moving,0.8,4,10600084,True,0,0,399.49
dead_reckoning,moving,0.8,5,10600085,False,0,0,0.0
odometry_pods,moving,0.8,5,10600085,False,1,0,279.99
distance_sensors,moving,0.8,5,10600085,True,0,1,94.5
apriltag,moving,0.8,5,10600085,False,1,1,25.0
imu,moving,0.8,5,10600085,False,1,0,0.0
dual_camera_apriltag,moving,0.8,5,10600085,False,1,1,50.0
full_suite,moving,0.8,5,10600085,True,0,7,399.49
dead_reckoning,moving,0.8,6,10600086,False,1,0,0.0
odometry_pods,moving,0.8,6,10600086,False,1,0,279.99
distance_sensors,moving,0.8,6,10600086,False,0,0,94.5
apriltag,moving,0.8,6,10600086,False,1,1,25.0
imu,moving,0.8,6,10600086,False,1,0,0.0
dual_camera_apriltag,moving,0.8,6,10600086,False,1,1,50.0
full_suite,moving,0.8,6,10600086,True,0,1,399.49
dead_reckoning,moving,0.8,7,10600087,False,0,0,0.0
odometry_pods,moving,0.8,7,10600087,True,0,0,279.99
distance_sensors,moving,0.8,7,10600087,False,1,0,94.5
apriltag,moving,0.8,7,10600087,False,0,2,25.0
imu,moving,0.8,7,10600087,False,0,0,0.0
dual_camera_apriltag,moving,0.8,7,10600087,False,0,2,50.0
full_suite,moving,0.8,7,10600087,True,0,2,399.49
dead_reckoning,moving,0.8,8,10600088,True,0,0,0.0
odometry_pods,moving,0.8,8,10600088,True,0,0,279.99
distance_sensors,moving,0.8,8,10600088,False,1,0,94.5
apriltag,moving,0.8,8,10600088,False,0,3,25.0
imu,moving,0.8,8,10600088,True,0,0,0.0
dual_camera_apriltag,moving,0.8,8,10600088,False,0,3,50.0
full_suite,moving,0.8,8,10600088,True,0,2,399.49
dead_reckoning,moving,0.8,9,10600089,False,0,0,0.0
odometry_pods,moving,0.8,9,10600089,True,0,0,279.99
distance_sensors,moving,0.8,9,10600089,False,1,0,94.5
apriltag,moving,0.8,9,10600089,True,0,9,25.0
imu,moving,0.8,9,10600089,False,0,0,0.0
dual_camera_apriltag,moving,0.8,9,10600089,True,0,9,50.0
full_suite,moving,0.8,9,10600089,False,1,0,399.49
dead_reckoning,moving,0.8,10,10600090,True,0,0,0.0
odometry_pods,moving,0.8,10,10600090,True,0,0,279.99
distance_sensors,moving,0.8,10,10600090,True,0,1,94.5
apriltag,moving,0.8,10,10600090,True,0,14,25.0
imu,moving,0.8,10,10600090,True,0,0,0.0
dual_camera_apriltag,moving,0.8,10,10600090,True,0,14,50.0
full_suite,moving,0.8,10,10600090,True,0,5,399.49
dead_reckoning,moving,0.8,11,10600091,False,0,0,0.0
odometry_pods,moving,0.8,11,10600091,True,0,0,279.99
distance_sensors,moving,0.8,11,10600091,False,0,0,94.5
apriltag,moving,0.8,11,10600091,True,0,5,25.0
imu,moving,0.8,11,10600091,False,0,0,0.0
dual_camera_apriltag,moving,0.8,11,10600091,True,0,5,50.0
full_suite,moving,0.8,11,10600091,True,0,5,399.49
dead_reckoning,moving,0.8,12,10600092,False,1,0,0.0
odometry_pods,moving,0.8,12,10600092,True,0,0,279.99
distance_sensors,moving,0.8,12,10600092,False,1,0,94.5
apriltag,moving,0.8,12,10600092,True,0,5,25.0
imu,moving,0.8,12,10600092,False,0,0,0.0
dual_camera_apriltag,moving,0.8,12,10600092,False,1,4,50.0
full_suite,moving,0.8,12,10600092,True,0,3,399.49
dead_reckoning,moving,0.8,13,10600093,True,0,0,0.0
odometry_pods,moving,0.8,13,10600093,True,0,0,279.99
distance_sensors,moving,0.8,13,10600093,True,0,0,94.5
apriltag,moving,0.8,13,10600093,True,0,0,25.0
imu,moving,0.8,13,10600093,True,0,0,0.0
dual_camera_apriltag,moving,0.8,13,10600093,True,0,0,50.0
full_suite,moving,0.8,13,10600093,True,0,1,399.49
dead_reckoning,moving,0.8,14,10600094,False,0,0,0.0
odometry_pods,moving,0.8,14,10600094,False,1,0,279.99
distance_sensors,moving,0.8,14,10600094,False,1,2,94.5
apriltag,moving,0.8,14,10600094,False,1,10,25.0
imu,moving,0.8,14,10600094,False,0,0,0.0
dual_camera_apriltag,moving,0.8,14,10600094,False,1,10,50.0
full_suite,moving,0.8,14,10600094,True,0,6,399.49
dead_reckoning,moving,0.8,15,10600095,False,0,0,0.0
odometry_pods,moving,0.8,15,10600095,True,0,0,279.99
distance_sensors,moving,0.8,15,10600095,True,0,0,94.5
apriltag,moving,0.8,15,10600095,True,0,5,25.0
imu,moving,0.8,15,10600095,False,0,0,0.0
dual_camera_apriltag,moving,0.8,15,10600095,True,0,5,50.0
full_suite,moving,0.8,15,10600095,True,0,0,399.49
dead_reckoning,moving,0.8,16,10600096,False,0,0,0.0
odometry_pods,moving,0.8,16,10600096,True,0,0,279.99
distance_sensors,moving,0.8,16,10600096,False,1,0,94.5
apriltag,moving,0.8,16,10600096,False,1,11,25.0
imu,moving,0.8,16,10600096,False,0,0,0.0
dual_camera_apriltag,moving,0.8,16,10600096,False,1,11,50.0
full_suite,moving,0.8,16,10600096,False,1,0,399.49
dead_reckoning,moving,0.8,17,10600097,True,0,0,0.0
odometry_pods,moving,0.8,17,10600097,True,0,0,279.99
distance_sensors,moving,0.8,17,10600097,False,1,0,94.5
apriltag,moving,0.8,17,10600097,True,0,7,25.0
imu,moving,0.8,17,10600097,True,0,0,0.0
dual_camera_apriltag,moving,0.8,17,10600097,True,0,7,50.0
full_suite,moving,0.8,17,10600097,False,1,0,399.49
dead_reckoning,moving,0.8,18,10600098,False,1,0,0.0
odometry_pods,moving,0.8,18,10600098,True,0,0,279.99
distance_sensors,moving,0.8,18,10600098,False,1,2,94.5
apriltag,moving,0.8,18,10600098,True,0,4,25.0
imu,moving,0.8,18,10600098,False,1,0,0.0
dual_camera_apriltag,moving,0.8,18,10600098,True,0,4,50.0
full_suite,moving,0.8,18,10600098,True,0,6,399.49
dead_reckoning,moving,0.8,19,10600099,False,1,0,0.0
odometry_pods,moving,0.8,19,10600099,False,1,0,279.99
distance_sensors,moving,0.8,19,10600099,False,1,2,94.5
apriltag,moving,0.8,19,10600099,False,1,1,25.0
imu,moving,0.8,19,10600099,False,1,0,0.0
dual_camera_apriltag,moving,0.8,19,10600099,False,1,1,50.0
full_suite,moving,0.8,19,10600099,True,0,7,399.49
dead_reckoning,moving,0.8,20,10600100,True,0,0,0.0
odometry_pods,moving,0.8,20,10600100,True,0,0,279.99
distance_sensors,moving,0.8,20,10600100,True,0,0,94.5
apriltag,moving,0.8,20,10600100,False,0,6,25.0
imu,moving,0.8,20,10600100,True,0,0,0.0
dual_camera_apriltag,moving,0.8,20,10600100,False,0,6,50.0
full_suite,moving,0.8,20,10600100,True,0,5,399.49
dead_reckoning,moving,0.8,21,10600101,False,1,0,0.0
odometry_pods,moving,0.8,21,10600101,True,0,0,279.99
distance_sensors,moving,0.8,21,10600101,False,1,0,94.5
apriltag,moving,0.8,21,10600101,False,0,8,25.0
imu,moving,0.8,21,10600101,False,1,0,0.0
dual_camera_apriltag,moving,0.8,21,10600101,False,0,8,50.0
full_suite,moving,0.8,21,10600101,True,0,5,399.49
dead_reckoning,moving,0.8,22,10600102,True,0,0,0.0
odometry_pods,moving,0.8,22,10600102,True,0,0,279.99
distance_sensors,moving,0.8,22,10600102,True,0,0,94.5
apriltag,moving,0.8,22,10600102,False,0,4,25.0
imu,moving,0.8,22,10600102,False,1,0,0.0
dual_camera_apriltag,moving,0.8,22,10600102,False,1,3,50.0
full_suite,moving,0.8,22,10600102,True,0,1,399.49
dead_reckoning,moving,0.8,23,10600103,False,1,0,0.0
odometry_pods,moving,0.8,23,10600103,True,0,0,279.99
distance_sensors,moving,0.8,23,10600103,False,1,1,94.5
apriltag,moving,0.8,23,10600103,False,1,2,25.0
imu,moving,0.8,23,10600103,False,1,0,0.0
dual_camera_apriltag,moving,0.8,23,10600103,False,1,1,50.0
full_suite,moving,0.8,23,10600103,True,0,13,399.49
dead_reckoning,moving,0.8,24,10600104,False,1,0,0.0
odometry_pods,moving,0.8,24,10600104,False,1,0,279.99
distance_sensors,moving,0.8,24,10600104,False,1,0,94.5
apriltag,moving,0.8,24,10600104,False,1,1,25.0
imu,moving,0.8,24,10600104,False,1,0,0.0
dual_camera_apriltag,moving,0.8,24,10600104,False,1,1,50.0
full_suite,moving,0.8,24,10600104,True,0,4,399.49
dead_reckoning,moving,0.9,0,10600090,True,0,0,0.0
odometry_pods,moving,0.9,0,10600090,True,0,0,279.99
distance_sensors,moving,0.9,0,10600090,True,0,1,94.5
apriltag,moving,0.9,0,10600090,True,0,14,25.0
imu,moving,0.9,0,10600090,True,0,0,0.0
dual_camera_apriltag,moving,0.9,0,10600090,True,0,14,50.0
full_suite,moving,0.9,0,10600090,True,0,5,399.49
dead_reckoning,moving,0.9,1,10600091,False,0,0,0.0
odometry_pods,moving,0.9,1,10600091,True,0,0,279.99
distance_sensors,moving,0.9,1,10600091,False,0,0,94.5
apriltag,moving,0.9,1,10600091,True,0,5,25.0
imu,moving,0.9,1,10600091,False,0,0,0.0
dual_camera_apriltag,moving,0.9,1,10600091,True,0,5,50.0
full_suite,moving,0.9,1,10600091,True,0,5,399.49
dead_reckoning,moving,0.9,2,10600092,False,1,0,0.0
odometry_pods,moving,0.9,2,10600092,True,0,0,279.99
distance_sensors,moving,0.9,2,10600092,False,1,0,94.5
apriltag,moving,0.9,2,10600092,True,0,5,25.0
imu,moving,0.9,2,10600092,False,0,0,0.0
dual_camera_apriltag,moving,0.9,2,10600092,False,1,4,50.0
full_suite,moving,0.9,2,10600092,True,0,3,399.49
dead_reckoning,moving,0.9,3,10600093,True,0,0,0.0
odometry_pods,moving,0.9,3,10600093,True,0,0,279.99
distance_sensors,moving,0.9,3,10600093,True,0,0,94.5
apriltag,moving,0.9,3,10600093,True,0,0,25.0
imu,moving,0.9,3,10600093,True,0,0,0.0
dual_camera_apriltag,moving,0.9,3,10600093,True,0,0,50.0
full_suite,moving,0.9,3,10600093,True,0,1,399.49
dead_reckoning,moving,0.9,4,10600094,False,0,0,0.0
odometry_pods,moving,0.9,4,10600094,False,1,0,279.99
distance_sensors,moving,0.9,4,10600094,False,1,2,94.5
apriltag,moving,0.9,4,10600094,False,1,10,25.0
imu,moving,0.9,4,10600094,False,0,0,0.0
dual_camera_apriltag,moving,0.9,4,10600094,False,1,10,50.0
full_suite,moving,0.9,4,10600094,True,0,6,399.49
dead_reckoning,moving,0.9,5,10600095,False,0,0,0.0
odometry_pods,moving,0.9,5,10600095,False,1,0,279.99
distance_sensors,moving,0.9,5,10600095,False,0,0,94.5
apriltag,moving,0.9,5,10600095,False,1,5,25.0
imu,moving,0.9,5,10600095,False,0,0,0.0
dual_camera_apriltag,moving,0.9,5,10600095,False,1,5,50.0
full_suite,moving,0.9,5,10600095,False,0,0,399.49
dead_reckoning,moving,0.9,6,10600096,False,0,0,0.0
odometry_pods,moving,0.9,6,10600096,True,0,0,279.99
distance_sensors,moving,0.9,6,10600096,False,1,0,94.5
apriltag,moving,0.9,6,10600096,False,1,11,25.0
imu,moving,0.9,6,10600096,False,0,0,0.0
dual_camera_apriltag,moving,0.9,6,10600096,False,1,11,50.0
full_suite,moving,0.9,6,10600096,False,1,0,399.49
dead_reckoning,moving,0.9,7,10600097,True,0,0,0.0
odometry_pods,moving,0.9,7,10600097,True,0,0,279.99
distance_sensors,moving,0.9,7,10600097,False,1,0,94.5
apriltag,moving,0.9,7,10600097,True,0,7,25.0
imu,moving,0.9,7,10600097,True,0,0,0.0
dual_camera_apriltag,moving,0.9,7,10600097,True,0,7,50.0
full_suite,moving,0.9,7,10600097,False,1,0,399.49
dead_reckoning,moving,0.9,8,10600098,False,1,0,0.0
odometry_pods,moving,0.9,8,10600098,True,0,0,279.99
distance_sensors,moving,0.9,8,10600098,False,1,2,94.5
apriltag,moving,0.9,8,10600098,True,0,4,25.0
imu,moving,0.9,8,10600098,False,1,0,0.0
dual_camera_apriltag,moving,0.9,8,10600098,True,0,4,50.0
full_suite,moving,0.9,8,10600098,True,0,6,399.49
dead_reckoning,moving,0.9,9,10600099,False,1,0,0.0
odometry_pods,moving,0.9,9,10600099,False,1,0,279.99
distance_sensors,moving,0.9,9,10600099,False,1,2,94.5
apriltag,moving,0.9,9,10600099,False,1,1,25.0
imu,moving,0.9,9,10600099,False,1,0,0.0
dual_camera_apriltag,moving,0.9,9,10600099,False,1,1,50.0
full_suite,moving,0.9,9,10600099,True,0,7,399.49
dead_reckoning,moving,0.9,10,10600100,True,0,0,0.0
odometry_pods,moving,0.9,10,10600100,True,0,0,279.99
distance_sensors,moving,0.9,10,10600100,True,0,0,94.5
apriltag,moving,0.9,10,10600100,False,0,6,25.0
imu,moving,0.9,10,10600100,True,0,0,0.0
dual_camera_apriltag,moving,0.9,10,10600100,False,0,6,50.0
full_suite,moving,0.9,10,10600100,True,0,5,399.49
dead_reckoning,moving,0.9,11,10600101,False,1,0,0.0
odometry_pods,moving,0.9,11,10600101,True,0,0,279.99
distance_sensors,moving,0.9,11,10600101,False,1,0,94.5
apriltag,moving,0.9,11,10600101,False,0,8,25.0
imu,moving,0.9,11,10600101,False,1,0,0.0
dual_camera_apriltag,moving,0.9,11,10600101,False,0,8,50.0
full_suite,moving,0.9,11,10600101,True,0,5,399.49
dead_reckoning,moving,0.9,12,10600102,True,0,0,0.0
odometry_pods,moving,0.9,12,10600102,True,0,0,279.99
distance_sensors,moving,0.9,12,10600102,True,0,0,94.5
apriltag,moving,0.9,12,10600102,False,0,4,25.0
imu,moving,0.9,12,10600102,False,1,0,0.0
dual_camera_apriltag,moving,0.9,12,10600102,False,1,3,50.0
full_suite,moving,0.9,12,10600102,True,0,1,399.49
dead_reckoning,moving,0.9,13,10600103,False,1,0,0.0
odometry_pods,moving,0.9,13,10600103,True,0,0,279.99
distance_sensors,moving,0.9,13,10600103,False,1,1,94.5
apriltag,moving,0.9,13,10600103,False,1,2,25.0
imu,moving,0.9,13,10600103,False,1,0,0.0
dual_camera_apriltag,moving,0.9,13,10600103,False,1,1,50.0
full_suite,moving,0.9,13,10600103,True,0,13,399.49
dead_reckoning,moving,0.9,14,10600104,False,1,0,0.0
odometry_pods,moving,0.9,14,10600104,False,1,0,279.99
distance_sensors,moving,0.9,14,10600104,False,1,0,94.5
apriltag,moving,0.9,14,10600104,False,1,1,25.0
imu,moving,0.9,14,10600104,False,1,0,0.0
dual_camera_apriltag,moving,0.9,14,10600104,False,1,1,50.0
full_suite,moving,0.9,14,10600104,True,0,4,399.49
dead_reckoning,moving,0.9,15,10600105,True,0,0,0.0
odometry_pods,moving,0.9,15,10600105,True,0,0,279.99
distance_sensors,moving,0.9,15,10600105,False,1,1,94.5
apriltag,moving,0.9,15,10600105,True,0,15,25.0
imu,moving,0.9,15,10600105,True,0,0,0.0
dual_camera_apriltag,moving,0.9,15,10600105,True,0,15,50.0
full_suite,moving,0.9,15,10600105,True,0,19,399.49
dead_reckoning,moving,0.9,16,10600106,False,1,0,0.0
odometry_pods,moving,0.9,16,10600106,False,1,0,279.99
distance_sensors,moving,0.9,16,10600106,False,1,1,94.5
apriltag,moving,0.9,16,10600106,False,1,4,25.0
imu,moving,0.9,16,10600106,False,1,0,0.0
dual_camera_apriltag,moving,0.9,16,10600106,False,1,4,50.0
full_suite,moving,0.9,16,10600106,True,0,5,399.49
dead_reckoning,moving,0.9,17,10600107,False,1,0,0.0
odometry_pods,moving,0.9,17,10600107,False,1,0,279.99
distance_sensors,moving,0.9,17,10600107,True,0,1,94.5
apriltag,moving,0.9,17,10600107,True,0,15,25.0
imu,moving,0.9,17,10600107,False,0,0,0.0
dual_camera_apriltag,moving,0.9,17,10600107,True,0,16,50.0
full_suite,moving,0.9,17,10600107,True,0,10,399.49
dead_reckoning,moving,0.9,18,10600108,True,0,0,0.0
odometry_pods,moving,0.9,18,10600108,False,1,0,279.99
distance_sensors,moving,0.9,18,10600108,False,1,1,94.5
apriltag,moving,0.9,18,10600108,False,1,0,25.0
imu,moving,0.9,18,10600108,False,1,0,0.0
dual_camera_apriltag,moving,0.9,18,10600108,False,1,0,50.0
full_suite,moving,0.9,18,10600108,False,1,1,399.49
dead_reckoning,moving,0.9,19,10600109,False,1,0,0.0
odometry_pods,moving,0.9,19,10600109,False,1,0,279.99
distance_sensors,moving,0.9,19,10600109,False,1,0,94.5
apriltag,moving,0.9,19,10600109,False,1,0,25.0
imu,moving,0.9,19,10600109,False,1,0,0.0
dual_camera_apriltag,moving,0.9,19,10600109,False,1,0,50.0
full_suite,moving,0.9,19,10600109,True,0,0,399.49
dead_reckoning,moving,0.9,20,10600110,False,1,0,0.0
odometry_pods,moving,0.9,20,10600110,False,1,0,279.99
distance_sensors,moving,0.9,20,10600110,False,1,0,94.5
apriltag,moving,0.9,20,10600110,False,1,9,25.0
imu,moving,0.9,20,10600110,False,1,0,0.0
dual_camera_apriltag,moving,0.9,20,10600110,False,1,9,50.0
full_suite,moving,0.9,20,10600110,True,0,2,399.49
dead_reckoning,moving,0.9,21,10600111,False,1,0,0.0
odometry_pods,moving,0.9,21,10600111,False,1,0,279.99
distance_sensors,moving,0.9,21,10600111,False,0,0,94.5
apriltag,moving,0.9,21,10600111,True,0,5,25.0
imu,moving,0.9,21,10600111,True,0,0,0.0
dual_camera_apriltag,moving,0.9,21,10600111,True,0,5,50.0
full_suite,moving,0.9,21,10600111,True,0,2,399.49
dead_reckoning,moving,0.9,22,10600112,False,1,0,0.0
odometry_pods,moving,0.9,22,10600112,False,1,0,279.99
distance_sensors,moving,0.9,22,10600112,True,0,1,94.5
apriltag,moving,0.9,22,10600112,True,0,15,25.0
imu,moving,0.9,22,10600112,False,0,0,0.0
dual_camera_apriltag,moving,0.9,22,10600112,True,0,15,50.0
full_suite,moving,0.9,22,10600112,True,0,3,399.49
dead_reckoning,moving,0.9,23,10600113,True,0,0,0.0
odometry_pods,moving,0.9,23,10600113,True,0,0,279.99
distance_sensors,moving,0.9,23,10600113,True,0,1,94.5
apriltag,moving,0.9,23,10600113,True,0,9,25.0
imu,moving,0.9,23,10600113,True,0,0,0.0
dual_camera_apriltag,moving,0.9,23,10600113,True,0,9,50.0
full_suite,moving,0.9,23,10600113,True,0,5,399.49
dead_reckoning,moving,0.9,24,10600114,False,1,0,0.0
odometry_pods,moving,0.9,24,10600114,False,1,0,279.99
distance_sensors,moving,0.9,24,10600114,False,1,5,94.5
apriltag,moving,0.9,24,10600114,False,0,0,25.0
imu,moving,0.9,24,10600114,False,0,0,0.0
dual_camera_apriltag,moving,0.9,24,10600114,False,0,0,50.0
full_suite,moving,0.9,24,10600114,True,0,0,399.49
dead_reckoning,moving,1.0,0,10600100,True,0,0,0.0
odometry_pods,moving,1.0,0,10600100,False,1,0,279.99
distance_sensors,moving,1.0,0,10600100,True,0,0,94.5
apriltag,moving,1.0,0,10600100,False,1,3,25.0
imu,moving,1.0,0,10600100,False,1,0,0.0
dual_camera_apriltag,moving,1.0,0,10600100,False,1,3,50.0
full_suite,moving,1.0,0,10600100,True,0,2,399.49
dead_reckoning,moving,1.0,1,10600101,False,1,0,0.0
odometry_pods,moving,1.0,1,10600101,True,0,0,279.99
distance_sensors,moving,1.0,1,10600101,False,1,0,94.5
apriltag,moving,1.0,1,10600101,False,0,8,25.0
imu,moving,1.0,1,10600101,False,1,0,0.0
dual_camera_apriltag,moving,1.0,1,10600101,False,0,8,50.0
full_suite,moving,1.0,1,10600101,True,0,5,399.49
dead_reckoning,moving,1.0,2,10600102,True,0,0,0.0
odometry_pods,moving,1.0,2,10600102,True,0,0,279.99
distance_sensors,moving,1.0,2,10600102,True,0,0,94.5
apriltag,moving,1.0,2,10600102,False,0,4,25.0
imu,moving,1.0,2,10600102,False,1,0,0.0
dual_camera_apriltag,moving,1.0,2,10600102,False,1,3,50.0
full_suite,moving,1.0,2,10600102,True,0,1,399.49
dead_reckoning,moving,1.0,3,10600103,False,1,0,0.0
odometry_pods,moving,1.0,3,10600103,True,0,0,279.99
distance_sensors,moving,1.0,3,10600103,False,1,1,94.5
apriltag,moving,1.0,3,10600103,False,1,2,25.0
imu,moving,1.0,3,10600103,False,1,0,0.0
dual_camera_apriltag,moving,1.0,3,10600103,False,1,1,50.0
full_suite,moving,1.0,3,10600103,True,0,13,399.49
dead_reckoning,moving,1.0,4,10600104,False,1,0,0.0
odometry_pods,moving,1.0,4,10600104,False,1,0,279.99
distance_sensors,moving,1.0,4,10600104,False,1,0,94.5
apriltag,moving,1.0,4,10600104,False,1,1,25.0
imu,moving,1.0,4,10600104,False,1,0,0.0
dual_camera_apriltag,moving,1.0,4,10600104,False,1,1,50.0
full_suite,moving,1.0,4,10600104,True,0,4,399.49
dead_reckoning,moving,1.0,5,10600105,True,0,0,0.0
odometry_pods,moving,1.0,5,10600105,True,0,0,279.99
distance_sensors,moving,1.0,5,10600105,False,1,1,94.5
apriltag,moving,1.0,5,10600105,True,0,15,25.0
imu,moving,1.0,5,10600105,True,0,0,0.0
dual_camera_apriltag,moving,1.0,5,10600105,True,0,15,50.0
full_suite,moving,1.0,5,10600105,True,0,19,399.49
dead_reckoning,moving,1.0,6,10600106,False,1,0,0.0
odometry_pods,moving,1.0,6,10600106,False,1,0,279.99
distance_sensors,moving,1.0,6,10600106,False,1,1,94.5
apriltag,moving,1.0,6,10600106,False,1,4,25.0
imu,moving,1.0,6,10600106,False,1,0,0.0
dual_camera_apriltag,moving,1.0,6,10600106,False,1,4,50.0
full_suite,moving,1.0,6,10600106,True,0,5,399.49
dead_reckoning,moving,1.0,7,10600107,False,1,0,0.0
odometry_pods,moving,1.0,7,10600107,False,1,0,279.99
distance_sensors,moving,1.0,7,10600107,True,0,1,94.5
apriltag,moving,1.0,7,10600107,True,0,15,25.0
imu,moving,1.0,7,10600107,False,0,0,0.0
dual_camera_apriltag,moving,1.0,7,10600107,True,0,16,50.0
full_suite,moving,1.0,7,10600107,True,0,10,399.49
dead_reckoning,moving,1.0,8,10600108,True,0,0,0.0
odometry_pods,moving,1.0,8,10600108,False,1,0,279.99
distance_sensors,moving,1.0,8,10600108,False,1,1,94.5
apriltag,moving,1.0,8,10600108,False,1,0,25.0
imu,moving,1.0,8,10600108,False,1,0,0.0
dual_camera_apriltag,moving,1.0,8,10600108,False,1,0,50.0
full_suite,moving,1.0,8,10600108,False,1,1,399.49
dead_reckoning,moving,1.0,9,10600109,False,1,0,0.0
odometry_pods,moving,1.0,9,10600109,False,1,0,279.99
distance_sensors,moving,1.0,9,10600109,False,1,0,94.5
apriltag,moving,1.0,9,10600109,False,1,0,25.0
imu,moving,1.0,9,10600109,False,1,0,0.0
dual_camera_apriltag,moving,1.0,9,10600109,False,1,0,50.0
full_suite,moving,1.0,9,10600109,True,0,0,399.49
dead_reckoning,moving,1.0,10,10600110,False,1,0,0.0
odometry_pods,moving,1.0,10,10600110,False,1,0,279.99
distance_sensors,moving,1.0,10,10600110,False,1,0,94.5
apriltag,moving,1.0,10,10600110,False,1,9,25.0
imu,moving,1.0,10,10600110,False,1,0,0.0
dual_camera_apriltag,moving,1.0,10,10600110,False,1,9,50.0
full_suite,moving,1.0,10,10600110,True,0,2,399.49
dead_reckoning,moving,1.0,11,10600111,False,1,0,0.0
odometry_pods,moving,1.0,11,10600111,False,1,0,279.99
distance_sensors,moving,1.0,11,10600111,False,0,0,94.5
apriltag,moving,1.0,11,10600111,True,0,5,25.0
imu,moving,1.0,11,10600111,True,0,0,0.0
dual_camera_apriltag,moving,1.0,11,10600111,True,0,5,50.0
full_suite,moving,1.0,11,10600111,True,0,2,399.49
dead_reckoning,moving,1.0,12,10600112,False,1,0,0.0
odometry_pods,moving,1.0,12,10600112,False,1,0,279.99
distance_sensors,moving,1.0,12,10600112,True,0,1,94.5
apriltag,moving,1.0,12,10600112,True,0,15,25.0
imu,moving,1.0,12,10600112,False,0,0,0.0
dual_camera_apriltag,moving,1.0,12,10600112,True,0,15,50.0
full_suite,moving,1.0,12,10600112,True,0,3,399.49
dead_reckoning,moving,1.0,13,10600113,True,0,0,0.0
odometry_pods,moving,1.0,13,10600113,True,0,0,279.99
distance_sensors,moving,1.0,13,10600113,True,0,1,94.5
apriltag,moving,1.0,13,10600113,True,0,9,25.0
imu,moving,1.0,13,10600113,True,0,0,0.0
dual_camera_apriltag,moving,1.0,13,10600113,True,0,9,50.0
full_suite,moving,1.0,13,10600113,True,0,5,399.49
dead_reckoning,moving,1.0,14,10600114,False,1,0,0.0
odometry_pods,moving,1.0,14,10600114,False,1,0,279.99
distance_sensors,moving,1.0,14,10600114,False,1,5,94.5
apriltag,moving,1.0,14,10600114,False,0,0,25.0
imu,moving,1.0,14,10600114,False,0,0,0.0
dual_camera_apriltag,moving,1.0,14,10600114,False,0,0,50.0
full_suite,moving,1.0,14,10600114,True,0,0,399.49
dead_reckoning,moving,1.0,15,10600115,True,0,0,0.0
odometry_pods,moving,1.0,15,10600115,True,0,0,279.99
distance_sensors,moving,1.0,15,10600115,True,0,1,94.5
apriltag,moving,1.0,15,10600115,True,0,10,25.0
imu,moving,1.0,15,10600115,True,0,0,0.0
dual_camera_apriltag,moving,1.0,15,10600115,True,0,10,50.0
full_suite,moving,1.0,15,10600115,True,0,3,399.49
dead_reckoning,moving,1.0,16,10600116,False,1,0,0.0
odometry_pods,moving,1.0,16,10600116,False,1,0,279.99
distance_sensors,moving,1.0,16,10600116,True,0,0,94.5
apriltag,moving,1.0,16,10600116,False,1,2,25.0
imu,moving,1.0,16,10600116,False,1,0,0.0
dual_camera_apriltag,moving,1.0,16,10600116,False,1,2,50.0
full_suite,moving,1.0,16,10600116,True,0,0,399.49
dead_reckoning,moving,1.0,17,10600117,False,1,0,0.0
odometry_pods,moving,1.0,17,10600117,True,0,0,279.99
distance_sensors,moving,1.0,17,10600117,False,1,0,94.5
apriltag,moving,1.0,17,10600117,True,0,15,25.0
imu,moving,1.0,17,10600117,False,1,0,0.0
dual_camera_apriltag,moving,1.0,17,10600117,True,0,15,50.0
full_suite,moving,1.0,17,10600117,False,1,0,399.49
dead_reckoning,moving,1.0,18,10600118,False,1,0,0.0
odometry_pods,moving,1.0,18,10600118,True,0,0,279.99
distance_sensors,moving,1.0,18,10600118,False,1,1,94.5
apriltag,moving,1.0,18,10600118,True,0,12,25.0
imu,moving,1.0,18,10600118,False,1,0,0.0
dual_camera_apriltag,moving,1.0,18,10600118,True,0,12,50.0
full_suite,moving,1.0,18,10600118,False,1,1,399.49
dead_reckoning,moving,1.0,19,10600119,False,0,0,0.0
odometry_pods,moving,1.0,19,10600119,True,0,0,279.99
distance_sensors,moving,1.0,19,10600119,False,1,1,94.5
apriltag,moving,1.0,19,10600119,True,0,4,25.0
imu,moving,1.0,19,10600119,False,1,0,0.0
dual_camera_apriltag,moving,1.0,19,10600119,False,1,1,50.0
full_suite,moving,1.0,19,10600119,True,0,7,399.49
dead_reckoning,moving,1.0,20,10600120,False,1,0,0.0
odometry_pods,moving,1.0,20,10600120,False,1,0,279.99
distance_sensors,moving,1.0,20,10600120,False,1,0,94.5
apriltag,moving,1.0,20,10600120,False,1,2,25.0
imu,moving,1.0,20,10600120,False,1,0,0.0
dual_camera_apriltag,moving,1.0,20,10600120,False,1,2,50.0
full_suite,moving,1.0,20,10600120,False,1,1,399.49
dead_reckoning,moving,1.0,21,10600121,False,0,0,0.0
odometry_pods,moving,1.0,21,10600121,True,0,0,279.99
distance_sensors,moving,1.0,21,10600121,False,0,0,94.5
apriltag,moving,1.0,21,10600121,False,1,13,25.0
imu,moving,1.0,21,10600121,False,0,0,0.0
dual_camera_apriltag,moving,1.0,21,10600121,False,1,13,50.0
full_suite,moving,1.0,21,10600121,True,0,4,399.49
dead_reckoning,moving,1.0,22,10600122,False,1,0,0.0
odometry_pods,moving,1.0,22,10600122,False,1,0,279.99
distance_sensors,moving,1.0,22,10600122,False,1,0,94.5
apriltag,moving,1.0,22,10600122,False,1,2,25.0
imu,moving,1.0,22,10600122,False,1,0,0.0
dual_camera_apriltag,moving,1.0,22,10600122,False,1,2,50.0
full_suite,moving,1.0,22,10600122,False,1,0,399.49
dead_reckoning,moving,1.0,23,10600123,False,0,0,0.0
odometry_pods,moving,1.0,23,10600123,True,0,0,279.99
distance_sensors,moving,1.0,23,10600123,False,1,1,94.5
apriltag,moving,1.0,23,10600123,False,1,1,25.0
imu,moving,1.0,23,10600123,False,1,0,0.0
dual_camera_apriltag,moving,1.0,23,10600123,False,1,1,50.0
full_suite,moving,1.0,23,10600123,False,1,4,399.49
dead_reckoning,moving,1.0,24,10600124,True,0,0,0.0
odometry_pods,moving,1.0,24,10600124,True,0,0,279.99
distance_sensors,moving,1.0,24,10600124,True,0,0,94.5
apriltag,moving,1.0,24,10600124,False,0,1,25.0
imu,moving,1.0,24,10600124,True,0,0,0.0
dual_camera_apriltag,moving,1.0,24,10600124,False,0,1,50.0
full_suite,moving,1.0,24,10600124,True,0,0,399.49
