bundle,parts,parts_label,n_components,n_parts,cost_usd,naive_sum_cost_usd,capabilities,profile,profile_label,trial,success,elapsed_s,collisions,over_budget
dead_reckoning,,encoders only,1,0,0,0.0,none,pose_drift,Heavy pose drift,0,0,0.0,1,0
dead_reckoning,,encoders only,1,0,0,0.0,none,pose_drift,Heavy pose drift,1,0,2.9508,1,0
dead_reckoning,,encoders only,1,0,0,0.0,none,pose_drift,Heavy pose drift,2,0,3.4666,1,0
dead_reckoning,,encoders only,1,0,0,0.0,none,pose_drift,Heavy pose drift,3,0,1.1377,1,0
dead_reckoning,,encoders only,1,0,0,0.0,none,pose_drift,Heavy pose drift,4,0,7.7867,1,0
dead_reckoning,,encoders only,1,0,0,0.0,none,pose_drift,Heavy pose drift,5,0,2.0576,1,0
dead_reckoning,,encoders only,1,0,0,0.0,none,pose_drift,Heavy pose drift,6,0,2.2381,0,0
dead_reckoning,,encoders only,1,0,0,0.0,none,pose_drift,Heavy pose drift,7,0,0.0,1,0
dead_reckoning,,encoders only,1,0,0,0.0,none,pose_drift,Heavy pose drift,8,0,1.4704,0,0
dead_reckoning,,encoders only,1,0,0,0.0,none,pose_drift,Heavy pose drift,9,0,1.8452,1,0
dead_reckoning,,encoders only,1,0,0,0.0,none,pose_drift,Heavy pose drift,10,0,1.9212,0,0
dead_reckoning,,encoders only,1,0,0,0.0,none,pose_drift,Heavy pose drift,11,0,0.0,1,0
dead_reckoning,,encoders only,1,0,0,0.0,none,pose_drift,Heavy pose drift,12,0,7.0166,1,0
dead_reckoning,,encoders only,1,0,0,0.0,none,pose_drift,Heavy pose drift,13,0,0.9016,1,0
dead_reckoning,,encoders only,1,0,0,0.0,none,pose_drift,Heavy pose drift,14,0,1.9407,1,0
dead_reckoning,,encoders only,1,0,0,0.0,none,pose_drift,Heavy pose drift,15,0,0.8146,1,0
dead_reckoning,,encoders only,1,0,0,0.0,none,pose_drift,Heavy pose drift,16,0,0.7216,1,0
dead_reckoning,,encoders only,1,0,0,0.0,none,pose_drift,Heavy pose drift,17,0,1.4266,1,0
dead_reckoning,,encoders only,1,0,0,0.0,none,pose_drift,Heavy pose drift,18,0,0.0,1,0
dead_reckoning,,encoders only,1,0,0,0.0,none,pose_drift,Heavy pose drift,19,0,2.401,1,0
dead_reckoning,,encoders only,1,0,0,0.0,none,pose_drift,Heavy pose drift,20,0,3.8195,1,0
dead_reckoning,,encoders only,1,0,0,0.0,none,pose_drift,Heavy pose drift,21,0,0.0,1,0
dead_reckoning,,encoders only,1,0,0,0.0,none,pose_drift,Heavy pose drift,22,0,0.0,1,0
dead_reckoning,,encoders only,1,0,0,0.0,none,pose_drift,Heavy pose drift,23,0,1.9586,1,0
dead_reckoning,,encoders only,1,0,0,0.0,none,pose_drift,Heavy pose drift,24,0,1.2047,1,0
dead_reckoning,,encoders only,1,0,0,0.0,none,map_error,Field doesn't match the map,0,1,4.1144,0,0
dead_reckoning,,encoders only,1,0,0,0.0,none,map_error,Field doesn't match the map,1,0,9.3842,0,0
dead_reckoning,,encoders only,1,0,0,0.0,none,map_error,Field doesn't match the map,2,0,3.4666,1,0
dead_reckoning,,encoders only,1,0,0,0.0,none,map_error,Field doesn't match the map,3,0,1.8714,1,0
dead_reckoning,,encoders only,1,0,0,0.0,none,map_error,Field doesn't match the map,4,0,9.8035,0,0
dead_reckoning,,encoders only,1,0,0,0.0,none,map_error,Field doesn't match the map,5,1,12.3347,0,0
dead_reckoning,,encoders only,1,0,0,0.0,none,map_error,Field doesn't match the map,6,1,2.1508,0,0
dead_reckoning,,encoders only,1,0,0,0.0,none,map_error,Field doesn't match the map,7,0,2.6655,1,0
dead_reckoning,,encoders only,1,0,0,0.0,none,map_error,Field doesn't match the map,8,1,1.3523,0,0
dead_reckoning,,encoders only,1,0,0,0.0,none,map_error,Field doesn't match the map,9,0,1.8392,1,0
dead_reckoning,,encoders only,1,0,0,0.0,none,map_error,Field doesn't match the map,10,1,1.8031,0,0
dead_reckoning,,encoders only,1,0,0,0.0,none,map_error,Field doesn't match the map,11,0,1.9363,1,0
dead_reckoning,,encoders only,1,0,0,0.0,none,map_error,Field doesn't match the map,12,0,7.7339,1,0
dead_reckoning,,encoders only,1,0,0,0.0,none,map_error,Field doesn't match the map,13,0,0.9835,1,0
dead_reckoning,,encoders only,1,0,0,0.0,none,map_error,Field doesn't match the map,14,1,3.9542,0,0
dead_reckoning,,encoders only,1,0,0,0.0,none,map_error,Field doesn't match the map,15,1,10.375,0,0
dead_reckoning,,encoders only,1,0,0,0.0,none,map_error,Field doesn't match the map,16,0,7.4982,0,0
dead_reckoning,,encoders only,1,0,0,0.0,none,map_error,Field doesn't match the map,17,0,0.0,1,0
dead_reckoning,,encoders only,1,0,0,0.0,none,map_error,Field doesn't match the map,18,0,7.2935,1,0
dead_reckoning,,encoders only,1,0,0,0.0,none,map_error,Field doesn't match the map,19,0,5.562,1,0
dead_reckoning,,encoders only,1,0,0,0.0,none,map_error,Field doesn't match the map,20,1,4.9948,0,0
dead_reckoning,,encoders only,1,0,0,0.0,none,map_error,Field doesn't match the map,21,0,1.2917,1,0
dead_reckoning,,encoders only,1,0,0,0.0,none,map_error,Field doesn't match the map,22,0,8.638,0,0
dead_reckoning,,encoders only,1,0,0,0.0,none,map_error,Field doesn't match the map,23,0,6.9074,1,0
dead_reckoning,,encoders only,1,0,0,0.0,none,map_error,Field doesn't match the map,24,0,4.7418,0,0
dead_reckoning,,encoders only,1,0,0,0.0,none,opponent,Opponent parks in the route,0,1,4.1144,0,0
dead_reckoning,,encoders only,1,0,0,0.0,none,opponent,Opponent parks in the route,1,0,9.3842,0,0
dead_reckoning,,encoders only,1,0,0,0.0,none,opponent,Opponent parks in the route,2,0,3.4666,1,0
dead_reckoning,,encoders only,1,0,0,0.0,none,opponent,Opponent parks in the route,3,0,1.1353,1,0
dead_reckoning,,encoders only,1,0,0,0.0,none,opponent,Opponent parks in the route,4,0,9.8035,0,0
dead_reckoning,,encoders only,1,0,0,0.0,none,opponent,Opponent parks in the route,5,0,6.1595,1,0
dead_reckoning,,encoders only,1,0,0,0.0,none,opponent,Opponent parks in the route,6,0,0.9639,1,0
dead_reckoning,,encoders only,1,0,0,0.0,none,opponent,Opponent parks in the route,7,0,2.6655,1,0
dead_reckoning,,encoders only,1,0,0,0.0,none,opponent,Opponent parks in the route,8,1,1.3523,0,0
dead_reckoning,,encoders only,1,0,0,0.0,none,opponent,Opponent parks in the route,9,0,0.0,1,0
dead_reckoning,,encoders only,1,0,0,0.0,none,opponent,Opponent parks in the route,10,0,0.0,1,0
dead_reckoning,,encoders only,1,0,0,0.0,none,opponent,Opponent parks in the route,11,0,5.0277,1,0
dead_reckoning,,encoders only,1,0,0,0.0,none,opponent,Opponent parks in the route,12,0,7.7339,1,0
dead_reckoning,,encoders only,1,0,0,0.0,none,opponent,Opponent parks in the route,13,0,0.9835,1,0
dead_reckoning,,encoders only,1,0,0,0.0,none,opponent,Opponent parks in the route,14,1,3.9542,0,0
dead_reckoning,,encoders only,1,0,0,0.0,none,opponent,Opponent parks in the route,15,0,7.6013,1,0
dead_reckoning,,encoders only,1,0,0,0.0,none,opponent,Opponent parks in the route,16,0,3.9031,1,0
dead_reckoning,,encoders only,1,0,0,0.0,none,opponent,Opponent parks in the route,17,0,8.5945,1,0
dead_reckoning,,encoders only,1,0,0,0.0,none,opponent,Opponent parks in the route,18,0,7.2935,1,0
dead_reckoning,,encoders only,1,0,0,0.0,none,opponent,Opponent parks in the route,19,0,2.3853,1,0
dead_reckoning,,encoders only,1,0,0,0.0,none,opponent,Opponent parks in the route,20,0,1.7196,1,0
dead_reckoning,,encoders only,1,0,0,0.0,none,opponent,Opponent parks in the route,21,0,1.2917,1,0
dead_reckoning,,encoders only,1,0,0,0.0,none,opponent,Opponent parks in the route,22,0,8.638,0,0
dead_reckoning,,encoders only,1,0,0,0.0,none,opponent,Opponent parks in the route,23,0,6.9074,1,0
dead_reckoning,,encoders only,1,0,0,0.0,none,opponent,Opponent parks in the route,24,0,2.5387,1,0
dead_reckoning,,encoders only,1,0,0,0.0,none,combined_realistic,Everything at once (realistic fidelity),0,1,3.3911,0,0
dead_reckoning,,encoders only,1,0,0,0.0,none,combined_realistic,Everything at once (realistic fidelity),1,0,0.0,1,0
dead_reckoning,,encoders only,1,0,0,0.0,none,combined_realistic,Everything at once (realistic fidelity),2,0,1.1889,1,0
dead_reckoning,,encoders only,1,0,0,0.0,none,combined_realistic,Everything at once (realistic fidelity),3,0,2.5201,1,0
dead_reckoning,,encoders only,1,0,0,0.0,none,combined_realistic,Everything at once (realistic fidelity),4,0,2.9866,1,0
dead_reckoning,,encoders only,1,0,0,0.0,none,combined_realistic,Everything at once (realistic fidelity),5,0,4.3219,1,0
dead_reckoning,,encoders only,1,0,0,0.0,none,combined_realistic,Everything at once (realistic fidelity),6,0,1.3523,1,0
dead_reckoning,,encoders only,1,0,0,0.0,none,combined_realistic,Everything at once (realistic fidelity),7,0,13.4887,0,0
dead_reckoning,,encoders only,1,0,0,0.0,none,combined_realistic,Everything at once (realistic fidelity),8,0,1.4704,0,0
dead_reckoning,,encoders only,1,0,0,0.0,none,combined_realistic,Everything at once (realistic fidelity),9,0,6.6884,0,0
dead_reckoning,,encoders only,1,0,0,0.0,none,combined_realistic,Everything at once (realistic fidelity),10,0,1.8534,0,0
dead_reckoning,,encoders only,1,0,0,0.0,none,combined_realistic,Everything at once (realistic fidelity),11,0,0.0,1,0
dead_reckoning,,encoders only,1,0,0,0.0,none,combined_realistic,Everything at once (realistic fidelity),12,0,6.8278,1,0
dead_reckoning,,encoders only,1,0,0,0.0,none,combined_realistic,Everything at once (realistic fidelity),13,0,1.7874,0,0
dead_reckoning,,encoders only,1,0,0,0.0,none,combined_realistic,Everything at once (realistic fidelity),14,1,3.9542,0,0
dead_reckoning,,encoders only,1,0,0,0.0,none,combined_realistic,Everything at once (realistic fidelity),15,0,3.1392,1,0
dead_reckoning,,encoders only,1,0,0,0.0,none,combined_realistic,Everything at once (realistic fidelity),16,0,0.7216,1,0
dead_reckoning,,encoders only,1,0,0,0.0,none,combined_realistic,Everything at once (realistic fidelity),17,0,1.4266,1,0
dead_reckoning,,encoders only,1,0,0,0.0,none,combined_realistic,Everything at once (realistic fidelity),18,0,7.3828,1,0
dead_reckoning,,encoders only,1,0,0,0.0,none,combined_realistic,Everything at once (realistic fidelity),19,0,1.6343,1,0
dead_reckoning,,encoders only,1,0,0,0.0,none,combined_realistic,Everything at once (realistic fidelity),20,0,0.0,1,0
dead_reckoning,,encoders only,1,0,0,0.0,none,combined_realistic,Everything at once (realistic fidelity),21,0,0.7749,1,0
dead_reckoning,,encoders only,1,0,0,0.0,none,combined_realistic,Everything at once (realistic fidelity),22,0,1.7197,1,0
dead_reckoning,,encoders only,1,0,0,0.0,none,combined_realistic,Everything at once (realistic fidelity),23,0,1.9586,1,0
dead_reckoning,,encoders only,1,0,0,0.0,none,combined_realistic,Everything at once (realistic fidelity),24,0,1.1246,1,0
dead_reckoning,,encoders only,1,0,0,0.0,none,corridor,"Tight corridor, mixed deviation",0,0,6.5962,0,0
dead_reckoning,,encoders only,1,0,0,0.0,none,corridor,"Tight corridor, mixed deviation",1,0,4.6682,0,0
dead_reckoning,,encoders only,1,0,0,0.0,none,corridor,"Tight corridor, mixed deviation",2,0,12.3393,1,0
dead_reckoning,,encoders only,1,0,0,0.0,none,corridor,"Tight corridor, mixed deviation",3,0,3.8574,0,0
dead_reckoning,,encoders only,1,0,0,0.0,none,corridor,"Tight corridor, mixed deviation",4,0,4.1141,0,0
dead_reckoning,,encoders only,1,0,0,0.0,none,corridor,"Tight corridor, mixed deviation",5,0,8.6192,0,0
dead_reckoning,,encoders only,1,0,0,0.0,none,corridor,"Tight corridor, mixed deviation",6,0,8.9728,0,0
dead_reckoning,,encoders only,1,0,0,0.0,none,corridor,"Tight corridor, mixed deviation",7,0,4.0689,1,0
dead_reckoning,,encoders only,1,0,0,0.0,none,corridor,"Tight corridor, mixed deviation",8,0,7.0323,0,0
dead_reckoning,,encoders only,1,0,0,0.0,none,corridor,"Tight corridor, mixed deviation",9,0,6.7293,0,0
dead_reckoning,,encoders only,1,0,0,0.0,none,corridor,"Tight corridor, mixed deviation",10,0,6.389,1,0
dead_reckoning,,encoders only,1,0,0,0.0,none,corridor,"Tight corridor, mixed deviation",11,1,6.3649,0,0
dead_reckoning,,encoders only,1,0,0,0.0,none,corridor,"Tight corridor, mixed deviation",12,1,7.8913,0,0
dead_reckoning,,encoders only,1,0,0,0.0,none,corridor,"Tight corridor, mixed deviation",13,0,4.057,1,0
dead_reckoning,,encoders only,1,0,0,0.0,none,corridor,"Tight corridor, mixed deviation",14,0,2.1229,0,0
dead_reckoning,,encoders only,1,0,0,0.0,none,corridor,"Tight corridor, mixed deviation",15,0,6.3636,0,0
dead_reckoning,,encoders only,1,0,0,0.0,none,corridor,"Tight corridor, mixed deviation",16,0,3.8796,1,0
dead_reckoning,,encoders only,1,0,0,0.0,none,corridor,"Tight corridor, mixed deviation",17,0,2.9448,0,0
dead_reckoning,,encoders only,1,0,0,0.0,none,corridor,"Tight corridor, mixed deviation",18,0,6.9416,1,0
dead_reckoning,,encoders only,1,0,0,0.0,none,corridor,"Tight corridor, mixed deviation",19,0,2.3113,0,0
dead_reckoning,,encoders only,1,0,0,0.0,none,corridor,"Tight corridor, mixed deviation",20,0,6.791,1,0
dead_reckoning,,encoders only,1,0,0,0.0,none,corridor,"Tight corridor, mixed deviation",21,1,4.5705,0,0
dead_reckoning,,encoders only,1,0,0,0.0,none,corridor,"Tight corridor, mixed deviation",22,0,3.1917,0,0
dead_reckoning,,encoders only,1,0,0,0.0,none,corridor,"Tight corridor, mixed deviation",23,0,3.6038,1,0
dead_reckoning,,encoders only,1,0,0,0.0,none,corridor,"Tight corridor, mixed deviation",24,1,6.9049,0,0
odometry_pods,odometry_pods,odometry pods,1,1,194.85,194.85,drift,pose_drift,Heavy pose drift,0,0,0.0,1,0
odometry_pods,odometry_pods,odometry pods,1,1,194.85,194.85,drift,pose_drift,Heavy pose drift,1,0,2.1,1,0
odometry_pods,odometry_pods,odometry pods,1,1,194.85,194.85,drift,pose_drift,Heavy pose drift,2,0,8.4596,1,0
odometry_pods,odometry_pods,odometry pods,1,1,194.85,194.85,drift,pose_drift,Heavy pose drift,3,0,1.1377,1,0
odometry_pods,odometry_pods,odometry pods,1,1,194.85,194.85,drift,pose_drift,Heavy pose drift,4,0,9.7899,0,0
odometry_pods,odometry_pods,odometry pods,1,1,194.85,194.85,drift,pose_drift,Heavy pose drift,5,0,2.0576,1,0
odometry_pods,odometry_pods,odometry pods,1,1,194.85,194.85,drift,pose_drift,Heavy pose drift,6,0,2.2381,0,0
odometry_pods,odometry_pods,odometry pods,1,1,194.85,194.85,drift,pose_drift,Heavy pose drift,7,0,0.0,1,0
odometry_pods,odometry_pods,odometry pods,1,1,194.85,194.85,drift,pose_drift,Heavy pose drift,8,0,1.4704,0,0
odometry_pods,odometry_pods,odometry pods,1,1,194.85,194.85,drift,pose_drift,Heavy pose drift,9,0,6.3874,1,0
odometry_pods,odometry_pods,odometry pods,1,1,194.85,194.85,drift,pose_drift,Heavy pose drift,10,0,1.9212,0,0
odometry_pods,odometry_pods,odometry pods,1,1,194.85,194.85,drift,pose_drift,Heavy pose drift,11,0,0.0,1,0
odometry_pods,odometry_pods,odometry pods,1,1,194.85,194.85,drift,pose_drift,Heavy pose drift,12,0,7.2807,1,0
odometry_pods,odometry_pods,odometry pods,1,1,194.85,194.85,drift,pose_drift,Heavy pose drift,13,0,0.9016,1,0
odometry_pods,odometry_pods,odometry pods,1,1,194.85,194.85,drift,pose_drift,Heavy pose drift,14,0,1.9407,1,0
odometry_pods,odometry_pods,odometry pods,1,1,194.85,194.85,drift,pose_drift,Heavy pose drift,15,0,0.8146,1,0
odometry_pods,odometry_pods,odometry pods,1,1,194.85,194.85,drift,pose_drift,Heavy pose drift,16,0,0.7216,1,0
odometry_pods,odometry_pods,odometry pods,1,1,194.85,194.85,drift,pose_drift,Heavy pose drift,17,0,1.4266,1,0
odometry_pods,odometry_pods,odometry pods,1,1,194.85,194.85,drift,pose_drift,Heavy pose drift,18,0,0.0,1,0
odometry_pods,odometry_pods,odometry pods,1,1,194.85,194.85,drift,pose_drift,Heavy pose drift,19,0,2.401,1,0
odometry_pods,odometry_pods,odometry pods,1,1,194.85,194.85,drift,pose_drift,Heavy pose drift,20,0,4.9211,1,0
odometry_pods,odometry_pods,odometry pods,1,1,194.85,194.85,drift,pose_drift,Heavy pose drift,21,0,0.0,1,0
odometry_pods,odometry_pods,odometry pods,1,1,194.85,194.85,drift,pose_drift,Heavy pose drift,22,0,0.0,1,0
odometry_pods,odometry_pods,odometry pods,1,1,194.85,194.85,drift,pose_drift,Heavy pose drift,23,0,1.9586,1,0
odometry_pods,odometry_pods,odometry pods,1,1,194.85,194.85,drift,pose_drift,Heavy pose drift,24,0,1.2047,1,0
odometry_pods,odometry_pods,odometry pods,1,1,194.85,194.85,drift,map_error,Field doesn't match the map,0,1,4.1144,0,0
odometry_pods,odometry_pods,odometry pods,1,1,194.85,194.85,drift,map_error,Field doesn't match the map,1,1,9.4825,0,0
odometry_pods,odometry_pods,odometry pods,1,1,194.85,194.85,drift,map_error,Field doesn't match the map,2,0,8.4596,1,0
odometry_pods,odometry_pods,odometry pods,1,1,194.85,194.85,drift,map_error,Field doesn't match the map,3,1,13.8951,0,0
odometry_pods,odometry_pods,odometry pods,1,1,194.85,194.85,drift,map_error,Field doesn't match the map,4,1,9.7949,0,0
odometry_pods,odometry_pods,odometry pods,1,1,194.85,194.85,drift,map_error,Field doesn't match the map,5,1,11.4379,0,0
odometry_pods,odometry_pods,odometry pods,1,1,194.85,194.85,drift,map_error,Field doesn't match the map,6,1,2.1508,0,0
odometry_pods,odometry_pods,odometry pods,1,1,194.85,194.85,drift,map_error,Field doesn't match the map,7,1,12.5714,0,0
odometry_pods,odometry_pods,odometry pods,1,1,194.85,194.85,drift,map_error,Field doesn't match the map,8,1,1.3523,0,0
odometry_pods,odometry_pods,odometry pods,1,1,194.85,194.85,drift,map_error,Field doesn't match the map,9,1,7.1176,0,0
odometry_pods,odometry_pods,odometry pods,1,1,194.85,194.85,drift,map_error,Field doesn't match the map,10,1,1.8031,0,0
odometry_pods,odometry_pods,odometry pods,1,1,194.85,194.85,drift,map_error,Field doesn't match the map,11,0,1.9363,1,0
odometry_pods,odometry_pods,odometry pods,1,1,194.85,194.85,drift,map_error,Field doesn't match the map,12,1,8.534,0,0
odometry_pods,odometry_pods,odometry pods,1,1,194.85,194.85,drift,map_error,Field doesn't match the map,13,0,0.9835,1,0
odometry_pods,odometry_pods,odometry pods,1,1,194.85,194.85,drift,map_error,Field doesn't match the map,14,1,3.9542,0,0
odometry_pods,odometry_pods,odometry pods,1,1,194.85,194.85,drift,map_error,Field doesn't match the map,15,1,9.8044,0,0
odometry_pods,odometry_pods,odometry pods,1,1,194.85,194.85,drift,map_error,Field doesn't match the map,16,0,6.2768,1,0
odometry_pods,odometry_pods,odometry pods,1,1,194.85,194.85,drift,map_error,Field doesn't match the map,17,0,0.0,1,0
odometry_pods,odometry_pods,odometry pods,1,1,194.85,194.85,drift,map_error,Field doesn't match the map,18,1,10.985,0,0
odometry_pods,odometry_pods,odometry pods,1,1,194.85,194.85,drift,map_error,Field doesn't match the map,19,1,8.816,0,0
odometry_pods,odometry_pods,odometry pods,1,1,194.85,194.85,drift,map_error,Field doesn't match the map,20,1,5.3603,0,0
odometry_pods,odometry_pods,odometry pods,1,1,194.85,194.85,drift,map_error,Field doesn't match the map,21,0,1.2917,1,0
odometry_pods,odometry_pods,odometry pods,1,1,194.85,194.85,drift,map_error,Field doesn't match the map,22,1,8.9366,0,0
odometry_pods,odometry_pods,odometry pods,1,1,194.85,194.85,drift,map_error,Field doesn't match the map,23,0,13.6366,1,0
odometry_pods,odometry_pods,odometry pods,1,1,194.85,194.85,drift,map_error,Field doesn't match the map,24,0,3.891,1,0
odometry_pods,odometry_pods,odometry pods,1,1,194.85,194.85,drift,opponent,Opponent parks in the route,0,1,4.1144,0,0
odometry_pods,odometry_pods,odometry pods,1,1,194.85,194.85,drift,opponent,Opponent parks in the route,1,1,9.4825,0,0
odometry_pods,odometry_pods,odometry pods,1,1,194.85,194.85,drift,opponent,Opponent parks in the route,2,0,4.3681,1,0
odometry_pods,odometry_pods,odometry pods,1,1,194.85,194.85,drift,opponent,Opponent parks in the route,3,0,1.1353,1,0
odometry_pods,odometry_pods,odometry pods,1,1,194.85,194.85,drift,opponent,Opponent parks in the route,4,1,9.7949,0,0
odometry_pods,odometry_pods,odometry pods,1,1,194.85,194.85,drift,opponent,Opponent parks in the route,5,1,11.4379,0,0
odometry_pods,odometry_pods,odometry pods,1,1,194.85,194.85,drift,opponent,Opponent parks in the route,6,0,0.9639,1,0
odometry_pods,odometry_pods,odometry pods,1,1,194.85,194.85,drift,opponent,Opponent parks in the route,7,0,11.3846,1,0
odometry_pods,odometry_pods,odometry pods,1,1,194.85,194.85,drift,opponent,Opponent parks in the route,8,1,1.3523,0,0
odometry_pods,odometry_pods,odometry pods,1,1,194.85,194.85,drift,opponent,Opponent parks in the route,9,0,0.0,1,0
odometry_pods,odometry_pods,odometry pods,1,1,194.85,194.85,drift,opponent,Opponent parks in the route,10,0,0.0,1,0
odometry_pods,odometry_pods,odometry pods,1,1,194.85,194.85,drift,opponent,Opponent parks in the route,11,0,4.841,1,0
odometry_pods,odometry_pods,odometry pods,1,1,194.85,194.85,drift,opponent,Opponent parks in the route,12,1,8.534,0,0
odometry_pods,odometry_pods,odometry pods,1,1,194.85,194.85,drift,opponent,Opponent parks in the route,13,0,0.9835,1,0
odometry_pods,odometry_pods,odometry pods,1,1,194.85,194.85,drift,opponent,Opponent parks in the route,14,1,3.9542,0,0
odometry_pods,odometry_pods,odometry pods,1,1,194.85,194.85,drift,opponent,Opponent parks in the route,15,0,7.2307,1,0
odometry_pods,odometry_pods,odometry pods,1,1,194.85,194.85,drift,opponent,Opponent parks in the route,16,0,3.9031,1,0
odometry_pods,odometry_pods,odometry pods,1,1,194.85,194.85,drift,opponent,Opponent parks in the route,17,0,8.3571,1,0
odometry_pods,odometry_pods,odometry pods,1,1,194.85,194.85,drift,opponent,Opponent parks in the route,18,1,10.985,0,0
odometry_pods,odometry_pods,odometry pods,1,1,194.85,194.85,drift,opponent,Opponent parks in the route,19,0,2.3853,1,0
odometry_pods,odometry_pods,odometry pods,1,1,194.85,194.85,drift,opponent,Opponent parks in the route,20,0,1.7196,1,0
odometry_pods,odometry_pods,odometry pods,1,1,194.85,194.85,drift,opponent,Opponent parks in the route,21,0,1.2917,1,0
odometry_pods,odometry_pods,odometry pods,1,1,194.85,194.85,drift,opponent,Opponent parks in the route,22,1,8.9366,0,0
odometry_pods,odometry_pods,odometry pods,1,1,194.85,194.85,drift,opponent,Opponent parks in the route,23,0,8.4436,1,0
odometry_pods,odometry_pods,odometry pods,1,1,194.85,194.85,drift,opponent,Opponent parks in the route,24,0,2.5387,1,0
odometry_pods,odometry_pods,odometry pods,1,1,194.85,194.85,drift,combined_realistic,Everything at once (realistic fidelity),0,1,3.6552,0,0
odometry_pods,odometry_pods,odometry pods,1,1,194.85,194.85,drift,combined_realistic,Everything at once (realistic fidelity),1,0,0.0,1,0
odometry_pods,odometry_pods,odometry pods,1,1,194.85,194.85,drift,combined_realistic,Everything at once (realistic fidelity),2,0,1.1889,1,0
odometry_pods,odometry_pods,odometry pods,1,1,194.85,194.85,drift,combined_realistic,Everything at once (realistic fidelity),3,0,2.5201,1,0
odometry_pods,odometry_pods,odometry pods,1,1,194.85,194.85,drift,combined_realistic,Everything at once (realistic fidelity),4,0,2.9866,1,0
odometry_pods,odometry_pods,odometry pods,1,1,194.85,194.85,drift,combined_realistic,Everything at once (realistic fidelity),5,0,4.3219,1,0
odometry_pods,odometry_pods,odometry pods,1,1,194.85,194.85,drift,combined_realistic,Everything at once (realistic fidelity),6,0,1.3523,1,0
odometry_pods,odometry_pods,odometry pods,1,1,194.85,194.85,drift,combined_realistic,Everything at once (realistic fidelity),7,0,5.871,1,0
odometry_pods,odometry_pods,odometry pods,1,1,194.85,194.85,drift,combined_realistic,Everything at once (realistic fidelity),8,0,1.4704,0,0
odometry_pods,odometry_pods,odometry pods,1,1,194.85,194.85,drift,combined_realistic,Everything at once (realistic fidelity),9,0,7.1392,0,0
odometry_pods,odometry_pods,odometry pods,1,1,194.85,194.85,drift,combined_realistic,Everything at once (realistic fidelity),10,0,1.8534,0,0
odometry_pods,odometry_pods,odometry pods,1,1,194.85,194.85,drift,combined_realistic,Everything at once (realistic fidelity),11,0,0.0,1,0
odometry_pods,odometry_pods,odometry pods,1,1,194.85,194.85,drift,combined_realistic,Everything at once (realistic fidelity),12,0,8.0147,1,0
odometry_pods,odometry_pods,odometry pods,1,1,194.85,194.85,drift,combined_realistic,Everything at once (realistic fidelity),13,0,1.7874,0,0
odometry_pods,odometry_pods,odometry pods,1,1,194.85,194.85,drift,combined_realistic,Everything at once (realistic fidelity),14,1,3.9542,0,0
odometry_pods,odometry_pods,odometry pods,1,1,194.85,194.85,drift,combined_realistic,Everything at once (realistic fidelity),15,0,3.59,1,0
odometry_pods,odometry_pods,odometry pods,1,1,194.85,194.85,drift,combined_realistic,Everything at once (realistic fidelity),16,0,0.7216,1,0
odometry_pods,odometry_pods,odometry pods,1,1,194.85,194.85,drift,combined_realistic,Everything at once (realistic fidelity),17,0,1.4266,1,0
odometry_pods,odometry_pods,odometry pods,1,1,194.85,194.85,drift,combined_realistic,Everything at once (realistic fidelity),18,0,6.7662,1,0
odometry_pods,odometry_pods,odometry pods,1,1,194.85,194.85,drift,combined_realistic,Everything at once (realistic fidelity),19,0,1.6343,1,0
odometry_pods,odometry_pods,odometry pods,1,1,194.85,194.85,drift,combined_realistic,Everything at once (realistic fidelity),20,0,0.0,1,0
odometry_pods,odometry_pods,odometry pods,1,1,194.85,194.85,drift,combined_realistic,Everything at once (realistic fidelity),21,0,0.7749,1,0
odometry_pods,odometry_pods,odometry pods,1,1,194.85,194.85,drift,combined_realistic,Everything at once (realistic fidelity),22,0,1.7197,1,0
odometry_pods,odometry_pods,odometry pods,1,1,194.85,194.85,drift,combined_realistic,Everything at once (realistic fidelity),23,0,1.9586,1,0
odometry_pods,odometry_pods,odometry pods,1,1,194.85,194.85,drift,combined_realistic,Everything at once (realistic fidelity),24,0,1.1246,1,0
odometry_pods,odometry_pods,odometry pods,1,1,194.85,194.85,drift,corridor,"Tight corridor, mixed deviation",0,0,6.4095,0,0
odometry_pods,odometry_pods,odometry pods,1,1,194.85,194.85,drift,corridor,"Tight corridor, mixed deviation",1,0,4.6682,0,0
odometry_pods,odometry_pods,odometry pods,1,1,194.85,194.85,drift,corridor,"Tight corridor, mixed deviation",2,0,7.3784,1,0
odometry_pods,odometry_pods,odometry pods,1,1,194.85,194.85,drift,corridor,"Tight corridor, mixed deviation",3,0,3.8574,0,0
odometry_pods,odometry_pods,odometry pods,1,1,194.85,194.85,drift,corridor,"Tight corridor, mixed deviation",4,0,4.1141,0,0
odometry_pods,odometry_pods,odometry pods,1,1,194.85,194.85,drift,corridor,"Tight corridor, mixed deviation",5,0,8.3993,0,0
odometry_pods,odometry_pods,odometry pods,1,1,194.85,194.85,drift,corridor,"Tight corridor, mixed deviation",6,1,7.85,0,0
odometry_pods,odometry_pods,odometry pods,1,1,194.85,194.85,drift,corridor,"Tight corridor, mixed deviation",7,0,12.3769,0,0
odometry_pods,odometry_pods,odometry pods,1,1,194.85,194.85,drift,corridor,"Tight corridor, mixed deviation",8,0,6.8157,0,0
odometry_pods,odometry_pods,odometry pods,1,1,194.85,194.85,drift,corridor,"Tight corridor, mixed deviation",9,1,6.0999,0,0
odometry_pods,odometry_pods,odometry pods,1,1,194.85,194.85,drift,corridor,"Tight corridor, mixed deviation",10,1,6.9838,0,0
odometry_pods,odometry_pods,odometry pods,1,1,194.85,194.85,drift,corridor,"Tight corridor, mixed deviation",11,1,6.3649,0,0
odometry_pods,odometry_pods,odometry pods,1,1,194.85,194.85,drift,corridor,"Tight corridor, mixed deviation",12,0,8.2406,0,0
odometry_pods,odometry_pods,odometry pods,1,1,194.85,194.85,drift,corridor,"Tight corridor, mixed deviation",13,0,4.057,1,0
odometry_pods,odometry_pods,odometry pods,1,1,194.85,194.85,drift,corridor,"Tight corridor, mixed deviation",14,0,2.1229,0,0
odometry_pods,odometry_pods,odometry pods,1,1,194.85,194.85,drift,corridor,"Tight corridor, mixed deviation",15,0,6.3636,0,0
odometry_pods,odometry_pods,odometry pods,1,1,194.85,194.85,drift,corridor,"Tight corridor, mixed deviation",16,0,3.8796,1,0
odometry_pods,odometry_pods,odometry pods,1,1,194.85,194.85,drift,corridor,"Tight corridor, mixed deviation",17,0,2.5234,1,0
odometry_pods,odometry_pods,odometry pods,1,1,194.85,194.85,drift,corridor,"Tight corridor, mixed deviation",18,0,13.4326,0,0
odometry_pods,odometry_pods,odometry pods,1,1,194.85,194.85,drift,corridor,"Tight corridor, mixed deviation",19,0,2.3113,0,0
odometry_pods,odometry_pods,odometry pods,1,1,194.85,194.85,drift,corridor,"Tight corridor, mixed deviation",20,0,5.2174,1,0
odometry_pods,odometry_pods,odometry pods,1,1,194.85,194.85,drift,corridor,"Tight corridor, mixed deviation",21,0,4.0852,0,0
odometry_pods,odometry_pods,odometry pods,1,1,194.85,194.85,drift,corridor,"Tight corridor, mixed deviation",22,0,3.1917,0,0
odometry_pods,odometry_pods,odometry pods,1,1,194.85,194.85,drift,corridor,"Tight corridor, mixed deviation",23,0,3.6038,1,0
odometry_pods,odometry_pods,odometry pods,1,1,194.85,194.85,drift,corridor,"Tight corridor, mixed deviation",24,0,6.4541,1,0
distance_sensors,distance_sensors_3,3 ToF sensors,1,1,94.5,94.5,obstacle,pose_drift,Heavy pose drift,0,0,0.0,1,0
distance_sensors,distance_sensors_3,3 ToF sensors,1,1,94.5,94.5,obstacle,pose_drift,Heavy pose drift,1,0,2.457,1,0
distance_sensors,distance_sensors_3,3 ToF sensors,1,1,94.5,94.5,obstacle,pose_drift,Heavy pose drift,2,0,1.9257,1,0
distance_sensors,distance_sensors_3,3 ToF sensors,1,1,94.5,94.5,obstacle,pose_drift,Heavy pose drift,3,0,0.0,1,0
distance_sensors,distance_sensors_3,3 ToF sensors,1,1,94.5,94.5,obstacle,pose_drift,Heavy pose drift,4,0,2.3994,1,0
distance_sensors,distance_sensors_3,3 ToF sensors,1,1,94.5,94.5,obstacle,pose_drift,Heavy pose drift,5,0,5.4674,1,0
distance_sensors,distance_sensors_3,3 ToF sensors,1,1,94.5,94.5,obstacle,pose_drift,Heavy pose drift,6,0,2.2381,0,0
distance_sensors,distance_sensors_3,3 ToF sensors,1,1,94.5,94.5,obstacle,pose_drift,Heavy pose drift,7,0,0.0,1,0
distance_sensors,distance_sensors_3,3 ToF sensors,1,1,94.5,94.5,obstacle,pose_drift,Heavy pose drift,8,0,1.4704,0,0
distance_sensors,distance_sensors_3,3 ToF sensors,1,1,94.5,94.5,obstacle,pose_drift,Heavy pose drift,9,0,0.9936,0,0
distance_sensors,distance_sensors_3,3 ToF sensors,1,1,94.5,94.5,obstacle,pose_drift,Heavy pose drift,10,0,1.9212,0,0
distance_sensors,distance_sensors_3,3 ToF sensors,1,1,94.5,94.5,obstacle,pose_drift,Heavy pose drift,11,0,0.0,1,0
distance_sensors,distance_sensors_3,3 ToF sensors,1,1,94.5,94.5,obstacle,pose_drift,Heavy pose drift,12,0,8.8043,1,0
distance_sensors,distance_sensors_3,3 ToF sensors,1,1,94.5,94.5,obstacle,pose_drift,Heavy pose drift,13,0,0.9016,1,0
distance_sensors,distance_sensors_3,3 ToF sensors,1,1,94.5,94.5,obstacle,pose_drift,Heavy pose drift,14,0,0.5477,1,0
distance_sensors,distance_sensors_3,3 ToF sensors,1,1,94.5,94.5,obstacle,pose_drift,Heavy pose drift,15,0,3.19,0,0
distance_sensors,distance_sensors_3,3 ToF sensors,1,1,94.5,94.5,obstacle,pose_drift,Heavy pose drift,16,0,0.0,0,0
distance_sensors,distance_sensors_3,3 ToF sensors,1,1,94.5,94.5,obstacle,pose_drift,Heavy pose drift,17,0,0.525,1,0
distance_sensors,distance_sensors_3,3 ToF sensors,1,1,94.5,94.5,obstacle,pose_drift,Heavy pose drift,18,0,3.0479,1,0
distance_sensors,distance_sensors_3,3 ToF sensors,1,1,94.5,94.5,obstacle,pose_drift,Heavy pose drift,19,0,5.7671,1,0
distance_sensors,distance_sensors_3,3 ToF sensors,1,1,94.5,94.5,obstacle,pose_drift,Heavy pose drift,20,0,0.0,0,0
distance_sensors,distance_sensors_3,3 ToF sensors,1,1,94.5,94.5,obstacle,pose_drift,Heavy pose drift,21,0,1.8534,1,0
distance_sensors,distance_sensors_3,3 ToF sensors,1,1,94.5,94.5,obstacle,pose_drift,Heavy pose drift,22,0,2.7624,1,0
distance_sensors,distance_sensors_3,3 ToF sensors,1,1,94.5,94.5,obstacle,pose_drift,Heavy pose drift,23,0,1.9586,1,0
distance_sensors,distance_sensors_3,3 ToF sensors,1,1,94.5,94.5,obstacle,pose_drift,Heavy pose drift,24,0,0.0,1,0
distance_sensors,distance_sensors_3,3 ToF sensors,1,1,94.5,94.5,obstacle,map_error,Field doesn't match the map,0,1,4.1144,0,0
distance_sensors,distance_sensors_3,3 ToF sensors,1,1,94.5,94.5,obstacle,map_error,Field doesn't match the map,1,0,0.0,1,0
distance_sensors,distance_sensors_3,3 ToF sensors,1,1,94.5,94.5,obstacle,map_error,Field doesn't match the map,2,0,1.9257,1,0
distance_sensors,distance_sensors_3,3 ToF sensors,1,1,94.5,94.5,obstacle,map_error,Field doesn't match the map,3,0,8.5069,1,0
distance_sensors,distance_sensors_3,3 ToF sensors,1,1,94.5,94.5,obstacle,map_error,Field doesn't match the map,4,0,0.0,1,0
distance_sensors,distance_sensors_3,3 ToF sensors,1,1,94.5,94.5,obstacle,map_error,Field doesn't match the map,5,0,1.132,1,0
distance_sensors,distance_sensors_3,3 ToF sensors,1,1,94.5,94.5,obstacle,map_error,Field doesn't match the map,6,1,2.1508,0,0
distance_sensors,distance_sensors_3,3 ToF sensors,1,1,94.5,94.5,obstacle,map_error,Field doesn't match the map,7,0,0.0,1,0
distance_sensors,distance_sensors_3,3 ToF sensors,1,1,94.5,94.5,obstacle,map_error,Field doesn't match the map,8,1,1.3523,0,0
distance_sensors,distance_sensors_3,3 ToF sensors,1,1,94.5,94.5,obstacle,map_error,Field doesn't match the map,9,0,1.8392,1,0
distance_sensors,distance_sensors_3,3 ToF sensors,1,1,94.5,94.5,obstacle,map_error,Field doesn't match the map,10,1,1.8031,0,0
distance_sensors,distance_sensors_3,3 ToF sensors,1,1,94.5,94.5,obstacle,map_error,Field doesn't match the map,11,0,3.2964,1,0
distance_sensors,distance_sensors_3,3 ToF sensors,1,1,94.5,94.5,obstacle,map_error,Field doesn't match the map,12,1,7.6994,0,0
distance_sensors,distance_sensors_3,3 ToF sensors,1,1,94.5,94.5,obstacle,map_error,Field doesn't match the map,13,0,0.9835,1,0
distance_sensors,distance_sensors_3,3 ToF sensors,1,1,94.5,94.5,obstacle,map_error,Field doesn't match the map,14,0,0.0,1,0
distance_sensors,distance_sensors_3,3 ToF sensors,1,1,94.5,94.5,obstacle,map_error,Field doesn't match the map,15,1,8.9183,0,0
distance_sensors,distance_sensors_3,3 ToF sensors,1,1,94.5,94.5,obstacle,map_error,Field doesn't match the map,16,0,1.9399,1,0
distance_sensors,distance_sensors_3,3 ToF sensors,1,1,94.5,94.5,obstacle,map_error,Field doesn't match the map,17,0,0.0,1,0
distance_sensors,distance_sensors_3,3 ToF sensors,1,1,94.5,94.5,obstacle,map_error,Field doesn't match the map,18,0,1.2446,1,0
distance_sensors,distance_sensors_3,3 ToF sensors,1,1,94.5,94.5,obstacle,map_error,Field doesn't match the map,19,0,0.0,1,0
distance_sensors,distance_sensors_3,3 ToF sensors,1,1,94.5,94.5,obstacle,map_error,Field doesn't match the map,20,0,2.7425,1,0
distance_sensors,distance_sensors_3,3 ToF sensors,1,1,94.5,94.5,obstacle,map_error,Field doesn't match the map,21,0,1.2064,1,0
distance_sensors,distance_sensors_3,3 ToF sensors,1,1,94.5,94.5,obstacle,map_error,Field doesn't match the map,22,0,3.5435,1,0
distance_sensors,distance_sensors_3,3 ToF sensors,1,1,94.5,94.5,obstacle,map_error,Field doesn't match the map,23,0,7.0218,1,0
distance_sensors,distance_sensors_3,3 ToF sensors,1,1,94.5,94.5,obstacle,map_error,Field doesn't match the map,24,0,0.0,1,0
distance_sensors,distance_sensors_3,3 ToF sensors,1,1,94.5,94.5,obstacle,opponent,Opponent parks in the route,0,1,4.1144,0,0
distance_sensors,distance_sensors_3,3 ToF sensors,1,1,94.5,94.5,obstacle,opponent,Opponent parks in the route,1,0,0.0,1,0
distance_sensors,distance_sensors_3,3 ToF sensors,1,1,94.5,94.5,obstacle,opponent,Opponent parks in the route,2,0,1.9257,1,0
distance_sensors,distance_sensors_3,3 ToF sensors,1,1,94.5,94.5,obstacle,opponent,Opponent parks in the route,3,0,8.5069,1,0
distance_sensors,distance_sensors_3,3 ToF sensors,1,1,94.5,94.5,obstacle,opponent,Opponent parks in the route,4,0,0.0,1,0
distance_sensors,distance_sensors_3,3 ToF sensors,1,1,94.5,94.5,obstacle,opponent,Opponent parks in the route,5,0,1.132,1,0
distance_sensors,distance_sensors_3,3 ToF sensors,1,1,94.5,94.5,obstacle,opponent,Opponent parks in the route,6,1,2.4008,0,0
distance_sensors,distance_sensors_3,3 ToF sensors,1,1,94.5,94.5,obstacle,opponent,Opponent parks in the route,7,0,0.0,1,0
distance_sensors,distance_sensors_3,3 ToF sensors,1,1,94.5,94.5,obstacle,opponent,Opponent parks in the route,8,1,1.3523,0,0
distance_sensors,distance_sensors_3,3 ToF sensors,1,1,94.5,94.5,obstacle,opponent,Opponent parks in the route,9,0,7.61,0,0
distance_sensors,distance_sensors_3,3 ToF sensors,1,1,94.5,94.5,obstacle,opponent,Opponent parks in the route,10,1,3.3392,0,0
distance_sensors,distance_sensors_3,3 ToF sensors,1,1,94.5,94.5,obstacle,opponent,Opponent parks in the route,11,0,0.6374,1,0
distance_sensors,distance_sensors_3,3 ToF sensors,1,1,94.5,94.5,obstacle,opponent,Opponent parks in the route,12,1,7.6994,0,0
distance_sensors,distance_sensors_3,3 ToF sensors,1,1,94.5,94.5,obstacle,opponent,Opponent parks in the route,13,0,0.9835,1,0
distance_sensors,distance_sensors_3,3 ToF sensors,1,1,94.5,94.5,obstacle,opponent,Opponent parks in the route,14,0,0.0,1,0
distance_sensors,distance_sensors_3,3 ToF sensors,1,1,94.5,94.5,obstacle,opponent,Opponent parks in the route,15,0,6.8652,1,0
distance_sensors,distance_sensors_3,3 ToF sensors,1,1,94.5,94.5,obstacle,opponent,Opponent parks in the route,16,0,1.9399,1,0
distance_sensors,distance_sensors_3,3 ToF sensors,1,1,94.5,94.5,obstacle,opponent,Opponent parks in the route,17,0,0.5396,1,0
distance_sensors,distance_sensors_3,3 ToF sensors,1,1,94.5,94.5,obstacle,opponent,Opponent parks in the route,18,0,1.2446,1,0
distance_sensors,distance_sensors_3,3 ToF sensors,1,1,94.5,94.5,obstacle,opponent,Opponent parks in the route,19,0,0.0,1,0
distance_sensors,distance_sensors_3,3 ToF sensors,1,1,94.5,94.5,obstacle,opponent,Opponent parks in the route,20,0,1.4704,1,0
distance_sensors,distance_sensors_3,3 ToF sensors,1,1,94.5,94.5,obstacle,opponent,Opponent parks in the route,21,0,0.9711,1,0
distance_sensors,distance_sensors_3,3 ToF sensors,1,1,94.5,94.5,obstacle,opponent,Opponent parks in the route,22,0,3.5435,1,0
distance_sensors,distance_sensors_3,3 ToF sensors,1,1,94.5,94.5,obstacle,opponent,Opponent parks in the route,23,0,6.8919,0,0
distance_sensors,distance_sensors_3,3 ToF sensors,1,1,94.5,94.5,obstacle,opponent,Opponent parks in the route,24,0,0.0,1,0
distance_sensors,distance_sensors_3,3 ToF sensors,1,1,94.5,94.5,obstacle,combined_realistic,Everything at once (realistic fidelity),0,0,0.0,0,0
distance_sensors,distance_sensors_3,3 ToF sensors,1,1,94.5,94.5,obstacle,combined_realistic,Everything at once (realistic fidelity),1,0,3.2523,1,0
distance_sensors,distance_sensors_3,3 ToF sensors,1,1,94.5,94.5,obstacle,combined_realistic,Everything at once (realistic fidelity),2,0,1.915,1,0
distance_sensors,distance_sensors_3,3 ToF sensors,1,1,94.5,94.5,obstacle,combined_realistic,Everything at once (realistic fidelity),3,0,0.6691,1,0
distance_sensors,distance_sensors_3,3 ToF sensors,1,1,94.5,94.5,obstacle,combined_realistic,Everything at once (realistic fidelity),4,0,0.668,1,0
distance_sensors,distance_sensors_3,3 ToF sensors,1,1,94.5,94.5,obstacle,combined_realistic,Everything at once (realistic fidelity),5,0,1.132,1,0
distance_sensors,distance_sensors_3,3 ToF sensors,1,1,94.5,94.5,obstacle,combined_realistic,Everything at once (realistic fidelity),6,0,1.3523,1,0
distance_sensors,distance_sensors_3,3 ToF sensors,1,1,94.5,94.5,obstacle,combined_realistic,Everything at once (realistic fidelity),7,0,1.4802,1,0
distance_sensors,distance_sensors_3,3 ToF sensors,1,1,94.5,94.5,obstacle,combined_realistic,Everything at once (realistic fidelity),8,0,1.4704,0,0
distance_sensors,distance_sensors_3,3 ToF sensors,1,1,94.5,94.5,obstacle,combined_realistic,Everything at once (realistic fidelity),9,0,6.4884,0,0
distance_sensors,distance_sensors_3,3 ToF sensors,1,1,94.5,94.5,obstacle,combined_realistic,Everything at once (realistic fidelity),10,0,1.8534,0,0
distance_sensors,distance_sensors_3,3 ToF sensors,1,1,94.5,94.5,obstacle,combined_realistic,Everything at once (realistic fidelity),11,0,0.6642,1,0
distance_sensors,distance_sensors_3,3 ToF sensors,1,1,94.5,94.5,obstacle,combined_realistic,Everything at once (realistic fidelity),12,0,2.3856,0,0
distance_sensors,distance_sensors_3,3 ToF sensors,1,1,94.5,94.5,obstacle,combined_realistic,Everything at once (realistic fidelity),13,0,1.7874,0,0
distance_sensors,distance_sensors_3,3 ToF sensors,1,1,94.5,94.5,obstacle,combined_realistic,Everything at once (realistic fidelity),14,0,0.0,1,0
distance_sensors,distance_sensors_3,3 ToF sensors,1,1,94.5,94.5,obstacle,combined_realistic,Everything at once (realistic fidelity),15,0,2.6531,0,0
distance_sensors,distance_sensors_3,3 ToF sensors,1,1,94.5,94.5,obstacle,combined_realistic,Everything at once (realistic fidelity),16,0,0.0,0,0
distance_sensors,distance_sensors_3,3 ToF sensors,1,1,94.5,94.5,obstacle,combined_realistic,Everything at once (realistic fidelity),17,0,0.525,1,0
distance_sensors,distance_sensors_3,3 ToF sensors,1,1,94.5,94.5,obstacle,combined_realistic,Everything at once (realistic fidelity),18,0,2.6387,1,0
distance_sensors,distance_sensors_3,3 ToF sensors,1,1,94.5,94.5,obstacle,combined_realistic,Everything at once (realistic fidelity),19,0,0.0,1,0
distance_sensors,distance_sensors_3,3 ToF sensors,1,1,94.5,94.5,obstacle,combined_realistic,Everything at once (realistic fidelity),20,0,0.0,1,0
distance_sensors,distance_sensors_3,3 ToF sensors,1,1,94.5,94.5,obstacle,combined_realistic,Everything at once (realistic fidelity),21,0,0.5396,0,0
distance_sensors,distance_sensors_3,3 ToF sensors,1,1,94.5,94.5,obstacle,combined_realistic,Everything at once (realistic fidelity),22,0,0.0,1,0
distance_sensors,distance_sensors_3,3 ToF sensors,1,1,94.5,94.5,obstacle,combined_realistic,Everything at once (realistic fidelity),23,0,2.4594,1,0
distance_sensors,distance_sensors_3,3 ToF sensors,1,1,94.5,94.5,obstacle,combined_realistic,Everything at once (realistic fidelity),24,0,2.48,1,0
distance_sensors,distance_sensors_3,3 ToF sensors,1,1,94.5,94.5,obstacle,corridor,"Tight corridor, mixed deviation",0,0,6.5962,0,0
distance_sensors,distance_sensors_3,3 ToF sensors,1,1,94.5,94.5,obstacle,corridor,"Tight corridor, mixed deviation",1,0,5.0387,0,0
distance_sensors,distance_sensors_3,3 ToF sensors,1,1,94.5,94.5,obstacle,corridor,"Tight corridor, mixed deviation",2,0,0.0,1,0
distance_sensors,distance_sensors_3,3 ToF sensors,1,1,94.5,94.5,obstacle,corridor,"Tight corridor, mixed deviation",3,0,3.4574,0,0
distance_sensors,distance_sensors_3,3 ToF sensors,1,1,94.5,94.5,obstacle,corridor,"Tight corridor, mixed deviation",4,0,3.9141,0,0
distance_sensors,distance_sensors_3,3 ToF sensors,1,1,94.5,94.5,obstacle,corridor,"Tight corridor, mixed deviation",5,0,8.6192,0,0
distance_sensors,distance_sensors_3,3 ToF sensors,1,1,94.5,94.5,obstacle,corridor,"Tight corridor, mixed deviation",6,0,8.5475,0,0
distance_sensors,distance_sensors_3,3 ToF sensors,1,1,94.5,94.5,obstacle,corridor,"Tight corridor, mixed deviation",7,0,4.0555,1,0
distance_sensors,distance_sensors_3,3 ToF sensors,1,1,94.5,94.5,obstacle,corridor,"Tight corridor, mixed deviation",8,0,4.7837,1,0
distance_sensors,distance_sensors_3,3 ToF sensors,1,1,94.5,94.5,obstacle,corridor,"Tight corridor, mixed deviation",9,0,0.5951,1,0
distance_sensors,distance_sensors_3,3 ToF sensors,1,1,94.5,94.5,obstacle,corridor,"Tight corridor, mixed deviation",10,0,5.4258,1,0
distance_sensors,distance_sensors_3,3 ToF sensors,1,1,94.5,94.5,obstacle,corridor,"Tight corridor, mixed deviation",11,0,0.9711,0,0
distance_sensors,distance_sensors_3,3 ToF sensors,1,1,94.5,94.5,obstacle,corridor,"Tight corridor, mixed deviation",12,0,4.1805,1,0
distance_sensors,distance_sensors_3,3 ToF sensors,1,1,94.5,94.5,obstacle,corridor,"Tight corridor, mixed deviation",13,0,5.4438,0,0
distance_sensors,distance_sensors_3,3 ToF sensors,1,1,94.5,94.5,obstacle,corridor,"Tight corridor, mixed deviation",14,0,1.3523,0,0
distance_sensors,distance_sensors_3,3 ToF sensors,1,1,94.5,94.5,obstacle,corridor,"Tight corridor, mixed deviation",15,0,6.1636,0,0
distance_sensors,distance_sensors_3,3 ToF sensors,1,1,94.5,94.5,obstacle,corridor,"Tight corridor, mixed deviation",16,0,1.7265,1,0
distance_sensors,distance_sensors_3,3 ToF sensors,1,1,94.5,94.5,obstacle,corridor,"Tight corridor, mixed deviation",17,0,3.6108,0,0
distance_sensors,distance_sensors_3,3 ToF sensors,1,1,94.5,94.5,obstacle,corridor,"Tight corridor, mixed deviation",18,0,3.4936,1,0
distance_sensors,distance_sensors_3,3 ToF sensors,1,1,94.5,94.5,obstacle,corridor,"Tight corridor, mixed deviation",19,0,2.2361,0,0
distance_sensors,distance_sensors_3,3 ToF sensors,1,1,94.5,94.5,obstacle,corridor,"Tight corridor, mixed deviation",20,0,5.434,1,0
distance_sensors,distance_sensors_3,3 ToF sensors,1,1,94.5,94.5,obstacle,corridor,"Tight corridor, mixed deviation",21,1,4.5705,0,0
distance_sensors,distance_sensors_3,3 ToF sensors,1,1,94.5,94.5,obstacle,corridor,"Tight corridor, mixed deviation",22,0,3.3917,0,0
distance_sensors,distance_sensors_3,3 ToF sensors,1,1,94.5,94.5,obstacle,corridor,"Tight corridor, mixed deviation",23,0,0.0,0,0
distance_sensors,distance_sensors_3,3 ToF sensors,1,1,94.5,94.5,obstacle,corridor,"Tight corridor, mixed deviation",24,0,0.0,0,0
apriltag,camera_front,front camera,1,1,25.0,25.0,pose,pose_drift,Heavy pose drift,0,0,0.0,1,0
apriltag,camera_front,front camera,1,1,25.0,25.0,pose,pose_drift,Heavy pose drift,1,0,2.9508,1,0
apriltag,camera_front,front camera,1,1,25.0,25.0,pose,pose_drift,Heavy pose drift,2,0,7.7814,1,0
apriltag,camera_front,front camera,1,1,25.0,25.0,pose,pose_drift,Heavy pose drift,3,0,2.7745,1,0
apriltag,camera_front,front camera,1,1,25.0,25.0,pose,pose_drift,Heavy pose drift,4,0,7.7867,1,0
apriltag,camera_front,front camera,1,1,25.0,25.0,pose,pose_drift,Heavy pose drift,5,0,2.0576,1,0
apriltag,camera_front,front camera,1,1,25.0,25.0,pose,pose_drift,Heavy pose drift,6,0,2.2381,0,0
apriltag,camera_front,front camera,1,1,25.0,25.0,pose,pose_drift,Heavy pose drift,7,0,0.0,1,0
apriltag,camera_front,front camera,1,1,25.0,25.0,pose,pose_drift,Heavy pose drift,8,0,1.4704,0,0
apriltag,camera_front,front camera,1,1,25.0,25.0,pose,pose_drift,Heavy pose drift,9,0,1.8452,1,0
apriltag,camera_front,front camera,1,1,25.0,25.0,pose,pose_drift,Heavy pose drift,10,0,1.9212,0,0
apriltag,camera_front,front camera,1,1,25.0,25.0,pose,pose_drift,Heavy pose drift,11,0,0.0,1,0
apriltag,camera_front,front camera,1,1,25.0,25.0,pose,pose_drift,Heavy pose drift,12,0,7.0166,1,0
apriltag,camera_front,front camera,1,1,25.0,25.0,pose,pose_drift,Heavy pose drift,13,0,0.9016,1,0
apriltag,camera_front,front camera,1,1,25.0,25.0,pose,pose_drift,Heavy pose drift,14,0,1.9407,1,0
apriltag,camera_front,front camera,1,1,25.0,25.0,pose,pose_drift,Heavy pose drift,15,0,0.8146,1,0
apriltag,camera_front,front camera,1,1,25.0,25.0,pose,pose_drift,Heavy pose drift,16,0,0.7216,1,0
apriltag,camera_front,front camera,1,1,25.0,25.0,pose,pose_drift,Heavy pose drift,17,0,1.4266,1,0
apriltag,camera_front,front camera,1,1,25.0,25.0,pose,pose_drift,Heavy pose drift,18,0,0.0,1,0
apriltag,camera_front,front camera,1,1,25.0,25.0,pose,pose_drift,Heavy pose drift,19,0,2.401,1,0
apriltag,camera_front,front camera,1,1,25.0,25.0,pose,pose_drift,Heavy pose drift,20,0,3.8195,1,0
apriltag,camera_front,front camera,1,1,25.0,25.0,pose,pose_drift,Heavy pose drift,21,0,0.0,1,0
apriltag,camera_front,front camera,1,1,25.0,25.0,pose,pose_drift,Heavy pose drift,22,0,0.0,1,0
apriltag,camera_front,front camera,1,1,25.0,25.0,pose,pose_drift,Heavy pose drift,23,0,1.9586,1,0
apriltag,camera_front,front camera,1,1,25.0,25.0,pose,pose_drift,Heavy pose drift,24,0,1.2047,1,0
apriltag,camera_front,front camera,1,1,25.0,25.0,pose,map_error,Field doesn't match the map,0,1,4.4144,0,0
apriltag,camera_front,front camera,1,1,25.0,25.0,pose,map_error,Field doesn't match the map,1,0,9.3842,0,0
apriltag,camera_front,front camera,1,1,25.0,25.0,pose,map_error,Field doesn't match the map,2,0,3.9174,1,0
apriltag,camera_front,front camera,1,1,25.0,25.0,pose,map_error,Field doesn't match the map,3,0,1.8714,1,0
apriltag,camera_front,front camera,1,1,25.0,25.0,pose,map_error,Field doesn't match the map,4,0,9.8035,0,0
apriltag,camera_front,front camera,1,1,25.0,25.0,pose,map_error,Field doesn't match the map,5,0,7.5625,1,0
apriltag,camera_front,front camera,1,1,25.0,25.0,pose,map_error,Field doesn't match the map,6,1,2.1508,0,0
apriltag,camera_front,front camera,1,1,25.0,25.0,pose,map_error,Field doesn't match the map,7,0,2.6655,1,0
apriltag,camera_front,front camera,1,1,25.0,25.0,pose,map_error,Field doesn't match the map,8,1,1.4523,0,0
apriltag,camera_front,front camera,1,1,25.0,25.0,pose,map_error,Field doesn't match the map,9,0,1.8392,1,0
apriltag,camera_front,front camera,1,1,25.0,25.0,pose,map_error,Field doesn't match the map,10,1,1.8031,0,0
apriltag,camera_front,front camera,1,1,25.0,25.0,pose,map_error,Field doesn't match the map,11,0,1.9363,1,0
apriltag,camera_front,front camera,1,1,25.0,25.0,pose,map_error,Field doesn't match the map,12,0,7.7339,1,0
apriltag,camera_front,front camera,1,1,25.0,25.0,pose,map_error,Field doesn't match the map,13,0,0.9835,1,0
apriltag,camera_front,front camera,1,1,25.0,25.0,pose,map_error,Field doesn't match the map,14,1,3.9542,0,0
apriltag,camera_front,front camera,1,1,25.0,25.0,pose,map_error,Field doesn't match the map,15,1,10.375,0,0
apriltag,camera_front,front camera,1,1,25.0,25.0,pose,map_error,Field doesn't match the map,16,0,7.4982,0,0
apriltag,camera_front,front camera,1,1,25.0,25.0,pose,map_error,Field doesn't match the map,17,0,0.0,1,0
apriltag,camera_front,front camera,1,1,25.0,25.0,pose,map_error,Field doesn't match the map,18,0,11.6343,0,0
apriltag,camera_front,front camera,1,1,25.0,25.0,pose,map_error,Field doesn't match the map,19,0,9.0872,0,0
apriltag,camera_front,front camera,1,1,25.0,25.0,pose,map_error,Field doesn't match the map,20,1,4.9948,0,0
apriltag,camera_front,front camera,1,1,25.0,25.0,pose,map_error,Field doesn't match the map,21,0,1.2917,1,0
apriltag,camera_front,front camera,1,1,25.0,25.0,pose,map_error,Field doesn't match the map,22,0,7.5411,1,0
apriltag,camera_front,front camera,1,1,25.0,25.0,pose,map_error,Field doesn't match the map,23,0,7.1574,1,0
apriltag,camera_front,front camera,1,1,25.0,25.0,pose,map_error,Field doesn't match the map,24,0,4.3418,0,0
apriltag,camera_front,front camera,1,1,25.0,25.0,pose,opponent,Opponent parks in the route,0,1,4.4144,0,0
apriltag,camera_front,front camera,1,1,25.0,25.0,pose,opponent,Opponent parks in the route,1,0,9.3842,0,0
apriltag,camera_front,front camera,1,1,25.0,25.0,pose,opponent,Opponent parks in the route,2,0,7.7814,1,0
apriltag,camera_front,front camera,1,1,25.0,25.0,pose,opponent,Opponent parks in the route,3,0,1.1353,1,0
apriltag,camera_front,front camera,1,1,25.0,25.0,pose,opponent,Opponent parks in the route,4,0,9.8035,0,0
apriltag,camera_front,front camera,1,1,25.0,25.0,pose,opponent,Opponent parks in the route,5,0,7.5625,1,0
apriltag,camera_front,front camera,1,1,25.0,25.0,pose,opponent,Opponent parks in the route,6,0,0.9639,1,0
apriltag,camera_front,front camera,1,1,25.0,25.0,pose,opponent,Opponent parks in the route,7,0,2.6655,1,0
apriltag,camera_front,front camera,1,1,25.0,25.0,pose,opponent,Opponent parks in the route,8,1,1.4523,0,0
apriltag,camera_front,front camera,1,1,25.0,25.0,pose,opponent,Opponent parks in the route,9,0,0.0,1,0
apriltag,camera_front,front camera,1,1,25.0,25.0,pose,opponent,Opponent parks in the route,10,0,0.0,1,0
apriltag,camera_front,front camera,1,1,25.0,25.0,pose,opponent,Opponent parks in the route,11,0,5.0277,1,0
apriltag,camera_front,front camera,1,1,25.0,25.0,pose,opponent,Opponent parks in the route,12,0,7.7339,1,0
apriltag,camera_front,front camera,1,1,25.0,25.0,pose,opponent,Opponent parks in the route,13,0,0.9835,1,0
apriltag,camera_front,front camera,1,1,25.0,25.0,pose,opponent,Opponent parks in the route,14,1,3.9542,0,0
apriltag,camera_front,front camera,1,1,25.0,25.0,pose,opponent,Opponent parks in the route,15,0,7.6013,1,0
apriltag,camera_front,front camera,1,1,25.0,25.0,pose,opponent,Opponent parks in the route,16,0,3.9031,1,0
apriltag,camera_front,front camera,1,1,25.0,25.0,pose,opponent,Opponent parks in the route,17,0,8.5945,1,0
apriltag,camera_front,front camera,1,1,25.0,25.0,pose,opponent,Opponent parks in the route,18,0,11.6343,0,0
apriltag,camera_front,front camera,1,1,25.0,25.0,pose,opponent,Opponent parks in the route,19,0,2.3853,1,0
apriltag,camera_front,front camera,1,1,25.0,25.0,pose,opponent,Opponent parks in the route,20,0,1.7196,1,0
apriltag,camera_front,front camera,1,1,25.0,25.0,pose,opponent,Opponent parks in the route,21,0,1.2917,1,0
apriltag,camera_front,front camera,1,1,25.0,25.0,pose,opponent,Opponent parks in the route,22,0,7.5411,1,0
apriltag,camera_front,front camera,1,1,25.0,25.0,pose,opponent,Opponent parks in the route,23,0,7.1574,1,0
apriltag,camera_front,front camera,1,1,25.0,25.0,pose,opponent,Opponent parks in the route,24,0,2.5387,1,0
apriltag,camera_front,front camera,1,1,25.0,25.0,pose,combined_realistic,Everything at once (realistic fidelity),0,1,3.3911,0,0
apriltag,camera_front,front camera,1,1,25.0,25.0,pose,combined_realistic,Everything at once (realistic fidelity),1,0,0.0,1,0
apriltag,camera_front,front camera,1,1,25.0,25.0,pose,combined_realistic,Everything at once (realistic fidelity),2,0,1.1889,1,0
apriltag,camera_front,front camera,1,1,25.0,25.0,pose,combined_realistic,Everything at once (realistic fidelity),3,0,2.5201,1,0
apriltag,camera_front,front camera,1,1,25.0,25.0,pose,combined_realistic,Everything at once (realistic fidelity),4,0,2.9866,1,0
apriltag,camera_front,front camera,1,1,25.0,25.0,pose,combined_realistic,Everything at once (realistic fidelity),5,0,4.3219,1,0
apriltag,camera_front,front camera,1,1,25.0,25.0,pose,combined_realistic,Everything at once (realistic fidelity),6,0,1.3523,1,0
apriltag,camera_front,front camera,1,1,25.0,25.0,pose,combined_realistic,Everything at once (realistic fidelity),7,0,13.4887,0,0
apriltag,camera_front,front camera,1,1,25.0,25.0,pose,combined_realistic,Everything at once (realistic fidelity),8,0,1.4704,0,0
apriltag,camera_front,front camera,1,1,25.0,25.0,pose,combined_realistic,Everything at once (realistic fidelity),9,0,6.6884,0,0
apriltag,camera_front,front camera,1,1,25.0,25.0,pose,combined_realistic,Everything at once (realistic fidelity),10,0,1.8534,0,0
apriltag,camera_front,front camera,1,1,25.0,25.0,pose,combined_realistic,Everything at once (realistic fidelity),11,0,0.0,1,0
apriltag,camera_front,front camera,1,1,25.0,25.0,pose,combined_realistic,Everything at once (realistic fidelity),12,0,6.8278,1,0
apriltag,camera_front,front camera,1,1,25.0,25.0,pose,combined_realistic,Everything at once (realistic fidelity),13,0,1.7874,0,0
apriltag,camera_front,front camera,1,1,25.0,25.0,pose,combined_realistic,Everything at once (realistic fidelity),14,1,3.9542,0,0
apriltag,camera_front,front camera,1,1,25.0,25.0,pose,combined_realistic,Everything at once (realistic fidelity),15,0,3.1392,1,0
apriltag,camera_front,front camera,1,1,25.0,25.0,pose,combined_realistic,Everything at once (realistic fidelity),16,0,0.7216,1,0
apriltag,camera_front,front camera,1,1,25.0,25.0,pose,combined_realistic,Everything at once (realistic fidelity),17,0,1.4266,1,0
apriltag,camera_front,front camera,1,1,25.0,25.0,pose,combined_realistic,Everything at once (realistic fidelity),18,0,7.3828,1,0
apriltag,camera_front,front camera,1,1,25.0,25.0,pose,combined_realistic,Everything at once (realistic fidelity),19,0,1.6343,1,0
apriltag,camera_front,front camera,1,1,25.0,25.0,pose,combined_realistic,Everything at once (realistic fidelity),20,0,0.0,1,0
apriltag,camera_front,front camera,1,1,25.0,25.0,pose,combined_realistic,Everything at once (realistic fidelity),21,0,0.7749,1,0
apriltag,camera_front,front camera,1,1,25.0,25.0,pose,combined_realistic,Everything at once (realistic fidelity),22,0,1.7197,1,0
apriltag,camera_front,front camera,1,1,25.0,25.0,pose,combined_realistic,Everything at once (realistic fidelity),23,0,1.9586,1,0
apriltag,camera_front,front camera,1,1,25.0,25.0,pose,combined_realistic,Everything at once (realistic fidelity),24,0,1.1246,1,0
apriltag,camera_front,front camera,1,1,25.0,25.0,pose,corridor,"Tight corridor, mixed deviation",0,1,6.4234,0,0
apriltag,camera_front,front camera,1,1,25.0,25.0,pose,corridor,"Tight corridor, mixed deviation",1,0,4.6682,0,0
apriltag,camera_front,front camera,1,1,25.0,25.0,pose,corridor,"Tight corridor, mixed deviation",2,0,8.2378,1,0
apriltag,camera_front,front camera,1,1,25.0,25.0,pose,corridor,"Tight corridor, mixed deviation",3,0,1.3337,1,0
apriltag,camera_front,front camera,1,1,25.0,25.0,pose,corridor,"Tight corridor, mixed deviation",4,0,4.1141,0,0
apriltag,camera_front,front camera,1,1,25.0,25.0,pose,corridor,"Tight corridor, mixed deviation",5,1,8.264,0,0
apriltag,camera_front,front camera,1,1,25.0,25.0,pose,corridor,"Tight corridor, mixed deviation",6,1,8.1014,0,0
apriltag,camera_front,front camera,1,1,25.0,25.0,pose,corridor,"Tight corridor, mixed deviation",7,0,13.1435,1,0
apriltag,camera_front,front camera,1,1,25.0,25.0,pose,corridor,"Tight corridor, mixed deviation",8,1,7.7477,0,0
apriltag,camera_front,front camera,1,1,25.0,25.0,pose,corridor,"Tight corridor, mixed deviation",9,0,6.8198,0,0
apriltag,camera_front,front camera,1,1,25.0,25.0,pose,corridor,"Tight corridor, mixed deviation",10,1,6.8838,0,0
apriltag,camera_front,front camera,1,1,25.0,25.0,pose,corridor,"Tight corridor, mixed deviation",11,1,6.9149,0,0
apriltag,camera_front,front camera,1,1,25.0,25.0,pose,corridor,"Tight corridor, mixed deviation",12,1,8.7053,0,0
apriltag,camera_front,front camera,1,1,25.0,25.0,pose,corridor,"Tight corridor, mixed deviation",13,0,4.207,1,0
apriltag,camera_front,front camera,1,1,25.0,25.0,pose,corridor,"Tight corridor, mixed deviation",14,0,2.1229,0,0
apriltag,camera_front,front camera,1,1,25.0,25.0,pose,corridor,"Tight corridor, mixed deviation",15,1,7.4643,0,0
apriltag,camera_front,front camera,1,1,25.0,25.0,pose,corridor,"Tight corridor, mixed deviation",16,0,12.336,0,0
apriltag,camera_front,front camera,1,1,25.0,25.0,pose,corridor,"Tight corridor, mixed deviation",17,0,2.9448,0,0
apriltag,camera_front,front camera,1,1,25.0,25.0,pose,corridor,"Tight corridor, mixed deviation",18,0,13.4208,0,0
apriltag,camera_front,front camera,1,1,25.0,25.0,pose,corridor,"Tight corridor, mixed deviation",19,0,2.3113,0,0
apriltag,camera_front,front camera,1,1,25.0,25.0,pose,corridor,"Tight corridor, mixed deviation",20,0,8.4213,0,0
apriltag,camera_front,front camera,1,1,25.0,25.0,pose,corridor,"Tight corridor, mixed deviation",21,0,5.1558,0,0
apriltag,camera_front,front camera,1,1,25.0,25.0,pose,corridor,"Tight corridor, mixed deviation",22,0,3.1917,0,0
apriltag,camera_front,front camera,1,1,25.0,25.0,pose,corridor,"Tight corridor, mixed deviation",23,0,3.6038,1,0
apriltag,camera_front,front camera,1,1,25.0,25.0,pose,corridor,"Tight corridor, mixed deviation",24,1,7.2549,0,0
imu,imu,IMU,1,1,0.0,0.0,heading,pose_drift,Heavy pose drift,0,0,0.0,1,0
imu,imu,IMU,1,1,0.0,0.0,heading,pose_drift,Heavy pose drift,1,0,2.9508,1,0
imu,imu,IMU,1,1,0.0,0.0,heading,pose_drift,Heavy pose drift,2,0,3.4666,1,0
imu,imu,IMU,1,1,0.0,0.0,heading,pose_drift,Heavy pose drift,3,0,1.1377,1,0
imu,imu,IMU,1,1,0.0,0.0,heading,pose_drift,Heavy pose drift,4,0,7.7867,1,0
imu,imu,IMU,1,1,0.0,0.0,heading,pose_drift,Heavy pose drift,5,0,2.0576,1,0
imu,imu,IMU,1,1,0.0,0.0,heading,pose_drift,Heavy pose drift,6,0,2.2381,0,0
imu,imu,IMU,1,1,0.0,0.0,heading,pose_drift,Heavy pose drift,7,0,0.0,1,0
imu,imu,IMU,1,1,0.0,0.0,heading,pose_drift,Heavy pose drift,8,0,1.4704,0,0
imu,imu,IMU,1,1,0.0,0.0,heading,pose_drift,Heavy pose drift,9,0,1.8452,1,0
imu,imu,IMU,1,1,0.0,0.0,heading,pose_drift,Heavy pose drift,10,0,1.9212,0,0
imu,imu,IMU,1,1,0.0,0.0,heading,pose_drift,Heavy pose drift,11,0,0.0,1,0
imu,imu,IMU,1,1,0.0,0.0,heading,pose_drift,Heavy pose drift,12,0,7.0166,1,0
imu,imu,IMU,1,1,0.0,0.0,heading,pose_drift,Heavy pose drift,13,0,0.9016,1,0
imu,imu,IMU,1,1,0.0,0.0,heading,pose_drift,Heavy pose drift,14,0,1.9407,1,0
imu,imu,IMU,1,1,0.0,0.0,heading,pose_drift,Heavy pose drift,15,0,0.8146,1,0
imu,imu,IMU,1,1,0.0,0.0,heading,pose_drift,Heavy pose drift,16,0,0.7216,1,0
imu,imu,IMU,1,1,0.0,0.0,heading,pose_drift,Heavy pose drift,17,0,1.4266,1,0
imu,imu,IMU,1,1,0.0,0.0,heading,pose_drift,Heavy pose drift,18,0,0.0,1,0
imu,imu,IMU,1,1,0.0,0.0,heading,pose_drift,Heavy pose drift,19,0,2.401,1,0
imu,imu,IMU,1,1,0.0,0.0,heading,pose_drift,Heavy pose drift,20,0,3.8195,1,0
imu,imu,IMU,1,1,0.0,0.0,heading,pose_drift,Heavy pose drift,21,0,0.0,1,0
imu,imu,IMU,1,1,0.0,0.0,heading,pose_drift,Heavy pose drift,22,0,0.0,1,0
imu,imu,IMU,1,1,0.0,0.0,heading,pose_drift,Heavy pose drift,23,0,1.9586,1,0
imu,imu,IMU,1,1,0.0,0.0,heading,pose_drift,Heavy pose drift,24,0,1.2047,1,0
imu,imu,IMU,1,1,0.0,0.0,heading,map_error,Field doesn't match the map,0,1,4.1144,0,0
imu,imu,IMU,1,1,0.0,0.0,heading,map_error,Field doesn't match the map,1,0,9.3842,0,0
imu,imu,IMU,1,1,0.0,0.0,heading,map_error,Field doesn't match the map,2,0,3.4666,1,0
imu,imu,IMU,1,1,0.0,0.0,heading,map_error,Field doesn't match the map,3,0,1.8714,1,0
imu,imu,IMU,1,1,0.0,0.0,heading,map_error,Field doesn't match the map,4,0,9.8035,0,0
imu,imu,IMU,1,1,0.0,0.0,heading,map_error,Field doesn't match the map,5,1,12.3347,0,0
imu,imu,IMU,1,1,0.0,0.0,heading,map_error,Field doesn't match the map,6,1,2.1508,0,0
imu,imu,IMU,1,1,0.0,0.0,heading,map_error,Field doesn't match the map,7,0,2.6655,1,0
imu,imu,IMU,1,1,0.0,0.0,heading,map_error,Field doesn't match the map,8,1,1.3523,0,0
imu,imu,IMU,1,1,0.0,0.0,heading,map_error,Field doesn't match the map,9,0,1.8392,1,0
imu,imu,IMU,1,1,0.0,0.0,heading,map_error,Field doesn't match the map,10,1,1.8031,0,0
imu,imu,IMU,1,1,0.0,0.0,heading,map_error,Field doesn't match the map,11,0,1.9363,1,0
imu,imu,IMU,1,1,0.0,0.0,heading,map_error,Field doesn't match the map,12,0,7.7339,1,0
imu,imu,IMU,1,1,0.0,0.0,heading,map_error,Field doesn't match the map,13,0,0.9835,1,0
imu,imu,IMU,1,1,0.0,0.0,heading,map_error,Field doesn't match the map,14,1,3.9542,0,0
imu,imu,IMU,1,1,0.0,0.0,heading,map_error,Field doesn't match the map,15,1,10.375,0,0
imu,imu,IMU,1,1,0.0,0.0,heading,map_error,Field doesn't match the map,16,0,7.4982,0,0
imu,imu,IMU,1,1,0.0,0.0,heading,map_error,Field doesn't match the map,17,0,0.0,1,0
imu,imu,IMU,1,1,0.0,0.0,heading,map_error,Field doesn't match the map,18,0,7.2935,1,0
imu,imu,IMU,1,1,0.0,0.0,heading,map_error,Field doesn't match the map,19,0,5.562,1,0
imu,imu,IMU,1,1,0.0,0.0,heading,map_error,Field doesn't match the map,20,1,4.9948,0,0
imu,imu,IMU,1,1,0.0,0.0,heading,map_error,Field doesn't match the map,21,0,1.2917,1,0
imu,imu,IMU,1,1,0.0,0.0,heading,map_error,Field doesn't match the map,22,0,8.638,0,0
imu,imu,IMU,1,1,0.0,0.0,heading,map_error,Field doesn't match the map,23,0,6.9074,1,0
imu,imu,IMU,1,1,0.0,0.0,heading,map_error,Field doesn't match the map,24,0,4.7418,0,0
imu,imu,IMU,1,1,0.0,0.0,heading,opponent,Opponent parks in the route,0,1,4.1144,0,0
imu,imu,IMU,1,1,0.0,0.0,heading,opponent,Opponent parks in the route,1,0,9.3842,0,0
imu,imu,IMU,1,1,0.0,0.0,heading,opponent,Opponent parks in the route,2,0,3.4666,1,0
imu,imu,IMU,1,1,0.0,0.0,heading,opponent,Opponent parks in the route,3,0,1.1353,1,0
imu,imu,IMU,1,1,0.0,0.0,heading,opponent,Opponent parks in the route,4,0,9.8035,0,0
imu,imu,IMU,1,1,0.0,0.0,heading,opponent,Opponent parks in the route,5,0,6.1595,1,0
imu,imu,IMU,1,1,0.0,0.0,heading,opponent,Opponent parks in the route,6,0,0.9639,1,0
imu,imu,IMU,1,1,0.0,0.0,heading,opponent,Opponent parks in the route,7,0,2.6655,1,0
imu,imu,IMU,1,1,0.0,0.0,heading,opponent,Opponent parks in the route,8,1,1.3523,0,0
imu,imu,IMU,1,1,0.0,0.0,heading,opponent,Opponent parks in the route,9,0,0.0,1,0
imu,imu,IMU,1,1,0.0,0.0,heading,opponent,Opponent parks in the route,10,0,0.0,1,0
imu,imu,IMU,1,1,0.0,0.0,heading,opponent,Opponent parks in the route,11,0,5.0277,1,0
imu,imu,IMU,1,1,0.0,0.0,heading,opponent,Opponent parks in the route,12,0,7.7339,1,0
imu,imu,IMU,1,1,0.0,0.0,heading,opponent,Opponent parks in the route,13,0,0.9835,1,0
imu,imu,IMU,1,1,0.0,0.0,heading,opponent,Opponent parks in the route,14,1,3.9542,0,0
imu,imu,IMU,1,1,0.0,0.0,heading,opponent,Opponent parks in the route,15,0,7.6013,1,0
imu,imu,IMU,1,1,0.0,0.0,heading,opponent,Opponent parks in the route,16,0,3.9031,1,0
imu,imu,IMU,1,1,0.0,0.0,heading,opponent,Opponent parks in the route,17,0,8.5945,1,0
imu,imu,IMU,1,1,0.0,0.0,heading,opponent,Opponent parks in the route,18,0,7.2935,1,0
imu,imu,IMU,1,1,0.0,0.0,heading,opponent,Opponent parks in the route,19,0,2.3853,1,0
imu,imu,IMU,1,1,0.0,0.0,heading,opponent,Opponent parks in the route,20,0,1.7196,1,0
imu,imu,IMU,1,1,0.0,0.0,heading,opponent,Opponent parks in the route,21,0,1.2917,1,0
imu,imu,IMU,1,1,0.0,0.0,heading,opponent,Opponent parks in the route,22,0,8.638,0,0
imu,imu,IMU,1,1,0.0,0.0,heading,opponent,Opponent parks in the route,23,0,6.9074,1,0
imu,imu,IMU,1,1,0.0,0.0,heading,opponent,Opponent parks in the route,24,0,2.5387,1,0
imu,imu,IMU,1,1,0.0,0.0,heading,combined_realistic,Everything at once (realistic fidelity),0,1,3.3911,0,0
imu,imu,IMU,1,1,0.0,0.0,heading,combined_realistic,Everything at once (realistic fidelity),1,0,0.0,1,0
imu,imu,IMU,1,1,0.0,0.0,heading,combined_realistic,Everything at once (realistic fidelity),2,0,1.1889,1,0
imu,imu,IMU,1,1,0.0,0.0,heading,combined_realistic,Everything at once (realistic fidelity),3,0,2.5201,1,0
imu,imu,IMU,1,1,0.0,0.0,heading,combined_realistic,Everything at once (realistic fidelity),4,0,2.9866,1,0
imu,imu,IMU,1,1,0.0,0.0,heading,combined_realistic,Everything at once (realistic fidelity),5,0,4.3219,1,0
imu,imu,IMU,1,1,0.0,0.0,heading,combined_realistic,Everything at once (realistic fidelity),6,0,1.3523,1,0
imu,imu,IMU,1,1,0.0,0.0,heading,combined_realistic,Everything at once (realistic fidelity),7,0,13.4887,0,0
imu,imu,IMU,1,1,0.0,0.0,heading,combined_realistic,Everything at once (realistic fidelity),8,0,1.4704,0,0
imu,imu,IMU,1,1,0.0,0.0,heading,combined_realistic,Everything at once (realistic fidelity),9,0,6.6884,0,0
imu,imu,IMU,1,1,0.0,0.0,heading,combined_realistic,Everything at once (realistic fidelity),10,0,1.8534,0,0
imu,imu,IMU,1,1,0.0,0.0,heading,combined_realistic,Everything at once (realistic fidelity),11,0,0.0,1,0
imu,imu,IMU,1,1,0.0,0.0,heading,combined_realistic,Everything at once (realistic fidelity),12,0,6.3512,1,0
imu,imu,IMU,1,1,0.0,0.0,heading,combined_realistic,Everything at once (realistic fidelity),13,0,1.7874,0,0
imu,imu,IMU,1,1,0.0,0.0,heading,combined_realistic,Everything at once (realistic fidelity),14,1,3.9542,0,0
imu,imu,IMU,1,1,0.0,0.0,heading,combined_realistic,Everything at once (realistic fidelity),15,0,3.1392,1,0
imu,imu,IMU,1,1,0.0,0.0,heading,combined_realistic,Everything at once (realistic fidelity),16,0,0.7216,1,0
imu,imu,IMU,1,1,0.0,0.0,heading,combined_realistic,Everything at once (realistic fidelity),17,0,1.4266,1,0
imu,imu,IMU,1,1,0.0,0.0,heading,combined_realistic,Everything at once (realistic fidelity),18,0,7.3828,1,0
imu,imu,IMU,1,1,0.0,0.0,heading,combined_realistic,Everything at once (realistic fidelity),19,0,1.6343,1,0
imu,imu,IMU,1,1,0.0,0.0,heading,combined_realistic,Everything at once (realistic fidelity),20,0,0.0,1,0
imu,imu,IMU,1,1,0.0,0.0,heading,combined_realistic,Everything at once (realistic fidelity),21,0,0.7749,1,0
imu,imu,IMU,1,1,0.0,0.0,heading,combined_realistic,Everything at once (realistic fidelity),22,0,1.7197,1,0
imu,imu,IMU,1,1,0.0,0.0,heading,combined_realistic,Everything at once (realistic fidelity),23,0,1.9586,1,0
imu,imu,IMU,1,1,0.0,0.0,heading,combined_realistic,Everything at once (realistic fidelity),24,0,1.1246,1,0
imu,imu,IMU,1,1,0.0,0.0,heading,corridor,"Tight corridor, mixed deviation",0,0,6.5962,0,0
imu,imu,IMU,1,1,0.0,0.0,heading,corridor,"Tight corridor, mixed deviation",1,0,4.6682,0,0
imu,imu,IMU,1,1,0.0,0.0,heading,corridor,"Tight corridor, mixed deviation",2,0,12.3393,1,0
imu,imu,IMU,1,1,0.0,0.0,heading,corridor,"Tight corridor, mixed deviation",3,0,3.8574,0,0
imu,imu,IMU,1,1,0.0,0.0,heading,corridor,"Tight corridor, mixed deviation",4,0,4.1141,0,0
imu,imu,IMU,1,1,0.0,0.0,heading,corridor,"Tight corridor, mixed deviation",5,0,8.6192,0,0
imu,imu,IMU,1,1,0.0,0.0,heading,corridor,"Tight corridor, mixed deviation",6,0,8.9728,0,0
imu,imu,IMU,1,1,0.0,0.0,heading,corridor,"Tight corridor, mixed deviation",7,0,4.0689,1,0
imu,imu,IMU,1,1,0.0,0.0,heading,corridor,"Tight corridor, mixed deviation",8,0,7.0323,0,0
imu,imu,IMU,1,1,0.0,0.0,heading,corridor,"Tight corridor, mixed deviation",9,0,6.7293,0,0
imu,imu,IMU,1,1,0.0,0.0,heading,corridor,"Tight corridor, mixed deviation",10,0,6.389,1,0
imu,imu,IMU,1,1,0.0,0.0,heading,corridor,"Tight corridor, mixed deviation",11,1,6.3649,0,0
imu,imu,IMU,1,1,0.0,0.0,heading,corridor,"Tight corridor, mixed deviation",12,1,7.8913,0,0
imu,imu,IMU,1,1,0.0,0.0,heading,corridor,"Tight corridor, mixed deviation",13,0,4.057,1,0
imu,imu,IMU,1,1,0.0,0.0,heading,corridor,"Tight corridor, mixed deviation",14,0,2.1229,0,0
imu,imu,IMU,1,1,0.0,0.0,heading,corridor,"Tight corridor, mixed deviation",15,0,6.3636,0,0
imu,imu,IMU,1,1,0.0,0.0,heading,corridor,"Tight corridor, mixed deviation",16,0,3.8796,1,0
imu,imu,IMU,1,1,0.0,0.0,heading,corridor,"Tight corridor, mixed deviation",17,0,2.9448,0,0
imu,imu,IMU,1,1,0.0,0.0,heading,corridor,"Tight corridor, mixed deviation",18,0,6.9416,1,0
imu,imu,IMU,1,1,0.0,0.0,heading,corridor,"Tight corridor, mixed deviation",19,0,2.3113,0,0
imu,imu,IMU,1,1,0.0,0.0,heading,corridor,"Tight corridor, mixed deviation",20,0,6.791,1,0
imu,imu,IMU,1,1,0.0,0.0,heading,corridor,"Tight corridor, mixed deviation",21,1,4.5705,0,0
imu,imu,IMU,1,1,0.0,0.0,heading,corridor,"Tight corridor, mixed deviation",22,0,3.1917,0,0
imu,imu,IMU,1,1,0.0,0.0,heading,corridor,"Tight corridor, mixed deviation",23,0,3.6038,1,0
imu,imu,IMU,1,1,0.0,0.0,heading,corridor,"Tight corridor, mixed deviation",24,1,6.9049,0,0
dual_camera_apriltag,camera_front|camera_rear,front camera + rear camera,1,2,50.0,50.0,pose,pose_drift,Heavy pose drift,0,0,0.0,1,0
dual_camera_apriltag,camera_front|camera_rear,front camera + rear camera,1,2,50.0,50.0,pose,pose_drift,Heavy pose drift,1,0,2.9508,1,0
dual_camera_apriltag,camera_front|camera_rear,front camera + rear camera,1,2,50.0,50.0,pose,pose_drift,Heavy pose drift,2,0,7.7814,1,0
dual_camera_apriltag,camera_front|camera_rear,front camera + rear camera,1,2,50.0,50.0,pose,pose_drift,Heavy pose drift,3,0,2.7745,1,0
dual_camera_apriltag,camera_front|camera_rear,front camera + rear camera,1,2,50.0,50.0,pose,pose_drift,Heavy pose drift,4,0,7.7867,1,0
dual_camera_apriltag,camera_front|camera_rear,front camera + rear camera,1,2,50.0,50.0,pose,pose_drift,Heavy pose drift,5,0,2.0576,1,0
dual_camera_apriltag,camera_front|camera_rear,front camera + rear camera,1,2,50.0,50.0,pose,pose_drift,Heavy pose drift,6,0,2.2381,0,0
dual_camera_apriltag,camera_front|camera_rear,front camera + rear camera,1,2,50.0,50.0,pose,pose_drift,Heavy pose drift,7,0,0.0,1,0
dual_camera_apriltag,camera_front|camera_rear,front camera + rear camera,1,2,50.0,50.0,pose,pose_drift,Heavy pose drift,8,0,1.4704,0,0
dual_camera_apriltag,camera_front|camera_rear,front camera + rear camera,1,2,50.0,50.0,pose,pose_drift,Heavy pose drift,9,0,1.8452,1,0
dual_camera_apriltag,camera_front|camera_rear,front camera + rear camera,1,2,50.0,50.0,pose,pose_drift,Heavy pose drift,10,0,1.9212,0,0
dual_camera_apriltag,camera_front|camera_rear,front camera + rear camera,1,2,50.0,50.0,pose,pose_drift,Heavy pose drift,11,0,0.0,1,0
dual_camera_apriltag,camera_front|camera_rear,front camera + rear camera,1,2,50.0,50.0,pose,pose_drift,Heavy pose drift,12,0,7.0166,1,0
dual_camera_apriltag,camera_front|camera_rear,front camera + rear camera,1,2,50.0,50.0,pose,pose_drift,Heavy pose drift,13,0,0.9016,1,0
dual_camera_apriltag,camera_front|camera_rear,front camera + rear camera,1,2,50.0,50.0,pose,pose_drift,Heavy pose drift,14,0,1.9407,1,0
dual_camera_apriltag,camera_front|camera_rear,front camera + rear camera,1,2,50.0,50.0,pose,pose_drift,Heavy pose drift,15,0,0.8146,1,0
dual_camera_apriltag,camera_front|camera_rear,front camera + rear camera,1,2,50.0,50.0,pose,pose_drift,Heavy pose drift,16,0,0.7216,1,0
dual_camera_apriltag,camera_front|camera_rear,front camera + rear camera,1,2,50.0,50.0,pose,pose_drift,Heavy pose drift,17,0,1.4266,1,0
dual_camera_apriltag,camera_front|camera_rear,front camera + rear camera,1,2,50.0,50.0,pose,pose_drift,Heavy pose drift,18,0,0.0,1,0
dual_camera_apriltag,camera_front|camera_rear,front camera + rear camera,1,2,50.0,50.0,pose,pose_drift,Heavy pose drift,19,0,2.401,1,0
dual_camera_apriltag,camera_front|camera_rear,front camera + rear camera,1,2,50.0,50.0,pose,pose_drift,Heavy pose drift,20,0,3.8195,1,0
dual_camera_apriltag,camera_front|camera_rear,front camera + rear camera,1,2,50.0,50.0,pose,pose_drift,Heavy pose drift,21,0,0.0,1,0
dual_camera_apriltag,camera_front|camera_rear,front camera + rear camera,1,2,50.0,50.0,pose,pose_drift,Heavy pose drift,22,0,0.0,1,0
dual_camera_apriltag,camera_front|camera_rear,front camera + rear camera,1,2,50.0,50.0,pose,pose_drift,Heavy pose drift,23,0,1.9586,1,0
dual_camera_apriltag,camera_front|camera_rear,front camera + rear camera,1,2,50.0,50.0,pose,pose_drift,Heavy pose drift,24,0,1.2047,1,0
dual_camera_apriltag,camera_front|camera_rear,front camera + rear camera,1,2,50.0,50.0,pose,map_error,Field doesn't match the map,0,1,4.4144,0,0
dual_camera_apriltag,camera_front|camera_rear,front camera + rear camera,1,2,50.0,50.0,pose,map_error,Field doesn't match the map,1,0,9.3842,0,0
dual_camera_apriltag,camera_front|camera_rear,front camera + rear camera,1,2,50.0,50.0,pose,map_error,Field doesn't match the map,2,0,3.9174,1,0
dual_camera_apriltag,camera_front|camera_rear,front camera + rear camera,1,2,50.0,50.0,pose,map_error,Field doesn't match the map,3,0,1.8714,1,0
dual_camera_apriltag,camera_front|camera_rear,front camera + rear camera,1,2,50.0,50.0,pose,map_error,Field doesn't match the map,4,0,9.8035,0,0
dual_camera_apriltag,camera_front|camera_rear,front camera + rear camera,1,2,50.0,50.0,pose,map_error,Field doesn't match the map,5,0,7.5625,1,0
dual_camera_apriltag,camera_front|camera_rear,front camera + rear camera,1,2,50.0,50.0,pose,map_error,Field doesn't match the map,6,1,2.1508,0,0
dual_camera_apriltag,camera_front|camera_rear,front camera + rear camera,1,2,50.0,50.0,pose,map_error,Field doesn't match the map,7,0,2.6655,1,0
dual_camera_apriltag,camera_front|camera_rear,front camera + rear camera,1,2,50.0,50.0,pose,map_error,Field doesn't match the map,8,1,1.4523,0,0
dual_camera_apriltag,camera_front|camera_rear,front camera + rear camera,1,2,50.0,50.0,pose,map_error,Field doesn't match the map,9,0,1.8392,1,0
dual_camera_apriltag,camera_front|camera_rear,front camera + rear camera,1,2,50.0,50.0,pose,map_error,Field doesn't match the map,10,1,1.8031,0,0
dual_camera_apriltag,camera_front|camera_rear,front camera + rear camera,1,2,50.0,50.0,pose,map_error,Field doesn't match the map,11,0,1.9363,1,0
dual_camera_apriltag,camera_front|camera_rear,front camera + rear camera,1,2,50.0,50.0,pose,map_error,Field doesn't match the map,12,0,7.7339,1,0
dual_camera_apriltag,camera_front|camera_rear,front camera + rear camera,1,2,50.0,50.0,pose,map_error,Field doesn't match the map,13,0,0.9835,1,0
dual_camera_apriltag,camera_front|camera_rear,front camera + rear camera,1,2,50.0,50.0,pose,map_error,Field doesn't match the map,14,1,3.9542,0,0
dual_camera_apriltag,camera_front|camera_rear,front camera + rear camera,1,2,50.0,50.0,pose,map_error,Field doesn't match the map,15,1,10.375,0,0
dual_camera_apriltag,camera_front|camera_rear,front camera + rear camera,1,2,50.0,50.0,pose,map_error,Field doesn't match the map,16,0,7.4982,0,0
dual_camera_apriltag,camera_front|camera_rear,front camera + rear camera,1,2,50.0,50.0,pose,map_error,Field doesn't match the map,17,0,0.0,1,0
dual_camera_apriltag,camera_front|camera_rear,front camera + rear camera,1,2,50.0,50.0,pose,map_error,Field doesn't match the map,18,0,11.6343,0,0
dual_camera_apriltag,camera_front|camera_rear,front camera + rear camera,1,2,50.0,50.0,pose,map_error,Field doesn't match the map,19,0,9.0872,0,0
dual_camera_apriltag,camera_front|camera_rear,front camera + rear camera,1,2,50.0,50.0,pose,map_error,Field doesn't match the map,20,1,4.9948,0,0
dual_camera_apriltag,camera_front|camera_rear,front camera + rear camera,1,2,50.0,50.0,pose,map_error,Field doesn't match the map,21,0,1.2917,1,0
dual_camera_apriltag,camera_front|camera_rear,front camera + rear camera,1,2,50.0,50.0,pose,map_error,Field doesn't match the map,22,0,7.5411,1,0
dual_camera_apriltag,camera_front|camera_rear,front camera + rear camera,1,2,50.0,50.0,pose,map_error,Field doesn't match the map,23,0,7.1574,1,0
dual_camera_apriltag,camera_front|camera_rear,front camera + rear camera,1,2,50.0,50.0,pose,map_error,Field doesn't match the map,24,0,4.3418,0,0
dual_camera_apriltag,camera_front|camera_rear,front camera + rear camera,1,2,50.0,50.0,pose,opponent,Opponent parks in the route,0,1,4.4144,0,0
dual_camera_apriltag,camera_front|camera_rear,front camera + rear camera,1,2,50.0,50.0,pose,opponent,Opponent parks in the route,1,0,9.3842,0,0
dual_camera_apriltag,camera_front|camera_rear,front camera + rear camera,1,2,50.0,50.0,pose,opponent,Opponent parks in the route,2,0,7.7814,1,0
dual_camera_apriltag,camera_front|camera_rear,front camera + rear camera,1,2,50.0,50.0,pose,opponent,Opponent parks in the route,3,0,1.1353,1,0
dual_camera_apriltag,camera_front|camera_rear,front camera + rear camera,1,2,50.0,50.0,pose,opponent,Opponent parks in the route,4,0,9.8035,0,0
dual_camera_apriltag,camera_front|camera_rear,front camera + rear camera,1,2,50.0,50.0,pose,opponent,Opponent parks in the route,5,0,7.5625,1,0
dual_camera_apriltag,camera_front|camera_rear,front camera + rear camera,1,2,50.0,50.0,pose,opponent,Opponent parks in the route,6,0,0.9639,1,0
dual_camera_apriltag,camera_front|camera_rear,front camera + rear camera,1,2,50.0,50.0,pose,opponent,Opponent parks in the route,7,0,2.6655,1,0
dual_camera_apriltag,camera_front|camera_rear,front camera + rear camera,1,2,50.0,50.0,pose,opponent,Opponent parks in the route,8,1,1.4523,0,0
dual_camera_apriltag,camera_front|camera_rear,front camera + rear camera,1,2,50.0,50.0,pose,opponent,Opponent parks in the route,9,0,0.0,1,0
dual_camera_apriltag,camera_front|camera_rear,front camera + rear camera,1,2,50.0,50.0,pose,opponent,Opponent parks in the route,10,0,0.0,1,0
dual_camera_apriltag,camera_front|camera_rear,front camera + rear camera,1,2,50.0,50.0,pose,opponent,Opponent parks in the route,11,0,5.0277,1,0
dual_camera_apriltag,camera_front|camera_rear,front camera + rear camera,1,2,50.0,50.0,pose,opponent,Opponent parks in the route,12,0,7.7339,1,0
dual_camera_apriltag,camera_front|camera_rear,front camera + rear camera,1,2,50.0,50.0,pose,opponent,Opponent parks in the route,13,0,0.9835,1,0
dual_camera_apriltag,camera_front|camera_rear,front camera + rear camera,1,2,50.0,50.0,pose,opponent,Opponent parks in the route,14,1,3.9542,0,0
dual_camera_apriltag,camera_front|camera_rear,front camera + rear camera,1,2,50.0,50.0,pose,opponent,Opponent parks in the route,15,0,7.6013,1,0
dual_camera_apriltag,camera_front|camera_rear,front camera + rear camera,1,2,50.0,50.0,pose,opponent,Opponent parks in the route,16,0,3.9031,1,0
dual_camera_apriltag,camera_front|camera_rear,front camera + rear camera,1,2,50.0,50.0,pose,opponent,Opponent parks in the route,17,0,8.5945,1,0
dual_camera_apriltag,camera_front|camera_rear,front camera + rear camera,1,2,50.0,50.0,pose,opponent,Opponent parks in the route,18,0,11.6343,0,0
dual_camera_apriltag,camera_front|camera_rear,front camera + rear camera,1,2,50.0,50.0,pose,opponent,Opponent parks in the route,19,0,2.3853,1,0
dual_camera_apriltag,camera_front|camera_rear,front camera + rear camera,1,2,50.0,50.0,pose,opponent,Opponent parks in the route,20,0,1.7196,1,0
dual_camera_apriltag,camera_front|camera_rear,front camera + rear camera,1,2,50.0,50.0,pose,opponent,Opponent parks in the route,21,0,1.2917,1,0
dual_camera_apriltag,camera_front|camera_rear,front camera + rear camera,1,2,50.0,50.0,pose,opponent,Opponent parks in the route,22,0,7.5411,1,0
dual_camera_apriltag,camera_front|camera_rear,front camera + rear camera,1,2,50.0,50.0,pose,opponent,Opponent parks in the route,23,0,7.1574,1,0
dual_camera_apriltag,camera_front|camera_rear,front camera + rear camera,1,2,50.0,50.0,pose,opponent,Opponent parks in the route,24,0,2.5387,1,0
dual_camera_apriltag,camera_front|camera_rear,front camera + rear camera,1,2,50.0,50.0,pose,combined_realistic,Everything at once (realistic fidelity),0,1,3.8052,0,0
dual_camera_apriltag,camera_front|camera_rear,front camera + rear camera,1,2,50.0,50.0,pose,combined_realistic,Everything at once (realistic fidelity),1,0,0.0,1,0
dual_camera_apriltag,camera_front|camera_rear,front camera + rear camera,1,2,50.0,50.0,pose,combined_realistic,Everything at once (realistic fidelity),2,0,1.1889,1,0
dual_camera_apriltag,camera_front|camera_rear,front camera + rear camera,1,2,50.0,50.0,pose,combined_realistic,Everything at once (realistic fidelity),3,0,2.5201,1,0
dual_camera_apriltag,camera_front|camera_rear,front camera + rear camera,1,2,50.0,50.0,pose,combined_realistic,Everything at once (realistic fidelity),4,0,2.9866,1,0
dual_camera_apriltag,camera_front|camera_rear,front camera + rear camera,1,2,50.0,50.0,pose,combined_realistic,Everything at once (realistic fidelity),5,0,4.3219,1,0
dual_camera_apriltag,camera_front|camera_rear,front camera + rear camera,1,2,50.0,50.0,pose,combined_realistic,Everything at once (realistic fidelity),6,0,1.3523,1,0
dual_camera_apriltag,camera_front|camera_rear,front camera + rear camera,1,2,50.0,50.0,pose,combined_realistic,Everything at once (realistic fidelity),7,0,13.4887,0,0
dual_camera_apriltag,camera_front|camera_rear,front camera + rear camera,1,2,50.0,50.0,pose,combined_realistic,Everything at once (realistic fidelity),8,0,1.4704,0,0
dual_camera_apriltag,camera_front|camera_rear,front camera + rear camera,1,2,50.0,50.0,pose,combined_realistic,Everything at once (realistic fidelity),9,0,6.6884,0,0
dual_camera_apriltag,camera_front|camera_rear,front camera + rear camera,1,2,50.0,50.0,pose,combined_realistic,Everything at once (realistic fidelity),10,0,1.8534,0,0
dual_camera_apriltag,camera_front|camera_rear,front camera + rear camera,1,2,50.0,50.0,pose,combined_realistic,Everything at once (realistic fidelity),11,0,0.0,1,0
dual_camera_apriltag,camera_front|camera_rear,front camera + rear camera,1,2,50.0,50.0,pose,combined_realistic,Everything at once (realistic fidelity),12,0,6.8278,1,0
dual_camera_apriltag,camera_front|camera_rear,front camera + rear camera,1,2,50.0,50.0,pose,combined_realistic,Everything at once (realistic fidelity),13,0,1.7874,0,0
dual_camera_apriltag,camera_front|camera_rear,front camera + rear camera,1,2,50.0,50.0,pose,combined_realistic,Everything at once (realistic fidelity),14,1,3.9542,0,0
dual_camera_apriltag,camera_front|camera_rear,front camera + rear camera,1,2,50.0,50.0,pose,combined_realistic,Everything at once (realistic fidelity),15,0,3.1392,1,0
dual_camera_apriltag,camera_front|camera_rear,front camera + rear camera,1,2,50.0,50.0,pose,combined_realistic,Everything at once (realistic fidelity),16,0,0.7216,1,0
dual_camera_apriltag,camera_front|camera_rear,front camera + rear camera,1,2,50.0,50.0,pose,combined_realistic,Everything at once (realistic fidelity),17,0,1.4266,1,0
dual_camera_apriltag,camera_front|camera_rear,front camera + rear camera,1,2,50.0,50.0,pose,combined_realistic,Everything at once (realistic fidelity),18,0,9.2197,1,0
dual_camera_apriltag,camera_front|camera_rear,front camera + rear camera,1,2,50.0,50.0,pose,combined_realistic,Everything at once (realistic fidelity),19,0,1.6343,1,0
dual_camera_apriltag,camera_front|camera_rear,front camera + rear camera,1,2,50.0,50.0,pose,combined_realistic,Everything at once (realistic fidelity),20,0,0.0,1,0
dual_camera_apriltag,camera_front|camera_rear,front camera + rear camera,1,2,50.0,50.0,pose,combined_realistic,Everything at once (realistic fidelity),21,0,0.7749,1,0
dual_camera_apriltag,camera_front|camera_rear,front camera + rear camera,1,2,50.0,50.0,pose,combined_realistic,Everything at once (realistic fidelity),22,0,1.7197,1,0
dual_camera_apriltag,camera_front|camera_rear,front camera + rear camera,1,2,50.0,50.0,pose,combined_realistic,Everything at once (realistic fidelity),23,0,1.9586,1,0
dual_camera_apriltag,camera_front|camera_rear,front camera + rear camera,1,2,50.0,50.0,pose,combined_realistic,Everything at once (realistic fidelity),24,0,1.1246,1,0
dual_camera_apriltag,camera_front|camera_rear,front camera + rear camera,1,2,50.0,50.0,pose,corridor,"Tight corridor, mixed deviation",0,1,6.4234,0,0
dual_camera_apriltag,camera_front|camera_rear,front camera + rear camera,1,2,50.0,50.0,pose,corridor,"Tight corridor, mixed deviation",1,0,4.6682,0,0
dual_camera_apriltag,camera_front|camera_rear,front camera + rear camera,1,2,50.0,50.0,pose,corridor,"Tight corridor, mixed deviation",2,0,8.2378,1,0
dual_camera_apriltag,camera_front|camera_rear,front camera + rear camera,1,2,50.0,50.0,pose,corridor,"Tight corridor, mixed deviation",3,0,1.3337,1,0
dual_camera_apriltag,camera_front|camera_rear,front camera + rear camera,1,2,50.0,50.0,pose,corridor,"Tight corridor, mixed deviation",4,0,4.1141,0,0
dual_camera_apriltag,camera_front|camera_rear,front camera + rear camera,1,2,50.0,50.0,pose,corridor,"Tight corridor, mixed deviation",5,1,8.264,0,0
dual_camera_apriltag,camera_front|camera_rear,front camera + rear camera,1,2,50.0,50.0,pose,corridor,"Tight corridor, mixed deviation",6,1,8.1014,0,0
dual_camera_apriltag,camera_front|camera_rear,front camera + rear camera,1,2,50.0,50.0,pose,corridor,"Tight corridor, mixed deviation",7,0,13.1435,1,0
dual_camera_apriltag,camera_front|camera_rear,front camera + rear camera,1,2,50.0,50.0,pose,corridor,"Tight corridor, mixed deviation",8,1,7.7477,0,0
dual_camera_apriltag,camera_front|camera_rear,front camera + rear camera,1,2,50.0,50.0,pose,corridor,"Tight corridor, mixed deviation",9,0,6.8198,0,0
dual_camera_apriltag,camera_front|camera_rear,front camera + rear camera,1,2,50.0,50.0,pose,corridor,"Tight corridor, mixed deviation",10,1,6.8838,0,0
dual_camera_apriltag,camera_front|camera_rear,front camera + rear camera,1,2,50.0,50.0,pose,corridor,"Tight corridor, mixed deviation",11,1,6.9149,0,0
dual_camera_apriltag,camera_front|camera_rear,front camera + rear camera,1,2,50.0,50.0,pose,corridor,"Tight corridor, mixed deviation",12,1,8.7053,0,0
dual_camera_apriltag,camera_front|camera_rear,front camera + rear camera,1,2,50.0,50.0,pose,corridor,"Tight corridor, mixed deviation",13,0,4.207,1,0
dual_camera_apriltag,camera_front|camera_rear,front camera + rear camera,1,2,50.0,50.0,pose,corridor,"Tight corridor, mixed deviation",14,0,2.1229,0,0
dual_camera_apriltag,camera_front|camera_rear,front camera + rear camera,1,2,50.0,50.0,pose,corridor,"Tight corridor, mixed deviation",15,1,7.4643,0,0
dual_camera_apriltag,camera_front|camera_rear,front camera + rear camera,1,2,50.0,50.0,pose,corridor,"Tight corridor, mixed deviation",16,0,12.336,0,0
dual_camera_apriltag,camera_front|camera_rear,front camera + rear camera,1,2,50.0,50.0,pose,corridor,"Tight corridor, mixed deviation",17,0,2.9448,0,0
dual_camera_apriltag,camera_front|camera_rear,front camera + rear camera,1,2,50.0,50.0,pose,corridor,"Tight corridor, mixed deviation",18,0,13.4208,0,0
dual_camera_apriltag,camera_front|camera_rear,front camera + rear camera,1,2,50.0,50.0,pose,corridor,"Tight corridor, mixed deviation",19,0,2.3113,0,0
dual_camera_apriltag,camera_front|camera_rear,front camera + rear camera,1,2,50.0,50.0,pose,corridor,"Tight corridor, mixed deviation",20,0,8.4213,0,0
dual_camera_apriltag,camera_front|camera_rear,front camera + rear camera,1,2,50.0,50.0,pose,corridor,"Tight corridor, mixed deviation",21,0,5.1558,0,0
dual_camera_apriltag,camera_front|camera_rear,front camera + rear camera,1,2,50.0,50.0,pose,corridor,"Tight corridor, mixed deviation",22,0,3.1917,0,0
dual_camera_apriltag,camera_front|camera_rear,front camera + rear camera,1,2,50.0,50.0,pose,corridor,"Tight corridor, mixed deviation",23,0,3.6038,1,0
dual_camera_apriltag,camera_front|camera_rear,front camera + rear camera,1,2,50.0,50.0,pose,corridor,"Tight corridor, mixed deviation",24,1,7.2549,0,0
apriltag_imu,camera_front|imu,IMU + front camera,1,2,25.0,25.0,heading|pose,pose_drift,Heavy pose drift,0,0,0.0,1,0
apriltag_imu,camera_front|imu,IMU + front camera,1,2,25.0,25.0,heading|pose,pose_drift,Heavy pose drift,1,0,2.9508,1,0
apriltag_imu,camera_front|imu,IMU + front camera,1,2,25.0,25.0,heading|pose,pose_drift,Heavy pose drift,2,0,7.7814,1,0
apriltag_imu,camera_front|imu,IMU + front camera,1,2,25.0,25.0,heading|pose,pose_drift,Heavy pose drift,3,0,2.7745,1,0
apriltag_imu,camera_front|imu,IMU + front camera,1,2,25.0,25.0,heading|pose,pose_drift,Heavy pose drift,4,0,7.7867,1,0
apriltag_imu,camera_front|imu,IMU + front camera,1,2,25.0,25.0,heading|pose,pose_drift,Heavy pose drift,5,0,2.0576,1,0
apriltag_imu,camera_front|imu,IMU + front camera,1,2,25.0,25.0,heading|pose,pose_drift,Heavy pose drift,6,0,2.2381,0,0
apriltag_imu,camera_front|imu,IMU + front camera,1,2,25.0,25.0,heading|pose,pose_drift,Heavy pose drift,7,0,0.0,1,0
apriltag_imu,camera_front|imu,IMU + front camera,1,2,25.0,25.0,heading|pose,pose_drift,Heavy pose drift,8,0,1.4704,0,0
apriltag_imu,camera_front|imu,IMU + front camera,1,2,25.0,25.0,heading|pose,pose_drift,Heavy pose drift,9,0,1.8452,1,0
apriltag_imu,camera_front|imu,IMU + front camera,1,2,25.0,25.0,heading|pose,pose_drift,Heavy pose drift,10,0,1.9212,0,0
apriltag_imu,camera_front|imu,IMU + front camera,1,2,25.0,25.0,heading|pose,pose_drift,Heavy pose drift,11,0,0.0,1,0
apriltag_imu,camera_front|imu,IMU + front camera,1,2,25.0,25.0,heading|pose,pose_drift,Heavy pose drift,12,0,7.0166,1,0
apriltag_imu,camera_front|imu,IMU + front camera,1,2,25.0,25.0,heading|pose,pose_drift,Heavy pose drift,13,0,0.9016,1,0
apriltag_imu,camera_front|imu,IMU + front camera,1,2,25.0,25.0,heading|pose,pose_drift,Heavy pose drift,14,0,1.9407,1,0
apriltag_imu,camera_front|imu,IMU + front camera,1,2,25.0,25.0,heading|pose,pose_drift,Heavy pose drift,15,0,0.8146,1,0
apriltag_imu,camera_front|imu,IMU + front camera,1,2,25.0,25.0,heading|pose,pose_drift,Heavy pose drift,16,0,0.7216,1,0
apriltag_imu,camera_front|imu,IMU + front camera,1,2,25.0,25.0,heading|pose,pose_drift,Heavy pose drift,17,0,1.4266,1,0
apriltag_imu,camera_front|imu,IMU + front camera,1,2,25.0,25.0,heading|pose,pose_drift,Heavy pose drift,18,0,0.0,1,0
apriltag_imu,camera_front|imu,IMU + front camera,1,2,25.0,25.0,heading|pose,pose_drift,Heavy pose drift,19,0,2.401,1,0
apriltag_imu,camera_front|imu,IMU + front camera,1,2,25.0,25.0,heading|pose,pose_drift,Heavy pose drift,20,0,3.8195,1,0
apriltag_imu,camera_front|imu,IMU + front camera,1,2,25.0,25.0,heading|pose,pose_drift,Heavy pose drift,21,0,0.0,1,0
apriltag_imu,camera_front|imu,IMU + front camera,1,2,25.0,25.0,heading|pose,pose_drift,Heavy pose drift,22,0,0.0,1,0
apriltag_imu,camera_front|imu,IMU + front camera,1,2,25.0,25.0,heading|pose,pose_drift,Heavy pose drift,23,0,1.9586,1,0
apriltag_imu,camera_front|imu,IMU + front camera,1,2,25.0,25.0,heading|pose,pose_drift,Heavy pose drift,24,0,1.2047,1,0
apriltag_imu,camera_front|imu,IMU + front camera,1,2,25.0,25.0,heading|pose,map_error,Field doesn't match the map,0,1,4.4144,0,0
apriltag_imu,camera_front|imu,IMU + front camera,1,2,25.0,25.0,heading|pose,map_error,Field doesn't match the map,1,0,9.3842,0,0
apriltag_imu,camera_front|imu,IMU + front camera,1,2,25.0,25.0,heading|pose,map_error,Field doesn't match the map,2,0,3.9174,1,0
apriltag_imu,camera_front|imu,IMU + front camera,1,2,25.0,25.0,heading|pose,map_error,Field doesn't match the map,3,0,1.8714,1,0
apriltag_imu,camera_front|imu,IMU + front camera,1,2,25.0,25.0,heading|pose,map_error,Field doesn't match the map,4,0,9.8035,0,0
apriltag_imu,camera_front|imu,IMU + front camera,1,2,25.0,25.0,heading|pose,map_error,Field doesn't match the map,5,0,7.5625,1,0
apriltag_imu,camera_front|imu,IMU + front camera,1,2,25.0,25.0,heading|pose,map_error,Field doesn't match the map,6,1,2.1508,0,0
apriltag_imu,camera_front|imu,IMU + front camera,1,2,25.0,25.0,heading|pose,map_error,Field doesn't match the map,7,0,2.6655,1,0
apriltag_imu,camera_front|imu,IMU + front camera,1,2,25.0,25.0,heading|pose,map_error,Field doesn't match the map,8,1,1.4523,0,0
apriltag_imu,camera_front|imu,IMU + front camera,1,2,25.0,25.0,heading|pose,map_error,Field doesn't match the map,9,0,1.8392,1,0
apriltag_imu,camera_front|imu,IMU + front camera,1,2,25.0,25.0,heading|pose,map_error,Field doesn't match the map,10,1,1.8031,0,0
apriltag_imu,camera_front|imu,IMU + front camera,1,2,25.0,25.0,heading|pose,map_error,Field doesn't match the map,11,0,1.9363,1,0
apriltag_imu,camera_front|imu,IMU + front camera,1,2,25.0,25.0,heading|pose,map_error,Field doesn't match the map,12,0,7.7339,1,0
apriltag_imu,camera_front|imu,IMU + front camera,1,2,25.0,25.0,heading|pose,map_error,Field doesn't match the map,13,0,0.9835,1,0
apriltag_imu,camera_front|imu,IMU + front camera,1,2,25.0,25.0,heading|pose,map_error,Field doesn't match the map,14,1,3.9542,0,0
apriltag_imu,camera_front|imu,IMU + front camera,1,2,25.0,25.0,heading|pose,map_error,Field doesn't match the map,15,1,10.375,0,0
apriltag_imu,camera_front|imu,IMU + front camera,1,2,25.0,25.0,heading|pose,map_error,Field doesn't match the map,16,0,7.4982,0,0
apriltag_imu,camera_front|imu,IMU + front camera,1,2,25.0,25.0,heading|pose,map_error,Field doesn't match the map,17,0,0.0,1,0
apriltag_imu,camera_front|imu,IMU + front camera,1,2,25.0,25.0,heading|pose,map_error,Field doesn't match the map,18,0,11.6343,0,0
apriltag_imu,camera_front|imu,IMU + front camera,1,2,25.0,25.0,heading|pose,map_error,Field doesn't match the map,19,0,9.0872,0,0
apriltag_imu,camera_front|imu,IMU + front camera,1,2,25.0,25.0,heading|pose,map_error,Field doesn't match the map,20,1,4.9948,0,0
apriltag_imu,camera_front|imu,IMU + front camera,1,2,25.0,25.0,heading|pose,map_error,Field doesn't match the map,21,0,1.2917,1,0
apriltag_imu,camera_front|imu,IMU + front camera,1,2,25.0,25.0,heading|pose,map_error,Field doesn't match the map,22,0,7.5411,1,0
apriltag_imu,camera_front|imu,IMU + front camera,1,2,25.0,25.0,heading|pose,map_error,Field doesn't match the map,23,0,7.1574,1,0
apriltag_imu,camera_front|imu,IMU + front camera,1,2,25.0,25.0,heading|pose,map_error,Field doesn't match the map,24,0,4.3418,0,0
apriltag_imu,camera_front|imu,IMU + front camera,1,2,25.0,25.0,heading|pose,opponent,Opponent parks in the route,0,1,4.4144,0,0
apriltag_imu,camera_front|imu,IMU + front camera,1,2,25.0,25.0,heading|pose,opponent,Opponent parks in the route,1,0,9.3842,0,0
apriltag_imu,camera_front|imu,IMU + front camera,1,2,25.0,25.0,heading|pose,opponent,Opponent parks in the route,2,0,7.7814,1,0
apriltag_imu,camera_front|imu,IMU + front camera,1,2,25.0,25.0,heading|pose,opponent,Opponent parks in the route,3,0,1.1353,1,0
apriltag_imu,camera_front|imu,IMU + front camera,1,2,25.0,25.0,heading|pose,opponent,Opponent parks in the route,4,0,9.8035,0,0
apriltag_imu,camera_front|imu,IMU + front camera,1,2,25.0,25.0,heading|pose,opponent,Opponent parks in the route,5,0,7.5625,1,0
apriltag_imu,camera_front|imu,IMU + front camera,1,2,25.0,25.0,heading|pose,opponent,Opponent parks in the route,6,0,0.9639,1,0
apriltag_imu,camera_front|imu,IMU + front camera,1,2,25.0,25.0,heading|pose,opponent,Opponent parks in the route,7,0,2.6655,1,0
apriltag_imu,camera_front|imu,IMU + front camera,1,2,25.0,25.0,heading|pose,opponent,Opponent parks in the route,8,1,1.4523,0,0
apriltag_imu,camera_front|imu,IMU + front camera,1,2,25.0,25.0,heading|pose,opponent,Opponent parks in the route,9,0,0.0,1,0
apriltag_imu,camera_front|imu,IMU + front camera,1,2,25.0,25.0,heading|pose,opponent,Opponent parks in the route,10,0,0.0,1,0
apriltag_imu,camera_front|imu,IMU + front camera,1,2,25.0,25.0,heading|pose,opponent,Opponent parks in the route,11,0,5.0277,1,0
apriltag_imu,camera_front|imu,IMU + front camera,1,2,25.0,25.0,heading|pose,opponent,Opponent parks in the route,12,0,7.7339,1,0
apriltag_imu,camera_front|imu,IMU + front camera,1,2,25.0,25.0,heading|pose,opponent,Opponent parks in the route,13,0,0.9835,1,0
apriltag_imu,camera_front|imu,IMU + front camera,1,2,25.0,25.0,heading|pose,opponent,Opponent parks in the route,14,1,3.9542,0,0
apriltag_imu,camera_front|imu,IMU + front camera,1,2,25.0,25.0,heading|pose,opponent,Opponent parks in the route,15,0,7.6013,1,0
apriltag_imu,camera_front|imu,IMU + front camera,1,2,25.0,25.0,heading|pose,opponent,Opponent parks in the route,16,0,3.9031,1,0
apriltag_imu,camera_front|imu,IMU + front camera,1,2,25.0,25.0,heading|pose,opponent,Opponent parks in the route,17,0,8.5945,1,0
apriltag_imu,camera_front|imu,IMU + front camera,1,2,25.0,25.0,heading|pose,opponent,Opponent parks in the route,18,0,11.6343,0,0
apriltag_imu,camera_front|imu,IMU + front camera,1,2,25.0,25.0,heading|pose,opponent,Opponent parks in the route,19,0,2.3853,1,0
apriltag_imu,camera_front|imu,IMU + front camera,1,2,25.0,25.0,heading|pose,opponent,Opponent parks in the route,20,0,1.7196,1,0
apriltag_imu,camera_front|imu,IMU + front camera,1,2,25.0,25.0,heading|pose,opponent,Opponent parks in the route,21,0,1.2917,1,0
apriltag_imu,camera_front|imu,IMU + front camera,1,2,25.0,25.0,heading|pose,opponent,Opponent parks in the route,22,0,7.5411,1,0
apriltag_imu,camera_front|imu,IMU + front camera,1,2,25.0,25.0,heading|pose,opponent,Opponent parks in the route,23,0,7.1574,1,0
apriltag_imu,camera_front|imu,IMU + front camera,1,2,25.0,25.0,heading|pose,opponent,Opponent parks in the route,24,0,2.5387,1,0
apriltag_imu,camera_front|imu,IMU + front camera,1,2,25.0,25.0,heading|pose,combined_realistic,Everything at once (realistic fidelity),0,1,3.3911,0,0
apriltag_imu,camera_front|imu,IMU + front camera,1,2,25.0,25.0,heading|pose,combined_realistic,Everything at once (realistic fidelity),1,0,0.0,1,0
apriltag_imu,camera_front|imu,IMU + front camera,1,2,25.0,25.0,heading|pose,combined_realistic,Everything at once (realistic fidelity),2,0,1.1889,1,0
apriltag_imu,camera_front|imu,IMU + front camera,1,2,25.0,25.0,heading|pose,combined_realistic,Everything at once (realistic fidelity),3,0,2.5201,1,0
apriltag_imu,camera_front|imu,IMU + front camera,1,2,25.0,25.0,heading|pose,combined_realistic,Everything at once (realistic fidelity),4,0,2.9866,1,0
apriltag_imu,camera_front|imu,IMU + front camera,1,2,25.0,25.0,heading|pose,combined_realistic,Everything at once (realistic fidelity),5,0,4.3219,1,0
apriltag_imu,camera_front|imu,IMU + front camera,1,2,25.0,25.0,heading|pose,combined_realistic,Everything at once (realistic fidelity),6,0,1.3523,1,0
apriltag_imu,camera_front|imu,IMU + front camera,1,2,25.0,25.0,heading|pose,combined_realistic,Everything at once (realistic fidelity),7,0,13.4887,0,0
apriltag_imu,camera_front|imu,IMU + front camera,1,2,25.0,25.0,heading|pose,combined_realistic,Everything at once (realistic fidelity),8,0,1.4704,0,0
apriltag_imu,camera_front|imu,IMU + front camera,1,2,25.0,25.0,heading|pose,combined_realistic,Everything at once (realistic fidelity),9,0,6.6884,0,0
apriltag_imu,camera_front|imu,IMU + front camera,1,2,25.0,25.0,heading|pose,combined_realistic,Everything at once (realistic fidelity),10,0,1.8534,0,0
apriltag_imu,camera_front|imu,IMU + front camera,1,2,25.0,25.0,heading|pose,combined_realistic,Everything at once (realistic fidelity),11,0,0.0,1,0
apriltag_imu,camera_front|imu,IMU + front camera,1,2,25.0,25.0,heading|pose,combined_realistic,Everything at once (realistic fidelity),12,0,6.3512,1,0
apriltag_imu,camera_front|imu,IMU + front camera,1,2,25.0,25.0,heading|pose,combined_realistic,Everything at once (realistic fidelity),13,0,1.7874,0,0
apriltag_imu,camera_front|imu,IMU + front camera,1,2,25.0,25.0,heading|pose,combined_realistic,Everything at once (realistic fidelity),14,1,3.9542,0,0
apriltag_imu,camera_front|imu,IMU + front camera,1,2,25.0,25.0,heading|pose,combined_realistic,Everything at once (realistic fidelity),15,0,3.1392,1,0
apriltag_imu,camera_front|imu,IMU + front camera,1,2,25.0,25.0,heading|pose,combined_realistic,Everything at once (realistic fidelity),16,0,0.7216,1,0
apriltag_imu,camera_front|imu,IMU + front camera,1,2,25.0,25.0,heading|pose,combined_realistic,Everything at once (realistic fidelity),17,0,1.4266,1,0
apriltag_imu,camera_front|imu,IMU + front camera,1,2,25.0,25.0,heading|pose,combined_realistic,Everything at once (realistic fidelity),18,0,7.3828,1,0
apriltag_imu,camera_front|imu,IMU + front camera,1,2,25.0,25.0,heading|pose,combined_realistic,Everything at once (realistic fidelity),19,0,1.6343,1,0
apriltag_imu,camera_front|imu,IMU + front camera,1,2,25.0,25.0,heading|pose,combined_realistic,Everything at once (realistic fidelity),20,0,0.0,1,0
apriltag_imu,camera_front|imu,IMU + front camera,1,2,25.0,25.0,heading|pose,combined_realistic,Everything at once (realistic fidelity),21,0,0.7749,1,0
apriltag_imu,camera_front|imu,IMU + front camera,1,2,25.0,25.0,heading|pose,combined_realistic,Everything at once (realistic fidelity),22,0,1.7197,1,0
apriltag_imu,camera_front|imu,IMU + front camera,1,2,25.0,25.0,heading|pose,combined_realistic,Everything at once (realistic fidelity),23,0,1.9586,1,0
apriltag_imu,camera_front|imu,IMU + front camera,1,2,25.0,25.0,heading|pose,combined_realistic,Everything at once (realistic fidelity),24,0,1.1246,1,0
apriltag_imu,camera_front|imu,IMU + front camera,1,2,25.0,25.0,heading|pose,corridor,"Tight corridor, mixed deviation",0,1,6.4234,0,0
apriltag_imu,camera_front|imu,IMU + front camera,1,2,25.0,25.0,heading|pose,corridor,"Tight corridor, mixed deviation",1,0,4.6682,0,0
apriltag_imu,camera_front|imu,IMU + front camera,1,2,25.0,25.0,heading|pose,corridor,"Tight corridor, mixed deviation",2,0,8.2378,1,0
apriltag_imu,camera_front|imu,IMU + front camera,1,2,25.0,25.0,heading|pose,corridor,"Tight corridor, mixed deviation",3,0,1.3337,1,0
apriltag_imu,camera_front|imu,IMU + front camera,1,2,25.0,25.0,heading|pose,corridor,"Tight corridor, mixed deviation",4,0,4.1141,0,0
apriltag_imu,camera_front|imu,IMU + front camera,1,2,25.0,25.0,heading|pose,corridor,"Tight corridor, mixed deviation",5,1,8.264,0,0
apriltag_imu,camera_front|imu,IMU + front camera,1,2,25.0,25.0,heading|pose,corridor,"Tight corridor, mixed deviation",6,1,8.1014,0,0
apriltag_imu,camera_front|imu,IMU + front camera,1,2,25.0,25.0,heading|pose,corridor,"Tight corridor, mixed deviation",7,0,13.1435,1,0
apriltag_imu,camera_front|imu,IMU + front camera,1,2,25.0,25.0,heading|pose,corridor,"Tight corridor, mixed deviation",8,1,7.7477,0,0
apriltag_imu,camera_front|imu,IMU + front camera,1,2,25.0,25.0,heading|pose,corridor,"Tight corridor, mixed deviation",9,0,6.8198,0,0
apriltag_imu,camera_front|imu,IMU + front camera,1,2,25.0,25.0,heading|pose,corridor,"Tight corridor, mixed deviation",10,1,6.8838,0,0
apriltag_imu,camera_front|imu,IMU + front camera,1,2,25.0,25.0,heading|pose,corridor,"Tight corridor, mixed deviation",11,1,6.9149,0,0
apriltag_imu,camera_front|imu,IMU + front camera,1,2,25.0,25.0,heading|pose,corridor,"Tight corridor, mixed deviation",12,1,8.7053,0,0
apriltag_imu,camera_front|imu,IMU + front camera,1,2,25.0,25.0,heading|pose,corridor,"Tight corridor, mixed deviation",13,0,4.207,1,0
apriltag_imu,camera_front|imu,IMU + front camera,1,2,25.0,25.0,heading|pose,corridor,"Tight corridor, mixed deviation",14,0,2.1229,0,0
apriltag_imu,camera_front|imu,IMU + front camera,1,2,25.0,25.0,heading|pose,corridor,"Tight corridor, mixed deviation",15,1,7.4643,0,0
apriltag_imu,camera_front|imu,IMU + front camera,1,2,25.0,25.0,heading|pose,corridor,"Tight corridor, mixed deviation",16,0,12.336,0,0
apriltag_imu,camera_front|imu,IMU + front camera,1,2,25.0,25.0,heading|pose,corridor,"Tight corridor, mixed deviation",17,0,2.9448,0,0
apriltag_imu,camera_front|imu,IMU + front camera,1,2,25.0,25.0,heading|pose,corridor,"Tight corridor, mixed deviation",18,0,13.4208,0,0
apriltag_imu,camera_front|imu,IMU + front camera,1,2,25.0,25.0,heading|pose,corridor,"Tight corridor, mixed deviation",19,0,2.3113,0,0
apriltag_imu,camera_front|imu,IMU + front camera,1,2,25.0,25.0,heading|pose,corridor,"Tight corridor, mixed deviation",20,0,8.4213,0,0
apriltag_imu,camera_front|imu,IMU + front camera,1,2,25.0,25.0,heading|pose,corridor,"Tight corridor, mixed deviation",21,0,5.1558,0,0
apriltag_imu,camera_front|imu,IMU + front camera,1,2,25.0,25.0,heading|pose,corridor,"Tight corridor, mixed deviation",22,0,3.1917,0,0
apriltag_imu,camera_front|imu,IMU + front camera,1,2,25.0,25.0,heading|pose,corridor,"Tight corridor, mixed deviation",23,0,3.6038,1,0
apriltag_imu,camera_front|imu,IMU + front camera,1,2,25.0,25.0,heading|pose,corridor,"Tight corridor, mixed deviation",24,1,7.2549,0,0
odometry_pods+distance_sensors,distance_sensors_3|odometry_pods,odometry pods + 3 ToF sensors,2,2,289.35,289.35,drift|obstacle,pose_drift,Heavy pose drift,0,0,0.0,1,0
odometry_pods+distance_sensors,distance_sensors_3|odometry_pods,odometry pods + 3 ToF sensors,2,2,289.35,289.35,drift|obstacle,pose_drift,Heavy pose drift,1,0,4.5807,1,0
odometry_pods+distance_sensors,distance_sensors_3|odometry_pods,odometry pods + 3 ToF sensors,2,2,289.35,289.35,drift|obstacle,pose_drift,Heavy pose drift,2,0,1.9257,1,0
odometry_pods+distance_sensors,distance_sensors_3|odometry_pods,odometry pods + 3 ToF sensors,2,2,289.35,289.35,drift|obstacle,pose_drift,Heavy pose drift,3,0,0.0,1,0
odometry_pods+distance_sensors,distance_sensors_3|odometry_pods,odometry pods + 3 ToF sensors,2,2,289.35,289.35,drift|obstacle,pose_drift,Heavy pose drift,4,0,2.3994,1,0
odometry_pods+distance_sensors,distance_sensors_3|odometry_pods,odometry pods + 3 ToF sensors,2,2,289.35,289.35,drift|obstacle,pose_drift,Heavy pose drift,5,0,5.4674,1,0
odometry_pods+distance_sensors,distance_sensors_3|odometry_pods,odometry pods + 3 ToF sensors,2,2,289.35,289.35,drift|obstacle,pose_drift,Heavy pose drift,6,0,2.2381,0,0
odometry_pods+distance_sensors,distance_sensors_3|odometry_pods,odometry pods + 3 ToF sensors,2,2,289.35,289.35,drift|obstacle,pose_drift,Heavy pose drift,7,0,0.0,1,0
odometry_pods+distance_sensors,distance_sensors_3|odometry_pods,odometry pods + 3 ToF sensors,2,2,289.35,289.35,drift|obstacle,pose_drift,Heavy pose drift,8,0,1.4704,0,0
odometry_pods+distance_sensors,distance_sensors_3|odometry_pods,odometry pods + 3 ToF sensors,2,2,289.35,289.35,drift|obstacle,pose_drift,Heavy pose drift,9,0,0.9936,0,0
odometry_pods+distance_sensors,distance_sensors_3|odometry_pods,odometry pods + 3 ToF sensors,2,2,289.35,289.35,drift|obstacle,pose_drift,Heavy pose drift,10,0,1.9212,0,0
odometry_pods+distance_sensors,distance_sensors_3|odometry_pods,odometry pods + 3 ToF sensors,2,2,289.35,289.35,drift|obstacle,pose_drift,Heavy pose drift,11,0,0.0,1,0
odometry_pods+distance_sensors,distance_sensors_3|odometry_pods,odometry pods + 3 ToF sensors,2,2,289.35,289.35,drift|obstacle,pose_drift,Heavy pose drift,12,0,9.0683,1,0
odometry_pods+distance_sensors,distance_sensors_3|odometry_pods,odometry pods + 3 ToF sensors,2,2,289.35,289.35,drift|obstacle,pose_drift,Heavy pose drift,13,0,0.9016,1,0
odometry_pods+distance_sensors,distance_sensors_3|odometry_pods,odometry pods + 3 ToF sensors,2,2,289.35,289.35,drift|obstacle,pose_drift,Heavy pose drift,14,0,0.5477,1,0
odometry_pods+distance_sensors,distance_sensors_3|odometry_pods,odometry pods + 3 ToF sensors,2,2,289.35,289.35,drift|obstacle,pose_drift,Heavy pose drift,15,0,3.19,0,0
odometry_pods+distance_sensors,distance_sensors_3|odometry_pods,odometry pods + 3 ToF sensors,2,2,289.35,289.35,drift|obstacle,pose_drift,Heavy pose drift,16,0,0.0,0,0
odometry_pods+distance_sensors,distance_sensors_3|odometry_pods,odometry pods + 3 ToF sensors,2,2,289.35,289.35,drift|obstacle,pose_drift,Heavy pose drift,17,0,0.525,1,0
odometry_pods+distance_sensors,distance_sensors_3|odometry_pods,odometry pods + 3 ToF sensors,2,2,289.35,289.35,drift|obstacle,pose_drift,Heavy pose drift,18,0,2.8612,1,0
odometry_pods+distance_sensors,distance_sensors_3|odometry_pods,odometry pods + 3 ToF sensors,2,2,289.35,289.35,drift|obstacle,pose_drift,Heavy pose drift,19,0,5.5804,1,0
odometry_pods+distance_sensors,distance_sensors_3|odometry_pods,odometry pods + 3 ToF sensors,2,2,289.35,289.35,drift|obstacle,pose_drift,Heavy pose drift,20,0,0.0,0,0
odometry_pods+distance_sensors,distance_sensors_3|odometry_pods,odometry pods + 3 ToF sensors,2,2,289.35,289.35,drift|obstacle,pose_drift,Heavy pose drift,21,0,1.8534,1,0
odometry_pods+distance_sensors,distance_sensors_3|odometry_pods,odometry pods + 3 ToF sensors,2,2,289.35,289.35,drift|obstacle,pose_drift,Heavy pose drift,22,0,5.0163,1,0
odometry_pods+distance_sensors,distance_sensors_3|odometry_pods,odometry pods + 3 ToF sensors,2,2,289.35,289.35,drift|obstacle,pose_drift,Heavy pose drift,23,0,1.9586,1,0
odometry_pods+distance_sensors,distance_sensors_3|odometry_pods,odometry pods + 3 ToF sensors,2,2,289.35,289.35,drift|obstacle,pose_drift,Heavy pose drift,24,0,0.0,1,0
odometry_pods+distance_sensors,distance_sensors_3|odometry_pods,odometry pods + 3 ToF sensors,2,2,289.35,289.35,drift|obstacle,map_error,Field doesn't match the map,0,1,4.1144,0,0
odometry_pods+distance_sensors,distance_sensors_3|odometry_pods,odometry pods + 3 ToF sensors,2,2,289.35,289.35,drift|obstacle,map_error,Field doesn't match the map,1,0,0.0,1,0
odometry_pods+distance_sensors,distance_sensors_3|odometry_pods,odometry pods + 3 ToF sensors,2,2,289.35,289.35,drift|obstacle,map_error,Field doesn't match the map,2,0,1.9257,1,0
odometry_pods+distance_sensors,distance_sensors_3|odometry_pods,odometry pods + 3 ToF sensors,2,2,289.35,289.35,drift|obstacle,map_error,Field doesn't match the map,3,1,15.0276,0,0
odometry_pods+distance_sensors,distance_sensors_3|odometry_pods,odometry pods + 3 ToF sensors,2,2,289.35,289.35,drift|obstacle,map_error,Field doesn't match the map,4,0,0.0,1,0
odometry_pods+distance_sensors,distance_sensors_3|odometry_pods,odometry pods + 3 ToF sensors,2,2,289.35,289.35,drift|obstacle,map_error,Field doesn't match the map,5,0,1.132,1,0
odometry_pods+distance_sensors,distance_sensors_3|odometry_pods,odometry pods + 3 ToF sensors,2,2,289.35,289.35,drift|obstacle,map_error,Field doesn't match the map,6,1,2.1508,0,0
odometry_pods+distance_sensors,distance_sensors_3|odometry_pods,odometry pods + 3 ToF sensors,2,2,289.35,289.35,drift|obstacle,map_error,Field doesn't match the map,7,0,0.0,1,0
odometry_pods+distance_sensors,distance_sensors_3|odometry_pods,odometry pods + 3 ToF sensors,2,2,289.35,289.35,drift|obstacle,map_error,Field doesn't match the map,8,1,1.3523,0,0
odometry_pods+distance_sensors,distance_sensors_3|odometry_pods,odometry pods + 3 ToF sensors,2,2,289.35,289.35,drift|obstacle,map_error,Field doesn't match the map,9,1,6.7176,0,0
odometry_pods+distance_sensors,distance_sensors_3|odometry_pods,odometry pods + 3 ToF sensors,2,2,289.35,289.35,drift|obstacle,map_error,Field doesn't match the map,10,1,1.8031,0,0
odometry_pods+distance_sensors,distance_sensors_3|odometry_pods,odometry pods + 3 ToF sensors,2,2,289.35,289.35,drift|obstacle,map_error,Field doesn't match the map,11,0,3.2964,1,0
odometry_pods+distance_sensors,distance_sensors_3|odometry_pods,odometry pods + 3 ToF sensors,2,2,289.35,289.35,drift|obstacle,map_error,Field doesn't match the map,12,1,7.9635,0,0
odometry_pods+distance_sensors,distance_sensors_3|odometry_pods,odometry pods + 3 ToF sensors,2,2,289.35,289.35,drift|obstacle,map_error,Field doesn't match the map,13,0,0.9835,1,0
odometry_pods+distance_sensors,distance_sensors_3|odometry_pods,odometry pods + 3 ToF sensors,2,2,289.35,289.35,drift|obstacle,map_error,Field doesn't match the map,14,0,0.0,1,0
odometry_pods+distance_sensors,distance_sensors_3|odometry_pods,odometry pods + 3 ToF sensors,2,2,289.35,289.35,drift|obstacle,map_error,Field doesn't match the map,15,1,8.9183,0,0
odometry_pods+distance_sensors,distance_sensors_3|odometry_pods,odometry pods + 3 ToF sensors,2,2,289.35,289.35,drift|obstacle,map_error,Field doesn't match the map,16,0,1.9399,1,0
odometry_pods+distance_sensors,distance_sensors_3|odometry_pods,odometry pods + 3 ToF sensors,2,2,289.35,289.35,drift|obstacle,map_error,Field doesn't match the map,17,0,0.0,1,0
odometry_pods+distance_sensors,distance_sensors_3|odometry_pods,odometry pods + 3 ToF sensors,2,2,289.35,289.35,drift|obstacle,map_error,Field doesn't match the map,18,0,1.9807,1,0
odometry_pods+distance_sensors,distance_sensors_3|odometry_pods,odometry pods + 3 ToF sensors,2,2,289.35,289.35,drift|obstacle,map_error,Field doesn't match the map,19,0,0.0,1,0
odometry_pods+distance_sensors,distance_sensors_3|odometry_pods,odometry pods + 3 ToF sensors,2,2,289.35,289.35,drift|obstacle,map_error,Field doesn't match the map,20,0,2.7425,1,0
odometry_pods+distance_sensors,distance_sensors_3|odometry_pods,odometry pods + 3 ToF sensors,2,2,289.35,289.35,drift|obstacle,map_error,Field doesn't match the map,21,0,1.2064,1,0
odometry_pods+distance_sensors,distance_sensors_3|odometry_pods,odometry pods + 3 ToF sensors,2,2,289.35,289.35,drift|obstacle,map_error,Field doesn't match the map,22,0,5.7974,1,0
odometry_pods+distance_sensors,distance_sensors_3|odometry_pods,odometry pods + 3 ToF sensors,2,2,289.35,289.35,drift|obstacle,map_error,Field doesn't match the map,23,0,9.0789,1,0
odometry_pods+distance_sensors,distance_sensors_3|odometry_pods,odometry pods + 3 ToF sensors,2,2,289.35,289.35,drift|obstacle,map_error,Field doesn't match the map,24,0,0.0,1,0
odometry_pods+distance_sensors,distance_sensors_3|odometry_pods,odometry pods + 3 ToF sensors,2,2,289.35,289.35,drift|obstacle,opponent,Opponent parks in the route,0,1,4.1144,0,0
odometry_pods+distance_sensors,distance_sensors_3|odometry_pods,odometry pods + 3 ToF sensors,2,2,289.35,289.35,drift|obstacle,opponent,Opponent parks in the route,1,0,0.0,1,0
odometry_pods+distance_sensors,distance_sensors_3|odometry_pods,odometry pods + 3 ToF sensors,2,2,289.35,289.35,drift|obstacle,opponent,Opponent parks in the route,2,0,1.9257,1,0
odometry_pods+distance_sensors,distance_sensors_3|odometry_pods,odometry pods + 3 ToF sensors,2,2,289.35,289.35,drift|obstacle,opponent,Opponent parks in the route,3,1,15.0276,0,0
odometry_pods+distance_sensors,distance_sensors_3|odometry_pods,odometry pods + 3 ToF sensors,2,2,289.35,289.35,drift|obstacle,opponent,Opponent parks in the route,4,0,0.0,1,0
odometry_pods+distance_sensors,distance_sensors_3|odometry_pods,odometry pods + 3 ToF sensors,2,2,289.35,289.35,drift|obstacle,opponent,Opponent parks in the route,5,0,1.132,1,0
odometry_pods+distance_sensors,distance_sensors_3|odometry_pods,odometry pods + 3 ToF sensors,2,2,289.35,289.35,drift|obstacle,opponent,Opponent parks in the route,6,1,2.4008,0,0
odometry_pods+distance_sensors,distance_sensors_3|odometry_pods,odometry pods + 3 ToF sensors,2,2,289.35,289.35,drift|obstacle,opponent,Opponent parks in the route,7,0,0.0,1,0
odometry_pods+distance_sensors,distance_sensors_3|odometry_pods,odometry pods + 3 ToF sensors,2,2,289.35,289.35,drift|obstacle,opponent,Opponent parks in the route,8,1,1.3523,0,0
odometry_pods+distance_sensors,distance_sensors_3|odometry_pods,odometry pods + 3 ToF sensors,2,2,289.35,289.35,drift|obstacle,opponent,Opponent parks in the route,9,0,7.0747,1,0
odometry_pods+distance_sensors,distance_sensors_3|odometry_pods,odometry pods + 3 ToF sensors,2,2,289.35,289.35,drift|obstacle,opponent,Opponent parks in the route,10,1,3.3392,0,0
odometry_pods+distance_sensors,distance_sensors_3|odometry_pods,odometry pods + 3 ToF sensors,2,2,289.35,289.35,drift|obstacle,opponent,Opponent parks in the route,11,0,0.6374,1,0
odometry_pods+distance_sensors,distance_sensors_3|odometry_pods,odometry pods + 3 ToF sensors,2,2,289.35,289.35,drift|obstacle,opponent,Opponent parks in the route,12,1,7.9635,0,0
odometry_pods+distance_sensors,distance_sensors_3|odometry_pods,odometry pods + 3 ToF sensors,2,2,289.35,289.35,drift|obstacle,opponent,Opponent parks in the route,13,0,0.9835,1,0
odometry_pods+distance_sensors,distance_sensors_3|odometry_pods,odometry pods + 3 ToF sensors,2,2,289.35,289.35,drift|obstacle,opponent,Opponent parks in the route,14,0,0.0,1,0
odometry_pods+distance_sensors,distance_sensors_3|odometry_pods,odometry pods + 3 ToF sensors,2,2,289.35,289.35,drift|obstacle,opponent,Opponent parks in the route,15,0,6.8307,1,0
odometry_pods+distance_sensors,distance_sensors_3|odometry_pods,odometry pods + 3 ToF sensors,2,2,289.35,289.35,drift|obstacle,opponent,Opponent parks in the route,16,0,1.9399,1,0
odometry_pods+distance_sensors,distance_sensors_3|odometry_pods,odometry pods + 3 ToF sensors,2,2,289.35,289.35,drift|obstacle,opponent,Opponent parks in the route,17,0,0.5396,1,0
odometry_pods+distance_sensors,distance_sensors_3|odometry_pods,odometry pods + 3 ToF sensors,2,2,289.35,289.35,drift|obstacle,opponent,Opponent parks in the route,18,0,1.9807,1,0
odometry_pods+distance_sensors,distance_sensors_3|odometry_pods,odometry pods + 3 ToF sensors,2,2,289.35,289.35,drift|obstacle,opponent,Opponent parks in the route,19,0,0.0,1,0
odometry_pods+distance_sensors,distance_sensors_3|odometry_pods,odometry pods + 3 ToF sensors,2,2,289.35,289.35,drift|obstacle,opponent,Opponent parks in the route,20,0,1.4704,1,0
odometry_pods+distance_sensors,distance_sensors_3|odometry_pods,odometry pods + 3 ToF sensors,2,2,289.35,289.35,drift|obstacle,opponent,Opponent parks in the route,21,0,0.9711,1,0
odometry_pods+distance_sensors,distance_sensors_3|odometry_pods,odometry pods + 3 ToF sensors,2,2,289.35,289.35,drift|obstacle,opponent,Opponent parks in the route,22,0,5.7974,1,0
odometry_pods+distance_sensors,distance_sensors_3|odometry_pods,odometry pods + 3 ToF sensors,2,2,289.35,289.35,drift|obstacle,opponent,Opponent parks in the route,23,0,10.4304,1,0
odometry_pods+distance_sensors,distance_sensors_3|odometry_pods,odometry pods + 3 ToF sensors,2,2,289.35,289.35,drift|obstacle,opponent,Opponent parks in the route,24,0,0.0,1,0
odometry_pods+distance_sensors,distance_sensors_3|odometry_pods,odometry pods + 3 ToF sensors,2,2,289.35,289.35,drift|obstacle,combined_realistic,Everything at once (realistic fidelity),0,0,0.0,0,0
odometry_pods+distance_sensors,distance_sensors_3|odometry_pods,odometry pods + 3 ToF sensors,2,2,289.35,289.35,drift|obstacle,combined_realistic,Everything at once (realistic fidelity),1,0,4.9752,1,0
odometry_pods+distance_sensors,distance_sensors_3|odometry_pods,odometry pods + 3 ToF sensors,2,2,289.35,289.35,drift|obstacle,combined_realistic,Everything at once (realistic fidelity),2,0,1.915,1,0
odometry_pods+distance_sensors,distance_sensors_3|odometry_pods,odometry pods + 3 ToF sensors,2,2,289.35,289.35,drift|obstacle,combined_realistic,Everything at once (realistic fidelity),3,0,0.6691,1,0
odometry_pods+distance_sensors,distance_sensors_3|odometry_pods,odometry pods + 3 ToF sensors,2,2,289.35,289.35,drift|obstacle,combined_realistic,Everything at once (realistic fidelity),4,0,0.668,1,0
odometry_pods+distance_sensors,distance_sensors_3|odometry_pods,odometry pods + 3 ToF sensors,2,2,289.35,289.35,drift|obstacle,combined_realistic,Everything at once (realistic fidelity),5,0,1.132,1,0
odometry_pods+distance_sensors,distance_sensors_3|odometry_pods,odometry pods + 3 ToF sensors,2,2,289.35,289.35,drift|obstacle,combined_realistic,Everything at once (realistic fidelity),6,0,1.3523,1,0
odometry_pods+distance_sensors,distance_sensors_3|odometry_pods,odometry pods + 3 ToF sensors,2,2,289.35,289.35,drift|obstacle,combined_realistic,Everything at once (realistic fidelity),7,0,3.6539,1,0
odometry_pods+distance_sensors,distance_sensors_3|odometry_pods,odometry pods + 3 ToF sensors,2,2,289.35,289.35,drift|obstacle,combined_realistic,Everything at once (realistic fidelity),8,0,1.4704,0,0
odometry_pods+distance_sensors,distance_sensors_3|odometry_pods,odometry pods + 3 ToF sensors,2,2,289.35,289.35,drift|obstacle,combined_realistic,Everything at once (realistic fidelity),9,0,6.9392,0,0
odometry_pods+distance_sensors,distance_sensors_3|odometry_pods,odometry pods + 3 ToF sensors,2,2,289.35,289.35,drift|obstacle,combined_realistic,Everything at once (realistic fidelity),10,0,1.8534,0,0
odometry_pods+distance_sensors,distance_sensors_3|odometry_pods,odometry pods + 3 ToF sensors,2,2,289.35,289.35,drift|obstacle,combined_realistic,Everything at once (realistic fidelity),11,0,0.6642,1,0
odometry_pods+distance_sensors,distance_sensors_3|odometry_pods,odometry pods + 3 ToF sensors,2,2,289.35,289.35,drift|obstacle,combined_realistic,Everything at once (realistic fidelity),12,0,2.3856,0,0
odometry_pods+distance_sensors,distance_sensors_3|odometry_pods,odometry pods + 3 ToF sensors,2,2,289.35,289.35,drift|obstacle,combined_realistic,Everything at once (realistic fidelity),13,0,1.7874,0,0
odometry_pods+distance_sensors,distance_sensors_3|odometry_pods,odometry pods + 3 ToF sensors,2,2,289.35,289.35,drift|obstacle,combined_realistic,Everything at once (realistic fidelity),14,0,0.0,1,0
odometry_pods+distance_sensors,distance_sensors_3|odometry_pods,odometry pods + 3 ToF sensors,2,2,289.35,289.35,drift|obstacle,combined_realistic,Everything at once (realistic fidelity),15,0,2.6531,0,0
odometry_pods+distance_sensors,distance_sensors_3|odometry_pods,odometry pods + 3 ToF sensors,2,2,289.35,289.35,drift|obstacle,combined_realistic,Everything at once (realistic fidelity),16,0,0.0,0,0
odometry_pods+distance_sensors,distance_sensors_3|odometry_pods,odometry pods + 3 ToF sensors,2,2,289.35,289.35,drift|obstacle,combined_realistic,Everything at once (realistic fidelity),17,0,0.525,1,0
odometry_pods+distance_sensors,distance_sensors_3|odometry_pods,odometry pods + 3 ToF sensors,2,2,289.35,289.35,drift|obstacle,combined_realistic,Everything at once (realistic fidelity),18,0,7.0957,1,0
odometry_pods+distance_sensors,distance_sensors_3|odometry_pods,odometry pods + 3 ToF sensors,2,2,289.35,289.35,drift|obstacle,combined_realistic,Everything at once (realistic fidelity),19,0,0.0,1,0
odometry_pods+distance_sensors,distance_sensors_3|odometry_pods,odometry pods + 3 ToF sensors,2,2,289.35,289.35,drift|obstacle,combined_realistic,Everything at once (realistic fidelity),20,0,0.0,1,0
odometry_pods+distance_sensors,distance_sensors_3|odometry_pods,odometry pods + 3 ToF sensors,2,2,289.35,289.35,drift|obstacle,combined_realistic,Everything at once (realistic fidelity),21,0,0.5396,0,0
odometry_pods+distance_sensors,distance_sensors_3|odometry_pods,odometry pods + 3 ToF sensors,2,2,289.35,289.35,drift|obstacle,combined_realistic,Everything at once (realistic fidelity),22,0,0.0,1,0
odometry_pods+distance_sensors,distance_sensors_3|odometry_pods,odometry pods + 3 ToF sensors,2,2,289.35,289.35,drift|obstacle,combined_realistic,Everything at once (realistic fidelity),23,0,1.9586,1,0
odometry_pods+distance_sensors,distance_sensors_3|odometry_pods,odometry pods + 3 ToF sensors,2,2,289.35,289.35,drift|obstacle,combined_realistic,Everything at once (realistic fidelity),24,0,2.48,1,0
odometry_pods+distance_sensors,distance_sensors_3|odometry_pods,odometry pods + 3 ToF sensors,2,2,289.35,289.35,drift|obstacle,corridor,"Tight corridor, mixed deviation",0,0,6.4095,0,0
odometry_pods+distance_sensors,distance_sensors_3|odometry_pods,odometry pods + 3 ToF sensors,2,2,289.35,289.35,drift|obstacle,corridor,"Tight corridor, mixed deviation",1,0,4.0682,0,0
odometry_pods+distance_sensors,distance_sensors_3|odometry_pods,odometry pods + 3 ToF sensors,2,2,289.35,289.35,drift|obstacle,corridor,"Tight corridor, mixed deviation",2,0,0.0,1,0
odometry_pods+distance_sensors,distance_sensors_3|odometry_pods,odometry pods + 3 ToF sensors,2,2,289.35,289.35,drift|obstacle,corridor,"Tight corridor, mixed deviation",3,0,3.4574,0,0
odometry_pods+distance_sensors,distance_sensors_3|odometry_pods,odometry pods + 3 ToF sensors,2,2,289.35,289.35,drift|obstacle,corridor,"Tight corridor, mixed deviation",4,0,3.9141,0,0
odometry_pods+distance_sensors,distance_sensors_3|odometry_pods,odometry pods + 3 ToF sensors,2,2,289.35,289.35,drift|obstacle,corridor,"Tight corridor, mixed deviation",5,0,8.3993,0,0
odometry_pods+distance_sensors,distance_sensors_3|odometry_pods,odometry pods + 3 ToF sensors,2,2,289.35,289.35,drift|obstacle,corridor,"Tight corridor, mixed deviation",6,0,7.8755,0,0
odometry_pods+distance_sensors,distance_sensors_3|odometry_pods,odometry pods + 3 ToF sensors,2,2,289.35,289.35,drift|obstacle,corridor,"Tight corridor, mixed deviation",7,0,4.883,1,0
odometry_pods+distance_sensors,distance_sensors_3|odometry_pods,odometry pods + 3 ToF sensors,2,2,289.35,289.35,drift|obstacle,corridor,"Tight corridor, mixed deviation",8,0,6.9574,0,0
odometry_pods+distance_sensors,distance_sensors_3|odometry_pods,odometry pods + 3 ToF sensors,2,2,289.35,289.35,drift|obstacle,corridor,"Tight corridor, mixed deviation",9,0,0.5951,1,0
odometry_pods+distance_sensors,distance_sensors_3|odometry_pods,odometry pods + 3 ToF sensors,2,2,289.35,289.35,drift|obstacle,corridor,"Tight corridor, mixed deviation",10,0,5.4258,1,0
odometry_pods+distance_sensors,distance_sensors_3|odometry_pods,odometry pods + 3 ToF sensors,2,2,289.35,289.35,drift|obstacle,corridor,"Tight corridor, mixed deviation",11,0,0.9711,0,0
odometry_pods+distance_sensors,distance_sensors_3|odometry_pods,odometry pods + 3 ToF sensors,2,2,289.35,289.35,drift|obstacle,corridor,"Tight corridor, mixed deviation",12,0,7.7113,0,0
odometry_pods+distance_sensors,distance_sensors_3|odometry_pods,odometry pods + 3 ToF sensors,2,2,289.35,289.35,drift|obstacle,corridor,"Tight corridor, mixed deviation",13,0,5.4438,0,0
odometry_pods+distance_sensors,distance_sensors_3|odometry_pods,odometry pods + 3 ToF sensors,2,2,289.35,289.35,drift|obstacle,corridor,"Tight corridor, mixed deviation",14,0,1.3523,0,0
odometry_pods+distance_sensors,distance_sensors_3|odometry_pods,odometry pods + 3 ToF sensors,2,2,289.35,289.35,drift|obstacle,corridor,"Tight corridor, mixed deviation",15,0,6.1636,0,0
odometry_pods+distance_sensors,distance_sensors_3|odometry_pods,odometry pods + 3 ToF sensors,2,2,289.35,289.35,drift|obstacle,corridor,"Tight corridor, mixed deviation",16,0,1.7265,1,0
odometry_pods+distance_sensors,distance_sensors_3|odometry_pods,odometry pods + 3 ToF sensors,2,2,289.35,289.35,drift|obstacle,corridor,"Tight corridor, mixed deviation",17,1,3.2961,0,0
odometry_pods+distance_sensors,distance_sensors_3|odometry_pods,odometry pods + 3 ToF sensors,2,2,289.35,289.35,drift|obstacle,corridor,"Tight corridor, mixed deviation",18,0,3.3069,1,0
odometry_pods+distance_sensors,distance_sensors_3|odometry_pods,odometry pods + 3 ToF sensors,2,2,289.35,289.35,drift|obstacle,corridor,"Tight corridor, mixed deviation",19,0,2.2361,0,0
odometry_pods+distance_sensors,distance_sensors_3|odometry_pods,odometry pods + 3 ToF sensors,2,2,289.35,289.35,drift|obstacle,corridor,"Tight corridor, mixed deviation",20,1,7.2205,0,0
odometry_pods+distance_sensors,distance_sensors_3|odometry_pods,odometry pods + 3 ToF sensors,2,2,289.35,289.35,drift|obstacle,corridor,"Tight corridor, mixed deviation",21,0,4.0852,0,0
odometry_pods+distance_sensors,distance_sensors_3|odometry_pods,odometry pods + 3 ToF sensors,2,2,289.35,289.35,drift|obstacle,corridor,"Tight corridor, mixed deviation",22,0,3.3917,0,0
odometry_pods+distance_sensors,distance_sensors_3|odometry_pods,odometry pods + 3 ToF sensors,2,2,289.35,289.35,drift|obstacle,corridor,"Tight corridor, mixed deviation",23,0,0.0,0,0
odometry_pods+distance_sensors,distance_sensors_3|odometry_pods,odometry pods + 3 ToF sensors,2,2,289.35,289.35,drift|obstacle,corridor,"Tight corridor, mixed deviation",24,0,0.0,0,0
odometry_pods+apriltag,camera_front|odometry_pods,odometry pods + front camera,2,2,219.85,219.85,drift|pose,pose_drift,Heavy pose drift,0,0,0.0,1,0
odometry_pods+apriltag,camera_front|odometry_pods,odometry pods + front camera,2,2,219.85,219.85,drift|pose,pose_drift,Heavy pose drift,1,0,2.1,1,0
odometry_pods+apriltag,camera_front|odometry_pods,odometry pods + front camera,2,2,219.85,219.85,drift|pose,pose_drift,Heavy pose drift,2,0,8.4596,1,0
odometry_pods+apriltag,camera_front|odometry_pods,odometry pods + front camera,2,2,219.85,219.85,drift|pose,pose_drift,Heavy pose drift,3,0,3.8761,1,0
odometry_pods+apriltag,camera_front|odometry_pods,odometry pods + front camera,2,2,219.85,219.85,drift|pose,pose_drift,Heavy pose drift,4,0,9.7899,0,0
odometry_pods+apriltag,camera_front|odometry_pods,odometry pods + front camera,2,2,219.85,219.85,drift|pose,pose_drift,Heavy pose drift,5,0,2.0576,1,0
odometry_pods+apriltag,camera_front|odometry_pods,odometry pods + front camera,2,2,219.85,219.85,drift|pose,pose_drift,Heavy pose drift,6,0,2.2381,0,0
odometry_pods+apriltag,camera_front|odometry_pods,odometry pods + front camera,2,2,219.85,219.85,drift|pose,pose_drift,Heavy pose drift,7,0,0.0,1,0
odometry_pods+apriltag,camera_front|odometry_pods,odometry pods + front camera,2,2,219.85,219.85,drift|pose,pose_drift,Heavy pose drift,8,0,1.4704,0,0
odometry_pods+apriltag,camera_front|odometry_pods,odometry pods + front camera,2,2,219.85,219.85,drift|pose,pose_drift,Heavy pose drift,9,0,6.3874,1,0
odometry_pods+apriltag,camera_front|odometry_pods,odometry pods + front camera,2,2,219.85,219.85,drift|pose,pose_drift,Heavy pose drift,10,0,1.9212,0,0
odometry_pods+apriltag,camera_front|odometry_pods,odometry pods + front camera,2,2,219.85,219.85,drift|pose,pose_drift,Heavy pose drift,11,0,0.0,1,0
odometry_pods+apriltag,camera_front|odometry_pods,odometry pods + front camera,2,2,219.85,219.85,drift|pose,pose_drift,Heavy pose drift,12,0,7.2807,1,0
odometry_pods+apriltag,camera_front|odometry_pods,odometry pods + front camera,2,2,219.85,219.85,drift|pose,pose_drift,Heavy pose drift,13,0,0.9016,1,0
odometry_pods+apriltag,camera_front|odometry_pods,odometry pods + front camera,2,2,219.85,219.85,drift|pose,pose_drift,Heavy pose drift,14,0,1.9407,1,0
odometry_pods+apriltag,camera_front|odometry_pods,odometry pods + front camera,2,2,219.85,219.85,drift|pose,pose_drift,Heavy pose drift,15,0,0.8146,1,0
odometry_pods+apriltag,camera_front|odometry_pods,odometry pods + front camera,2,2,219.85,219.85,drift|pose,pose_drift,Heavy pose drift,16,0,0.7216,1,0
odometry_pods+apriltag,camera_front|odometry_pods,odometry pods + front camera,2,2,219.85,219.85,drift|pose,pose_drift,Heavy pose drift,17,0,1.4266,1,0
odometry_pods+apriltag,camera_front|odometry_pods,odometry pods + front camera,2,2,219.85,219.85,drift|pose,pose_drift,Heavy pose drift,18,0,0.0,1,0
odometry_pods+apriltag,camera_front|odometry_pods,odometry pods + front camera,2,2,219.85,219.85,drift|pose,pose_drift,Heavy pose drift,19,0,2.401,1,0
odometry_pods+apriltag,camera_front|odometry_pods,odometry pods + front camera,2,2,219.85,219.85,drift|pose,pose_drift,Heavy pose drift,20,0,4.9211,1,0
odometry_pods+apriltag,camera_front|odometry_pods,odometry pods + front camera,2,2,219.85,219.85,drift|pose,pose_drift,Heavy pose drift,21,0,0.0,1,0
odometry_pods+apriltag,camera_front|odometry_pods,odometry pods + front camera,2,2,219.85,219.85,drift|pose,pose_drift,Heavy pose drift,22,0,0.0,1,0
odometry_pods+apriltag,camera_front|odometry_pods,odometry pods + front camera,2,2,219.85,219.85,drift|pose,pose_drift,Heavy pose drift,23,0,1.9586,1,0
odometry_pods+apriltag,camera_front|odometry_pods,odometry pods + front camera,2,2,219.85,219.85,drift|pose,pose_drift,Heavy pose drift,24,0,1.2047,1,0
odometry_pods+apriltag,camera_front|odometry_pods,odometry pods + front camera,2,2,219.85,219.85,drift|pose,map_error,Field doesn't match the map,0,1,4.4144,0,0
odometry_pods+apriltag,camera_front|odometry_pods,odometry pods + front camera,2,2,219.85,219.85,drift|pose,map_error,Field doesn't match the map,1,1,9.4825,0,0
odometry_pods+apriltag,camera_front|odometry_pods,odometry pods + front camera,2,2,219.85,219.85,drift|pose,map_error,Field doesn't match the map,2,0,8.4596,1,0
odometry_pods+apriltag,camera_front|odometry_pods,odometry pods + front camera,2,2,219.85,219.85,drift|pose,map_error,Field doesn't match the map,3,1,13.8951,0,0
odometry_pods+apriltag,camera_front|odometry_pods,odometry pods + front camera,2,2,219.85,219.85,drift|pose,map_error,Field doesn't match the map,4,1,9.7949,0,0
odometry_pods+apriltag,camera_front|odometry_pods,odometry pods + front camera,2,2,219.85,219.85,drift|pose,map_error,Field doesn't match the map,5,1,11.5879,0,0
odometry_pods+apriltag,camera_front|odometry_pods,odometry pods + front camera,2,2,219.85,219.85,drift|pose,map_error,Field doesn't match the map,6,1,2.1508,0,0
odometry_pods+apriltag,camera_front|odometry_pods,odometry pods + front camera,2,2,219.85,219.85,drift|pose,map_error,Field doesn't match the map,7,1,12.5714,0,0
odometry_pods+apriltag,camera_front|odometry_pods,odometry pods + front camera,2,2,219.85,219.85,drift|pose,map_error,Field doesn't match the map,8,1,1.4523,0,0
odometry_pods+apriltag,camera_front|odometry_pods,odometry pods + front camera,2,2,219.85,219.85,drift|pose,map_error,Field doesn't match the map,9,1,7.1176,0,0
odometry_pods+apriltag,camera_front|odometry_pods,odometry pods + front camera,2,2,219.85,219.85,drift|pose,map_error,Field doesn't match the map,10,1,1.8031,0,0
odometry_pods+apriltag,camera_front|odometry_pods,odometry pods + front camera,2,2,219.85,219.85,drift|pose,map_error,Field doesn't match the map,11,0,1.9363,1,0
odometry_pods+apriltag,camera_front|odometry_pods,odometry pods + front camera,2,2,219.85,219.85,drift|pose,map_error,Field doesn't match the map,12,1,8.534,0,0
odometry_pods+apriltag,camera_front|odometry_pods,odometry pods + front camera,2,2,219.85,219.85,drift|pose,map_error,Field doesn't match the map,13,0,0.9835,1,0
odometry_pods+apriltag,camera_front|odometry_pods,odometry pods + front camera,2,2,219.85,219.85,drift|pose,map_error,Field doesn't match the map,14,1,3.9542,0,0
odometry_pods+apriltag,camera_front|odometry_pods,odometry pods + front camera,2,2,219.85,219.85,drift|pose,map_error,Field doesn't match the map,15,1,9.8044,0,0
odometry_pods+apriltag,camera_front|odometry_pods,odometry pods + front camera,2,2,219.85,219.85,drift|pose,map_error,Field doesn't match the map,16,0,6.2768,1,0
odometry_pods+apriltag,camera_front|odometry_pods,odometry pods + front camera,2,2,219.85,219.85,drift|pose,map_error,Field doesn't match the map,17,0,0.0,1,0
odometry_pods+apriltag,camera_front|odometry_pods,odometry pods + front camera,2,2,219.85,219.85,drift|pose,map_error,Field doesn't match the map,18,1,11.385,0,0
odometry_pods+apriltag,camera_front|odometry_pods,odometry pods + front camera,2,2,219.85,219.85,drift|pose,map_error,Field doesn't match the map,19,1,8.816,0,0
odometry_pods+apriltag,camera_front|odometry_pods,odometry pods + front camera,2,2,219.85,219.85,drift|pose,map_error,Field doesn't match the map,20,1,5.4103,0,0
odometry_pods+apriltag,camera_front|odometry_pods,odometry pods + front camera,2,2,219.85,219.85,drift|pose,map_error,Field doesn't match the map,21,0,1.2917,1,0
odometry_pods+apriltag,camera_front|odometry_pods,odometry pods + front camera,2,2,219.85,219.85,drift|pose,map_error,Field doesn't match the map,22,1,9.0866,0,0
odometry_pods+apriltag,camera_front|odometry_pods,odometry pods + front camera,2,2,219.85,219.85,drift|pose,map_error,Field doesn't match the map,23,0,13.6366,1,0
odometry_pods+apriltag,camera_front|odometry_pods,odometry pods + front camera,2,2,219.85,219.85,drift|pose,map_error,Field doesn't match the map,24,0,3.891,1,0
odometry_pods+apriltag,camera_front|odometry_pods,odometry pods + front camera,2,2,219.85,219.85,drift|pose,opponent,Opponent parks in the route,0,1,4.4144,0,0
odometry_pods+apriltag,camera_front|odometry_pods,odometry pods + front camera,2,2,219.85,219.85,drift|pose,opponent,Opponent parks in the route,1,1,9.4825,0,0
odometry_pods+apriltag,camera_front|odometry_pods,odometry pods + front camera,2,2,219.85,219.85,drift|pose,opponent,Opponent parks in the route,2,0,4.3681,1,0
odometry_pods+apriltag,camera_front|odometry_pods,odometry pods + front camera,2,2,219.85,219.85,drift|pose,opponent,Opponent parks in the route,3,0,1.1353,1,0
odometry_pods+apriltag,camera_front|odometry_pods,odometry pods + front camera,2,2,219.85,219.85,drift|pose,opponent,Opponent parks in the route,4,1,9.7949,0,0
odometry_pods+apriltag,camera_front|odometry_pods,odometry pods + front camera,2,2,219.85,219.85,drift|pose,opponent,Opponent parks in the route,5,1,11.5879,0,0
odometry_pods+apriltag,camera_front|odometry_pods,odometry pods + front camera,2,2,219.85,219.85,drift|pose,opponent,Opponent parks in the route,6,0,0.9639,1,0
odometry_pods+apriltag,camera_front|odometry_pods,odometry pods + front camera,2,2,219.85,219.85,drift|pose,opponent,Opponent parks in the route,7,0,11.3846,1,0
odometry_pods+apriltag,camera_front|odometry_pods,odometry pods + front camera,2,2,219.85,219.85,drift|pose,opponent,Opponent parks in the route,8,1,1.4523,0,0
odometry_pods+apriltag,camera_front|odometry_pods,odometry pods + front camera,2,2,219.85,219.85,drift|pose,opponent,Opponent parks in the route,9,0,0.0,1,0
odometry_pods+apriltag,camera_front|odometry_pods,odometry pods + front camera,2,2,219.85,219.85,drift|pose,opponent,Opponent parks in the route,10,0,0.0,1,0
odometry_pods+apriltag,camera_front|odometry_pods,odometry pods + front camera,2,2,219.85,219.85,drift|pose,opponent,Opponent parks in the route,11,0,4.841,1,0
odometry_pods+apriltag,camera_front|odometry_pods,odometry pods + front camera,2,2,219.85,219.85,drift|pose,opponent,Opponent parks in the route,12,1,8.534,0,0
odometry_pods+apriltag,camera_front|odometry_pods,odometry pods + front camera,2,2,219.85,219.85,drift|pose,opponent,Opponent parks in the route,13,0,0.9835,1,0
odometry_pods+apriltag,camera_front|odometry_pods,odometry pods + front camera,2,2,219.85,219.85,drift|pose,opponent,Opponent parks in the route,14,1,3.9542,0,0
odometry_pods+apriltag,camera_front|odometry_pods,odometry pods + front camera,2,2,219.85,219.85,drift|pose,opponent,Opponent parks in the route,15,0,7.2307,1,0
odometry_pods+apriltag,camera_front|odometry_pods,odometry pods + front camera,2,2,219.85,219.85,drift|pose,opponent,Opponent parks in the route,16,0,3.9031,1,0
odometry_pods+apriltag,camera_front|odometry_pods,odometry pods + front camera,2,2,219.85,219.85,drift|pose,opponent,Opponent parks in the route,17,0,8.3571,1,0
odometry_pods+apriltag,camera_front|odometry_pods,odometry pods + front camera,2,2,219.85,219.85,drift|pose,opponent,Opponent parks in the route,18,1,11.385,0,0
odometry_pods+apriltag,camera_front|odometry_pods,odometry pods + front camera,2,2,219.85,219.85,drift|pose,opponent,Opponent parks in the route,19,0,2.3853,1,0
odometry_pods+apriltag,camera_front|odometry_pods,odometry pods + front camera,2,2,219.85,219.85,drift|pose,opponent,Opponent parks in the route,20,0,1.7196,1,0
odometry_pods+apriltag,camera_front|odometry_pods,odometry pods + front camera,2,2,219.85,219.85,drift|pose,opponent,Opponent parks in the route,21,0,1.2917,1,0
odometry_pods+apriltag,camera_front|odometry_pods,odometry pods + front camera,2,2,219.85,219.85,drift|pose,opponent,Opponent parks in the route,22,1,9.0866,0,0
odometry_pods+apriltag,camera_front|odometry_pods,odometry pods + front camera,2,2,219.85,219.85,drift|pose,opponent,Opponent parks in the route,23,0,8.4436,1,0
odometry_pods+apriltag,camera_front|odometry_pods,odometry pods + front camera,2,2,219.85,219.85,drift|pose,opponent,Opponent parks in the route,24,0,2.5387,1,0
odometry_pods+apriltag,camera_front|odometry_pods,odometry pods + front camera,2,2,219.85,219.85,drift|pose,combined_realistic,Everything at once (realistic fidelity),0,1,3.6552,0,0
odometry_pods+apriltag,camera_front|odometry_pods,odometry pods + front camera,2,2,219.85,219.85,drift|pose,combined_realistic,Everything at once (realistic fidelity),1,0,0.0,1,0
odometry_pods+apriltag,camera_front|odometry_pods,odometry pods + front camera,2,2,219.85,219.85,drift|pose,combined_realistic,Everything at once (realistic fidelity),2,0,1.1889,1,0
odometry_pods+apriltag,camera_front|odometry_pods,odometry pods + front camera,2,2,219.85,219.85,drift|pose,combined_realistic,Everything at once (realistic fidelity),3,0,2.5201,1,0
odometry_pods+apriltag,camera_front|odometry_pods,odometry pods + front camera,2,2,219.85,219.85,drift|pose,combined_realistic,Everything at once (realistic fidelity),4,0,2.9866,1,0
odometry_pods+apriltag,camera_front|odometry_pods,odometry pods + front camera,2,2,219.85,219.85,drift|pose,combined_realistic,Everything at once (realistic fidelity),5,0,4.3219,1,0
odometry_pods+apriltag,camera_front|odometry_pods,odometry pods + front camera,2,2,219.85,219.85,drift|pose,combined_realistic,Everything at once (realistic fidelity),6,0,1.3523,1,0
odometry_pods+apriltag,camera_front|odometry_pods,odometry pods + front camera,2,2,219.85,219.85,drift|pose,combined_realistic,Everything at once (realistic fidelity),7,0,5.871,1,0
odometry_pods+apriltag,camera_front|odometry_pods,odometry pods + front camera,2,2,219.85,219.85,drift|pose,combined_realistic,Everything at once (realistic fidelity),8,0,1.4704,0,0
odometry_pods+apriltag,camera_front|odometry_pods,odometry pods + front camera,2,2,219.85,219.85,drift|pose,combined_realistic,Everything at once (realistic fidelity),9,0,7.1392,0,0
odometry_pods+apriltag,camera_front|odometry_pods,odometry pods + front camera,2,2,219.85,219.85,drift|pose,combined_realistic,Everything at once (realistic fidelity),10,0,1.8534,0,0
odometry_pods+apriltag,camera_front|odometry_pods,odometry pods + front camera,2,2,219.85,219.85,drift|pose,combined_realistic,Everything at once (realistic fidelity),11,0,0.0,1,0
odometry_pods+apriltag,camera_front|odometry_pods,odometry pods + front camera,2,2,219.85,219.85,drift|pose,combined_realistic,Everything at once (realistic fidelity),12,0,8.0147,1,0
odometry_pods+apriltag,camera_front|odometry_pods,odometry pods + front camera,2,2,219.85,219.85,drift|pose,combined_realistic,Everything at once (realistic fidelity),13,0,1.7874,0,0
odometry_pods+apriltag,camera_front|odometry_pods,odometry pods + front camera,2,2,219.85,219.85,drift|pose,combined_realistic,Everything at once (realistic fidelity),14,1,3.9542,0,0
odometry_pods+apriltag,camera_front|odometry_pods,odometry pods + front camera,2,2,219.85,219.85,drift|pose,combined_realistic,Everything at once (realistic fidelity),15,0,3.59,1,0
odometry_pods+apriltag,camera_front|odometry_pods,odometry pods + front camera,2,2,219.85,219.85,drift|pose,combined_realistic,Everything at once (realistic fidelity),16,0,0.7216,1,0
odometry_pods+apriltag,camera_front|odometry_pods,odometry pods + front camera,2,2,219.85,219.85,drift|pose,combined_realistic,Everything at once (realistic fidelity),17,0,1.4266,1,0
odometry_pods+apriltag,camera_front|odometry_pods,odometry pods + front camera,2,2,219.85,219.85,drift|pose,combined_realistic,Everything at once (realistic fidelity),18,0,6.7662,1,0
odometry_pods+apriltag,camera_front|odometry_pods,odometry pods + front camera,2,2,219.85,219.85,drift|pose,combined_realistic,Everything at once (realistic fidelity),19,0,1.6343,1,0
odometry_pods+apriltag,camera_front|odometry_pods,odometry pods + front camera,2,2,219.85,219.85,drift|pose,combined_realistic,Everything at once (realistic fidelity),20,0,0.0,1,0
odometry_pods+apriltag,camera_front|odometry_pods,odometry pods + front camera,2,2,219.85,219.85,drift|pose,combined_realistic,Everything at once (realistic fidelity),21,0,0.7749,1,0
odometry_pods+apriltag,camera_front|odometry_pods,odometry pods + front camera,2,2,219.85,219.85,drift|pose,combined_realistic,Everything at once (realistic fidelity),22,0,1.7197,1,0
odometry_pods+apriltag,camera_front|odometry_pods,odometry pods + front camera,2,2,219.85,219.85,drift|pose,combined_realistic,Everything at once (realistic fidelity),23,0,1.9586,1,0
odometry_pods+apriltag,camera_front|odometry_pods,odometry pods + front camera,2,2,219.85,219.85,drift|pose,combined_realistic,Everything at once (realistic fidelity),24,0,1.1246,1,0
odometry_pods+apriltag,camera_front|odometry_pods,odometry pods + front camera,2,2,219.85,219.85,drift|pose,corridor,"Tight corridor, mixed deviation",0,1,6.4234,0,0
odometry_pods+apriltag,camera_front|odometry_pods,odometry pods + front camera,2,2,219.85,219.85,drift|pose,corridor,"Tight corridor, mixed deviation",1,0,4.6682,0,0
odometry_pods+apriltag,camera_front|odometry_pods,odometry pods + front camera,2,2,219.85,219.85,drift|pose,corridor,"Tight corridor, mixed deviation",2,0,7.7784,1,0
odometry_pods+apriltag,camera_front|odometry_pods,odometry pods + front camera,2,2,219.85,219.85,drift|pose,corridor,"Tight corridor, mixed deviation",3,0,1.3337,1,0
odometry_pods+apriltag,camera_front|odometry_pods,odometry pods + front camera,2,2,219.85,219.85,drift|pose,corridor,"Tight corridor, mixed deviation",4,0,4.1141,0,0
odometry_pods+apriltag,camera_front|odometry_pods,odometry pods + front camera,2,2,219.85,219.85,drift|pose,corridor,"Tight corridor, mixed deviation",5,1,8.264,0,0
odometry_pods+apriltag,camera_front|odometry_pods,odometry pods + front camera,2,2,219.85,219.85,drift|pose,corridor,"Tight corridor, mixed deviation",6,1,7.8,0,0
odometry_pods+apriltag,camera_front|odometry_pods,odometry pods + front camera,2,2,219.85,219.85,drift|pose,corridor,"Tight corridor, mixed deviation",7,1,13.3777,0,0
odometry_pods+apriltag,camera_front|odometry_pods,odometry pods + front camera,2,2,219.85,219.85,drift|pose,corridor,"Tight corridor, mixed deviation",8,1,7.5312,0,0
odometry_pods+apriltag,camera_front|odometry_pods,odometry pods + front camera,2,2,219.85,219.85,drift|pose,corridor,"Tight corridor, mixed deviation",9,1,6.3999,0,0
odometry_pods+apriltag,camera_front|odometry_pods,odometry pods + front camera,2,2,219.85,219.85,drift|pose,corridor,"Tight corridor, mixed deviation",10,1,6.8838,0,0
odometry_pods+apriltag,camera_front|odometry_pods,odometry pods + front camera,2,2,219.85,219.85,drift|pose,corridor,"Tight corridor, mixed deviation",11,1,6.9149,0,0
odometry_pods+apriltag,camera_front|odometry_pods,odometry pods + front camera,2,2,219.85,219.85,drift|pose,corridor,"Tight corridor, mixed deviation",12,1,8.7053,0,0
odometry_pods+apriltag,camera_front|odometry_pods,odometry pods + front camera,2,2,219.85,219.85,drift|pose,corridor,"Tight corridor, mixed deviation",13,0,4.207,1,0
odometry_pods+apriltag,camera_front|odometry_pods,odometry pods + front camera,2,2,219.85,219.85,drift|pose,corridor,"Tight corridor, mixed deviation",14,0,2.1229,0,0
odometry_pods+apriltag,camera_front|odometry_pods,odometry pods + front camera,2,2,219.85,219.85,drift|pose,corridor,"Tight corridor, mixed deviation",15,1,7.4643,0,0
odometry_pods+apriltag,camera_front|odometry_pods,odometry pods + front camera,2,2,219.85,219.85,drift|pose,corridor,"Tight corridor, mixed deviation",16,1,11.8507,0,0
odometry_pods+apriltag,camera_front|odometry_pods,odometry pods + front camera,2,2,219.85,219.85,drift|pose,corridor,"Tight corridor, mixed deviation",17,0,2.5234,1,0
odometry_pods+apriltag,camera_front|odometry_pods,odometry pods + front camera,2,2,219.85,219.85,drift|pose,corridor,"Tight corridor, mixed deviation",18,1,14.0679,0,0
odometry_pods+apriltag,camera_front|odometry_pods,odometry pods + front camera,2,2,219.85,219.85,drift|pose,corridor,"Tight corridor, mixed deviation",19,0,2.3113,0,0
odometry_pods+apriltag,camera_front|odometry_pods,odometry pods + front camera,2,2,219.85,219.85,drift|pose,corridor,"Tight corridor, mixed deviation",20,1,7.9205,0,0
odometry_pods+apriltag,camera_front|odometry_pods,odometry pods + front camera,2,2,219.85,219.85,drift|pose,corridor,"Tight corridor, mixed deviation",21,1,4.6705,0,0
odometry_pods+apriltag,camera_front|odometry_pods,odometry pods + front camera,2,2,219.85,219.85,drift|pose,corridor,"Tight corridor, mixed deviation",22,0,3.1917,0,0
odometry_pods+apriltag,camera_front|odometry_pods,odometry pods + front camera,2,2,219.85,219.85,drift|pose,corridor,"Tight corridor, mixed deviation",23,0,3.6038,1,0
odometry_pods+apriltag,camera_front|odometry_pods,odometry pods + front camera,2,2,219.85,219.85,drift|pose,corridor,"Tight corridor, mixed deviation",24,1,7.2549,0,0
odometry_pods+imu,imu|odometry_pods,odometry pods + IMU,2,2,194.85,194.85,drift|heading,pose_drift,Heavy pose drift,0,0,0.0,1,0
odometry_pods+imu,imu|odometry_pods,odometry pods + IMU,2,2,194.85,194.85,drift|heading,pose_drift,Heavy pose drift,1,0,2.1,1,0
odometry_pods+imu,imu|odometry_pods,odometry pods + IMU,2,2,194.85,194.85,drift|heading,pose_drift,Heavy pose drift,2,0,8.4596,1,0
odometry_pods+imu,imu|odometry_pods,odometry pods + IMU,2,2,194.85,194.85,drift|heading,pose_drift,Heavy pose drift,3,0,1.1377,1,0
odometry_pods+imu,imu|odometry_pods,odometry pods + IMU,2,2,194.85,194.85,drift|heading,pose_drift,Heavy pose drift,4,0,9.7899,0,0
odometry_pods+imu,imu|odometry_pods,odometry pods + IMU,2,2,194.85,194.85,drift|heading,pose_drift,Heavy pose drift,5,0,2.0576,1,0
odometry_pods+imu,imu|odometry_pods,odometry pods + IMU,2,2,194.85,194.85,drift|heading,pose_drift,Heavy pose drift,6,0,2.2381,0,0
odometry_pods+imu,imu|odometry_pods,odometry pods + IMU,2,2,194.85,194.85,drift|heading,pose_drift,Heavy pose drift,7,0,0.0,1,0
odometry_pods+imu,imu|odometry_pods,odometry pods + IMU,2,2,194.85,194.85,drift|heading,pose_drift,Heavy pose drift,8,0,1.4704,0,0
odometry_pods+imu,imu|odometry_pods,odometry pods + IMU,2,2,194.85,194.85,drift|heading,pose_drift,Heavy pose drift,9,0,6.3874,1,0
odometry_pods+imu,imu|odometry_pods,odometry pods + IMU,2,2,194.85,194.85,drift|heading,pose_drift,Heavy pose drift,10,0,1.9212,0,0
odometry_pods+imu,imu|odometry_pods,odometry pods + IMU,2,2,194.85,194.85,drift|heading,pose_drift,Heavy pose drift,11,0,0.0,1,0
odometry_pods+imu,imu|odometry_pods,odometry pods + IMU,2,2,194.85,194.85,drift|heading,pose_drift,Heavy pose drift,12,0,7.2807,1,0
odometry_pods+imu,imu|odometry_pods,odometry pods + IMU,2,2,194.85,194.85,drift|heading,pose_drift,Heavy pose drift,13,0,0.9016,1,0
odometry_pods+imu,imu|odometry_pods,odometry pods + IMU,2,2,194.85,194.85,drift|heading,pose_drift,Heavy pose drift,14,0,1.9407,1,0
odometry_pods+imu,imu|odometry_pods,odometry pods + IMU,2,2,194.85,194.85,drift|heading,pose_drift,Heavy pose drift,15,0,0.8146,1,0
odometry_pods+imu,imu|odometry_pods,odometry pods + IMU,2,2,194.85,194.85,drift|heading,pose_drift,Heavy pose drift,16,0,0.7216,1,0
odometry_pods+imu,imu|odometry_pods,odometry pods + IMU,2,2,194.85,194.85,drift|heading,pose_drift,Heavy pose drift,17,0,1.4266,1,0
odometry_pods+imu,imu|odometry_pods,odometry pods + IMU,2,2,194.85,194.85,drift|heading,pose_drift,Heavy pose drift,18,0,0.0,1,0
odometry_pods+imu,imu|odometry_pods,odometry pods + IMU,2,2,194.85,194.85,drift|heading,pose_drift,Heavy pose drift,19,0,2.401,1,0
odometry_pods+imu,imu|odometry_pods,odometry pods + IMU,2,2,194.85,194.85,drift|heading,pose_drift,Heavy pose drift,20,0,4.9211,1,0
odometry_pods+imu,imu|odometry_pods,odometry pods + IMU,2,2,194.85,194.85,drift|heading,pose_drift,Heavy pose drift,21,0,0.0,1,0
odometry_pods+imu,imu|odometry_pods,odometry pods + IMU,2,2,194.85,194.85,drift|heading,pose_drift,Heavy pose drift,22,0,0.0,1,0
odometry_pods+imu,imu|odometry_pods,odometry pods + IMU,2,2,194.85,194.85,drift|heading,pose_drift,Heavy pose drift,23,0,1.9586,1,0
odometry_pods+imu,imu|odometry_pods,odometry pods + IMU,2,2,194.85,194.85,drift|heading,pose_drift,Heavy pose drift,24,0,1.2047,1,0
odometry_pods+imu,imu|odometry_pods,odometry pods + IMU,2,2,194.85,194.85,drift|heading,map_error,Field doesn't match the map,0,1,4.1144,0,0
odometry_pods+imu,imu|odometry_pods,odometry pods + IMU,2,2,194.85,194.85,drift|heading,map_error,Field doesn't match the map,1,1,9.4825,0,0
odometry_pods+imu,imu|odometry_pods,odometry pods + IMU,2,2,194.85,194.85,drift|heading,map_error,Field doesn't match the map,2,0,8.4596,1,0
odometry_pods+imu,imu|odometry_pods,odometry pods + IMU,2,2,194.85,194.85,drift|heading,map_error,Field doesn't match the map,3,1,13.8951,0,0
odometry_pods+imu,imu|odometry_pods,odometry pods + IMU,2,2,194.85,194.85,drift|heading,map_error,Field doesn't match the map,4,1,9.7949,0,0
odometry_pods+imu,imu|odometry_pods,odometry pods + IMU,2,2,194.85,194.85,drift|heading,map_error,Field doesn't match the map,5,1,11.4379,0,0
odometry_pods+imu,imu|odometry_pods,odometry pods + IMU,2,2,194.85,194.85,drift|heading,map_error,Field doesn't match the map,6,1,2.1508,0,0
odometry_pods+imu,imu|odometry_pods,odometry pods + IMU,2,2,194.85,194.85,drift|heading,map_error,Field doesn't match the map,7,1,12.5714,0,0
odometry_pods+imu,imu|odometry_pods,odometry pods + IMU,2,2,194.85,194.85,drift|heading,map_error,Field doesn't match the map,8,1,1.3523,0,0
odometry_pods+imu,imu|odometry_pods,odometry pods + IMU,2,2,194.85,194.85,drift|heading,map_error,Field doesn't match the map,9,1,7.1176,0,0
odometry_pods+imu,imu|odometry_pods,odometry pods + IMU,2,2,194.85,194.85,drift|heading,map_error,Field doesn't match the map,10,1,1.8031,0,0
odometry_pods+imu,imu|odometry_pods,odometry pods + IMU,2,2,194.85,194.85,drift|heading,map_error,Field doesn't match the map,11,0,1.9363,1,0
odometry_pods+imu,imu|odometry_pods,odometry pods + IMU,2,2,194.85,194.85,drift|heading,map_error,Field doesn't match the map,12,1,8.534,0,0
odometry_pods+imu,imu|odometry_pods,odometry pods + IMU,2,2,194.85,194.85,drift|heading,map_error,Field doesn't match the map,13,0,0.9835,1,0
odometry_pods+imu,imu|odometry_pods,odometry pods + IMU,2,2,194.85,194.85,drift|heading,map_error,Field doesn't match the map,14,1,3.9542,0,0
odometry_pods+imu,imu|odometry_pods,odometry pods + IMU,2,2,194.85,194.85,drift|heading,map_error,Field doesn't match the map,15,1,9.8044,0,0
odometry_pods+imu,imu|odometry_pods,odometry pods + IMU,2,2,194.85,194.85,drift|heading,map_error,Field doesn't match the map,16,0,6.2768,1,0
odometry_pods+imu,imu|odometry_pods,odometry pods + IMU,2,2,194.85,194.85,drift|heading,map_error,Field doesn't match the map,17,0,0.0,1,0
odometry_pods+imu,imu|odometry_pods,odometry pods + IMU,2,2,194.85,194.85,drift|heading,map_error,Field doesn't match the map,18,1,10.985,0,0
odometry_pods+imu,imu|odometry_pods,odometry pods + IMU,2,2,194.85,194.85,drift|heading,map_error,Field doesn't match the map,19,1,8.816,0,0
odometry_pods+imu,imu|odometry_pods,odometry pods + IMU,2,2,194.85,194.85,drift|heading,map_error,Field doesn't match the map,20,1,5.3603,0,0
odometry_pods+imu,imu|odometry_pods,odometry pods + IMU,2,2,194.85,194.85,drift|heading,map_error,Field doesn't match the map,21,0,1.2917,1,0
odometry_pods+imu,imu|odometry_pods,odometry pods + IMU,2,2,194.85,194.85,drift|heading,map_error,Field doesn't match the map,22,1,8.9366,0,0
odometry_pods+imu,imu|odometry_pods,odometry pods + IMU,2,2,194.85,194.85,drift|heading,map_error,Field doesn't match the map,23,0,13.6366,1,0
odometry_pods+imu,imu|odometry_pods,odometry pods + IMU,2,2,194.85,194.85,drift|heading,map_error,Field doesn't match the map,24,0,3.891,1,0
odometry_pods+imu,imu|odometry_pods,odometry pods + IMU,2,2,194.85,194.85,drift|heading,opponent,Opponent parks in the route,0,1,4.1144,0,0
odometry_pods+imu,imu|odometry_pods,odometry pods + IMU,2,2,194.85,194.85,drift|heading,opponent,Opponent parks in the route,1,1,9.4825,0,0
odometry_pods+imu,imu|odometry_pods,odometry pods + IMU,2,2,194.85,194.85,drift|heading,opponent,Opponent parks in the route,2,0,4.3681,1,0
odometry_pods+imu,imu|odometry_pods,odometry pods + IMU,2,2,194.85,194.85,drift|heading,opponent,Opponent parks in the route,3,0,1.1353,1,0
odometry_pods+imu,imu|odometry_pods,odometry pods + IMU,2,2,194.85,194.85,drift|heading,opponent,Opponent parks in the route,4,1,9.7949,0,0
odometry_pods+imu,imu|odometry_pods,odometry pods + IMU,2,2,194.85,194.85,drift|heading,opponent,Opponent parks in the route,5,1,11.4379,0,0
odometry_pods+imu,imu|odometry_pods,odometry pods + IMU,2,2,194.85,194.85,drift|heading,opponent,Opponent parks in the route,6,0,0.9639,1,0
odometry_pods+imu,imu|odometry_pods,odometry pods + IMU,2,2,194.85,194.85,drift|heading,opponent,Opponent parks in the route,7,0,11.3846,1,0
odometry_pods+imu,imu|odometry_pods,odometry pods + IMU,2,2,194.85,194.85,drift|heading,opponent,Opponent parks in the route,8,1,1.3523,0,0
odometry_pods+imu,imu|odometry_pods,odometry pods + IMU,2,2,194.85,194.85,drift|heading,opponent,Opponent parks in the route,9,0,0.0,1,0
odometry_pods+imu,imu|odometry_pods,odometry pods + IMU,2,2,194.85,194.85,drift|heading,opponent,Opponent parks in the route,10,0,0.0,1,0
odometry_pods+imu,imu|odometry_pods,odometry pods + IMU,2,2,194.85,194.85,drift|heading,opponent,Opponent parks in the route,11,0,4.841,1,0
odometry_pods+imu,imu|odometry_pods,odometry pods + IMU,2,2,194.85,194.85,drift|heading,opponent,Opponent parks in the route,12,1,8.534,0,0
odometry_pods+imu,imu|odometry_pods,odometry pods + IMU,2,2,194.85,194.85,drift|heading,opponent,Opponent parks in the route,13,0,0.9835,1,0
odometry_pods+imu,imu|odometry_pods,odometry pods + IMU,2,2,194.85,194.85,drift|heading,opponent,Opponent parks in the route,14,1,3.9542,0,0
odometry_pods+imu,imu|odometry_pods,odometry pods + IMU,2,2,194.85,194.85,drift|heading,opponent,Opponent parks in the route,15,0,7.2307,1,0
odometry_pods+imu,imu|odometry_pods,odometry pods + IMU,2,2,194.85,194.85,drift|heading,opponent,Opponent parks in the route,16,0,3.9031,1,0
odometry_pods+imu,imu|odometry_pods,odometry pods + IMU,2,2,194.85,194.85,drift|heading,opponent,Opponent parks in the route,17,0,8.3571,1,0
odometry_pods+imu,imu|odometry_pods,odometry pods + IMU,2,2,194.85,194.85,drift|heading,opponent,Opponent parks in the route,18,1,10.985,0,0
odometry_pods+imu,imu|odometry_pods,odometry pods + IMU,2,2,194.85,194.85,drift|heading,opponent,Opponent parks in the route,19,0,2.3853,1,0
odometry_pods+imu,imu|odometry_pods,odometry pods + IMU,2,2,194.85,194.85,drift|heading,opponent,Opponent parks in the route,20,0,1.7196,1,0
odometry_pods+imu,imu|odometry_pods,odometry pods + IMU,2,2,194.85,194.85,drift|heading,opponent,Opponent parks in the route,21,0,1.2917,1,0
odometry_pods+imu,imu|odometry_pods,odometry pods + IMU,2,2,194.85,194.85,drift|heading,opponent,Opponent parks in the route,22,1,8.9366,0,0
odometry_pods+imu,imu|odometry_pods,odometry pods + IMU,2,2,194.85,194.85,drift|heading,opponent,Opponent parks in the route,23,0,8.4436,1,0
odometry_pods+imu,imu|odometry_pods,odometry pods + IMU,2,2,194.85,194.85,drift|heading,opponent,Opponent parks in the route,24,0,2.5387,1,0
odometry_pods+imu,imu|odometry_pods,odometry pods + IMU,2,2,194.85,194.85,drift|heading,combined_realistic,Everything at once (realistic fidelity),0,1,3.6552,0,0
odometry_pods+imu,imu|odometry_pods,odometry pods + IMU,2,2,194.85,194.85,drift|heading,combined_realistic,Everything at once (realistic fidelity),1,0,0.0,1,0
odometry_pods+imu,imu|odometry_pods,odometry pods + IMU,2,2,194.85,194.85,drift|heading,combined_realistic,Everything at once (realistic fidelity),2,0,1.1889,1,0
odometry_pods+imu,imu|odometry_pods,odometry pods + IMU,2,2,194.85,194.85,drift|heading,combined_realistic,Everything at once (realistic fidelity),3,0,2.5201,1,0
odometry_pods+imu,imu|odometry_pods,odometry pods + IMU,2,2,194.85,194.85,drift|heading,combined_realistic,Everything at once (realistic fidelity),4,0,2.9866,1,0
odometry_pods+imu,imu|odometry_pods,odometry pods + IMU,2,2,194.85,194.85,drift|heading,combined_realistic,Everything at once (realistic fidelity),5,0,4.3219,1,0
odometry_pods+imu,imu|odometry_pods,odometry pods + IMU,2,2,194.85,194.85,drift|heading,combined_realistic,Everything at once (realistic fidelity),6,0,1.3523,1,0
odometry_pods+imu,imu|odometry_pods,odometry pods + IMU,2,2,194.85,194.85,drift|heading,combined_realistic,Everything at once (realistic fidelity),7,0,5.871,1,0
odometry_pods+imu,imu|odometry_pods,odometry pods + IMU,2,2,194.85,194.85,drift|heading,combined_realistic,Everything at once (realistic fidelity),8,0,1.4704,0,0
odometry_pods+imu,imu|odometry_pods,odometry pods + IMU,2,2,194.85,194.85,drift|heading,combined_realistic,Everything at once (realistic fidelity),9,0,7.1392,0,0
odometry_pods+imu,imu|odometry_pods,odometry pods + IMU,2,2,194.85,194.85,drift|heading,combined_realistic,Everything at once (realistic fidelity),10,0,1.8534,0,0
odometry_pods+imu,imu|odometry_pods,odometry pods + IMU,2,2,194.85,194.85,drift|heading,combined_realistic,Everything at once (realistic fidelity),11,0,0.0,1,0
odometry_pods+imu,imu|odometry_pods,odometry pods + IMU,2,2,194.85,194.85,drift|heading,combined_realistic,Everything at once (realistic fidelity),12,0,8.0147,1,0
odometry_pods+imu,imu|odometry_pods,odometry pods + IMU,2,2,194.85,194.85,drift|heading,combined_realistic,Everything at once (realistic fidelity),13,0,1.7874,0,0
odometry_pods+imu,imu|odometry_pods,odometry pods + IMU,2,2,194.85,194.85,drift|heading,combined_realistic,Everything at once (realistic fidelity),14,1,3.9542,0,0
odometry_pods+imu,imu|odometry_pods,odometry pods + IMU,2,2,194.85,194.85,drift|heading,combined_realistic,Everything at once (realistic fidelity),15,0,3.59,1,0
odometry_pods+imu,imu|odometry_pods,odometry pods + IMU,2,2,194.85,194.85,drift|heading,combined_realistic,Everything at once (realistic fidelity),16,0,0.7216,1,0
odometry_pods+imu,imu|odometry_pods,odometry pods + IMU,2,2,194.85,194.85,drift|heading,combined_realistic,Everything at once (realistic fidelity),17,0,1.4266,1,0
odometry_pods+imu,imu|odometry_pods,odometry pods + IMU,2,2,194.85,194.85,drift|heading,combined_realistic,Everything at once (realistic fidelity),18,0,6.7662,1,0
odometry_pods+imu,imu|odometry_pods,odometry pods + IMU,2,2,194.85,194.85,drift|heading,combined_realistic,Everything at once (realistic fidelity),19,0,1.6343,1,0
odometry_pods+imu,imu|odometry_pods,odometry pods + IMU,2,2,194.85,194.85,drift|heading,combined_realistic,Everything at once (realistic fidelity),20,0,0.0,1,0
odometry_pods+imu,imu|odometry_pods,odometry pods + IMU,2,2,194.85,194.85,drift|heading,combined_realistic,Everything at once (realistic fidelity),21,0,0.7749,1,0
odometry_pods+imu,imu|odometry_pods,odometry pods + IMU,2,2,194.85,194.85,drift|heading,combined_realistic,Everything at once (realistic fidelity),22,0,1.7197,1,0
odometry_pods+imu,imu|odometry_pods,odometry pods + IMU,2,2,194.85,194.85,drift|heading,combined_realistic,Everything at once (realistic fidelity),23,0,1.9586,1,0
odometry_pods+imu,imu|odometry_pods,odometry pods + IMU,2,2,194.85,194.85,drift|heading,combined_realistic,Everything at once (realistic fidelity),24,0,1.1246,1,0
odometry_pods+imu,imu|odometry_pods,odometry pods + IMU,2,2,194.85,194.85,drift|heading,corridor,"Tight corridor, mixed deviation",0,0,6.4095,0,0
odometry_pods+imu,imu|odometry_pods,odometry pods + IMU,2,2,194.85,194.85,drift|heading,corridor,"Tight corridor, mixed deviation",1,0,4.6682,0,0
odometry_pods+imu,imu|odometry_pods,odometry pods + IMU,2,2,194.85,194.85,drift|heading,corridor,"Tight corridor, mixed deviation",2,0,7.3784,1,0
odometry_pods+imu,imu|odometry_pods,odometry pods + IMU,2,2,194.85,194.85,drift|heading,corridor,"Tight corridor, mixed deviation",3,0,3.8574,0,0
odometry_pods+imu,imu|odometry_pods,odometry pods + IMU,2,2,194.85,194.85,drift|heading,corridor,"Tight corridor, mixed deviation",4,0,4.1141,0,0
odometry_pods+imu,imu|odometry_pods,odometry pods + IMU,2,2,194.85,194.85,drift|heading,corridor,"Tight corridor, mixed deviation",5,0,8.3993,0,0
odometry_pods+imu,imu|odometry_pods,odometry pods + IMU,2,2,194.85,194.85,drift|heading,corridor,"Tight corridor, mixed deviation",6,1,7.85,0,0
odometry_pods+imu,imu|odometry_pods,odometry pods + IMU,2,2,194.85,194.85,drift|heading,corridor,"Tight corridor, mixed deviation",7,0,12.3769,0,0
odometry_pods+imu,imu|odometry_pods,odometry pods + IMU,2,2,194.85,194.85,drift|heading,corridor,"Tight corridor, mixed deviation",8,0,6.8157,0,0
odometry_pods+imu,imu|odometry_pods,odometry pods + IMU,2,2,194.85,194.85,drift|heading,corridor,"Tight corridor, mixed deviation",9,1,6.0999,0,0
odometry_pods+imu,imu|odometry_pods,odometry pods + IMU,2,2,194.85,194.85,drift|heading,corridor,"Tight corridor, mixed deviation",10,1,6.9838,0,0
odometry_pods+imu,imu|odometry_pods,odometry pods + IMU,2,2,194.85,194.85,drift|heading,corridor,"Tight corridor, mixed deviation",11,1,6.3649,0,0
odometry_pods+imu,imu|odometry_pods,odometry pods + IMU,2,2,194.85,194.85,drift|heading,corridor,"Tight corridor, mixed deviation",12,0,8.2406,0,0
odometry_pods+imu,imu|odometry_pods,odometry pods + IMU,2,2,194.85,194.85,drift|heading,corridor,"Tight corridor, mixed deviation",13,0,4.057,1,0
odometry_pods+imu,imu|odometry_pods,odometry pods + IMU,2,2,194.85,194.85,drift|heading,corridor,"Tight corridor, mixed deviation",14,0,2.1229,0,0
odometry_pods+imu,imu|odometry_pods,odometry pods + IMU,2,2,194.85,194.85,drift|heading,corridor,"Tight corridor, mixed deviation",15,0,6.3636,0,0
odometry_pods+imu,imu|odometry_pods,odometry pods + IMU,2,2,194.85,194.85,drift|heading,corridor,"Tight corridor, mixed deviation",16,0,3.8796,1,0
odometry_pods+imu,imu|odometry_pods,odometry pods + IMU,2,2,194.85,194.85,drift|heading,corridor,"Tight corridor, mixed deviation",17,0,2.5234,1,0
odometry_pods+imu,imu|odometry_pods,odometry pods + IMU,2,2,194.85,194.85,drift|heading,corridor,"Tight corridor, mixed deviation",18,0,13.4326,0,0
odometry_pods+imu,imu|odometry_pods,odometry pods + IMU,2,2,194.85,194.85,drift|heading,corridor,"Tight corridor, mixed deviation",19,0,2.3113,0,0
odometry_pods+imu,imu|odometry_pods,odometry pods + IMU,2,2,194.85,194.85,drift|heading,corridor,"Tight corridor, mixed deviation",20,0,5.2174,1,0
odometry_pods+imu,imu|odometry_pods,odometry pods + IMU,2,2,194.85,194.85,drift|heading,corridor,"Tight corridor, mixed deviation",21,0,4.0852,0,0
odometry_pods+imu,imu|odometry_pods,odometry pods + IMU,2,2,194.85,194.85,drift|heading,corridor,"Tight corridor, mixed deviation",22,0,3.1917,0,0
odometry_pods+imu,imu|odometry_pods,odometry pods + IMU,2,2,194.85,194.85,drift|heading,corridor,"Tight corridor, mixed deviation",23,0,3.6038,1,0
odometry_pods+imu,imu|odometry_pods,odometry pods + IMU,2,2,194.85,194.85,drift|heading,corridor,"Tight corridor, mixed deviation",24,0,6.4541,1,0
odometry_pods+dual_camera_apriltag,camera_front|camera_rear|odometry_pods,odometry pods + front camera + rear camera,2,3,244.85,244.85,drift|pose,pose_drift,Heavy pose drift,0,0,0.0,1,0
odometry_pods+dual_camera_apriltag,camera_front|camera_rear|odometry_pods,odometry pods + front camera + rear camera,2,3,244.85,244.85,drift|pose,pose_drift,Heavy pose drift,1,0,2.1,1,0
odometry_pods+dual_camera_apriltag,camera_front|camera_rear|odometry_pods,odometry pods + front camera + rear camera,2,3,244.85,244.85,drift|pose,pose_drift,Heavy pose drift,2,0,8.4596,1,0
odometry_pods+dual_camera_apriltag,camera_front|camera_rear|odometry_pods,odometry pods + front camera + rear camera,2,3,244.85,244.85,drift|pose,pose_drift,Heavy pose drift,3,0,3.8761,1,0
odometry_pods+dual_camera_apriltag,camera_front|camera_rear|odometry_pods,odometry pods + front camera + rear camera,2,3,244.85,244.85,drift|pose,pose_drift,Heavy pose drift,4,0,9.7899,0,0
odometry_pods+dual_camera_apriltag,camera_front|camera_rear|odometry_pods,odometry pods + front camera + rear camera,2,3,244.85,244.85,drift|pose,pose_drift,Heavy pose drift,5,0,2.0576,1,0
odometry_pods+dual_camera_apriltag,camera_front|camera_rear|odometry_pods,odometry pods + front camera + rear camera,2,3,244.85,244.85,drift|pose,pose_drift,Heavy pose drift,6,0,2.2381,0,0
odometry_pods+dual_camera_apriltag,camera_front|camera_rear|odometry_pods,odometry pods + front camera + rear camera,2,3,244.85,244.85,drift|pose,pose_drift,Heavy pose drift,7,0,0.0,1,0
odometry_pods+dual_camera_apriltag,camera_front|camera_rear|odometry_pods,odometry pods + front camera + rear camera,2,3,244.85,244.85,drift|pose,pose_drift,Heavy pose drift,8,0,1.4704,0,0
odometry_pods+dual_camera_apriltag,camera_front|camera_rear|odometry_pods,odometry pods + front camera + rear camera,2,3,244.85,244.85,drift|pose,pose_drift,Heavy pose drift,9,0,6.3874,1,0
odometry_pods+dual_camera_apriltag,camera_front|camera_rear|odometry_pods,odometry pods + front camera + rear camera,2,3,244.85,244.85,drift|pose,pose_drift,Heavy pose drift,10,0,1.9212,0,0
odometry_pods+dual_camera_apriltag,camera_front|camera_rear|odometry_pods,odometry pods + front camera + rear camera,2,3,244.85,244.85,drift|pose,pose_drift,Heavy pose drift,11,0,0.0,1,0
odometry_pods+dual_camera_apriltag,camera_front|camera_rear|odometry_pods,odometry pods + front camera + rear camera,2,3,244.85,244.85,drift|pose,pose_drift,Heavy pose drift,12,0,7.2807,1,0
odometry_pods+dual_camera_apriltag,camera_front|camera_rear|odometry_pods,odometry pods + front camera + rear camera,2,3,244.85,244.85,drift|pose,pose_drift,Heavy pose drift,13,0,0.9016,1,0
odometry_pods+dual_camera_apriltag,camera_front|camera_rear|odometry_pods,odometry pods + front camera + rear camera,2,3,244.85,244.85,drift|pose,pose_drift,Heavy pose drift,14,0,1.9407,1,0
odometry_pods+dual_camera_apriltag,camera_front|camera_rear|odometry_pods,odometry pods + front camera + rear camera,2,3,244.85,244.85,drift|pose,pose_drift,Heavy pose drift,15,0,0.8146,1,0
odometry_pods+dual_camera_apriltag,camera_front|camera_rear|odometry_pods,odometry pods + front camera + rear camera,2,3,244.85,244.85,drift|pose,pose_drift,Heavy pose drift,16,0,0.7216,1,0
odometry_pods+dual_camera_apriltag,camera_front|camera_rear|odometry_pods,odometry pods + front camera + rear camera,2,3,244.85,244.85,drift|pose,pose_drift,Heavy pose drift,17,0,1.4266,1,0
odometry_pods+dual_camera_apriltag,camera_front|camera_rear|odometry_pods,odometry pods + front camera + rear camera,2,3,244.85,244.85,drift|pose,pose_drift,Heavy pose drift,18,0,0.0,1,0
odometry_pods+dual_camera_apriltag,camera_front|camera_rear|odometry_pods,odometry pods + front camera + rear camera,2,3,244.85,244.85,drift|pose,pose_drift,Heavy pose drift,19,0,2.401,1,0
odometry_pods+dual_camera_apriltag,camera_front|camera_rear|odometry_pods,odometry pods + front camera + rear camera,2,3,244.85,244.85,drift|pose,pose_drift,Heavy pose drift,20,0,4.9211,1,0
odometry_pods+dual_camera_apriltag,camera_front|camera_rear|odometry_pods,odometry pods + front camera + rear camera,2,3,244.85,244.85,drift|pose,pose_drift,Heavy pose drift,21,0,0.0,1,0
odometry_pods+dual_camera_apriltag,camera_front|camera_rear|odometry_pods,odometry pods + front camera + rear camera,2,3,244.85,244.85,drift|pose,pose_drift,Heavy pose drift,22,0,0.0,1,0
odometry_pods+dual_camera_apriltag,camera_front|camera_rear|odometry_pods,odometry pods + front camera + rear camera,2,3,244.85,244.85,drift|pose,pose_drift,Heavy pose drift,23,0,1.9586,1,0
odometry_pods+dual_camera_apriltag,camera_front|camera_rear|odometry_pods,odometry pods + front camera + rear camera,2,3,244.85,244.85,drift|pose,pose_drift,Heavy pose drift,24,0,1.2047,1,0
odometry_pods+dual_camera_apriltag,camera_front|camera_rear|odometry_pods,odometry pods + front camera + rear camera,2,3,244.85,244.85,drift|pose,map_error,Field doesn't match the map,0,1,4.4144,0,0
odometry_pods+dual_camera_apriltag,camera_front|camera_rear|odometry_pods,odometry pods + front camera + rear camera,2,3,244.85,244.85,drift|pose,map_error,Field doesn't match the map,1,1,9.4825,0,0
odometry_pods+dual_camera_apriltag,camera_front|camera_rear|odometry_pods,odometry pods + front camera + rear camera,2,3,244.85,244.85,drift|pose,map_error,Field doesn't match the map,2,0,8.4596,1,0
odometry_pods+dual_camera_apriltag,camera_front|camera_rear|odometry_pods,odometry pods + front camera + rear camera,2,3,244.85,244.85,drift|pose,map_error,Field doesn't match the map,3,1,13.8951,0,0
odometry_pods+dual_camera_apriltag,camera_front|camera_rear|odometry_pods,odometry pods + front camera + rear camera,2,3,244.85,244.85,drift|pose,map_error,Field doesn't match the map,4,1,9.7949,0,0
odometry_pods+dual_camera_apriltag,camera_front|camera_rear|odometry_pods,odometry pods + front camera + rear camera,2,3,244.85,244.85,drift|pose,map_error,Field doesn't match the map,5,1,11.5879,0,0
odometry_pods+dual_camera_apriltag,camera_front|camera_rear|odometry_pods,odometry pods + front camera + rear camera,2,3,244.85,244.85,drift|pose,map_error,Field doesn't match the map,6,1,2.1508,0,0
odometry_pods+dual_camera_apriltag,camera_front|camera_rear|odometry_pods,odometry pods + front camera + rear camera,2,3,244.85,244.85,drift|pose,map_error,Field doesn't match the map,7,1,12.5714,0,0
odometry_pods+dual_camera_apriltag,camera_front|camera_rear|odometry_pods,odometry pods + front camera + rear camera,2,3,244.85,244.85,drift|pose,map_error,Field doesn't match the map,8,1,1.4523,0,0
odometry_pods+dual_camera_apriltag,camera_front|camera_rear|odometry_pods,odometry pods + front camera + rear camera,2,3,244.85,244.85,drift|pose,map_error,Field doesn't match the map,9,1,7.1176,0,0
odometry_pods+dual_camera_apriltag,camera_front|camera_rear|odometry_pods,odometry pods + front camera + rear camera,2,3,244.85,244.85,drift|pose,map_error,Field doesn't match the map,10,1,1.8031,0,0
odometry_pods+dual_camera_apriltag,camera_front|camera_rear|odometry_pods,odometry pods + front camera + rear camera,2,3,244.85,244.85,drift|pose,map_error,Field doesn't match the map,11,0,1.9363,1,0
odometry_pods+dual_camera_apriltag,camera_front|camera_rear|odometry_pods,odometry pods + front camera + rear camera,2,3,244.85,244.85,drift|pose,map_error,Field doesn't match the map,12,1,8.534,0,0
odometry_pods+dual_camera_apriltag,camera_front|camera_rear|odometry_pods,odometry pods + front camera + rear camera,2,3,244.85,244.85,drift|pose,map_error,Field doesn't match the map,13,0,0.9835,1,0
odometry_pods+dual_camera_apriltag,camera_front|camera_rear|odometry_pods,odometry pods + front camera + rear camera,2,3,244.85,244.85,drift|pose,map_error,Field doesn't match the map,14,1,3.9542,0,0
odometry_pods+dual_camera_apriltag,camera_front|camera_rear|odometry_pods,odometry pods + front camera + rear camera,2,3,244.85,244.85,drift|pose,map_error,Field doesn't match the map,15,1,9.8044,0,0
odometry_pods+dual_camera_apriltag,camera_front|camera_rear|odometry_pods,odometry pods + front camera + rear camera,2,3,244.85,244.85,drift|pose,map_error,Field doesn't match the map,16,0,6.2768,1,0
odometry_pods+dual_camera_apriltag,camera_front|camera_rear|odometry_pods,odometry pods + front camera + rear camera,2,3,244.85,244.85,drift|pose,map_error,Field doesn't match the map,17,0,0.0,1,0
odometry_pods+dual_camera_apriltag,camera_front|camera_rear|odometry_pods,odometry pods + front camera + rear camera,2,3,244.85,244.85,drift|pose,map_error,Field doesn't match the map,18,1,11.385,0,0
odometry_pods+dual_camera_apriltag,camera_front|camera_rear|odometry_pods,odometry pods + front camera + rear camera,2,3,244.85,244.85,drift|pose,map_error,Field doesn't match the map,19,1,8.816,0,0
odometry_pods+dual_camera_apriltag,camera_front|camera_rear|odometry_pods,odometry pods + front camera + rear camera,2,3,244.85,244.85,drift|pose,map_error,Field doesn't match the map,20,1,5.4103,0,0
odometry_pods+dual_camera_apriltag,camera_front|camera_rear|odometry_pods,odometry pods + front camera + rear camera,2,3,244.85,244.85,drift|pose,map_error,Field doesn't match the map,21,0,1.2917,1,0
odometry_pods+dual_camera_apriltag,camera_front|camera_rear|odometry_pods,odometry pods + front camera + rear camera,2,3,244.85,244.85,drift|pose,map_error,Field doesn't match the map,22,1,9.0866,0,0
odometry_pods+dual_camera_apriltag,camera_front|camera_rear|odometry_pods,odometry pods + front camera + rear camera,2,3,244.85,244.85,drift|pose,map_error,Field doesn't match the map,23,0,13.6366,1,0
odometry_pods+dual_camera_apriltag,camera_front|camera_rear|odometry_pods,odometry pods + front camera + rear camera,2,3,244.85,244.85,drift|pose,map_error,Field doesn't match the map,24,0,3.891,1,0
odometry_pods+dual_camera_apriltag,camera_front|camera_rear|odometry_pods,odometry pods + front camera + rear camera,2,3,244.85,244.85,drift|pose,opponent,Opponent parks in the route,0,1,4.4144,0,0
odometry_pods+dual_camera_apriltag,camera_front|camera_rear|odometry_pods,odometry pods + front camera + rear camera,2,3,244.85,244.85,drift|pose,opponent,Opponent parks in the route,1,1,9.4825,0,0
odometry_pods+dual_camera_apriltag,camera_front|camera_rear|odometry_pods,odometry pods + front camera + rear camera,2,3,244.85,244.85,drift|pose,opponent,Opponent parks in the route,2,0,4.3681,1,0
odometry_pods+dual_camera_apriltag,camera_front|camera_rear|odometry_pods,odometry pods + front camera + rear camera,2,3,244.85,244.85,drift|pose,opponent,Opponent parks in the route,3,0,1.1353,1,0
odometry_pods+dual_camera_apriltag,camera_front|camera_rear|odometry_pods,odometry pods + front camera + rear camera,2,3,244.85,244.85,drift|pose,opponent,Opponent parks in the route,4,1,9.7949,0,0
odometry_pods+dual_camera_apriltag,camera_front|camera_rear|odometry_pods,odometry pods + front camera + rear camera,2,3,244.85,244.85,drift|pose,opponent,Opponent parks in the route,5,1,11.5879,0,0
odometry_pods+dual_camera_apriltag,camera_front|camera_rear|odometry_pods,odometry pods + front camera + rear camera,2,3,244.85,244.85,drift|pose,opponent,Opponent parks in the route,6,0,0.9639,1,0
odometry_pods+dual_camera_apriltag,camera_front|camera_rear|odometry_pods,odometry pods + front camera + rear camera,2,3,244.85,244.85,drift|pose,opponent,Opponent parks in the route,7,0,11.3846,1,0
odometry_pods+dual_camera_apriltag,camera_front|camera_rear|odometry_pods,odometry pods + front camera + rear camera,2,3,244.85,244.85,drift|pose,opponent,Opponent parks in the route,8,1,1.4523,0,0
odometry_pods+dual_camera_apriltag,camera_front|camera_rear|odometry_pods,odometry pods + front camera + rear camera,2,3,244.85,244.85,drift|pose,opponent,Opponent parks in the route,9,0,0.0,1,0
odometry_pods+dual_camera_apriltag,camera_front|camera_rear|odometry_pods,odometry pods + front camera + rear camera,2,3,244.85,244.85,drift|pose,opponent,Opponent parks in the route,10,0,0.0,1,0
odometry_pods+dual_camera_apriltag,camera_front|camera_rear|odometry_pods,odometry pods + front camera + rear camera,2,3,244.85,244.85,drift|pose,opponent,Opponent parks in the route,11,0,4.841,1,0
odometry_pods+dual_camera_apriltag,camera_front|camera_rear|odometry_pods,odometry pods + front camera + rear camera,2,3,244.85,244.85,drift|pose,opponent,Opponent parks in the route,12,1,8.534,0,0
odometry_pods+dual_camera_apriltag,camera_front|camera_rear|odometry_pods,odometry pods + front camera + rear camera,2,3,244.85,244.85,drift|pose,opponent,Opponent parks in the route,13,0,0.9835,1,0
odometry_pods+dual_camera_apriltag,camera_front|camera_rear|odometry_pods,odometry pods + front camera + rear camera,2,3,244.85,244.85,drift|pose,opponent,Opponent parks in the route,14,1,3.9542,0,0
odometry_pods+dual_camera_apriltag,camera_front|camera_rear|odometry_pods,odometry pods + front camera + rear camera,2,3,244.85,244.85,drift|pose,opponent,Opponent parks in the route,15,0,7.2307,1,0
odometry_pods+dual_camera_apriltag,camera_front|camera_rear|odometry_pods,odometry pods + front camera + rear camera,2,3,244.85,244.85,drift|pose,opponent,Opponent parks in the route,16,0,3.9031,1,0
odometry_pods+dual_camera_apriltag,camera_front|camera_rear|odometry_pods,odometry pods + front camera + rear camera,2,3,244.85,244.85,drift|pose,opponent,Opponent parks in the route,17,0,8.3571,1,0
odometry_pods+dual_camera_apriltag,camera_front|camera_rear|odometry_pods,odometry pods + front camera + rear camera,2,3,244.85,244.85,drift|pose,opponent,Opponent parks in the route,18,1,11.385,0,0
odometry_pods+dual_camera_apriltag,camera_front|camera_rear|odometry_pods,odometry pods + front camera + rear camera,2,3,244.85,244.85,drift|pose,opponent,Opponent parks in the route,19,0,2.3853,1,0
odometry_pods+dual_camera_apriltag,camera_front|camera_rear|odometry_pods,odometry pods + front camera + rear camera,2,3,244.85,244.85,drift|pose,opponent,Opponent parks in the route,20,0,1.7196,1,0
odometry_pods+dual_camera_apriltag,camera_front|camera_rear|odometry_pods,odometry pods + front camera + rear camera,2,3,244.85,244.85,drift|pose,opponent,Opponent parks in the route,21,0,1.2917,1,0
odometry_pods+dual_camera_apriltag,camera_front|camera_rear|odometry_pods,odometry pods + front camera + rear camera,2,3,244.85,244.85,drift|pose,opponent,Opponent parks in the route,22,1,9.0866,0,0
odometry_pods+dual_camera_apriltag,camera_front|camera_rear|odometry_pods,odometry pods + front camera + rear camera,2,3,244.85,244.85,drift|pose,opponent,Opponent parks in the route,23,0,8.4436,1,0
odometry_pods+dual_camera_apriltag,camera_front|camera_rear|odometry_pods,odometry pods + front camera + rear camera,2,3,244.85,244.85,drift|pose,opponent,Opponent parks in the route,24,0,2.5387,1,0
odometry_pods+dual_camera_apriltag,camera_front|camera_rear|odometry_pods,odometry pods + front camera + rear camera,2,3,244.85,244.85,drift|pose,combined_realistic,Everything at once (realistic fidelity),0,1,3.8052,0,0
odometry_pods+dual_camera_apriltag,camera_front|camera_rear|odometry_pods,odometry pods + front camera + rear camera,2,3,244.85,244.85,drift|pose,combined_realistic,Everything at once (realistic fidelity),1,0,0.0,1,0
odometry_pods+dual_camera_apriltag,camera_front|camera_rear|odometry_pods,odometry pods + front camera + rear camera,2,3,244.85,244.85,drift|pose,combined_realistic,Everything at once (realistic fidelity),2,0,1.1889,1,0
odometry_pods+dual_camera_apriltag,camera_front|camera_rear|odometry_pods,odometry pods + front camera + rear camera,2,3,244.85,244.85,drift|pose,combined_realistic,Everything at once (realistic fidelity),3,0,2.5201,1,0
odometry_pods+dual_camera_apriltag,camera_front|camera_rear|odometry_pods,odometry pods + front camera + rear camera,2,3,244.85,244.85,drift|pose,combined_realistic,Everything at once (realistic fidelity),4,0,2.9866,1,0
odometry_pods+dual_camera_apriltag,camera_front|camera_rear|odometry_pods,odometry pods + front camera + rear camera,2,3,244.85,244.85,drift|pose,combined_realistic,Everything at once (realistic fidelity),5,0,4.3219,1,0
odometry_pods+dual_camera_apriltag,camera_front|camera_rear|odometry_pods,odometry pods + front camera + rear camera,2,3,244.85,244.85,drift|pose,combined_realistic,Everything at once (realistic fidelity),6,0,1.3523,1,0
odometry_pods+dual_camera_apriltag,camera_front|camera_rear|odometry_pods,odometry pods + front camera + rear camera,2,3,244.85,244.85,drift|pose,combined_realistic,Everything at once (realistic fidelity),7,0,5.921,1,0
odometry_pods+dual_camera_apriltag,camera_front|camera_rear|odometry_pods,odometry pods + front camera + rear camera,2,3,244.85,244.85,drift|pose,combined_realistic,Everything at once (realistic fidelity),8,0,1.4704,0,0
odometry_pods+dual_camera_apriltag,camera_front|camera_rear|odometry_pods,odometry pods + front camera + rear camera,2,3,244.85,244.85,drift|pose,combined_realistic,Everything at once (realistic fidelity),9,0,7.1392,0,0
odometry_pods+dual_camera_apriltag,camera_front|camera_rear|odometry_pods,odometry pods + front camera + rear camera,2,3,244.85,244.85,drift|pose,combined_realistic,Everything at once (realistic fidelity),10,0,1.8534,0,0
odometry_pods+dual_camera_apriltag,camera_front|camera_rear|odometry_pods,odometry pods + front camera + rear camera,2,3,244.85,244.85,drift|pose,combined_realistic,Everything at once (realistic fidelity),11,0,0.0,1,0
odometry_pods+dual_camera_apriltag,camera_front|camera_rear|odometry_pods,odometry pods + front camera + rear camera,2,3,244.85,244.85,drift|pose,combined_realistic,Everything at once (realistic fidelity),12,0,8.0147,1,0
odometry_pods+dual_camera_apriltag,camera_front|camera_rear|odometry_pods,odometry pods + front camera + rear camera,2,3,244.85,244.85,drift|pose,combined_realistic,Everything at once (realistic fidelity),13,0,1.7874,0,0
odometry_pods+dual_camera_apriltag,camera_front|camera_rear|odometry_pods,odometry pods + front camera + rear camera,2,3,244.85,244.85,drift|pose,combined_realistic,Everything at once (realistic fidelity),14,1,3.9542,0,0
odometry_pods+dual_camera_apriltag,camera_front|camera_rear|odometry_pods,odometry pods + front camera + rear camera,2,3,244.85,244.85,drift|pose,combined_realistic,Everything at once (realistic fidelity),15,0,3.59,1,0
odometry_pods+dual_camera_apriltag,camera_front|camera_rear|odometry_pods,odometry pods + front camera + rear camera,2,3,244.85,244.85,drift|pose,combined_realistic,Everything at once (realistic fidelity),16,0,0.7216,1,0
odometry_pods+dual_camera_apriltag,camera_front|camera_rear|odometry_pods,odometry pods + front camera + rear camera,2,3,244.85,244.85,drift|pose,combined_realistic,Everything at once (realistic fidelity),17,0,1.4266,1,0
odometry_pods+dual_camera_apriltag,camera_front|camera_rear|odometry_pods,odometry pods + front camera + rear camera,2,3,244.85,244.85,drift|pose,combined_realistic,Everything at once (realistic fidelity),18,0,8.6531,1,0
odometry_pods+dual_camera_apriltag,camera_front|camera_rear|odometry_pods,odometry pods + front camera + rear camera,2,3,244.85,244.85,drift|pose,combined_realistic,Everything at once (realistic fidelity),19,0,1.6343,1,0
odometry_pods+dual_camera_apriltag,camera_front|camera_rear|odometry_pods,odometry pods + front camera + rear camera,2,3,244.85,244.85,drift|pose,combined_realistic,Everything at once (realistic fidelity),20,0,0.0,1,0
odometry_pods+dual_camera_apriltag,camera_front|camera_rear|odometry_pods,odometry pods + front camera + rear camera,2,3,244.85,244.85,drift|pose,combined_realistic,Everything at once (realistic fidelity),21,0,0.7749,1,0
odometry_pods+dual_camera_apriltag,camera_front|camera_rear|odometry_pods,odometry pods + front camera + rear camera,2,3,244.85,244.85,drift|pose,combined_realistic,Everything at once (realistic fidelity),22,0,1.7197,1,0
odometry_pods+dual_camera_apriltag,camera_front|camera_rear|odometry_pods,odometry pods + front camera + rear camera,2,3,244.85,244.85,drift|pose,combined_realistic,Everything at once (realistic fidelity),23,0,1.9586,1,0
odometry_pods+dual_camera_apriltag,camera_front|camera_rear|odometry_pods,odometry pods + front camera + rear camera,2,3,244.85,244.85,drift|pose,combined_realistic,Everything at once (realistic fidelity),24,0,1.1246,1,0
odometry_pods+dual_camera_apriltag,camera_front|camera_rear|odometry_pods,odometry pods + front camera + rear camera,2,3,244.85,244.85,drift|pose,corridor,"Tight corridor, mixed deviation",0,1,6.4234,0,0
odometry_pods+dual_camera_apriltag,camera_front|camera_rear|odometry_pods,odometry pods + front camera + rear camera,2,3,244.85,244.85,drift|pose,corridor,"Tight corridor, mixed deviation",1,0,4.6682,0,0
odometry_pods+dual_camera_apriltag,camera_front|camera_rear|odometry_pods,odometry pods + front camera + rear camera,2,3,244.85,244.85,drift|pose,corridor,"Tight corridor, mixed deviation",2,0,7.7784,1,0
odometry_pods+dual_camera_apriltag,camera_front|camera_rear|odometry_pods,odometry pods + front camera + rear camera,2,3,244.85,244.85,drift|pose,corridor,"Tight corridor, mixed deviation",3,0,1.3337,1,0
odometry_pods+dual_camera_apriltag,camera_front|camera_rear|odometry_pods,odometry pods + front camera + rear camera,2,3,244.85,244.85,drift|pose,corridor,"Tight corridor, mixed deviation",4,0,4.1141,0,0
odometry_pods+dual_camera_apriltag,camera_front|camera_rear|odometry_pods,odometry pods + front camera + rear camera,2,3,244.85,244.85,drift|pose,corridor,"Tight corridor, mixed deviation",5,1,8.264,0,0
odometry_pods+dual_camera_apriltag,camera_front|camera_rear|odometry_pods,odometry pods + front camera + rear camera,2,3,244.85,244.85,drift|pose,corridor,"Tight corridor, mixed deviation",6,1,7.8,0,0
odometry_pods+dual_camera_apriltag,camera_front|camera_rear|odometry_pods,odometry pods + front camera + rear camera,2,3,244.85,244.85,drift|pose,corridor,"Tight corridor, mixed deviation",7,1,13.3777,0,0
odometry_pods+dual_camera_apriltag,camera_front|camera_rear|odometry_pods,odometry pods + front camera + rear camera,2,3,244.85,244.85,drift|pose,corridor,"Tight corridor, mixed deviation",8,1,7.5312,0,0
odometry_pods+dual_camera_apriltag,camera_front|camera_rear|odometry_pods,odometry pods + front camera + rear camera,2,3,244.85,244.85,drift|pose,corridor,"Tight corridor, mixed deviation",9,1,6.3999,0,0
odometry_pods+dual_camera_apriltag,camera_front|camera_rear|odometry_pods,odometry pods + front camera + rear camera,2,3,244.85,244.85,drift|pose,corridor,"Tight corridor, mixed deviation",10,1,6.8838,0,0
odometry_pods+dual_camera_apriltag,camera_front|camera_rear|odometry_pods,odometry pods + front camera + rear camera,2,3,244.85,244.85,drift|pose,corridor,"Tight corridor, mixed deviation",11,1,6.9149,0,0
odometry_pods+dual_camera_apriltag,camera_front|camera_rear|odometry_pods,odometry pods + front camera + rear camera,2,3,244.85,244.85,drift|pose,corridor,"Tight corridor, mixed deviation",12,1,8.7053,0,0
odometry_pods+dual_camera_apriltag,camera_front|camera_rear|odometry_pods,odometry pods + front camera + rear camera,2,3,244.85,244.85,drift|pose,corridor,"Tight corridor, mixed deviation",13,0,4.207,1,0
odometry_pods+dual_camera_apriltag,camera_front|camera_rear|odometry_pods,odometry pods + front camera + rear camera,2,3,244.85,244.85,drift|pose,corridor,"Tight corridor, mixed deviation",14,0,2.1229,0,0
odometry_pods+dual_camera_apriltag,camera_front|camera_rear|odometry_pods,odometry pods + front camera + rear camera,2,3,244.85,244.85,drift|pose,corridor,"Tight corridor, mixed deviation",15,1,7.4643,0,0
odometry_pods+dual_camera_apriltag,camera_front|camera_rear|odometry_pods,odometry pods + front camera + rear camera,2,3,244.85,244.85,drift|pose,corridor,"Tight corridor, mixed deviation",16,1,11.8507,0,0
odometry_pods+dual_camera_apriltag,camera_front|camera_rear|odometry_pods,odometry pods + front camera + rear camera,2,3,244.85,244.85,drift|pose,corridor,"Tight corridor, mixed deviation",17,0,2.5234,1,0
odometry_pods+dual_camera_apriltag,camera_front|camera_rear|odometry_pods,odometry pods + front camera + rear camera,2,3,244.85,244.85,drift|pose,corridor,"Tight corridor, mixed deviation",18,1,14.0679,0,0
odometry_pods+dual_camera_apriltag,camera_front|camera_rear|odometry_pods,odometry pods + front camera + rear camera,2,3,244.85,244.85,drift|pose,corridor,"Tight corridor, mixed deviation",19,0,2.3113,0,0
odometry_pods+dual_camera_apriltag,camera_front|camera_rear|odometry_pods,odometry pods + front camera + rear camera,2,3,244.85,244.85,drift|pose,corridor,"Tight corridor, mixed deviation",20,1,7.9205,0,0
odometry_pods+dual_camera_apriltag,camera_front|camera_rear|odometry_pods,odometry pods + front camera + rear camera,2,3,244.85,244.85,drift|pose,corridor,"Tight corridor, mixed deviation",21,1,4.6705,0,0
odometry_pods+dual_camera_apriltag,camera_front|camera_rear|odometry_pods,odometry pods + front camera + rear camera,2,3,244.85,244.85,drift|pose,corridor,"Tight corridor, mixed deviation",22,0,3.1917,0,0
odometry_pods+dual_camera_apriltag,camera_front|camera_rear|odometry_pods,odometry pods + front camera + rear camera,2,3,244.85,244.85,drift|pose,corridor,"Tight corridor, mixed deviation",23,0,3.6038,1,0
odometry_pods+dual_camera_apriltag,camera_front|camera_rear|odometry_pods,odometry pods + front camera + rear camera,2,3,244.85,244.85,drift|pose,corridor,"Tight corridor, mixed deviation",24,1,7.2549,0,0
odometry_pods+apriltag_imu,camera_front|imu|odometry_pods,odometry pods + IMU + front camera,2,3,219.85,219.85,drift|heading|pose,pose_drift,Heavy pose drift,0,0,0.0,1,0
odometry_pods+apriltag_imu,camera_front|imu|odometry_pods,odometry pods + IMU + front camera,2,3,219.85,219.85,drift|heading|pose,pose_drift,Heavy pose drift,1,0,2.1,1,0
odometry_pods+apriltag_imu,camera_front|imu|odometry_pods,odometry pods + IMU + front camera,2,3,219.85,219.85,drift|heading|pose,pose_drift,Heavy pose drift,2,0,8.4596,1,0
odometry_pods+apriltag_imu,camera_front|imu|odometry_pods,odometry pods + IMU + front camera,2,3,219.85,219.85,drift|heading|pose,pose_drift,Heavy pose drift,3,0,3.8761,1,0
odometry_pods+apriltag_imu,camera_front|imu|odometry_pods,odometry pods + IMU + front camera,2,3,219.85,219.85,drift|heading|pose,pose_drift,Heavy pose drift,4,0,9.7899,0,0
odometry_pods+apriltag_imu,camera_front|imu|odometry_pods,odometry pods + IMU + front camera,2,3,219.85,219.85,drift|heading|pose,pose_drift,Heavy pose drift,5,0,2.0576,1,0
odometry_pods+apriltag_imu,camera_front|imu|odometry_pods,odometry pods + IMU + front camera,2,3,219.85,219.85,drift|heading|pose,pose_drift,Heavy pose drift,6,0,2.2381,0,0
odometry_pods+apriltag_imu,camera_front|imu|odometry_pods,odometry pods + IMU + front camera,2,3,219.85,219.85,drift|heading|pose,pose_drift,Heavy pose drift,7,0,0.0,1,0
odometry_pods+apriltag_imu,camera_front|imu|odometry_pods,odometry pods + IMU + front camera,2,3,219.85,219.85,drift|heading|pose,pose_drift,Heavy pose drift,8,0,1.4704,0,0
odometry_pods+apriltag_imu,camera_front|imu|odometry_pods,odometry pods + IMU + front camera,2,3,219.85,219.85,drift|heading|pose,pose_drift,Heavy pose drift,9,0,6.3874,1,0
odometry_pods+apriltag_imu,camera_front|imu|odometry_pods,odometry pods + IMU + front camera,2,3,219.85,219.85,drift|heading|pose,pose_drift,Heavy pose drift,10,0,1.9212,0,0
odometry_pods+apriltag_imu,camera_front|imu|odometry_pods,odometry pods + IMU + front camera,2,3,219.85,219.85,drift|heading|pose,pose_drift,Heavy pose drift,11,0,0.0,1,0
odometry_pods+apriltag_imu,camera_front|imu|odometry_pods,odometry pods + IMU + front camera,2,3,219.85,219.85,drift|heading|pose,pose_drift,Heavy pose drift,12,0,7.2807,1,0
odometry_pods+apriltag_imu,camera_front|imu|odometry_pods,odometry pods + IMU + front camera,2,3,219.85,219.85,drift|heading|pose,pose_drift,Heavy pose drift,13,0,0.9016,1,0
odometry_pods+apriltag_imu,camera_front|imu|odometry_pods,odometry pods + IMU + front camera,2,3,219.85,219.85,drift|heading|pose,pose_drift,Heavy pose drift,14,0,1.9407,1,0
odometry_pods+apriltag_imu,camera_front|imu|odometry_pods,odometry pods + IMU + front camera,2,3,219.85,219.85,drift|heading|pose,pose_drift,Heavy pose drift,15,0,0.8146,1,0
odometry_pods+apriltag_imu,camera_front|imu|odometry_pods,odometry pods + IMU + front camera,2,3,219.85,219.85,drift|heading|pose,pose_drift,Heavy pose drift,16,0,0.7216,1,0
odometry_pods+apriltag_imu,camera_front|imu|odometry_pods,odometry pods + IMU + front camera,2,3,219.85,219.85,drift|heading|pose,pose_drift,Heavy pose drift,17,0,1.4266,1,0
odometry_pods+apriltag_imu,camera_front|imu|odometry_pods,odometry pods + IMU + front camera,2,3,219.85,219.85,drift|heading|pose,pose_drift,Heavy pose drift,18,0,0.0,1,0
odometry_pods+apriltag_imu,camera_front|imu|odometry_pods,odometry pods + IMU + front camera,2,3,219.85,219.85,drift|heading|pose,pose_drift,Heavy pose drift,19,0,2.401,1,0
odometry_pods+apriltag_imu,camera_front|imu|odometry_pods,odometry pods + IMU + front camera,2,3,219.85,219.85,drift|heading|pose,pose_drift,Heavy pose drift,20,0,4.9211,1,0
odometry_pods+apriltag_imu,camera_front|imu|odometry_pods,odometry pods + IMU + front camera,2,3,219.85,219.85,drift|heading|pose,pose_drift,Heavy pose drift,21,0,0.0,1,0
odometry_pods+apriltag_imu,camera_front|imu|odometry_pods,odometry pods + IMU + front camera,2,3,219.85,219.85,drift|heading|pose,pose_drift,Heavy pose drift,22,0,0.0,1,0
odometry_pods+apriltag_imu,camera_front|imu|odometry_pods,odometry pods + IMU + front camera,2,3,219.85,219.85,drift|heading|pose,pose_drift,Heavy pose drift,23,0,1.9586,1,0
odometry_pods+apriltag_imu,camera_front|imu|odometry_pods,odometry pods + IMU + front camera,2,3,219.85,219.85,drift|heading|pose,pose_drift,Heavy pose drift,24,0,1.2047,1,0
odometry_pods+apriltag_imu,camera_front|imu|odometry_pods,odometry pods + IMU + front camera,2,3,219.85,219.85,drift|heading|pose,map_error,Field doesn't match the map,0,1,4.4144,0,0
odometry_pods+apriltag_imu,camera_front|imu|odometry_pods,odometry pods + IMU + front camera,2,3,219.85,219.85,drift|heading|pose,map_error,Field doesn't match the map,1,1,9.4825,0,0
odometry_pods+apriltag_imu,camera_front|imu|odometry_pods,odometry pods + IMU + front camera,2,3,219.85,219.85,drift|heading|pose,map_error,Field doesn't match the map,2,0,8.4596,1,0
odometry_pods+apriltag_imu,camera_front|imu|odometry_pods,odometry pods + IMU + front camera,2,3,219.85,219.85,drift|heading|pose,map_error,Field doesn't match the map,3,1,13.8951,0,0
odometry_pods+apriltag_imu,camera_front|imu|odometry_pods,odometry pods + IMU + front camera,2,3,219.85,219.85,drift|heading|pose,map_error,Field doesn't match the map,4,1,9.7949,0,0
odometry_pods+apriltag_imu,camera_front|imu|odometry_pods,odometry pods + IMU + front camera,2,3,219.85,219.85,drift|heading|pose,map_error,Field doesn't match the map,5,1,11.5879,0,0
odometry_pods+apriltag_imu,camera_front|imu|odometry_pods,odometry pods + IMU + front camera,2,3,219.85,219.85,drift|heading|pose,map_error,Field doesn't match the map,6,1,2.1508,0,0
odometry_pods+apriltag_imu,camera_front|imu|odometry_pods,odometry pods + IMU + front camera,2,3,219.85,219.85,drift|heading|pose,map_error,Field doesn't match the map,7,1,12.5714,0,0
odometry_pods+apriltag_imu,camera_front|imu|odometry_pods,odometry pods + IMU + front camera,2,3,219.85,219.85,drift|heading|pose,map_error,Field doesn't match the map,8,1,1.4523,0,0
odometry_pods+apriltag_imu,camera_front|imu|odometry_pods,odometry pods + IMU + front camera,2,3,219.85,219.85,drift|heading|pose,map_error,Field doesn't match the map,9,1,7.1176,0,0
odometry_pods+apriltag_imu,camera_front|imu|odometry_pods,odometry pods + IMU + front camera,2,3,219.85,219.85,drift|heading|pose,map_error,Field doesn't match the map,10,1,1.8031,0,0
odometry_pods+apriltag_imu,camera_front|imu|odometry_pods,odometry pods + IMU + front camera,2,3,219.85,219.85,drift|heading|pose,map_error,Field doesn't match the map,11,0,1.9363,1,0
odometry_pods+apriltag_imu,camera_front|imu|odometry_pods,odometry pods + IMU + front camera,2,3,219.85,219.85,drift|heading|pose,map_error,Field doesn't match the map,12,1,8.534,0,0
odometry_pods+apriltag_imu,camera_front|imu|odometry_pods,odometry pods + IMU + front camera,2,3,219.85,219.85,drift|heading|pose,map_error,Field doesn't match the map,13,0,0.9835,1,0
odometry_pods+apriltag_imu,camera_front|imu|odometry_pods,odometry pods + IMU + front camera,2,3,219.85,219.85,drift|heading|pose,map_error,Field doesn't match the map,14,1,3.9542,0,0
odometry_pods+apriltag_imu,camera_front|imu|odometry_pods,odometry pods + IMU + front camera,2,3,219.85,219.85,drift|heading|pose,map_error,Field doesn't match the map,15,1,9.8044,0,0
odometry_pods+apriltag_imu,camera_front|imu|odometry_pods,odometry pods + IMU + front camera,2,3,219.85,219.85,drift|heading|pose,map_error,Field doesn't match the map,16,0,6.2768,1,0
odometry_pods+apriltag_imu,camera_front|imu|odometry_pods,odometry pods + IMU + front camera,2,3,219.85,219.85,drift|heading|pose,map_error,Field doesn't match the map,17,0,0.0,1,0
odometry_pods+apriltag_imu,camera_front|imu|odometry_pods,odometry pods + IMU + front camera,2,3,219.85,219.85,drift|heading|pose,map_error,Field doesn't match the map,18,1,11.385,0,0
odometry_pods+apriltag_imu,camera_front|imu|odometry_pods,odometry pods + IMU + front camera,2,3,219.85,219.85,drift|heading|pose,map_error,Field doesn't match the map,19,1,8.816,0,0
odometry_pods+apriltag_imu,camera_front|imu|odometry_pods,odometry pods + IMU + front camera,2,3,219.85,219.85,drift|heading|pose,map_error,Field doesn't match the map,20,1,5.4103,0,0
odometry_pods+apriltag_imu,camera_front|imu|odometry_pods,odometry pods + IMU + front camera,2,3,219.85,219.85,drift|heading|pose,map_error,Field doesn't match the map,21,0,1.2917,1,0
odometry_pods+apriltag_imu,camera_front|imu|odometry_pods,odometry pods + IMU + front camera,2,3,219.85,219.85,drift|heading|pose,map_error,Field doesn't match the map,22,1,9.0866,0,0
odometry_pods+apriltag_imu,camera_front|imu|odometry_pods,odometry pods + IMU + front camera,2,3,219.85,219.85,drift|heading|pose,map_error,Field doesn't match the map,23,0,13.6366,1,0
odometry_pods+apriltag_imu,camera_front|imu|odometry_pods,odometry pods + IMU + front camera,2,3,219.85,219.85,drift|heading|pose,map_error,Field doesn't match the map,24,0,3.891,1,0
odometry_pods+apriltag_imu,camera_front|imu|odometry_pods,odometry pods + IMU + front camera,2,3,219.85,219.85,drift|heading|pose,opponent,Opponent parks in the route,0,1,4.4144,0,0
odometry_pods+apriltag_imu,camera_front|imu|odometry_pods,odometry pods + IMU + front camera,2,3,219.85,219.85,drift|heading|pose,opponent,Opponent parks in the route,1,1,9.4825,0,0
odometry_pods+apriltag_imu,camera_front|imu|odometry_pods,odometry pods + IMU + front camera,2,3,219.85,219.85,drift|heading|pose,opponent,Opponent parks in the route,2,0,4.3681,1,0
odometry_pods+apriltag_imu,camera_front|imu|odometry_pods,odometry pods + IMU + front camera,2,3,219.85,219.85,drift|heading|pose,opponent,Opponent parks in the route,3,0,1.1353,1,0
odometry_pods+apriltag_imu,camera_front|imu|odometry_pods,odometry pods + IMU + front camera,2,3,219.85,219.85,drift|heading|pose,opponent,Opponent parks in the route,4,1,9.7949,0,0
odometry_pods+apriltag_imu,camera_front|imu|odometry_pods,odometry pods + IMU + front camera,2,3,219.85,219.85,drift|heading|pose,opponent,Opponent parks in the route,5,1,11.5879,0,0
odometry_pods+apriltag_imu,camera_front|imu|odometry_pods,odometry pods + IMU + front camera,2,3,219.85,219.85,drift|heading|pose,opponent,Opponent parks in the route,6,0,0.9639,1,0
odometry_pods+apriltag_imu,camera_front|imu|odometry_pods,odometry pods + IMU + front camera,2,3,219.85,219.85,drift|heading|pose,opponent,Opponent parks in the route,7,0,11.3846,1,0
odometry_pods+apriltag_imu,camera_front|imu|odometry_pods,odometry pods + IMU + front camera,2,3,219.85,219.85,drift|heading|pose,opponent,Opponent parks in the route,8,1,1.4523,0,0
odometry_pods+apriltag_imu,camera_front|imu|odometry_pods,odometry pods + IMU + front camera,2,3,219.85,219.85,drift|heading|pose,opponent,Opponent parks in the route,9,0,0.0,1,0
odometry_pods+apriltag_imu,camera_front|imu|odometry_pods,odometry pods + IMU + front camera,2,3,219.85,219.85,drift|heading|pose,opponent,Opponent parks in the route,10,0,0.0,1,0
odometry_pods+apriltag_imu,camera_front|imu|odometry_pods,odometry pods + IMU + front camera,2,3,219.85,219.85,drift|heading|pose,opponent,Opponent parks in the route,11,0,4.841,1,0
odometry_pods+apriltag_imu,camera_front|imu|odometry_pods,odometry pods + IMU + front camera,2,3,219.85,219.85,drift|heading|pose,opponent,Opponent parks in the route,12,1,8.534,0,0
odometry_pods+apriltag_imu,camera_front|imu|odometry_pods,odometry pods + IMU + front camera,2,3,219.85,219.85,drift|heading|pose,opponent,Opponent parks in the route,13,0,0.9835,1,0
odometry_pods+apriltag_imu,camera_front|imu|odometry_pods,odometry pods + IMU + front camera,2,3,219.85,219.85,drift|heading|pose,opponent,Opponent parks in the route,14,1,3.9542,0,0
odometry_pods+apriltag_imu,camera_front|imu|odometry_pods,odometry pods + IMU + front camera,2,3,219.85,219.85,drift|heading|pose,opponent,Opponent parks in the route,15,0,7.2307,1,0
odometry_pods+apriltag_imu,camera_front|imu|odometry_pods,odometry pods + IMU + front camera,2,3,219.85,219.85,drift|heading|pose,opponent,Opponent parks in the route,16,0,3.9031,1,0
odometry_pods+apriltag_imu,camera_front|imu|odometry_pods,odometry pods + IMU + front camera,2,3,219.85,219.85,drift|heading|pose,opponent,Opponent parks in the route,17,0,8.3571,1,0
odometry_pods+apriltag_imu,camera_front|imu|odometry_pods,odometry pods + IMU + front camera,2,3,219.85,219.85,drift|heading|pose,opponent,Opponent parks in the route,18,1,11.385,0,0
odometry_pods+apriltag_imu,camera_front|imu|odometry_pods,odometry pods + IMU + front camera,2,3,219.85,219.85,drift|heading|pose,opponent,Opponent parks in the route,19,0,2.3853,1,0
odometry_pods+apriltag_imu,camera_front|imu|odometry_pods,odometry pods + IMU + front camera,2,3,219.85,219.85,drift|heading|pose,opponent,Opponent parks in the route,20,0,1.7196,1,0
odometry_pods+apriltag_imu,camera_front|imu|odometry_pods,odometry pods + IMU + front camera,2,3,219.85,219.85,drift|heading|pose,opponent,Opponent parks in the route,21,0,1.2917,1,0
odometry_pods+apriltag_imu,camera_front|imu|odometry_pods,odometry pods + IMU + front camera,2,3,219.85,219.85,drift|heading|pose,opponent,Opponent parks in the route,22,1,9.0866,0,0
odometry_pods+apriltag_imu,camera_front|imu|odometry_pods,odometry pods + IMU + front camera,2,3,219.85,219.85,drift|heading|pose,opponent,Opponent parks in the route,23,0,8.4436,1,0
odometry_pods+apriltag_imu,camera_front|imu|odometry_pods,odometry pods + IMU + front camera,2,3,219.85,219.85,drift|heading|pose,opponent,Opponent parks in the route,24,0,2.5387,1,0
odometry_pods+apriltag_imu,camera_front|imu|odometry_pods,odometry pods + IMU + front camera,2,3,219.85,219.85,drift|heading|pose,combined_realistic,Everything at once (realistic fidelity),0,1,3.6552,0,0
odometry_pods+apriltag_imu,camera_front|imu|odometry_pods,odometry pods + IMU + front camera,2,3,219.85,219.85,drift|heading|pose,combined_realistic,Everything at once (realistic fidelity),1,0,0.0,1,0
odometry_pods+apriltag_imu,camera_front|imu|odometry_pods,odometry pods + IMU + front camera,2,3,219.85,219.85,drift|heading|pose,combined_realistic,Everything at once (realistic fidelity),2,0,1.1889,1,0
odometry_pods+apriltag_imu,camera_front|imu|odometry_pods,odometry pods + IMU + front camera,2,3,219.85,219.85,drift|heading|pose,combined_realistic,Everything at once (realistic fidelity),3,0,2.5201,1,0
odometry_pods+apriltag_imu,camera_front|imu|odometry_pods,odometry pods + IMU + front camera,2,3,219.85,219.85,drift|heading|pose,combined_realistic,Everything at once (realistic fidelity),4,0,2.9866,1,0
odometry_pods+apriltag_imu,camera_front|imu|odometry_pods,odometry pods + IMU + front camera,2,3,219.85,219.85,drift|heading|pose,combined_realistic,Everything at once (realistic fidelity),5,0,4.3219,1,0
odometry_pods+apriltag_imu,camera_front|imu|odometry_pods,odometry pods + IMU + front camera,2,3,219.85,219.85,drift|heading|pose,combined_realistic,Everything at once (realistic fidelity),6,0,1.3523,1,0
odometry_pods+apriltag_imu,camera_front|imu|odometry_pods,odometry pods + IMU + front camera,2,3,219.85,219.85,drift|heading|pose,combined_realistic,Everything at once (realistic fidelity),7,0,5.871,1,0
odometry_pods+apriltag_imu,camera_front|imu|odometry_pods,odometry pods + IMU + front camera,2,3,219.85,219.85,drift|heading|pose,combined_realistic,Everything at once (realistic fidelity),8,0,1.4704,0,0
odometry_pods+apriltag_imu,camera_front|imu|odometry_pods,odometry pods + IMU + front camera,2,3,219.85,219.85,drift|heading|pose,combined_realistic,Everything at once (realistic fidelity),9,0,7.1392,0,0
odometry_pods+apriltag_imu,camera_front|imu|odometry_pods,odometry pods + IMU + front camera,2,3,219.85,219.85,drift|heading|pose,combined_realistic,Everything at once (realistic fidelity),10,0,1.8534,0,0
odometry_pods+apriltag_imu,camera_front|imu|odometry_pods,odometry pods + IMU + front camera,2,3,219.85,219.85,drift|heading|pose,combined_realistic,Everything at once (realistic fidelity),11,0,0.0,1,0
odometry_pods+apriltag_imu,camera_front|imu|odometry_pods,odometry pods + IMU + front camera,2,3,219.85,219.85,drift|heading|pose,combined_realistic,Everything at once (realistic fidelity),12,0,8.0147,1,0
odometry_pods+apriltag_imu,camera_front|imu|odometry_pods,odometry pods + IMU + front camera,2,3,219.85,219.85,drift|heading|pose,combined_realistic,Everything at once (realistic fidelity),13,0,1.7874,0,0
odometry_pods+apriltag_imu,camera_front|imu|odometry_pods,odometry pods + IMU + front camera,2,3,219.85,219.85,drift|heading|pose,combined_realistic,Everything at once (realistic fidelity),14,1,3.9542,0,0
odometry_pods+apriltag_imu,camera_front|imu|odometry_pods,odometry pods + IMU + front camera,2,3,219.85,219.85,drift|heading|pose,combined_realistic,Everything at once (realistic fidelity),15,0,3.59,1,0
odometry_pods+apriltag_imu,camera_front|imu|odometry_pods,odometry pods + IMU + front camera,2,3,219.85,219.85,drift|heading|pose,combined_realistic,Everything at once (realistic fidelity),16,0,0.7216,1,0
odometry_pods+apriltag_imu,camera_front|imu|odometry_pods,odometry pods + IMU + front camera,2,3,219.85,219.85,drift|heading|pose,combined_realistic,Everything at once (realistic fidelity),17,0,1.4266,1,0
odometry_pods+apriltag_imu,camera_front|imu|odometry_pods,odometry pods + IMU + front camera,2,3,219.85,219.85,drift|heading|pose,combined_realistic,Everything at once (realistic fidelity),18,0,6.7662,1,0
odometry_pods+apriltag_imu,camera_front|imu|odometry_pods,odometry pods + IMU + front camera,2,3,219.85,219.85,drift|heading|pose,combined_realistic,Everything at once (realistic fidelity),19,0,1.6343,1,0
odometry_pods+apriltag_imu,camera_front|imu|odometry_pods,odometry pods + IMU + front camera,2,3,219.85,219.85,drift|heading|pose,combined_realistic,Everything at once (realistic fidelity),20,0,0.0,1,0
odometry_pods+apriltag_imu,camera_front|imu|odometry_pods,odometry pods + IMU + front camera,2,3,219.85,219.85,drift|heading|pose,combined_realistic,Everything at once (realistic fidelity),21,0,0.7749,1,0
odometry_pods+apriltag_imu,camera_front|imu|odometry_pods,odometry pods + IMU + front camera,2,3,219.85,219.85,drift|heading|pose,combined_realistic,Everything at once (realistic fidelity),22,0,1.7197,1,0
odometry_pods+apriltag_imu,camera_front|imu|odometry_pods,odometry pods + IMU + front camera,2,3,219.85,219.85,drift|heading|pose,combined_realistic,Everything at once (realistic fidelity),23,0,1.9586,1,0
odometry_pods+apriltag_imu,camera_front|imu|odometry_pods,odometry pods + IMU + front camera,2,3,219.85,219.85,drift|heading|pose,combined_realistic,Everything at once (realistic fidelity),24,0,1.1246,1,0
odometry_pods+apriltag_imu,camera_front|imu|odometry_pods,odometry pods + IMU + front camera,2,3,219.85,219.85,drift|heading|pose,corridor,"Tight corridor, mixed deviation",0,1,6.4234,0,0
odometry_pods+apriltag_imu,camera_front|imu|odometry_pods,odometry pods + IMU + front camera,2,3,219.85,219.85,drift|heading|pose,corridor,"Tight corridor, mixed deviation",1,0,4.6682,0,0
odometry_pods+apriltag_imu,camera_front|imu|odometry_pods,odometry pods + IMU + front camera,2,3,219.85,219.85,drift|heading|pose,corridor,"Tight corridor, mixed deviation",2,0,7.7784,1,0
odometry_pods+apriltag_imu,camera_front|imu|odometry_pods,odometry pods + IMU + front camera,2,3,219.85,219.85,drift|heading|pose,corridor,"Tight corridor, mixed deviation",3,0,1.3337,1,0
odometry_pods+apriltag_imu,camera_front|imu|odometry_pods,odometry pods + IMU + front camera,2,3,219.85,219.85,drift|heading|pose,corridor,"Tight corridor, mixed deviation",4,0,4.1141,0,0
odometry_pods+apriltag_imu,camera_front|imu|odometry_pods,odometry pods + IMU + front camera,2,3,219.85,219.85,drift|heading|pose,corridor,"Tight corridor, mixed deviation",5,1,8.264,0,0
odometry_pods+apriltag_imu,camera_front|imu|odometry_pods,odometry pods + IMU + front camera,2,3,219.85,219.85,drift|heading|pose,corridor,"Tight corridor, mixed deviation",6,1,7.8,0,0
odometry_pods+apriltag_imu,camera_front|imu|odometry_pods,odometry pods + IMU + front camera,2,3,219.85,219.85,drift|heading|pose,corridor,"Tight corridor, mixed deviation",7,1,13.3777,0,0
odometry_pods+apriltag_imu,camera_front|imu|odometry_pods,odometry pods + IMU + front camera,2,3,219.85,219.85,drift|heading|pose,corridor,"Tight corridor, mixed deviation",8,1,7.5312,0,0
odometry_pods+apriltag_imu,camera_front|imu|odometry_pods,odometry pods + IMU + front camera,2,3,219.85,219.85,drift|heading|pose,corridor,"Tight corridor, mixed deviation",9,1,6.3999,0,0
odometry_pods+apriltag_imu,camera_front|imu|odometry_pods,odometry pods + IMU + front camera,2,3,219.85,219.85,drift|heading|pose,corridor,"Tight corridor, mixed deviation",10,1,6.8838,0,0
odometry_pods+apriltag_imu,camera_front|imu|odometry_pods,odometry pods + IMU + front camera,2,3,219.85,219.85,drift|heading|pose,corridor,"Tight corridor, mixed deviation",11,1,6.9149,0,0
odometry_pods+apriltag_imu,camera_front|imu|odometry_pods,odometry pods + IMU + front camera,2,3,219.85,219.85,drift|heading|pose,corridor,"Tight corridor, mixed deviation",12,1,8.7053,0,0
odometry_pods+apriltag_imu,camera_front|imu|odometry_pods,odometry pods + IMU + front camera,2,3,219.85,219.85,drift|heading|pose,corridor,"Tight corridor, mixed deviation",13,0,4.207,1,0
odometry_pods+apriltag_imu,camera_front|imu|odometry_pods,odometry pods + IMU + front camera,2,3,219.85,219.85,drift|heading|pose,corridor,"Tight corridor, mixed deviation",14,0,2.1229,0,0
odometry_pods+apriltag_imu,camera_front|imu|odometry_pods,odometry pods + IMU + front camera,2,3,219.85,219.85,drift|heading|pose,corridor,"Tight corridor, mixed deviation",15,1,7.4643,0,0
odometry_pods+apriltag_imu,camera_front|imu|odometry_pods,odometry pods + IMU + front camera,2,3,219.85,219.85,drift|heading|pose,corridor,"Tight corridor, mixed deviation",16,1,11.8507,0,0
odometry_pods+apriltag_imu,camera_front|imu|odometry_pods,odometry pods + IMU + front camera,2,3,219.85,219.85,drift|heading|pose,corridor,"Tight corridor, mixed deviation",17,0,2.5234,1,0
odometry_pods+apriltag_imu,camera_front|imu|odometry_pods,odometry pods + IMU + front camera,2,3,219.85,219.85,drift|heading|pose,corridor,"Tight corridor, mixed deviation",18,1,14.0679,0,0
odometry_pods+apriltag_imu,camera_front|imu|odometry_pods,odometry pods + IMU + front camera,2,3,219.85,219.85,drift|heading|pose,corridor,"Tight corridor, mixed deviation",19,0,2.3113,0,0
odometry_pods+apriltag_imu,camera_front|imu|odometry_pods,odometry pods + IMU + front camera,2,3,219.85,219.85,drift|heading|pose,corridor,"Tight corridor, mixed deviation",20,1,7.9205,0,0
odometry_pods+apriltag_imu,camera_front|imu|odometry_pods,odometry pods + IMU + front camera,2,3,219.85,219.85,drift|heading|pose,corridor,"Tight corridor, mixed deviation",21,1,4.6705,0,0
odometry_pods+apriltag_imu,camera_front|imu|odometry_pods,odometry pods + IMU + front camera,2,3,219.85,219.85,drift|heading|pose,corridor,"Tight corridor, mixed deviation",22,0,3.1917,0,0
odometry_pods+apriltag_imu,camera_front|imu|odometry_pods,odometry pods + IMU + front camera,2,3,219.85,219.85,drift|heading|pose,corridor,"Tight corridor, mixed deviation",23,0,3.6038,1,0
odometry_pods+apriltag_imu,camera_front|imu|odometry_pods,odometry pods + IMU + front camera,2,3,219.85,219.85,drift|heading|pose,corridor,"Tight corridor, mixed deviation",24,1,7.2549,0,0
distance_sensors+apriltag,camera_front|distance_sensors_3,front camera + 3 ToF sensors,2,2,119.5,119.5,obstacle|pose,pose_drift,Heavy pose drift,0,0,0.0,1,0
distance_sensors+apriltag,camera_front|distance_sensors_3,front camera + 3 ToF sensors,2,2,119.5,119.5,obstacle|pose,pose_drift,Heavy pose drift,1,0,4.6593,1,0
distance_sensors+apriltag,camera_front|distance_sensors_3,front camera + 3 ToF sensors,2,2,119.5,119.5,obstacle|pose,pose_drift,Heavy pose drift,2,0,1.9757,1,0
distance_sensors+apriltag,camera_front|distance_sensors_3,front camera + 3 ToF sensors,2,2,119.5,119.5,obstacle|pose,pose_drift,Heavy pose drift,3,0,0.0,1,0
distance_sensors+apriltag,camera_front|distance_sensors_3,front camera + 3 ToF sensors,2,2,119.5,119.5,obstacle|pose,pose_drift,Heavy pose drift,4,0,2.5994,1,0
distance_sensors+apriltag,camera_front|distance_sensors_3,front camera + 3 ToF sensors,2,2,119.5,119.5,obstacle|pose,pose_drift,Heavy pose drift,5,0,5.4674,1,0
distance_sensors+apriltag,camera_front|distance_sensors_3,front camera + 3 ToF sensors,2,2,119.5,119.5,obstacle|pose,pose_drift,Heavy pose drift,6,0,2.2381,0,0
distance_sensors+apriltag,camera_front|distance_sensors_3,front camera + 3 ToF sensors,2,2,119.5,119.5,obstacle|pose,pose_drift,Heavy pose drift,7,0,0.0,1,0
distance_sensors+apriltag,camera_front|distance_sensors_3,front camera + 3 ToF sensors,2,2,119.5,119.5,obstacle|pose,pose_drift,Heavy pose drift,8,0,1.4704,0,0
distance_sensors+apriltag,camera_front|distance_sensors_3,front camera + 3 ToF sensors,2,2,119.5,119.5,obstacle|pose,pose_drift,Heavy pose drift,9,0,0.9936,0,0
distance_sensors+apriltag,camera_front|distance_sensors_3,front camera + 3 ToF sensors,2,2,119.5,119.5,obstacle|pose,pose_drift,Heavy pose drift,10,0,1.9212,0,0
distance_sensors+apriltag,camera_front|distance_sensors_3,front camera + 3 ToF sensors,2,2,119.5,119.5,obstacle|pose,pose_drift,Heavy pose drift,11,0,0.0,1,0
distance_sensors+apriltag,camera_front|distance_sensors_3,front camera + 3 ToF sensors,2,2,119.5,119.5,obstacle|pose,pose_drift,Heavy pose drift,12,0,8.8043,1,0
distance_sensors+apriltag,camera_front|distance_sensors_3,front camera + 3 ToF sensors,2,2,119.5,119.5,obstacle|pose,pose_drift,Heavy pose drift,13,0,0.9016,1,0
distance_sensors+apriltag,camera_front|distance_sensors_3,front camera + 3 ToF sensors,2,2,119.5,119.5,obstacle|pose,pose_drift,Heavy pose drift,14,0,0.5477,1,0
distance_sensors+apriltag,camera_front|distance_sensors_3,front camera + 3 ToF sensors,2,2,119.5,119.5,obstacle|pose,pose_drift,Heavy pose drift,15,0,3.19,0,0
distance_sensors+apriltag,camera_front|distance_sensors_3,front camera + 3 ToF sensors,2,2,119.5,119.5,obstacle|pose,pose_drift,Heavy pose drift,16,0,0.0,0,0
distance_sensors+apriltag,camera_front|distance_sensors_3,front camera + 3 ToF sensors,2,2,119.5,119.5,obstacle|pose,pose_drift,Heavy pose drift,17,0,0.525,1,0
distance_sensors+apriltag,camera_front|distance_sensors_3,front camera + 3 ToF sensors,2,2,119.5,119.5,obstacle|pose,pose_drift,Heavy pose drift,18,0,3.0479,1,0
distance_sensors+apriltag,camera_front|distance_sensors_3,front camera + 3 ToF sensors,2,2,119.5,119.5,obstacle|pose,pose_drift,Heavy pose drift,19,1,8.7571,0,0
distance_sensors+apriltag,camera_front|distance_sensors_3,front camera + 3 ToF sensors,2,2,119.5,119.5,obstacle|pose,pose_drift,Heavy pose drift,20,0,0.0,0,0
distance_sensors+apriltag,camera_front|distance_sensors_3,front camera + 3 ToF sensors,2,2,119.5,119.5,obstacle|pose,pose_drift,Heavy pose drift,21,0,1.8534,1,0
distance_sensors+apriltag,camera_front|distance_sensors_3,front camera + 3 ToF sensors,2,2,119.5,119.5,obstacle|pose,pose_drift,Heavy pose drift,22,0,2.7624,1,0
distance_sensors+apriltag,camera_front|distance_sensors_3,front camera + 3 ToF sensors,2,2,119.5,119.5,obstacle|pose,pose_drift,Heavy pose drift,23,0,1.9586,1,0
distance_sensors+apriltag,camera_front|distance_sensors_3,front camera + 3 ToF sensors,2,2,119.5,119.5,obstacle|pose,pose_drift,Heavy pose drift,24,0,0.0,1,0
distance_sensors+apriltag,camera_front|distance_sensors_3,front camera + 3 ToF sensors,2,2,119.5,119.5,obstacle|pose,map_error,Field doesn't match the map,0,1,4.4144,0,0
distance_sensors+apriltag,camera_front|distance_sensors_3,front camera + 3 ToF sensors,2,2,119.5,119.5,obstacle|pose,map_error,Field doesn't match the map,1,0,0.0,1,0
distance_sensors+apriltag,camera_front|distance_sensors_3,front camera + 3 ToF sensors,2,2,119.5,119.5,obstacle|pose,map_error,Field doesn't match the map,2,0,1.9757,1,0
distance_sensors+apriltag,camera_front|distance_sensors_3,front camera + 3 ToF sensors,2,2,119.5,119.5,obstacle|pose,map_error,Field doesn't match the map,3,0,8.5069,1,0
distance_sensors+apriltag,camera_front|distance_sensors_3,front camera + 3 ToF sensors,2,2,119.5,119.5,obstacle|pose,map_error,Field doesn't match the map,4,0,0.0,1,0
distance_sensors+apriltag,camera_front|distance_sensors_3,front camera + 3 ToF sensors,2,2,119.5,119.5,obstacle|pose,map_error,Field doesn't match the map,5,0,1.132,1,0
distance_sensors+apriltag,camera_front|distance_sensors_3,front camera + 3 ToF sensors,2,2,119.5,119.5,obstacle|pose,map_error,Field doesn't match the map,6,1,2.1508,0,0
distance_sensors+apriltag,camera_front|distance_sensors_3,front camera + 3 ToF sensors,2,2,119.5,119.5,obstacle|pose,map_error,Field doesn't match the map,7,0,0.0,1,0
distance_sensors+apriltag,camera_front|distance_sensors_3,front camera + 3 ToF sensors,2,2,119.5,119.5,obstacle|pose,map_error,Field doesn't match the map,8,1,1.4523,0,0
distance_sensors+apriltag,camera_front|distance_sensors_3,front camera + 3 ToF sensors,2,2,119.5,119.5,obstacle|pose,map_error,Field doesn't match the map,9,0,1.8392,1,0
distance_sensors+apriltag,camera_front|distance_sensors_3,front camera + 3 ToF sensors,2,2,119.5,119.5,obstacle|pose,map_error,Field doesn't match the map,10,1,1.8031,0,0
distance_sensors+apriltag,camera_front|distance_sensors_3,front camera + 3 ToF sensors,2,2,119.5,119.5,obstacle|pose,map_error,Field doesn't match the map,11,0,3.2964,1,0
distance_sensors+apriltag,camera_front|distance_sensors_3,front camera + 3 ToF sensors,2,2,119.5,119.5,obstacle|pose,map_error,Field doesn't match the map,12,1,7.6994,0,0
distance_sensors+apriltag,camera_front|distance_sensors_3,front camera + 3 ToF sensors,2,2,119.5,119.5,obstacle|pose,map_error,Field doesn't match the map,13,0,0.9835,1,0
distance_sensors+apriltag,camera_front|distance_sensors_3,front camera + 3 ToF sensors,2,2,119.5,119.5,obstacle|pose,map_error,Field doesn't match the map,14,0,0.0,1,0
distance_sensors+apriltag,camera_front|distance_sensors_3,front camera + 3 ToF sensors,2,2,119.5,119.5,obstacle|pose,map_error,Field doesn't match the map,15,1,8.9183,0,0
distance_sensors+apriltag,camera_front|distance_sensors_3,front camera + 3 ToF sensors,2,2,119.5,119.5,obstacle|pose,map_error,Field doesn't match the map,16,0,1.9399,1,0
distance_sensors+apriltag,camera_front|distance_sensors_3,front camera + 3 ToF sensors,2,2,119.5,119.5,obstacle|pose,map_error,Field doesn't match the map,17,0,0.0,1,0
distance_sensors+apriltag,camera_front|distance_sensors_3,front camera + 3 ToF sensors,2,2,119.5,119.5,obstacle|pose,map_error,Field doesn't match the map,18,0,1.2446,1,0
distance_sensors+apriltag,camera_front|distance_sensors_3,front camera + 3 ToF sensors,2,2,119.5,119.5,obstacle|pose,map_error,Field doesn't match the map,19,0,0.0,1,0
distance_sensors+apriltag,camera_front|distance_sensors_3,front camera + 3 ToF sensors,2,2,119.5,119.5,obstacle|pose,map_error,Field doesn't match the map,20,0,2.7425,1,0
distance_sensors+apriltag,camera_front|distance_sensors_3,front camera + 3 ToF sensors,2,2,119.5,119.5,obstacle|pose,map_error,Field doesn't match the map,21,0,1.2064,1,0
distance_sensors+apriltag,camera_front|distance_sensors_3,front camera + 3 ToF sensors,2,2,119.5,119.5,obstacle|pose,map_error,Field doesn't match the map,22,0,3.5435,1,0
distance_sensors+apriltag,camera_front|distance_sensors_3,front camera + 3 ToF sensors,2,2,119.5,119.5,obstacle|pose,map_error,Field doesn't match the map,23,0,6.221,1,0
distance_sensors+apriltag,camera_front|distance_sensors_3,front camera + 3 ToF sensors,2,2,119.5,119.5,obstacle|pose,map_error,Field doesn't match the map,24,0,0.0,1,0
distance_sensors+apriltag,camera_front|distance_sensors_3,front camera + 3 ToF sensors,2,2,119.5,119.5,obstacle|pose,opponent,Opponent parks in the route,0,1,4.4144,0,0
distance_sensors+apriltag,camera_front|distance_sensors_3,front camera + 3 ToF sensors,2,2,119.5,119.5,obstacle|pose,opponent,Opponent parks in the route,1,0,0.0,1,0
distance_sensors+apriltag,camera_front|distance_sensors_3,front camera + 3 ToF sensors,2,2,119.5,119.5,obstacle|pose,opponent,Opponent parks in the route,2,0,1.9757,1,0
distance_sensors+apriltag,camera_front|distance_sensors_3,front camera + 3 ToF sensors,2,2,119.5,119.5,obstacle|pose,opponent,Opponent parks in the route,3,0,6.1593,1,0
distance_sensors+apriltag,camera_front|distance_sensors_3,front camera + 3 ToF sensors,2,2,119.5,119.5,obstacle|pose,opponent,Opponent parks in the route,4,0,0.0,1,0
distance_sensors+apriltag,camera_front|distance_sensors_3,front camera + 3 ToF sensors,2,2,119.5,119.5,obstacle|pose,opponent,Opponent parks in the route,5,0,1.132,1,0
distance_sensors+apriltag,camera_front|distance_sensors_3,front camera + 3 ToF sensors,2,2,119.5,119.5,obstacle|pose,opponent,Opponent parks in the route,6,1,2.4008,0,0
distance_sensors+apriltag,camera_front|distance_sensors_3,front camera + 3 ToF sensors,2,2,119.5,119.5,obstacle|pose,opponent,Opponent parks in the route,7,0,0.0,1,0
distance_sensors+apriltag,camera_front|distance_sensors_3,front camera + 3 ToF sensors,2,2,119.5,119.5,obstacle|pose,opponent,Opponent parks in the route,8,1,1.4523,0,0
distance_sensors+apriltag,camera_front|distance_sensors_3,front camera + 3 ToF sensors,2,2,119.5,119.5,obstacle|pose,opponent,Opponent parks in the route,9,0,7.61,0,0
distance_sensors+apriltag,camera_front|distance_sensors_3,front camera + 3 ToF sensors,2,2,119.5,119.5,obstacle|pose,opponent,Opponent parks in the route,10,1,3.3392,0,0
distance_sensors+apriltag,camera_front|distance_sensors_3,front camera + 3 ToF sensors,2,2,119.5,119.5,obstacle|pose,opponent,Opponent parks in the route,11,0,0.6374,1,0
distance_sensors+apriltag,camera_front|distance_sensors_3,front camera + 3 ToF sensors,2,2,119.5,119.5,obstacle|pose,opponent,Opponent parks in the route,12,1,7.6994,0,0
distance_sensors+apriltag,camera_front|distance_sensors_3,front camera + 3 ToF sensors,2,2,119.5,119.5,obstacle|pose,opponent,Opponent parks in the route,13,0,0.9835,1,0
distance_sensors+apriltag,camera_front|distance_sensors_3,front camera + 3 ToF sensors,2,2,119.5,119.5,obstacle|pose,opponent,Opponent parks in the route,14,0,0.0,1,0
distance_sensors+apriltag,camera_front|distance_sensors_3,front camera + 3 ToF sensors,2,2,119.5,119.5,obstacle|pose,opponent,Opponent parks in the route,15,0,6.8652,1,0
distance_sensors+apriltag,camera_front|distance_sensors_3,front camera + 3 ToF sensors,2,2,119.5,119.5,obstacle|pose,opponent,Opponent parks in the route,16,0,1.9399,1,0
distance_sensors+apriltag,camera_front|distance_sensors_3,front camera + 3 ToF sensors,2,2,119.5,119.5,obstacle|pose,opponent,Opponent parks in the route,17,0,0.5396,1,0
distance_sensors+apriltag,camera_front|distance_sensors_3,front camera + 3 ToF sensors,2,2,119.5,119.5,obstacle|pose,opponent,Opponent parks in the route,18,0,1.2446,1,0
distance_sensors+apriltag,camera_front|distance_sensors_3,front camera + 3 ToF sensors,2,2,119.5,119.5,obstacle|pose,opponent,Opponent parks in the route,19,0,0.0,1,0
distance_sensors+apriltag,camera_front|distance_sensors_3,front camera + 3 ToF sensors,2,2,119.5,119.5,obstacle|pose,opponent,Opponent parks in the route,20,0,1.4704,1,0
distance_sensors+apriltag,camera_front|distance_sensors_3,front camera + 3 ToF sensors,2,2,119.5,119.5,obstacle|pose,opponent,Opponent parks in the route,21,0,0.9711,1,0
distance_sensors+apriltag,camera_front|distance_sensors_3,front camera + 3 ToF sensors,2,2,119.5,119.5,obstacle|pose,opponent,Opponent parks in the route,22,0,3.5435,1,0
distance_sensors+apriltag,camera_front|distance_sensors_3,front camera + 3 ToF sensors,2,2,119.5,119.5,obstacle|pose,opponent,Opponent parks in the route,23,0,6.8919,0,0
distance_sensors+apriltag,camera_front|distance_sensors_3,front camera + 3 ToF sensors,2,2,119.5,119.5,obstacle|pose,opponent,Opponent parks in the route,24,0,0.0,1,0
distance_sensors+apriltag,camera_front|distance_sensors_3,front camera + 3 ToF sensors,2,2,119.5,119.5,obstacle|pose,combined_realistic,Everything at once (realistic fidelity),0,0,0.0,0,0
distance_sensors+apriltag,camera_front|distance_sensors_3,front camera + 3 ToF sensors,2,2,119.5,119.5,obstacle|pose,combined_realistic,Everything at once (realistic fidelity),1,0,3.2523,1,0
distance_sensors+apriltag,camera_front|distance_sensors_3,front camera + 3 ToF sensors,2,2,119.5,119.5,obstacle|pose,combined_realistic,Everything at once (realistic fidelity),2,0,1.915,1,0
distance_sensors+apriltag,camera_front|distance_sensors_3,front camera + 3 ToF sensors,2,2,119.5,119.5,obstacle|pose,combined_realistic,Everything at once (realistic fidelity),3,0,0.6691,1,0
distance_sensors+apriltag,camera_front|distance_sensors_3,front camera + 3 ToF sensors,2,2,119.5,119.5,obstacle|pose,combined_realistic,Everything at once (realistic fidelity),4,0,0.668,1,0
distance_sensors+apriltag,camera_front|distance_sensors_3,front camera + 3 ToF sensors,2,2,119.5,119.5,obstacle|pose,combined_realistic,Everything at once (realistic fidelity),5,0,1.132,1,0
distance_sensors+apriltag,camera_front|distance_sensors_3,front camera + 3 ToF sensors,2,2,119.5,119.5,obstacle|pose,combined_realistic,Everything at once (realistic fidelity),6,0,1.3523,1,0
distance_sensors+apriltag,camera_front|distance_sensors_3,front camera + 3 ToF sensors,2,2,119.5,119.5,obstacle|pose,combined_realistic,Everything at once (realistic fidelity),7,0,1.4802,1,0
distance_sensors+apriltag,camera_front|distance_sensors_3,front camera + 3 ToF sensors,2,2,119.5,119.5,obstacle|pose,combined_realistic,Everything at once (realistic fidelity),8,0,1.4704,0,0
distance_sensors+apriltag,camera_front|distance_sensors_3,front camera + 3 ToF sensors,2,2,119.5,119.5,obstacle|pose,combined_realistic,Everything at once (realistic fidelity),9,0,6.4884,0,0
distance_sensors+apriltag,camera_front|distance_sensors_3,front camera + 3 ToF sensors,2,2,119.5,119.5,obstacle|pose,combined_realistic,Everything at once (realistic fidelity),10,0,1.8534,0,0
distance_sensors+apriltag,camera_front|distance_sensors_3,front camera + 3 ToF sensors,2,2,119.5,119.5,obstacle|pose,combined_realistic,Everything at once (realistic fidelity),11,0,0.6642,1,0
distance_sensors+apriltag,camera_front|distance_sensors_3,front camera + 3 ToF sensors,2,2,119.5,119.5,obstacle|pose,combined_realistic,Everything at once (realistic fidelity),12,0,2.3856,0,0
distance_sensors+apriltag,camera_front|distance_sensors_3,front camera + 3 ToF sensors,2,2,119.5,119.5,obstacle|pose,combined_realistic,Everything at once (realistic fidelity),13,0,1.7874,0,0
distance_sensors+apriltag,camera_front|distance_sensors_3,front camera + 3 ToF sensors,2,2,119.5,119.5,obstacle|pose,combined_realistic,Everything at once (realistic fidelity),14,0,0.0,1,0
distance_sensors+apriltag,camera_front|distance_sensors_3,front camera + 3 ToF sensors,2,2,119.5,119.5,obstacle|pose,combined_realistic,Everything at once (realistic fidelity),15,0,2.6531,0,0
distance_sensors+apriltag,camera_front|distance_sensors_3,front camera + 3 ToF sensors,2,2,119.5,119.5,obstacle|pose,combined_realistic,Everything at once (realistic fidelity),16,0,0.0,0,0
distance_sensors+apriltag,camera_front|distance_sensors_3,front camera + 3 ToF sensors,2,2,119.5,119.5,obstacle|pose,combined_realistic,Everything at once (realistic fidelity),17,0,0.525,1,0
distance_sensors+apriltag,camera_front|distance_sensors_3,front camera + 3 ToF sensors,2,2,119.5,119.5,obstacle|pose,combined_realistic,Everything at once (realistic fidelity),18,0,2.6387,1,0
distance_sensors+apriltag,camera_front|distance_sensors_3,front camera + 3 ToF sensors,2,2,119.5,119.5,obstacle|pose,combined_realistic,Everything at once (realistic fidelity),19,0,0.0,1,0
distance_sensors+apriltag,camera_front|distance_sensors_3,front camera + 3 ToF sensors,2,2,119.5,119.5,obstacle|pose,combined_realistic,Everything at once (realistic fidelity),20,0,0.0,1,0
distance_sensors+apriltag,camera_front|distance_sensors_3,front camera + 3 ToF sensors,2,2,119.5,119.5,obstacle|pose,combined_realistic,Everything at once (realistic fidelity),21,0,0.5396,0,0
distance_sensors+apriltag,camera_front|distance_sensors_3,front camera + 3 ToF sensors,2,2,119.5,119.5,obstacle|pose,combined_realistic,Everything at once (realistic fidelity),22,0,0.0,1,0
distance_sensors+apriltag,camera_front|distance_sensors_3,front camera + 3 ToF sensors,2,2,119.5,119.5,obstacle|pose,combined_realistic,Everything at once (realistic fidelity),23,0,2.4594,1,0
distance_sensors+apriltag,camera_front|distance_sensors_3,front camera + 3 ToF sensors,2,2,119.5,119.5,obstacle|pose,combined_realistic,Everything at once (realistic fidelity),24,0,2.48,1,0
distance_sensors+apriltag,camera_front|distance_sensors_3,front camera + 3 ToF sensors,2,2,119.5,119.5,obstacle|pose,corridor,"Tight corridor, mixed deviation",0,0,1.0227,1,0
distance_sensors+apriltag,camera_front|distance_sensors_3,front camera + 3 ToF sensors,2,2,119.5,119.5,obstacle|pose,corridor,"Tight corridor, mixed deviation",1,0,5.0387,0,0
distance_sensors+apriltag,camera_front|distance_sensors_3,front camera + 3 ToF sensors,2,2,119.5,119.5,obstacle|pose,corridor,"Tight corridor, mixed deviation",2,0,0.0,1,0
distance_sensors+apriltag,camera_front|distance_sensors_3,front camera + 3 ToF sensors,2,2,119.5,119.5,obstacle|pose,corridor,"Tight corridor, mixed deviation",3,0,4.3096,0,0
distance_sensors+apriltag,camera_front|distance_sensors_3,front camera + 3 ToF sensors,2,2,119.5,119.5,obstacle|pose,corridor,"Tight corridor, mixed deviation",4,0,3.9141,0,0
distance_sensors+apriltag,camera_front|distance_sensors_3,front camera + 3 ToF sensors,2,2,119.5,119.5,obstacle|pose,corridor,"Tight corridor, mixed deviation",5,1,8.264,0,0
distance_sensors+apriltag,camera_front|distance_sensors_3,front camera + 3 ToF sensors,2,2,119.5,119.5,obstacle|pose,corridor,"Tight corridor, mixed deviation",6,0,8.5114,0,0
distance_sensors+apriltag,camera_front|distance_sensors_3,front camera + 3 ToF sensors,2,2,119.5,119.5,obstacle|pose,corridor,"Tight corridor, mixed deviation",7,0,4.0555,1,0
distance_sensors+apriltag,camera_front|distance_sensors_3,front camera + 3 ToF sensors,2,2,119.5,119.5,obstacle|pose,corridor,"Tight corridor, mixed deviation",8,1,7.7229,0,0
distance_sensors+apriltag,camera_front|distance_sensors_3,front camera + 3 ToF sensors,2,2,119.5,119.5,obstacle|pose,corridor,"Tight corridor, mixed deviation",9,0,6.9646,0,0
distance_sensors+apriltag,camera_front|distance_sensors_3,front camera + 3 ToF sensors,2,2,119.5,119.5,obstacle|pose,corridor,"Tight corridor, mixed deviation",10,0,5.7258,1,0
distance_sensors+apriltag,camera_front|distance_sensors_3,front camera + 3 ToF sensors,2,2,119.5,119.5,obstacle|pose,corridor,"Tight corridor, mixed deviation",11,1,6.8649,0,0
distance_sensors+apriltag,camera_front|distance_sensors_3,front camera + 3 ToF sensors,2,2,119.5,119.5,obstacle|pose,corridor,"Tight corridor, mixed deviation",12,0,3.7444,1,0
distance_sensors+apriltag,camera_front|distance_sensors_3,front camera + 3 ToF sensors,2,2,119.5,119.5,obstacle|pose,corridor,"Tight corridor, mixed deviation",13,0,4.207,1,0
distance_sensors+apriltag,camera_front|distance_sensors_3,front camera + 3 ToF sensors,2,2,119.5,119.5,obstacle|pose,corridor,"Tight corridor, mixed deviation",14,0,1.3523,0,0
distance_sensors+apriltag,camera_front|distance_sensors_3,front camera + 3 ToF sensors,2,2,119.5,119.5,obstacle|pose,corridor,"Tight corridor, mixed deviation",15,1,7.2643,0,0
distance_sensors+apriltag,camera_front|distance_sensors_3,front camera + 3 ToF sensors,2,2,119.5,119.5,obstacle|pose,corridor,"Tight corridor, mixed deviation",16,0,2.4126,1,0
distance_sensors+apriltag,camera_front|distance_sensors_3,front camera + 3 ToF sensors,2,2,119.5,119.5,obstacle|pose,corridor,"Tight corridor, mixed deviation",17,0,3.6108,0,0
distance_sensors+apriltag,camera_front|distance_sensors_3,front camera + 3 ToF sensors,2,2,119.5,119.5,obstacle|pose,corridor,"Tight corridor, mixed deviation",18,0,3.4936,1,0
distance_sensors+apriltag,camera_front|distance_sensors_3,front camera + 3 ToF sensors,2,2,119.5,119.5,obstacle|pose,corridor,"Tight corridor, mixed deviation",19,0,2.2361,0,0
distance_sensors+apriltag,camera_front|distance_sensors_3,front camera + 3 ToF sensors,2,2,119.5,119.5,obstacle|pose,corridor,"Tight corridor, mixed deviation",20,0,8.4213,0,0
distance_sensors+apriltag,camera_front|distance_sensors_3,front camera + 3 ToF sensors,2,2,119.5,119.5,obstacle|pose,corridor,"Tight corridor, mixed deviation",21,0,4.9558,0,0
distance_sensors+apriltag,camera_front|distance_sensors_3,front camera + 3 ToF sensors,2,2,119.5,119.5,obstacle|pose,corridor,"Tight corridor, mixed deviation",22,0,3.3917,0,0
distance_sensors+apriltag,camera_front|distance_sensors_3,front camera + 3 ToF sensors,2,2,119.5,119.5,obstacle|pose,corridor,"Tight corridor, mixed deviation",23,0,0.0,0,0
distance_sensors+apriltag,camera_front|distance_sensors_3,front camera + 3 ToF sensors,2,2,119.5,119.5,obstacle|pose,corridor,"Tight corridor, mixed deviation",24,0,0.0,0,0
distance_sensors+imu,distance_sensors_3|imu,IMU + 3 ToF sensors,2,2,94.5,94.5,heading|obstacle,pose_drift,Heavy pose drift,0,0,0.0,1,0
distance_sensors+imu,distance_sensors_3|imu,IMU + 3 ToF sensors,2,2,94.5,94.5,heading|obstacle,pose_drift,Heavy pose drift,1,0,2.457,1,0
distance_sensors+imu,distance_sensors_3|imu,IMU + 3 ToF sensors,2,2,94.5,94.5,heading|obstacle,pose_drift,Heavy pose drift,2,0,1.9257,1,0
distance_sensors+imu,distance_sensors_3|imu,IMU + 3 ToF sensors,2,2,94.5,94.5,heading|obstacle,pose_drift,Heavy pose drift,3,0,0.0,1,0
distance_sensors+imu,distance_sensors_3|imu,IMU + 3 ToF sensors,2,2,94.5,94.5,heading|obstacle,pose_drift,Heavy pose drift,4,0,2.3994,1,0
distance_sensors+imu,distance_sensors_3|imu,IMU + 3 ToF sensors,2,2,94.5,94.5,heading|obstacle,pose_drift,Heavy pose drift,5,0,5.4674,1,0
distance_sensors+imu,distance_sensors_3|imu,IMU + 3 ToF sensors,2,2,94.5,94.5,heading|obstacle,pose_drift,Heavy pose drift,6,0,2.2381,0,0
distance_sensors+imu,distance_sensors_3|imu,IMU + 3 ToF sensors,2,2,94.5,94.5,heading|obstacle,pose_drift,Heavy pose drift,7,0,0.0,1,0
distance_sensors+imu,distance_sensors_3|imu,IMU + 3 ToF sensors,2,2,94.5,94.5,heading|obstacle,pose_drift,Heavy pose drift,8,0,1.4704,0,0
distance_sensors+imu,distance_sensors_3|imu,IMU + 3 ToF sensors,2,2,94.5,94.5,heading|obstacle,pose_drift,Heavy pose drift,9,0,0.9936,0,0
distance_sensors+imu,distance_sensors_3|imu,IMU + 3 ToF sensors,2,2,94.5,94.5,heading|obstacle,pose_drift,Heavy pose drift,10,0,1.9212,0,0
distance_sensors+imu,distance_sensors_3|imu,IMU + 3 ToF sensors,2,2,94.5,94.5,heading|obstacle,pose_drift,Heavy pose drift,11,0,0.0,1,0
distance_sensors+imu,distance_sensors_3|imu,IMU + 3 ToF sensors,2,2,94.5,94.5,heading|obstacle,pose_drift,Heavy pose drift,12,0,8.8043,1,0
distance_sensors+imu,distance_sensors_3|imu,IMU + 3 ToF sensors,2,2,94.5,94.5,heading|obstacle,pose_drift,Heavy pose drift,13,0,0.9016,1,0
distance_sensors+imu,distance_sensors_3|imu,IMU + 3 ToF sensors,2,2,94.5,94.5,heading|obstacle,pose_drift,Heavy pose drift,14,0,0.5477,1,0
distance_sensors+imu,distance_sensors_3|imu,IMU + 3 ToF sensors,2,2,94.5,94.5,heading|obstacle,pose_drift,Heavy pose drift,15,0,3.19,0,0
distance_sensors+imu,distance_sensors_3|imu,IMU + 3 ToF sensors,2,2,94.5,94.5,heading|obstacle,pose_drift,Heavy pose drift,16,0,0.0,0,0
distance_sensors+imu,distance_sensors_3|imu,IMU + 3 ToF sensors,2,2,94.5,94.5,heading|obstacle,pose_drift,Heavy pose drift,17,0,0.525,1,0
distance_sensors+imu,distance_sensors_3|imu,IMU + 3 ToF sensors,2,2,94.5,94.5,heading|obstacle,pose_drift,Heavy pose drift,18,0,3.0479,1,0
distance_sensors+imu,distance_sensors_3|imu,IMU + 3 ToF sensors,2,2,94.5,94.5,heading|obstacle,pose_drift,Heavy pose drift,19,0,5.7671,1,0
distance_sensors+imu,distance_sensors_3|imu,IMU + 3 ToF sensors,2,2,94.5,94.5,heading|obstacle,pose_drift,Heavy pose drift,20,0,0.0,0,0
distance_sensors+imu,distance_sensors_3|imu,IMU + 3 ToF sensors,2,2,94.5,94.5,heading|obstacle,pose_drift,Heavy pose drift,21,0,1.8534,1,0
distance_sensors+imu,distance_sensors_3|imu,IMU + 3 ToF sensors,2,2,94.5,94.5,heading|obstacle,pose_drift,Heavy pose drift,22,0,2.7624,1,0
distance_sensors+imu,distance_sensors_3|imu,IMU + 3 ToF sensors,2,2,94.5,94.5,heading|obstacle,pose_drift,Heavy pose drift,23,0,1.9586,1,0
distance_sensors+imu,distance_sensors_3|imu,IMU + 3 ToF sensors,2,2,94.5,94.5,heading|obstacle,pose_drift,Heavy pose drift,24,0,0.0,1,0
distance_sensors+imu,distance_sensors_3|imu,IMU + 3 ToF sensors,2,2,94.5,94.5,heading|obstacle,map_error,Field doesn't match the map,0,1,4.1144,0,0
distance_sensors+imu,distance_sensors_3|imu,IMU + 3 ToF sensors,2,2,94.5,94.5,heading|obstacle,map_error,Field doesn't match the map,1,0,0.0,1,0
distance_sensors+imu,distance_sensors_3|imu,IMU + 3 ToF sensors,2,2,94.5,94.5,heading|obstacle,map_error,Field doesn't match the map,2,0,1.9257,1,0
distance_sensors+imu,distance_sensors_3|imu,IMU + 3 ToF sensors,2,2,94.5,94.5,heading|obstacle,map_error,Field doesn't match the map,3,0,8.5069,1,0
distance_sensors+imu,distance_sensors_3|imu,IMU + 3 ToF sensors,2,2,94.5,94.5,heading|obstacle,map_error,Field doesn't match the map,4,0,0.0,1,0
distance_sensors+imu,distance_sensors_3|imu,IMU + 3 ToF sensors,2,2,94.5,94.5,heading|obstacle,map_error,Field doesn't match the map,5,0,1.132,1,0
distance_sensors+imu,distance_sensors_3|imu,IMU + 3 ToF sensors,2,2,94.5,94.5,heading|obstacle,map_error,Field doesn't match the map,6,1,2.1508,0,0
distance_sensors+imu,distance_sensors_3|imu,IMU + 3 ToF sensors,2,2,94.5,94.5,heading|obstacle,map_error,Field doesn't match the map,7,0,0.0,1,0
distance_sensors+imu,distance_sensors_3|imu,IMU + 3 ToF sensors,2,2,94.5,94.5,heading|obstacle,map_error,Field doesn't match the map,8,1,1.3523,0,0
distance_sensors+imu,distance_sensors_3|imu,IMU + 3 ToF sensors,2,2,94.5,94.5,heading|obstacle,map_error,Field doesn't match the map,9,0,1.8392,1,0
distance_sensors+imu,distance_sensors_3|imu,IMU + 3 ToF sensors,2,2,94.5,94.5,heading|obstacle,map_error,Field doesn't match the map,10,1,1.8031,0,0
distance_sensors+imu,distance_sensors_3|imu,IMU + 3 ToF sensors,2,2,94.5,94.5,heading|obstacle,map_error,Field doesn't match the map,11,0,3.2964,1,0
distance_sensors+imu,distance_sensors_3|imu,IMU + 3 ToF sensors,2,2,94.5,94.5,heading|obstacle,map_error,Field doesn't match the map,12,1,7.6994,0,0
distance_sensors+imu,distance_sensors_3|imu,IMU + 3 ToF sensors,2,2,94.5,94.5,heading|obstacle,map_error,Field doesn't match the map,13,0,0.9835,1,0
distance_sensors+imu,distance_sensors_3|imu,IMU + 3 ToF sensors,2,2,94.5,94.5,heading|obstacle,map_error,Field doesn't match the map,14,0,0.0,1,0
distance_sensors+imu,distance_sensors_3|imu,IMU + 3 ToF sensors,2,2,94.5,94.5,heading|obstacle,map_error,Field doesn't match the map,15,1,8.9183,0,0
distance_sensors+imu,distance_sensors_3|imu,IMU + 3 ToF sensors,2,2,94.5,94.5,heading|obstacle,map_error,Field doesn't match the map,16,0,1.9399,1,0
distance_sensors+imu,distance_sensors_3|imu,IMU + 3 ToF sensors,2,2,94.5,94.5,heading|obstacle,map_error,Field doesn't match the map,17,0,0.0,1,0
distance_sensors+imu,distance_sensors_3|imu,IMU + 3 ToF sensors,2,2,94.5,94.5,heading|obstacle,map_error,Field doesn't match the map,18,0,1.2446,1,0
distance_sensors+imu,distance_sensors_3|imu,IMU + 3 ToF sensors,2,2,94.5,94.5,heading|obstacle,map_error,Field doesn't match the map,19,0,0.0,1,0
distance_sensors+imu,distance_sensors_3|imu,IMU + 3 ToF sensors,2,2,94.5,94.5,heading|obstacle,map_error,Field doesn't match the map,20,0,2.7425,1,0
distance_sensors+imu,distance_sensors_3|imu,IMU + 3 ToF sensors,2,2,94.5,94.5,heading|obstacle,map_error,Field doesn't match the map,21,0,1.2064,1,0
distance_sensors+imu,distance_sensors_3|imu,IMU + 3 ToF sensors,2,2,94.5,94.5,heading|obstacle,map_error,Field doesn't match the map,22,0,3.5435,1,0
distance_sensors+imu,distance_sensors_3|imu,IMU + 3 ToF sensors,2,2,94.5,94.5,heading|obstacle,map_error,Field doesn't match the map,23,0,7.0218,1,0
distance_sensors+imu,distance_sensors_3|imu,IMU + 3 ToF sensors,2,2,94.5,94.5,heading|obstacle,map_error,Field doesn't match the map,24,0,0.0,1,0
distance_sensors+imu,distance_sensors_3|imu,IMU + 3 ToF sensors,2,2,94.5,94.5,heading|obstacle,opponent,Opponent parks in the route,0,1,4.1144,0,0
distance_sensors+imu,distance_sensors_3|imu,IMU + 3 ToF sensors,2,2,94.5,94.5,heading|obstacle,opponent,Opponent parks in the route,1,0,0.0,1,0
distance_sensors+imu,distance_sensors_3|imu,IMU + 3 ToF sensors,2,2,94.5,94.5,heading|obstacle,opponent,Opponent parks in the route,2,0,1.9257,1,0
distance_sensors+imu,distance_sensors_3|imu,IMU + 3 ToF sensors,2,2,94.5,94.5,heading|obstacle,opponent,Opponent parks in the route,3,0,8.5069,1,0
distance_sensors+imu,distance_sensors_3|imu,IMU + 3 ToF sensors,2,2,94.5,94.5,heading|obstacle,opponent,Opponent parks in the route,4,0,0.0,1,0
distance_sensors+imu,distance_sensors_3|imu,IMU + 3 ToF sensors,2,2,94.5,94.5,heading|obstacle,opponent,Opponent parks in the route,5,0,1.132,1,0
distance_sensors+imu,distance_sensors_3|imu,IMU + 3 ToF sensors,2,2,94.5,94.5,heading|obstacle,opponent,Opponent parks in the route,6,1,2.4008,0,0
distance_sensors+imu,distance_sensors_3|imu,IMU + 3 ToF sensors,2,2,94.5,94.5,heading|obstacle,opponent,Opponent parks in the route,7,0,0.0,1,0
distance_sensors+imu,distance_sensors_3|imu,IMU + 3 ToF sensors,2,2,94.5,94.5,heading|obstacle,opponent,Opponent parks in the route,8,1,1.3523,0,0
distance_sensors+imu,distance_sensors_3|imu,IMU + 3 ToF sensors,2,2,94.5,94.5,heading|obstacle,opponent,Opponent parks in the route,9,0,7.61,0,0
distance_sensors+imu,distance_sensors_3|imu,IMU + 3 ToF sensors,2,2,94.5,94.5,heading|obstacle,opponent,Opponent parks in the route,10,1,3.3392,0,0
distance_sensors+imu,distance_sensors_3|imu,IMU + 3 ToF sensors,2,2,94.5,94.5,heading|obstacle,opponent,Opponent parks in the route,11,0,0.6374,1,0
distance_sensors+imu,distance_sensors_3|imu,IMU + 3 ToF sensors,2,2,94.5,94.5,heading|obstacle,opponent,Opponent parks in the route,12,1,7.6994,0,0
distance_sensors+imu,distance_sensors_3|imu,IMU + 3 ToF sensors,2,2,94.5,94.5,heading|obstacle,opponent,Opponent parks in the route,13,0,0.9835,1,0
distance_sensors+imu,distance_sensors_3|imu,IMU + 3 ToF sensors,2,2,94.5,94.5,heading|obstacle,opponent,Opponent parks in the route,14,0,0.0,1,0
distance_sensors+imu,distance_sensors_3|imu,IMU + 3 ToF sensors,2,2,94.5,94.5,heading|obstacle,opponent,Opponent parks in the route,15,0,6.8652,1,0
distance_sensors+imu,distance_sensors_3|imu,IMU + 3 ToF sensors,2,2,94.5,94.5,heading|obstacle,opponent,Opponent parks in the route,16,0,1.9399,1,0
distance_sensors+imu,distance_sensors_3|imu,IMU + 3 ToF sensors,2,2,94.5,94.5,heading|obstacle,opponent,Opponent parks in the route,17,0,0.5396,1,0
distance_sensors+imu,distance_sensors_3|imu,IMU + 3 ToF sensors,2,2,94.5,94.5,heading|obstacle,opponent,Opponent parks in the route,18,0,1.2446,1,0
distance_sensors+imu,distance_sensors_3|imu,IMU + 3 ToF sensors,2,2,94.5,94.5,heading|obstacle,opponent,Opponent parks in the route,19,0,0.0,1,0
distance_sensors+imu,distance_sensors_3|imu,IMU + 3 ToF sensors,2,2,94.5,94.5,heading|obstacle,opponent,Opponent parks in the route,20,0,1.4704,1,0
distance_sensors+imu,distance_sensors_3|imu,IMU + 3 ToF sensors,2,2,94.5,94.5,heading|obstacle,opponent,Opponent parks in the route,21,0,0.9711,1,0
distance_sensors+imu,distance_sensors_3|imu,IMU + 3 ToF sensors,2,2,94.5,94.5,heading|obstacle,opponent,Opponent parks in the route,22,0,3.5435,1,0
distance_sensors+imu,distance_sensors_3|imu,IMU + 3 ToF sensors,2,2,94.5,94.5,heading|obstacle,opponent,Opponent parks in the route,23,0,6.8919,0,0
distance_sensors+imu,distance_sensors_3|imu,IMU + 3 ToF sensors,2,2,94.5,94.5,heading|obstacle,opponent,Opponent parks in the route,24,0,0.0,1,0
distance_sensors+imu,distance_sensors_3|imu,IMU + 3 ToF sensors,2,2,94.5,94.5,heading|obstacle,combined_realistic,Everything at once (realistic fidelity),0,0,0.0,0,0
distance_sensors+imu,distance_sensors_3|imu,IMU + 3 ToF sensors,2,2,94.5,94.5,heading|obstacle,combined_realistic,Everything at once (realistic fidelity),1,0,3.2523,1,0
distance_sensors+imu,distance_sensors_3|imu,IMU + 3 ToF sensors,2,2,94.5,94.5,heading|obstacle,combined_realistic,Everything at once (realistic fidelity),2,0,1.915,1,0
distance_sensors+imu,distance_sensors_3|imu,IMU + 3 ToF sensors,2,2,94.5,94.5,heading|obstacle,combined_realistic,Everything at once (realistic fidelity),3,0,0.6691,1,0
distance_sensors+imu,distance_sensors_3|imu,IMU + 3 ToF sensors,2,2,94.5,94.5,heading|obstacle,combined_realistic,Everything at once (realistic fidelity),4,0,0.668,1,0
distance_sensors+imu,distance_sensors_3|imu,IMU + 3 ToF sensors,2,2,94.5,94.5,heading|obstacle,combined_realistic,Everything at once (realistic fidelity),5,0,1.132,1,0
distance_sensors+imu,distance_sensors_3|imu,IMU + 3 ToF sensors,2,2,94.5,94.5,heading|obstacle,combined_realistic,Everything at once (realistic fidelity),6,0,1.3523,1,0
distance_sensors+imu,distance_sensors_3|imu,IMU + 3 ToF sensors,2,2,94.5,94.5,heading|obstacle,combined_realistic,Everything at once (realistic fidelity),7,0,1.4802,1,0
distance_sensors+imu,distance_sensors_3|imu,IMU + 3 ToF sensors,2,2,94.5,94.5,heading|obstacle,combined_realistic,Everything at once (realistic fidelity),8,0,1.4704,0,0
distance_sensors+imu,distance_sensors_3|imu,IMU + 3 ToF sensors,2,2,94.5,94.5,heading|obstacle,combined_realistic,Everything at once (realistic fidelity),9,0,6.4884,0,0
distance_sensors+imu,distance_sensors_3|imu,IMU + 3 ToF sensors,2,2,94.5,94.5,heading|obstacle,combined_realistic,Everything at once (realistic fidelity),10,0,1.8534,0,0
distance_sensors+imu,distance_sensors_3|imu,IMU + 3 ToF sensors,2,2,94.5,94.5,heading|obstacle,combined_realistic,Everything at once (realistic fidelity),11,0,0.6642,1,0
distance_sensors+imu,distance_sensors_3|imu,IMU + 3 ToF sensors,2,2,94.5,94.5,heading|obstacle,combined_realistic,Everything at once (realistic fidelity),12,0,2.3856,0,0
distance_sensors+imu,distance_sensors_3|imu,IMU + 3 ToF sensors,2,2,94.5,94.5,heading|obstacle,combined_realistic,Everything at once (realistic fidelity),13,0,1.7874,0,0
distance_sensors+imu,distance_sensors_3|imu,IMU + 3 ToF sensors,2,2,94.5,94.5,heading|obstacle,combined_realistic,Everything at once (realistic fidelity),14,0,0.0,1,0
distance_sensors+imu,distance_sensors_3|imu,IMU + 3 ToF sensors,2,2,94.5,94.5,heading|obstacle,combined_realistic,Everything at once (realistic fidelity),15,0,2.6531,0,0
distance_sensors+imu,distance_sensors_3|imu,IMU + 3 ToF sensors,2,2,94.5,94.5,heading|obstacle,combined_realistic,Everything at once (realistic fidelity),16,0,0.0,0,0
distance_sensors+imu,distance_sensors_3|imu,IMU + 3 ToF sensors,2,2,94.5,94.5,heading|obstacle,combined_realistic,Everything at once (realistic fidelity),17,0,0.525,1,0
distance_sensors+imu,distance_sensors_3|imu,IMU + 3 ToF sensors,2,2,94.5,94.5,heading|obstacle,combined_realistic,Everything at once (realistic fidelity),18,0,2.6387,1,0
distance_sensors+imu,distance_sensors_3|imu,IMU + 3 ToF sensors,2,2,94.5,94.5,heading|obstacle,combined_realistic,Everything at once (realistic fidelity),19,0,0.0,1,0
distance_sensors+imu,distance_sensors_3|imu,IMU + 3 ToF sensors,2,2,94.5,94.5,heading|obstacle,combined_realistic,Everything at once (realistic fidelity),20,0,0.0,1,0
distance_sensors+imu,distance_sensors_3|imu,IMU + 3 ToF sensors,2,2,94.5,94.5,heading|obstacle,combined_realistic,Everything at once (realistic fidelity),21,0,0.5396,0,0
distance_sensors+imu,distance_sensors_3|imu,IMU + 3 ToF sensors,2,2,94.5,94.5,heading|obstacle,combined_realistic,Everything at once (realistic fidelity),22,0,0.0,1,0
distance_sensors+imu,distance_sensors_3|imu,IMU + 3 ToF sensors,2,2,94.5,94.5,heading|obstacle,combined_realistic,Everything at once (realistic fidelity),23,0,2.4594,1,0
distance_sensors+imu,distance_sensors_3|imu,IMU + 3 ToF sensors,2,2,94.5,94.5,heading|obstacle,combined_realistic,Everything at once (realistic fidelity),24,0,2.48,1,0
distance_sensors+imu,distance_sensors_3|imu,IMU + 3 ToF sensors,2,2,94.5,94.5,heading|obstacle,corridor,"Tight corridor, mixed deviation",0,0,6.5962,0,0
distance_sensors+imu,distance_sensors_3|imu,IMU + 3 ToF sensors,2,2,94.5,94.5,heading|obstacle,corridor,"Tight corridor, mixed deviation",1,0,5.0387,0,0
distance_sensors+imu,distance_sensors_3|imu,IMU + 3 ToF sensors,2,2,94.5,94.5,heading|obstacle,corridor,"Tight corridor, mixed deviation",2,0,0.0,1,0
distance_sensors+imu,distance_sensors_3|imu,IMU + 3 ToF sensors,2,2,94.5,94.5,heading|obstacle,corridor,"Tight corridor, mixed deviation",3,0,3.4574,0,0
distance_sensors+imu,distance_sensors_3|imu,IMU + 3 ToF sensors,2,2,94.5,94.5,heading|obstacle,corridor,"Tight corridor, mixed deviation",4,0,3.9141,0,0
distance_sensors+imu,distance_sensors_3|imu,IMU + 3 ToF sensors,2,2,94.5,94.5,heading|obstacle,corridor,"Tight corridor, mixed deviation",5,0,8.6192,0,0
distance_sensors+imu,distance_sensors_3|imu,IMU + 3 ToF sensors,2,2,94.5,94.5,heading|obstacle,corridor,"Tight corridor, mixed deviation",6,0,8.5475,0,0
distance_sensors+imu,distance_sensors_3|imu,IMU + 3 ToF sensors,2,2,94.5,94.5,heading|obstacle,corridor,"Tight corridor, mixed deviation",7,0,4.0555,1,0
distance_sensors+imu,distance_sensors_3|imu,IMU + 3 ToF sensors,2,2,94.5,94.5,heading|obstacle,corridor,"Tight corridor, mixed deviation",8,0,4.7837,1,0
distance_sensors+imu,distance_sensors_3|imu,IMU + 3 ToF sensors,2,2,94.5,94.5,heading|obstacle,corridor,"Tight corridor, mixed deviation",9,0,0.5951,1,0
distance_sensors+imu,distance_sensors_3|imu,IMU + 3 ToF sensors,2,2,94.5,94.5,heading|obstacle,corridor,"Tight corridor, mixed deviation",10,0,5.4258,1,0
distance_sensors+imu,distance_sensors_3|imu,IMU + 3 ToF sensors,2,2,94.5,94.5,heading|obstacle,corridor,"Tight corridor, mixed deviation",11,0,0.9711,0,0
distance_sensors+imu,distance_sensors_3|imu,IMU + 3 ToF sensors,2,2,94.5,94.5,heading|obstacle,corridor,"Tight corridor, mixed deviation",12,0,4.1805,1,0
distance_sensors+imu,distance_sensors_3|imu,IMU + 3 ToF sensors,2,2,94.5,94.5,heading|obstacle,corridor,"Tight corridor, mixed deviation",13,0,5.4438,0,0
distance_sensors+imu,distance_sensors_3|imu,IMU + 3 ToF sensors,2,2,94.5,94.5,heading|obstacle,corridor,"Tight corridor, mixed deviation",14,0,1.3523,0,0
distance_sensors+imu,distance_sensors_3|imu,IMU + 3 ToF sensors,2,2,94.5,94.5,heading|obstacle,corridor,"Tight corridor, mixed deviation",15,0,6.1636,0,0
distance_sensors+imu,distance_sensors_3|imu,IMU + 3 ToF sensors,2,2,94.5,94.5,heading|obstacle,corridor,"Tight corridor, mixed deviation",16,0,1.7265,1,0
distance_sensors+imu,distance_sensors_3|imu,IMU + 3 ToF sensors,2,2,94.5,94.5,heading|obstacle,corridor,"Tight corridor, mixed deviation",17,0,3.6108,0,0
distance_sensors+imu,distance_sensors_3|imu,IMU + 3 ToF sensors,2,2,94.5,94.5,heading|obstacle,corridor,"Tight corridor, mixed deviation",18,0,3.4936,1,0
distance_sensors+imu,distance_sensors_3|imu,IMU + 3 ToF sensors,2,2,94.5,94.5,heading|obstacle,corridor,"Tight corridor, mixed deviation",19,0,2.2361,0,0
distance_sensors+imu,distance_sensors_3|imu,IMU + 3 ToF sensors,2,2,94.5,94.5,heading|obstacle,corridor,"Tight corridor, mixed deviation",20,0,5.434,1,0
distance_sensors+imu,distance_sensors_3|imu,IMU + 3 ToF sensors,2,2,94.5,94.5,heading|obstacle,corridor,"Tight corridor, mixed deviation",21,1,4.5705,0,0
distance_sensors+imu,distance_sensors_3|imu,IMU + 3 ToF sensors,2,2,94.5,94.5,heading|obstacle,corridor,"Tight corridor, mixed deviation",22,0,3.3917,0,0
distance_sensors+imu,distance_sensors_3|imu,IMU + 3 ToF sensors,2,2,94.5,94.5,heading|obstacle,corridor,"Tight corridor, mixed deviation",23,0,0.0,0,0
distance_sensors+imu,distance_sensors_3|imu,IMU + 3 ToF sensors,2,2,94.5,94.5,heading|obstacle,corridor,"Tight corridor, mixed deviation",24,0,0.0,0,0
distance_sensors+dual_camera_apriltag,camera_front|camera_rear|distance_sensors_3,front camera + rear camera + 3 ToF sensors,2,3,144.5,144.5,obstacle|pose,pose_drift,Heavy pose drift,0,0,0.0,1,0
distance_sensors+dual_camera_apriltag,camera_front|camera_rear|distance_sensors_3,front camera + rear camera + 3 ToF sensors,2,3,144.5,144.5,obstacle|pose,pose_drift,Heavy pose drift,1,0,4.6593,1,0
distance_sensors+dual_camera_apriltag,camera_front|camera_rear|distance_sensors_3,front camera + rear camera + 3 ToF sensors,2,3,144.5,144.5,obstacle|pose,pose_drift,Heavy pose drift,2,0,1.9757,1,0
distance_sensors+dual_camera_apriltag,camera_front|camera_rear|distance_sensors_3,front camera + rear camera + 3 ToF sensors,2,3,144.5,144.5,obstacle|pose,pose_drift,Heavy pose drift,3,0,0.0,1,0
distance_sensors+dual_camera_apriltag,camera_front|camera_rear|distance_sensors_3,front camera + rear camera + 3 ToF sensors,2,3,144.5,144.5,obstacle|pose,pose_drift,Heavy pose drift,4,0,2.5994,1,0
distance_sensors+dual_camera_apriltag,camera_front|camera_rear|distance_sensors_3,front camera + rear camera + 3 ToF sensors,2,3,144.5,144.5,obstacle|pose,pose_drift,Heavy pose drift,5,0,5.4674,1,0
distance_sensors+dual_camera_apriltag,camera_front|camera_rear|distance_sensors_3,front camera + rear camera + 3 ToF sensors,2,3,144.5,144.5,obstacle|pose,pose_drift,Heavy pose drift,6,0,2.2381,0,0
distance_sensors+dual_camera_apriltag,camera_front|camera_rear|distance_sensors_3,front camera + rear camera + 3 ToF sensors,2,3,144.5,144.5,obstacle|pose,pose_drift,Heavy pose drift,7,0,0.0,1,0
distance_sensors+dual_camera_apriltag,camera_front|camera_rear|distance_sensors_3,front camera + rear camera + 3 ToF sensors,2,3,144.5,144.5,obstacle|pose,pose_drift,Heavy pose drift,8,0,1.4704,0,0
distance_sensors+dual_camera_apriltag,camera_front|camera_rear|distance_sensors_3,front camera + rear camera + 3 ToF sensors,2,3,144.5,144.5,obstacle|pose,pose_drift,Heavy pose drift,9,0,0.9936,0,0
distance_sensors+dual_camera_apriltag,camera_front|camera_rear|distance_sensors_3,front camera + rear camera + 3 ToF sensors,2,3,144.5,144.5,obstacle|pose,pose_drift,Heavy pose drift,10,0,1.9212,0,0
distance_sensors+dual_camera_apriltag,camera_front|camera_rear|distance_sensors_3,front camera + rear camera + 3 ToF sensors,2,3,144.5,144.5,obstacle|pose,pose_drift,Heavy pose drift,11,0,0.0,1,0
distance_sensors+dual_camera_apriltag,camera_front|camera_rear|distance_sensors_3,front camera + rear camera + 3 ToF sensors,2,3,144.5,144.5,obstacle|pose,pose_drift,Heavy pose drift,12,0,8.8043,1,0
distance_sensors+dual_camera_apriltag,camera_front|camera_rear|distance_sensors_3,front camera + rear camera + 3 ToF sensors,2,3,144.5,144.5,obstacle|pose,pose_drift,Heavy pose drift,13,0,0.9016,1,0
distance_sensors+dual_camera_apriltag,camera_front|camera_rear|distance_sensors_3,front camera + rear camera + 3 ToF sensors,2,3,144.5,144.5,obstacle|pose,pose_drift,Heavy pose drift,14,0,0.5477,1,0
distance_sensors+dual_camera_apriltag,camera_front|camera_rear|distance_sensors_3,front camera + rear camera + 3 ToF sensors,2,3,144.5,144.5,obstacle|pose,pose_drift,Heavy pose drift,15,0,3.19,0,0
distance_sensors+dual_camera_apriltag,camera_front|camera_rear|distance_sensors_3,front camera + rear camera + 3 ToF sensors,2,3,144.5,144.5,obstacle|pose,pose_drift,Heavy pose drift,16,0,0.0,0,0
distance_sensors+dual_camera_apriltag,camera_front|camera_rear|distance_sensors_3,front camera + rear camera + 3 ToF sensors,2,3,144.5,144.5,obstacle|pose,pose_drift,Heavy pose drift,17,0,0.525,1,0
distance_sensors+dual_camera_apriltag,camera_front|camera_rear|distance_sensors_3,front camera + rear camera + 3 ToF sensors,2,3,144.5,144.5,obstacle|pose,pose_drift,Heavy pose drift,18,0,3.0479,1,0
distance_sensors+dual_camera_apriltag,camera_front|camera_rear|distance_sensors_3,front camera + rear camera + 3 ToF sensors,2,3,144.5,144.5,obstacle|pose,pose_drift,Heavy pose drift,19,1,8.7571,0,0
distance_sensors+dual_camera_apriltag,camera_front|camera_rear|distance_sensors_3,front camera + rear camera + 3 ToF sensors,2,3,144.5,144.5,obstacle|pose,pose_drift,Heavy pose drift,20,0,0.0,0,0
distance_sensors+dual_camera_apriltag,camera_front|camera_rear|distance_sensors_3,front camera + rear camera + 3 ToF sensors,2,3,144.5,144.5,obstacle|pose,pose_drift,Heavy pose drift,21,0,1.8534,1,0
distance_sensors+dual_camera_apriltag,camera_front|camera_rear|distance_sensors_3,front camera + rear camera + 3 ToF sensors,2,3,144.5,144.5,obstacle|pose,pose_drift,Heavy pose drift,22,0,2.7624,1,0
distance_sensors+dual_camera_apriltag,camera_front|camera_rear|distance_sensors_3,front camera + rear camera + 3 ToF sensors,2,3,144.5,144.5,obstacle|pose,pose_drift,Heavy pose drift,23,0,1.9586,1,0
distance_sensors+dual_camera_apriltag,camera_front|camera_rear|distance_sensors_3,front camera + rear camera + 3 ToF sensors,2,3,144.5,144.5,obstacle|pose,pose_drift,Heavy pose drift,24,0,0.0,1,0
distance_sensors+dual_camera_apriltag,camera_front|camera_rear|distance_sensors_3,front camera + rear camera + 3 ToF sensors,2,3,144.5,144.5,obstacle|pose,map_error,Field doesn't match the map,0,1,4.4144,0,0
distance_sensors+dual_camera_apriltag,camera_front|camera_rear|distance_sensors_3,front camera + rear camera + 3 ToF sensors,2,3,144.5,144.5,obstacle|pose,map_error,Field doesn't match the map,1,0,0.0,1,0
distance_sensors+dual_camera_apriltag,camera_front|camera_rear|distance_sensors_3,front camera + rear camera + 3 ToF sensors,2,3,144.5,144.5,obstacle|pose,map_error,Field doesn't match the map,2,0,1.9757,1,0
distance_sensors+dual_camera_apriltag,camera_front|camera_rear|distance_sensors_3,front camera + rear camera + 3 ToF sensors,2,3,144.5,144.5,obstacle|pose,map_error,Field doesn't match the map,3,0,8.5069,1,0
distance_sensors+dual_camera_apriltag,camera_front|camera_rear|distance_sensors_3,front camera + rear camera + 3 ToF sensors,2,3,144.5,144.5,obstacle|pose,map_error,Field doesn't match the map,4,0,0.0,1,0
distance_sensors+dual_camera_apriltag,camera_front|camera_rear|distance_sensors_3,front camera + rear camera + 3 ToF sensors,2,3,144.5,144.5,obstacle|pose,map_error,Field doesn't match the map,5,0,1.132,1,0
distance_sensors+dual_camera_apriltag,camera_front|camera_rear|distance_sensors_3,front camera + rear camera + 3 ToF sensors,2,3,144.5,144.5,obstacle|pose,map_error,Field doesn't match the map,6,1,2.1508,0,0
distance_sensors+dual_camera_apriltag,camera_front|camera_rear|distance_sensors_3,front camera + rear camera + 3 ToF sensors,2,3,144.5,144.5,obstacle|pose,map_error,Field doesn't match the map,7,0,0.0,1,0
distance_sensors+dual_camera_apriltag,camera_front|camera_rear|distance_sensors_3,front camera + rear camera + 3 ToF sensors,2,3,144.5,144.5,obstacle|pose,map_error,Field doesn't match the map,8,1,1.4523,0,0
distance_sensors+dual_camera_apriltag,camera_front|camera_rear|distance_sensors_3,front camera + rear camera + 3 ToF sensors,2,3,144.5,144.5,obstacle|pose,map_error,Field doesn't match the map,9,0,1.8392,1,0
distance_sensors+dual_camera_apriltag,camera_front|camera_rear|distance_sensors_3,front camera + rear camera + 3 ToF sensors,2,3,144.5,144.5,obstacle|pose,map_error,Field doesn't match the map,10,1,1.8031,0,0
distance_sensors+dual_camera_apriltag,camera_front|camera_rear|distance_sensors_3,front camera + rear camera + 3 ToF sensors,2,3,144.5,144.5,obstacle|pose,map_error,Field doesn't match the map,11,0,3.2964,1,0
distance_sensors+dual_camera_apriltag,camera_front|camera_rear|distance_sensors_3,front camera + rear camera + 3 ToF sensors,2,3,144.5,144.5,obstacle|pose,map_error,Field doesn't match the map,12,1,7.6994,0,0
distance_sensors+dual_camera_apriltag,camera_front|camera_rear|distance_sensors_3,front camera + rear camera + 3 ToF sensors,2,3,144.5,144.5,obstacle|pose,map_error,Field doesn't match the map,13,0,0.9835,1,0
distance_sensors+dual_camera_apriltag,camera_front|camera_rear|distance_sensors_3,front camera + rear camera + 3 ToF sensors,2,3,144.5,144.5,obstacle|pose,map_error,Field doesn't match the map,14,0,0.0,1,0
distance_sensors+dual_camera_apriltag,camera_front|camera_rear|distance_sensors_3,front camera + rear camera + 3 ToF sensors,2,3,144.5,144.5,obstacle|pose,map_error,Field doesn't match the map,15,1,8.9183,0,0
distance_sensors+dual_camera_apriltag,camera_front|camera_rear|distance_sensors_3,front camera + rear camera + 3 ToF sensors,2,3,144.5,144.5,obstacle|pose,map_error,Field doesn't match the map,16,0,1.9399,1,0
distance_sensors+dual_camera_apriltag,camera_front|camera_rear|distance_sensors_3,front camera + rear camera + 3 ToF sensors,2,3,144.5,144.5,obstacle|pose,map_error,Field doesn't match the map,17,0,0.0,1,0
distance_sensors+dual_camera_apriltag,camera_front|camera_rear|distance_sensors_3,front camera + rear camera + 3 ToF sensors,2,3,144.5,144.5,obstacle|pose,map_error,Field doesn't match the map,18,0,1.2446,1,0
distance_sensors+dual_camera_apriltag,camera_front|camera_rear|distance_sensors_3,front camera + rear camera + 3 ToF sensors,2,3,144.5,144.5,obstacle|pose,map_error,Field doesn't match the map,19,0,0.0,1,0
distance_sensors+dual_camera_apriltag,camera_front|camera_rear|distance_sensors_3,front camera + rear camera + 3 ToF sensors,2,3,144.5,144.5,obstacle|pose,map_error,Field doesn't match the map,20,0,2.7425,1,0
distance_sensors+dual_camera_apriltag,camera_front|camera_rear|distance_sensors_3,front camera + rear camera + 3 ToF sensors,2,3,144.5,144.5,obstacle|pose,map_error,Field doesn't match the map,21,0,1.2064,1,0
distance_sensors+dual_camera_apriltag,camera_front|camera_rear|distance_sensors_3,front camera + rear camera + 3 ToF sensors,2,3,144.5,144.5,obstacle|pose,map_error,Field doesn't match the map,22,0,3.5435,1,0
distance_sensors+dual_camera_apriltag,camera_front|camera_rear|distance_sensors_3,front camera + rear camera + 3 ToF sensors,2,3,144.5,144.5,obstacle|pose,map_error,Field doesn't match the map,23,0,6.221,1,0
distance_sensors+dual_camera_apriltag,camera_front|camera_rear|distance_sensors_3,front camera + rear camera + 3 ToF sensors,2,3,144.5,144.5,obstacle|pose,map_error,Field doesn't match the map,24,0,0.0,1,0
distance_sensors+dual_camera_apriltag,camera_front|camera_rear|distance_sensors_3,front camera + rear camera + 3 ToF sensors,2,3,144.5,144.5,obstacle|pose,opponent,Opponent parks in the route,0,1,4.4144,0,0
distance_sensors+dual_camera_apriltag,camera_front|camera_rear|distance_sensors_3,front camera + rear camera + 3 ToF sensors,2,3,144.5,144.5,obstacle|pose,opponent,Opponent parks in the route,1,0,0.0,1,0
distance_sensors+dual_camera_apriltag,camera_front|camera_rear|distance_sensors_3,front camera + rear camera + 3 ToF sensors,2,3,144.5,144.5,obstacle|pose,opponent,Opponent parks in the route,2,0,1.9757,1,0
distance_sensors+dual_camera_apriltag,camera_front|camera_rear|distance_sensors_3,front camera + rear camera + 3 ToF sensors,2,3,144.5,144.5,obstacle|pose,opponent,Opponent parks in the route,3,0,6.1593,1,0
distance_sensors+dual_camera_apriltag,camera_front|camera_rear|distance_sensors_3,front camera + rear camera + 3 ToF sensors,2,3,144.5,144.5,obstacle|pose,opponent,Opponent parks in the route,4,0,0.0,1,0
distance_sensors+dual_camera_apriltag,camera_front|camera_rear|distance_sensors_3,front camera + rear camera + 3 ToF sensors,2,3,144.5,144.5,obstacle|pose,opponent,Opponent parks in the route,5,0,1.132,1,0
distance_sensors+dual_camera_apriltag,camera_front|camera_rear|distance_sensors_3,front camera + rear camera + 3 ToF sensors,2,3,144.5,144.5,obstacle|pose,opponent,Opponent parks in the route,6,1,2.4008,0,0
distance_sensors+dual_camera_apriltag,camera_front|camera_rear|distance_sensors_3,front camera + rear camera + 3 ToF sensors,2,3,144.5,144.5,obstacle|pose,opponent,Opponent parks in the route,7,0,0.0,1,0
distance_sensors+dual_camera_apriltag,camera_front|camera_rear|distance_sensors_3,front camera + rear camera + 3 ToF sensors,2,3,144.5,144.5,obstacle|pose,opponent,Opponent parks in the route,8,1,1.4523,0,0
distance_sensors+dual_camera_apriltag,camera_front|camera_rear|distance_sensors_3,front camera + rear camera + 3 ToF sensors,2,3,144.5,144.5,obstacle|pose,opponent,Opponent parks in the route,9,0,7.61,0,0
distance_sensors+dual_camera_apriltag,camera_front|camera_rear|distance_sensors_3,front camera + rear camera + 3 ToF sensors,2,3,144.5,144.5,obstacle|pose,opponent,Opponent parks in the route,10,1,3.3392,0,0
distance_sensors+dual_camera_apriltag,camera_front|camera_rear|distance_sensors_3,front camera + rear camera + 3 ToF sensors,2,3,144.5,144.5,obstacle|pose,opponent,Opponent parks in the route,11,0,0.6374,1,0
distance_sensors+dual_camera_apriltag,camera_front|camera_rear|distance_sensors_3,front camera + rear camera + 3 ToF sensors,2,3,144.5,144.5,obstacle|pose,opponent,Opponent parks in the route,12,1,7.6994,0,0
distance_sensors+dual_camera_apriltag,camera_front|camera_rear|distance_sensors_3,front camera + rear camera + 3 ToF sensors,2,3,144.5,144.5,obstacle|pose,opponent,Opponent parks in the route,13,0,0.9835,1,0
distance_sensors+dual_camera_apriltag,camera_front|camera_rear|distance_sensors_3,front camera + rear camera + 3 ToF sensors,2,3,144.5,144.5,obstacle|pose,opponent,Opponent parks in the route,14,0,0.0,1,0
distance_sensors+dual_camera_apriltag,camera_front|camera_rear|distance_sensors_3,front camera + rear camera + 3 ToF sensors,2,3,144.5,144.5,obstacle|pose,opponent,Opponent parks in the route,15,0,6.8652,1,0
distance_sensors+dual_camera_apriltag,camera_front|camera_rear|distance_sensors_3,front camera + rear camera + 3 ToF sensors,2,3,144.5,144.5,obstacle|pose,opponent,Opponent parks in the route,16,0,1.9399,1,0
distance_sensors+dual_camera_apriltag,camera_front|camera_rear|distance_sensors_3,front camera + rear camera + 3 ToF sensors,2,3,144.5,144.5,obstacle|pose,opponent,Opponent parks in the route,17,0,0.5396,1,0
distance_sensors+dual_camera_apriltag,camera_front|camera_rear|distance_sensors_3,front camera + rear camera + 3 ToF sensors,2,3,144.5,144.5,obstacle|pose,opponent,Opponent parks in the route,18,0,1.2446,1,0
distance_sensors+dual_camera_apriltag,camera_front|camera_rear|distance_sensors_3,front camera + rear camera + 3 ToF sensors,2,3,144.5,144.5,obstacle|pose,opponent,Opponent parks in the route,19,0,0.0,1,0
distance_sensors+dual_camera_apriltag,camera_front|camera_rear|distance_sensors_3,front camera + rear camera + 3 ToF sensors,2,3,144.5,144.5,obstacle|pose,opponent,Opponent parks in the route,20,0,1.4704,1,0
distance_sensors+dual_camera_apriltag,camera_front|camera_rear|distance_sensors_3,front camera + rear camera + 3 ToF sensors,2,3,144.5,144.5,obstacle|pose,opponent,Opponent parks in the route,21,0,0.9711,1,0
distance_sensors+dual_camera_apriltag,camera_front|camera_rear|distance_sensors_3,front camera + rear camera + 3 ToF sensors,2,3,144.5,144.5,obstacle|pose,opponent,Opponent parks in the route,22,0,3.5435,1,0
distance_sensors+dual_camera_apriltag,camera_front|camera_rear|distance_sensors_3,front camera + rear camera + 3 ToF sensors,2,3,144.5,144.5,obstacle|pose,opponent,Opponent parks in the route,23,0,6.8919,0,0
distance_sensors+dual_camera_apriltag,camera_front|camera_rear|distance_sensors_3,front camera + rear camera + 3 ToF sensors,2,3,144.5,144.5,obstacle|pose,opponent,Opponent parks in the route,24,0,0.0,1,0
distance_sensors+dual_camera_apriltag,camera_front|camera_rear|distance_sensors_3,front camera + rear camera + 3 ToF sensors,2,3,144.5,144.5,obstacle|pose,combined_realistic,Everything at once (realistic fidelity),0,0,0.0,0,0
distance_sensors+dual_camera_apriltag,camera_front|camera_rear|distance_sensors_3,front camera + rear camera + 3 ToF sensors,2,3,144.5,144.5,obstacle|pose,combined_realistic,Everything at once (realistic fidelity),1,0,3.2523,1,0
distance_sensors+dual_camera_apriltag,camera_front|camera_rear|distance_sensors_3,front camera + rear camera + 3 ToF sensors,2,3,144.5,144.5,obstacle|pose,combined_realistic,Everything at once (realistic fidelity),2,0,1.4642,1,0
distance_sensors+dual_camera_apriltag,camera_front|camera_rear|distance_sensors_3,front camera + rear camera + 3 ToF sensors,2,3,144.5,144.5,obstacle|pose,combined_realistic,Everything at once (realistic fidelity),3,0,0.6691,1,0
distance_sensors+dual_camera_apriltag,camera_front|camera_rear|distance_sensors_3,front camera + rear camera + 3 ToF sensors,2,3,144.5,144.5,obstacle|pose,combined_realistic,Everything at once (realistic fidelity),4,0,0.668,1,0
distance_sensors+dual_camera_apriltag,camera_front|camera_rear|distance_sensors_3,front camera + rear camera + 3 ToF sensors,2,3,144.5,144.5,obstacle|pose,combined_realistic,Everything at once (realistic fidelity),5,0,1.132,1,0
distance_sensors+dual_camera_apriltag,camera_front|camera_rear|distance_sensors_3,front camera + rear camera + 3 ToF sensors,2,3,144.5,144.5,obstacle|pose,combined_realistic,Everything at once (realistic fidelity),6,0,1.3523,1,0
distance_sensors+dual_camera_apriltag,camera_front|camera_rear|distance_sensors_3,front camera + rear camera + 3 ToF sensors,2,3,144.5,144.5,obstacle|pose,combined_realistic,Everything at once (realistic fidelity),7,0,1.4802,1,0
distance_sensors+dual_camera_apriltag,camera_front|camera_rear|distance_sensors_3,front camera + rear camera + 3 ToF sensors,2,3,144.5,144.5,obstacle|pose,combined_realistic,Everything at once (realistic fidelity),8,0,1.4704,0,0
distance_sensors+dual_camera_apriltag,camera_front|camera_rear|distance_sensors_3,front camera + rear camera + 3 ToF sensors,2,3,144.5,144.5,obstacle|pose,combined_realistic,Everything at once (realistic fidelity),9,0,6.4884,0,0
distance_sensors+dual_camera_apriltag,camera_front|camera_rear|distance_sensors_3,front camera + rear camera + 3 ToF sensors,2,3,144.5,144.5,obstacle|pose,combined_realistic,Everything at once (realistic fidelity),10,0,1.8534,0,0
distance_sensors+dual_camera_apriltag,camera_front|camera_rear|distance_sensors_3,front camera + rear camera + 3 ToF sensors,2,3,144.5,144.5,obstacle|pose,combined_realistic,Everything at once (realistic fidelity),11,0,0.6642,1,0
distance_sensors+dual_camera_apriltag,camera_front|camera_rear|distance_sensors_3,front camera + rear camera + 3 ToF sensors,2,3,144.5,144.5,obstacle|pose,combined_realistic,Everything at once (realistic fidelity),12,0,2.3856,0,0
distance_sensors+dual_camera_apriltag,camera_front|camera_rear|distance_sensors_3,front camera + rear camera + 3 ToF sensors,2,3,144.5,144.5,obstacle|pose,combined_realistic,Everything at once (realistic fidelity),13,0,1.7874,0,0
distance_sensors+dual_camera_apriltag,camera_front|camera_rear|distance_sensors_3,front camera + rear camera + 3 ToF sensors,2,3,144.5,144.5,obstacle|pose,combined_realistic,Everything at once (realistic fidelity),14,0,0.0,1,0
distance_sensors+dual_camera_apriltag,camera_front|camera_rear|distance_sensors_3,front camera + rear camera + 3 ToF sensors,2,3,144.5,144.5,obstacle|pose,combined_realistic,Everything at once (realistic fidelity),15,0,2.6531,0,0
distance_sensors+dual_camera_apriltag,camera_front|camera_rear|distance_sensors_3,front camera + rear camera + 3 ToF sensors,2,3,144.5,144.5,obstacle|pose,combined_realistic,Everything at once (realistic fidelity),16,0,0.0,0,0
distance_sensors+dual_camera_apriltag,camera_front|camera_rear|distance_sensors_3,front camera + rear camera + 3 ToF sensors,2,3,144.5,144.5,obstacle|pose,combined_realistic,Everything at once (realistic fidelity),17,0,0.525,1,0
distance_sensors+dual_camera_apriltag,camera_front|camera_rear|distance_sensors_3,front camera + rear camera + 3 ToF sensors,2,3,144.5,144.5,obstacle|pose,combined_realistic,Everything at once (realistic fidelity),18,0,2.6387,1,0
distance_sensors+dual_camera_apriltag,camera_front|camera_rear|distance_sensors_3,front camera + rear camera + 3 ToF sensors,2,3,144.5,144.5,obstacle|pose,combined_realistic,Everything at once (realistic fidelity),19,0,0.0,1,0
distance_sensors+dual_camera_apriltag,camera_front|camera_rear|distance_sensors_3,front camera + rear camera + 3 ToF sensors,2,3,144.5,144.5,obstacle|pose,combined_realistic,Everything at once (realistic fidelity),20,0,0.0,1,0
distance_sensors+dual_camera_apriltag,camera_front|camera_rear|distance_sensors_3,front camera + rear camera + 3 ToF sensors,2,3,144.5,144.5,obstacle|pose,combined_realistic,Everything at once (realistic fidelity),21,0,0.5396,0,0
distance_sensors+dual_camera_apriltag,camera_front|camera_rear|distance_sensors_3,front camera + rear camera + 3 ToF sensors,2,3,144.5,144.5,obstacle|pose,combined_realistic,Everything at once (realistic fidelity),22,0,0.0,1,0
distance_sensors+dual_camera_apriltag,camera_front|camera_rear|distance_sensors_3,front camera + rear camera + 3 ToF sensors,2,3,144.5,144.5,obstacle|pose,combined_realistic,Everything at once (realistic fidelity),23,0,2.4594,1,0
distance_sensors+dual_camera_apriltag,camera_front|camera_rear|distance_sensors_3,front camera + rear camera + 3 ToF sensors,2,3,144.5,144.5,obstacle|pose,combined_realistic,Everything at once (realistic fidelity),24,0,2.48,1,0
distance_sensors+dual_camera_apriltag,camera_front|camera_rear|distance_sensors_3,front camera + rear camera + 3 ToF sensors,2,3,144.5,144.5,obstacle|pose,corridor,"Tight corridor, mixed deviation",0,0,1.0227,1,0
distance_sensors+dual_camera_apriltag,camera_front|camera_rear|distance_sensors_3,front camera + rear camera + 3 ToF sensors,2,3,144.5,144.5,obstacle|pose,corridor,"Tight corridor, mixed deviation",1,0,5.0387,0,0
distance_sensors+dual_camera_apriltag,camera_front|camera_rear|distance_sensors_3,front camera + rear camera + 3 ToF sensors,2,3,144.5,144.5,obstacle|pose,corridor,"Tight corridor, mixed deviation",2,0,0.0,1,0
distance_sensors+dual_camera_apriltag,camera_front|camera_rear|distance_sensors_3,front camera + rear camera + 3 ToF sensors,2,3,144.5,144.5,obstacle|pose,corridor,"Tight corridor, mixed deviation",3,0,4.3096,0,0
distance_sensors+dual_camera_apriltag,camera_front|camera_rear|distance_sensors_3,front camera + rear camera + 3 ToF sensors,2,3,144.5,144.5,obstacle|pose,corridor,"Tight corridor, mixed deviation",4,0,3.9141,0,0
distance_sensors+dual_camera_apriltag,camera_front|camera_rear|distance_sensors_3,front camera + rear camera + 3 ToF sensors,2,3,144.5,144.5,obstacle|pose,corridor,"Tight corridor, mixed deviation",5,1,8.264,0,0
distance_sensors+dual_camera_apriltag,camera_front|camera_rear|distance_sensors_3,front camera + rear camera + 3 ToF sensors,2,3,144.5,144.5,obstacle|pose,corridor,"Tight corridor, mixed deviation",6,0,8.5114,0,0
distance_sensors+dual_camera_apriltag,camera_front|camera_rear|distance_sensors_3,front camera + rear camera + 3 ToF sensors,2,3,144.5,144.5,obstacle|pose,corridor,"Tight corridor, mixed deviation",7,0,4.0555,1,0
distance_sensors+dual_camera_apriltag,camera_front|camera_rear|distance_sensors_3,front camera + rear camera + 3 ToF sensors,2,3,144.5,144.5,obstacle|pose,corridor,"Tight corridor, mixed deviation",8,1,7.7229,0,0
distance_sensors+dual_camera_apriltag,camera_front|camera_rear|distance_sensors_3,front camera + rear camera + 3 ToF sensors,2,3,144.5,144.5,obstacle|pose,corridor,"Tight corridor, mixed deviation",9,0,6.9646,0,0
distance_sensors+dual_camera_apriltag,camera_front|camera_rear|distance_sensors_3,front camera + rear camera + 3 ToF sensors,2,3,144.5,144.5,obstacle|pose,corridor,"Tight corridor, mixed deviation",10,0,5.7258,1,0
distance_sensors+dual_camera_apriltag,camera_front|camera_rear|distance_sensors_3,front camera + rear camera + 3 ToF sensors,2,3,144.5,144.5,obstacle|pose,corridor,"Tight corridor, mixed deviation",11,1,6.8649,0,0
distance_sensors+dual_camera_apriltag,camera_front|camera_rear|distance_sensors_3,front camera + rear camera + 3 ToF sensors,2,3,144.5,144.5,obstacle|pose,corridor,"Tight corridor, mixed deviation",12,0,3.7444,1,0
distance_sensors+dual_camera_apriltag,camera_front|camera_rear|distance_sensors_3,front camera + rear camera + 3 ToF sensors,2,3,144.5,144.5,obstacle|pose,corridor,"Tight corridor, mixed deviation",13,0,4.207,1,0
distance_sensors+dual_camera_apriltag,camera_front|camera_rear|distance_sensors_3,front camera + rear camera + 3 ToF sensors,2,3,144.5,144.5,obstacle|pose,corridor,"Tight corridor, mixed deviation",14,0,1.3523,0,0
distance_sensors+dual_camera_apriltag,camera_front|camera_rear|distance_sensors_3,front camera + rear camera + 3 ToF sensors,2,3,144.5,144.5,obstacle|pose,corridor,"Tight corridor, mixed deviation",15,1,7.2643,0,0
distance_sensors+dual_camera_apriltag,camera_front|camera_rear|distance_sensors_3,front camera + rear camera + 3 ToF sensors,2,3,144.5,144.5,obstacle|pose,corridor,"Tight corridor, mixed deviation",16,0,2.4126,1,0
distance_sensors+dual_camera_apriltag,camera_front|camera_rear|distance_sensors_3,front camera + rear camera + 3 ToF sensors,2,3,144.5,144.5,obstacle|pose,corridor,"Tight corridor, mixed deviation",17,0,3.6108,0,0
distance_sensors+dual_camera_apriltag,camera_front|camera_rear|distance_sensors_3,front camera + rear camera + 3 ToF sensors,2,3,144.5,144.5,obstacle|pose,corridor,"Tight corridor, mixed deviation",18,0,3.4936,1,0
distance_sensors+dual_camera_apriltag,camera_front|camera_rear|distance_sensors_3,front camera + rear camera + 3 ToF sensors,2,3,144.5,144.5,obstacle|pose,corridor,"Tight corridor, mixed deviation",19,0,2.2361,0,0
distance_sensors+dual_camera_apriltag,camera_front|camera_rear|distance_sensors_3,front camera + rear camera + 3 ToF sensors,2,3,144.5,144.5,obstacle|pose,corridor,"Tight corridor, mixed deviation",20,0,8.4213,0,0
distance_sensors+dual_camera_apriltag,camera_front|camera_rear|distance_sensors_3,front camera + rear camera + 3 ToF sensors,2,3,144.5,144.5,obstacle|pose,corridor,"Tight corridor, mixed deviation",21,0,4.9558,0,0
distance_sensors+dual_camera_apriltag,camera_front|camera_rear|distance_sensors_3,front camera + rear camera + 3 ToF sensors,2,3,144.5,144.5,obstacle|pose,corridor,"Tight corridor, mixed deviation",22,0,3.3917,0,0
distance_sensors+dual_camera_apriltag,camera_front|camera_rear|distance_sensors_3,front camera + rear camera + 3 ToF sensors,2,3,144.5,144.5,obstacle|pose,corridor,"Tight corridor, mixed deviation",23,0,0.0,0,0
distance_sensors+dual_camera_apriltag,camera_front|camera_rear|distance_sensors_3,front camera + rear camera + 3 ToF sensors,2,3,144.5,144.5,obstacle|pose,corridor,"Tight corridor, mixed deviation",24,0,0.0,0,0
distance_sensors+apriltag_imu,camera_front|distance_sensors_3|imu,IMU + front camera + 3 ToF sensors,2,3,119.5,119.5,heading|obstacle|pose,pose_drift,Heavy pose drift,0,0,0.0,1,0
distance_sensors+apriltag_imu,camera_front|distance_sensors_3|imu,IMU + front camera + 3 ToF sensors,2,3,119.5,119.5,heading|obstacle|pose,pose_drift,Heavy pose drift,1,0,4.6593,1,0
distance_sensors+apriltag_imu,camera_front|distance_sensors_3|imu,IMU + front camera + 3 ToF sensors,2,3,119.5,119.5,heading|obstacle|pose,pose_drift,Heavy pose drift,2,0,1.9757,1,0
distance_sensors+apriltag_imu,camera_front|distance_sensors_3|imu,IMU + front camera + 3 ToF sensors,2,3,119.5,119.5,heading|obstacle|pose,pose_drift,Heavy pose drift,3,0,0.0,1,0
distance_sensors+apriltag_imu,camera_front|distance_sensors_3|imu,IMU + front camera + 3 ToF sensors,2,3,119.5,119.5,heading|obstacle|pose,pose_drift,Heavy pose drift,4,0,2.5994,1,0
distance_sensors+apriltag_imu,camera_front|distance_sensors_3|imu,IMU + front camera + 3 ToF sensors,2,3,119.5,119.5,heading|obstacle|pose,pose_drift,Heavy pose drift,5,0,5.4674,1,0
distance_sensors+apriltag_imu,camera_front|distance_sensors_3|imu,IMU + front camera + 3 ToF sensors,2,3,119.5,119.5,heading|obstacle|pose,pose_drift,Heavy pose drift,6,0,2.2381,0,0
distance_sensors+apriltag_imu,camera_front|distance_sensors_3|imu,IMU + front camera + 3 ToF sensors,2,3,119.5,119.5,heading|obstacle|pose,pose_drift,Heavy pose drift,7,0,0.0,1,0
distance_sensors+apriltag_imu,camera_front|distance_sensors_3|imu,IMU + front camera + 3 ToF sensors,2,3,119.5,119.5,heading|obstacle|pose,pose_drift,Heavy pose drift,8,0,1.4704,0,0
distance_sensors+apriltag_imu,camera_front|distance_sensors_3|imu,IMU + front camera + 3 ToF sensors,2,3,119.5,119.5,heading|obstacle|pose,pose_drift,Heavy pose drift,9,0,0.9936,0,0
distance_sensors+apriltag_imu,camera_front|distance_sensors_3|imu,IMU + front camera + 3 ToF sensors,2,3,119.5,119.5,heading|obstacle|pose,pose_drift,Heavy pose drift,10,0,1.9212,0,0
distance_sensors+apriltag_imu,camera_front|distance_sensors_3|imu,IMU + front camera + 3 ToF sensors,2,3,119.5,119.5,heading|obstacle|pose,pose_drift,Heavy pose drift,11,0,0.0,1,0
distance_sensors+apriltag_imu,camera_front|distance_sensors_3|imu,IMU + front camera + 3 ToF sensors,2,3,119.5,119.5,heading|obstacle|pose,pose_drift,Heavy pose drift,12,0,8.8043,1,0
distance_sensors+apriltag_imu,camera_front|distance_sensors_3|imu,IMU + front camera + 3 ToF sensors,2,3,119.5,119.5,heading|obstacle|pose,pose_drift,Heavy pose drift,13,0,0.9016,1,0
distance_sensors+apriltag_imu,camera_front|distance_sensors_3|imu,IMU + front camera + 3 ToF sensors,2,3,119.5,119.5,heading|obstacle|pose,pose_drift,Heavy pose drift,14,0,0.5477,1,0
distance_sensors+apriltag_imu,camera_front|distance_sensors_3|imu,IMU + front camera + 3 ToF sensors,2,3,119.5,119.5,heading|obstacle|pose,pose_drift,Heavy pose drift,15,0,3.19,0,0
distance_sensors+apriltag_imu,camera_front|distance_sensors_3|imu,IMU + front camera + 3 ToF sensors,2,3,119.5,119.5,heading|obstacle|pose,pose_drift,Heavy pose drift,16,0,0.0,0,0
distance_sensors+apriltag_imu,camera_front|distance_sensors_3|imu,IMU + front camera + 3 ToF sensors,2,3,119.5,119.5,heading|obstacle|pose,pose_drift,Heavy pose drift,17,0,0.525,1,0
distance_sensors+apriltag_imu,camera_front|distance_sensors_3|imu,IMU + front camera + 3 ToF sensors,2,3,119.5,119.5,heading|obstacle|pose,pose_drift,Heavy pose drift,18,0,3.0479,1,0
distance_sensors+apriltag_imu,camera_front|distance_sensors_3|imu,IMU + front camera + 3 ToF sensors,2,3,119.5,119.5,heading|obstacle|pose,pose_drift,Heavy pose drift,19,1,8.7571,0,0
distance_sensors+apriltag_imu,camera_front|distance_sensors_3|imu,IMU + front camera + 3 ToF sensors,2,3,119.5,119.5,heading|obstacle|pose,pose_drift,Heavy pose drift,20,0,0.0,0,0
distance_sensors+apriltag_imu,camera_front|distance_sensors_3|imu,IMU + front camera + 3 ToF sensors,2,3,119.5,119.5,heading|obstacle|pose,pose_drift,Heavy pose drift,21,0,1.8534,1,0
distance_sensors+apriltag_imu,camera_front|distance_sensors_3|imu,IMU + front camera + 3 ToF sensors,2,3,119.5,119.5,heading|obstacle|pose,pose_drift,Heavy pose drift,22,0,2.7624,1,0
distance_sensors+apriltag_imu,camera_front|distance_sensors_3|imu,IMU + front camera + 3 ToF sensors,2,3,119.5,119.5,heading|obstacle|pose,pose_drift,Heavy pose drift,23,0,1.9586,1,0
distance_sensors+apriltag_imu,camera_front|distance_sensors_3|imu,IMU + front camera + 3 ToF sensors,2,3,119.5,119.5,heading|obstacle|pose,pose_drift,Heavy pose drift,24,0,0.0,1,0
distance_sensors+apriltag_imu,camera_front|distance_sensors_3|imu,IMU + front camera + 3 ToF sensors,2,3,119.5,119.5,heading|obstacle|pose,map_error,Field doesn't match the map,0,1,4.4144,0,0
distance_sensors+apriltag_imu,camera_front|distance_sensors_3|imu,IMU + front camera + 3 ToF sensors,2,3,119.5,119.5,heading|obstacle|pose,map_error,Field doesn't match the map,1,0,0.0,1,0
distance_sensors+apriltag_imu,camera_front|distance_sensors_3|imu,IMU + front camera + 3 ToF sensors,2,3,119.5,119.5,heading|obstacle|pose,map_error,Field doesn't match the map,2,0,1.9757,1,0
distance_sensors+apriltag_imu,camera_front|distance_sensors_3|imu,IMU + front camera + 3 ToF sensors,2,3,119.5,119.5,heading|obstacle|pose,map_error,Field doesn't match the map,3,0,8.5069,1,0
distance_sensors+apriltag_imu,camera_front|distance_sensors_3|imu,IMU + front camera + 3 ToF sensors,2,3,119.5,119.5,heading|obstacle|pose,map_error,Field doesn't match the map,4,0,0.0,1,0
distance_sensors+apriltag_imu,camera_front|distance_sensors_3|imu,IMU + front camera + 3 ToF sensors,2,3,119.5,119.5,heading|obstacle|pose,map_error,Field doesn't match the map,5,0,1.132,1,0
distance_sensors+apriltag_imu,camera_front|distance_sensors_3|imu,IMU + front camera + 3 ToF sensors,2,3,119.5,119.5,heading|obstacle|pose,map_error,Field doesn't match the map,6,1,2.1508,0,0
distance_sensors+apriltag_imu,camera_front|distance_sensors_3|imu,IMU + front camera + 3 ToF sensors,2,3,119.5,119.5,heading|obstacle|pose,map_error,Field doesn't match the map,7,0,0.0,1,0
distance_sensors+apriltag_imu,camera_front|distance_sensors_3|imu,IMU + front camera + 3 ToF sensors,2,3,119.5,119.5,heading|obstacle|pose,map_error,Field doesn't match the map,8,1,1.4523,0,0
distance_sensors+apriltag_imu,camera_front|distance_sensors_3|imu,IMU + front camera + 3 ToF sensors,2,3,119.5,119.5,heading|obstacle|pose,map_error,Field doesn't match the map,9,0,1.8392,1,0
distance_sensors+apriltag_imu,camera_front|distance_sensors_3|imu,IMU + front camera + 3 ToF sensors,2,3,119.5,119.5,heading|obstacle|pose,map_error,Field doesn't match the map,10,1,1.8031,0,0
distance_sensors+apriltag_imu,camera_front|distance_sensors_3|imu,IMU + front camera + 3 ToF sensors,2,3,119.5,119.5,heading|obstacle|pose,map_error,Field doesn't match the map,11,0,3.2964,1,0
distance_sensors+apriltag_imu,camera_front|distance_sensors_3|imu,IMU + front camera + 3 ToF sensors,2,3,119.5,119.5,heading|obstacle|pose,map_error,Field doesn't match the map,12,1,7.6994,0,0
distance_sensors+apriltag_imu,camera_front|distance_sensors_3|imu,IMU + front camera + 3 ToF sensors,2,3,119.5,119.5,heading|obstacle|pose,map_error,Field doesn't match the map,13,0,0.9835,1,0
distance_sensors+apriltag_imu,camera_front|distance_sensors_3|imu,IMU + front camera + 3 ToF sensors,2,3,119.5,119.5,heading|obstacle|pose,map_error,Field doesn't match the map,14,0,0.0,1,0
distance_sensors+apriltag_imu,camera_front|distance_sensors_3|imu,IMU + front camera + 3 ToF sensors,2,3,119.5,119.5,heading|obstacle|pose,map_error,Field doesn't match the map,15,1,8.9183,0,0
distance_sensors+apriltag_imu,camera_front|distance_sensors_3|imu,IMU + front camera + 3 ToF sensors,2,3,119.5,119.5,heading|obstacle|pose,map_error,Field doesn't match the map,16,0,1.9399,1,0
distance_sensors+apriltag_imu,camera_front|distance_sensors_3|imu,IMU + front camera + 3 ToF sensors,2,3,119.5,119.5,heading|obstacle|pose,map_error,Field doesn't match the map,17,0,0.0,1,0
distance_sensors+apriltag_imu,camera_front|distance_sensors_3|imu,IMU + front camera + 3 ToF sensors,2,3,119.5,119.5,heading|obstacle|pose,map_error,Field doesn't match the map,18,0,1.2446,1,0
distance_sensors+apriltag_imu,camera_front|distance_sensors_3|imu,IMU + front camera + 3 ToF sensors,2,3,119.5,119.5,heading|obstacle|pose,map_error,Field doesn't match the map,19,0,0.0,1,0
distance_sensors+apriltag_imu,camera_front|distance_sensors_3|imu,IMU + front camera + 3 ToF sensors,2,3,119.5,119.5,heading|obstacle|pose,map_error,Field doesn't match the map,20,0,2.7425,1,0
distance_sensors+apriltag_imu,camera_front|distance_sensors_3|imu,IMU + front camera + 3 ToF sensors,2,3,119.5,119.5,heading|obstacle|pose,map_error,Field doesn't match the map,21,0,1.2064,1,0
distance_sensors+apriltag_imu,camera_front|distance_sensors_3|imu,IMU + front camera + 3 ToF sensors,2,3,119.5,119.5,heading|obstacle|pose,map_error,Field doesn't match the map,22,0,3.5435,1,0
distance_sensors+apriltag_imu,camera_front|distance_sensors_3|imu,IMU + front camera + 3 ToF sensors,2,3,119.5,119.5,heading|obstacle|pose,map_error,Field doesn't match the map,23,0,6.221,1,0
distance_sensors+apriltag_imu,camera_front|distance_sensors_3|imu,IMU + front camera + 3 ToF sensors,2,3,119.5,119.5,heading|obstacle|pose,map_error,Field doesn't match the map,24,0,0.0,1,0
distance_sensors+apriltag_imu,camera_front|distance_sensors_3|imu,IMU + front camera + 3 ToF sensors,2,3,119.5,119.5,heading|obstacle|pose,opponent,Opponent parks in the route,0,1,4.4144,0,0
distance_sensors+apriltag_imu,camera_front|distance_sensors_3|imu,IMU + front camera + 3 ToF sensors,2,3,119.5,119.5,heading|obstacle|pose,opponent,Opponent parks in the route,1,0,0.0,1,0
distance_sensors+apriltag_imu,camera_front|distance_sensors_3|imu,IMU + front camera + 3 ToF sensors,2,3,119.5,119.5,heading|obstacle|pose,opponent,Opponent parks in the route,2,0,1.9757,1,0
distance_sensors+apriltag_imu,camera_front|distance_sensors_3|imu,IMU + front camera + 3 ToF sensors,2,3,119.5,119.5,heading|obstacle|pose,opponent,Opponent parks in the route,3,0,6.1593,1,0
distance_sensors+apriltag_imu,camera_front|distance_sensors_3|imu,IMU + front camera + 3 ToF sensors,2,3,119.5,119.5,heading|obstacle|pose,opponent,Opponent parks in the route,4,0,0.0,1,0
distance_sensors+apriltag_imu,camera_front|distance_sensors_3|imu,IMU + front camera + 3 ToF sensors,2,3,119.5,119.5,heading|obstacle|pose,opponent,Opponent parks in the route,5,0,1.132,1,0
distance_sensors+apriltag_imu,camera_front|distance_sensors_3|imu,IMU + front camera + 3 ToF sensors,2,3,119.5,119.5,heading|obstacle|pose,opponent,Opponent parks in the route,6,1,2.4008,0,0
distance_sensors+apriltag_imu,camera_front|distance_sensors_3|imu,IMU + front camera + 3 ToF sensors,2,3,119.5,119.5,heading|obstacle|pose,opponent,Opponent parks in the route,7,0,0.0,1,0
distance_sensors+apriltag_imu,camera_front|distance_sensors_3|imu,IMU + front camera + 3 ToF sensors,2,3,119.5,119.5,heading|obstacle|pose,opponent,Opponent parks in the route,8,1,1.4523,0,0
distance_sensors+apriltag_imu,camera_front|distance_sensors_3|imu,IMU + front camera + 3 ToF sensors,2,3,119.5,119.5,heading|obstacle|pose,opponent,Opponent parks in the route,9,0,7.61,0,0
distance_sensors+apriltag_imu,camera_front|distance_sensors_3|imu,IMU + front camera + 3 ToF sensors,2,3,119.5,119.5,heading|obstacle|pose,opponent,Opponent parks in the route,10,1,3.3392,0,0
distance_sensors+apriltag_imu,camera_front|distance_sensors_3|imu,IMU + front camera + 3 ToF sensors,2,3,119.5,119.5,heading|obstacle|pose,opponent,Opponent parks in the route,11,0,0.6374,1,0
distance_sensors+apriltag_imu,camera_front|distance_sensors_3|imu,IMU + front camera + 3 ToF sensors,2,3,119.5,119.5,heading|obstacle|pose,opponent,Opponent parks in the route,12,1,7.6994,0,0
distance_sensors+apriltag_imu,camera_front|distance_sensors_3|imu,IMU + front camera + 3 ToF sensors,2,3,119.5,119.5,heading|obstacle|pose,opponent,Opponent parks in the route,13,0,0.9835,1,0
distance_sensors+apriltag_imu,camera_front|distance_sensors_3|imu,IMU + front camera + 3 ToF sensors,2,3,119.5,119.5,heading|obstacle|pose,opponent,Opponent parks in the route,14,0,0.0,1,0
distance_sensors+apriltag_imu,camera_front|distance_sensors_3|imu,IMU + front camera + 3 ToF sensors,2,3,119.5,119.5,heading|obstacle|pose,opponent,Opponent parks in the route,15,0,6.8652,1,0
distance_sensors+apriltag_imu,camera_front|distance_sensors_3|imu,IMU + front camera + 3 ToF sensors,2,3,119.5,119.5,heading|obstacle|pose,opponent,Opponent parks in the route,16,0,1.9399,1,0
distance_sensors+apriltag_imu,camera_front|distance_sensors_3|imu,IMU + front camera + 3 ToF sensors,2,3,119.5,119.5,heading|obstacle|pose,opponent,Opponent parks in the route,17,0,0.5396,1,0
distance_sensors+apriltag_imu,camera_front|distance_sensors_3|imu,IMU + front camera + 3 ToF sensors,2,3,119.5,119.5,heading|obstacle|pose,opponent,Opponent parks in the route,18,0,1.2446,1,0
distance_sensors+apriltag_imu,camera_front|distance_sensors_3|imu,IMU + front camera + 3 ToF sensors,2,3,119.5,119.5,heading|obstacle|pose,opponent,Opponent parks in the route,19,0,0.0,1,0
distance_sensors+apriltag_imu,camera_front|distance_sensors_3|imu,IMU + front camera + 3 ToF sensors,2,3,119.5,119.5,heading|obstacle|pose,opponent,Opponent parks in the route,20,0,1.4704,1,0
distance_sensors+apriltag_imu,camera_front|distance_sensors_3|imu,IMU + front camera + 3 ToF sensors,2,3,119.5,119.5,heading|obstacle|pose,opponent,Opponent parks in the route,21,0,0.9711,1,0
distance_sensors+apriltag_imu,camera_front|distance_sensors_3|imu,IMU + front camera + 3 ToF sensors,2,3,119.5,119.5,heading|obstacle|pose,opponent,Opponent parks in the route,22,0,3.5435,1,0
distance_sensors+apriltag_imu,camera_front|distance_sensors_3|imu,IMU + front camera + 3 ToF sensors,2,3,119.5,119.5,heading|obstacle|pose,opponent,Opponent parks in the route,23,0,6.8919,0,0
distance_sensors+apriltag_imu,camera_front|distance_sensors_3|imu,IMU + front camera + 3 ToF sensors,2,3,119.5,119.5,heading|obstacle|pose,opponent,Opponent parks in the route,24,0,0.0,1,0
distance_sensors+apriltag_imu,camera_front|distance_sensors_3|imu,IMU + front camera + 3 ToF sensors,2,3,119.5,119.5,heading|obstacle|pose,combined_realistic,Everything at once (realistic fidelity),0,0,0.0,0,0
distance_sensors+apriltag_imu,camera_front|distance_sensors_3|imu,IMU + front camera + 3 ToF sensors,2,3,119.5,119.5,heading|obstacle|pose,combined_realistic,Everything at once (realistic fidelity),1,0,3.2523,1,0
distance_sensors+apriltag_imu,camera_front|distance_sensors_3|imu,IMU + front camera + 3 ToF sensors,2,3,119.5,119.5,heading|obstacle|pose,combined_realistic,Everything at once (realistic fidelity),2,0,1.915,1,0
distance_sensors+apriltag_imu,camera_front|distance_sensors_3|imu,IMU + front camera + 3 ToF sensors,2,3,119.5,119.5,heading|obstacle|pose,combined_realistic,Everything at once (realistic fidelity),3,0,0.6691,1,0
distance_sensors+apriltag_imu,camera_front|distance_sensors_3|imu,IMU + front camera + 3 ToF sensors,2,3,119.5,119.5,heading|obstacle|pose,combined_realistic,Everything at once (realistic fidelity),4,0,0.668,1,0
distance_sensors+apriltag_imu,camera_front|distance_sensors_3|imu,IMU + front camera + 3 ToF sensors,2,3,119.5,119.5,heading|obstacle|pose,combined_realistic,Everything at once (realistic fidelity),5,0,1.132,1,0
distance_sensors+apriltag_imu,camera_front|distance_sensors_3|imu,IMU + front camera + 3 ToF sensors,2,3,119.5,119.5,heading|obstacle|pose,combined_realistic,Everything at once (realistic fidelity),6,0,1.3523,1,0
distance_sensors+apriltag_imu,camera_front|distance_sensors_3|imu,IMU + front camera + 3 ToF sensors,2,3,119.5,119.5,heading|obstacle|pose,combined_realistic,Everything at once (realistic fidelity),7,0,1.4802,1,0
distance_sensors+apriltag_imu,camera_front|distance_sensors_3|imu,IMU + front camera + 3 ToF sensors,2,3,119.5,119.5,heading|obstacle|pose,combined_realistic,Everything at once (realistic fidelity),8,0,1.4704,0,0
distance_sensors+apriltag_imu,camera_front|distance_sensors_3|imu,IMU + front camera + 3 ToF sensors,2,3,119.5,119.5,heading|obstacle|pose,combined_realistic,Everything at once (realistic fidelity),9,0,6.4884,0,0
distance_sensors+apriltag_imu,camera_front|distance_sensors_3|imu,IMU + front camera + 3 ToF sensors,2,3,119.5,119.5,heading|obstacle|pose,combined_realistic,Everything at once (realistic fidelity),10,0,1.8534,0,0
distance_sensors+apriltag_imu,camera_front|distance_sensors_3|imu,IMU + front camera + 3 ToF sensors,2,3,119.5,119.5,heading|obstacle|pose,combined_realistic,Everything at once (realistic fidelity),11,0,0.6642,1,0
distance_sensors+apriltag_imu,camera_front|distance_sensors_3|imu,IMU + front camera + 3 ToF sensors,2,3,119.5,119.5,heading|obstacle|pose,combined_realistic,Everything at once (realistic fidelity),12,0,2.3856,0,0
distance_sensors+apriltag_imu,camera_front|distance_sensors_3|imu,IMU + front camera + 3 ToF sensors,2,3,119.5,119.5,heading|obstacle|pose,combined_realistic,Everything at once (realistic fidelity),13,0,1.7874,0,0
distance_sensors+apriltag_imu,camera_front|distance_sensors_3|imu,IMU + front camera + 3 ToF sensors,2,3,119.5,119.5,heading|obstacle|pose,combined_realistic,Everything at once (realistic fidelity),14,0,0.0,1,0
distance_sensors+apriltag_imu,camera_front|distance_sensors_3|imu,IMU + front camera + 3 ToF sensors,2,3,119.5,119.5,heading|obstacle|pose,combined_realistic,Everything at once (realistic fidelity),15,0,2.6531,0,0
distance_sensors+apriltag_imu,camera_front|distance_sensors_3|imu,IMU + front camera + 3 ToF sensors,2,3,119.5,119.5,heading|obstacle|pose,combined_realistic,Everything at once (realistic fidelity),16,0,0.0,0,0
distance_sensors+apriltag_imu,camera_front|distance_sensors_3|imu,IMU + front camera + 3 ToF sensors,2,3,119.5,119.5,heading|obstacle|pose,combined_realistic,Everything at once (realistic fidelity),17,0,0.525,1,0
distance_sensors+apriltag_imu,camera_front|distance_sensors_3|imu,IMU + front camera + 3 ToF sensors,2,3,119.5,119.5,heading|obstacle|pose,combined_realistic,Everything at once (realistic fidelity),18,0,2.6387,1,0
distance_sensors+apriltag_imu,camera_front|distance_sensors_3|imu,IMU + front camera + 3 ToF sensors,2,3,119.5,119.5,heading|obstacle|pose,combined_realistic,Everything at once (realistic fidelity),19,0,0.0,1,0
distance_sensors+apriltag_imu,camera_front|distance_sensors_3|imu,IMU + front camera + 3 ToF sensors,2,3,119.5,119.5,heading|obstacle|pose,combined_realistic,Everything at once (realistic fidelity),20,0,0.0,1,0
distance_sensors+apriltag_imu,camera_front|distance_sensors_3|imu,IMU + front camera + 3 ToF sensors,2,3,119.5,119.5,heading|obstacle|pose,combined_realistic,Everything at once (realistic fidelity),21,0,0.5396,0,0
distance_sensors+apriltag_imu,camera_front|distance_sensors_3|imu,IMU + front camera + 3 ToF sensors,2,3,119.5,119.5,heading|obstacle|pose,combined_realistic,Everything at once (realistic fidelity),22,0,0.0,1,0
distance_sensors+apriltag_imu,camera_front|distance_sensors_3|imu,IMU + front camera + 3 ToF sensors,2,3,119.5,119.5,heading|obstacle|pose,combined_realistic,Everything at once (realistic fidelity),23,0,2.4594,1,0
distance_sensors+apriltag_imu,camera_front|distance_sensors_3|imu,IMU + front camera + 3 ToF sensors,2,3,119.5,119.5,heading|obstacle|pose,combined_realistic,Everything at once (realistic fidelity),24,0,2.48,1,0
distance_sensors+apriltag_imu,camera_front|distance_sensors_3|imu,IMU + front camera + 3 ToF sensors,2,3,119.5,119.5,heading|obstacle|pose,corridor,"Tight corridor, mixed deviation",0,0,1.0227,1,0
distance_sensors+apriltag_imu,camera_front|distance_sensors_3|imu,IMU + front camera + 3 ToF sensors,2,3,119.5,119.5,heading|obstacle|pose,corridor,"Tight corridor, mixed deviation",1,0,5.0387,0,0
distance_sensors+apriltag_imu,camera_front|distance_sensors_3|imu,IMU + front camera + 3 ToF sensors,2,3,119.5,119.5,heading|obstacle|pose,corridor,"Tight corridor, mixed deviation",2,0,0.0,1,0
distance_sensors+apriltag_imu,camera_front|distance_sensors_3|imu,IMU + front camera + 3 ToF sensors,2,3,119.5,119.5,heading|obstacle|pose,corridor,"Tight corridor, mixed deviation",3,0,4.3096,0,0
distance_sensors+apriltag_imu,camera_front|distance_sensors_3|imu,IMU + front camera + 3 ToF sensors,2,3,119.5,119.5,heading|obstacle|pose,corridor,"Tight corridor, mixed deviation",4,0,3.9141,0,0
distance_sensors+apriltag_imu,camera_front|distance_sensors_3|imu,IMU + front camera + 3 ToF sensors,2,3,119.5,119.5,heading|obstacle|pose,corridor,"Tight corridor, mixed deviation",5,1,8.264,0,0
distance_sensors+apriltag_imu,camera_front|distance_sensors_3|imu,IMU + front camera + 3 ToF sensors,2,3,119.5,119.5,heading|obstacle|pose,corridor,"Tight corridor, mixed deviation",6,0,8.5114,0,0
distance_sensors+apriltag_imu,camera_front|distance_sensors_3|imu,IMU + front camera + 3 ToF sensors,2,3,119.5,119.5,heading|obstacle|pose,corridor,"Tight corridor, mixed deviation",7,0,4.0555,1,0
distance_sensors+apriltag_imu,camera_front|distance_sensors_3|imu,IMU + front camera + 3 ToF sensors,2,3,119.5,119.5,heading|obstacle|pose,corridor,"Tight corridor, mixed deviation",8,1,7.7229,0,0
distance_sensors+apriltag_imu,camera_front|distance_sensors_3|imu,IMU + front camera + 3 ToF sensors,2,3,119.5,119.5,heading|obstacle|pose,corridor,"Tight corridor, mixed deviation",9,0,6.9646,0,0
distance_sensors+apriltag_imu,camera_front|distance_sensors_3|imu,IMU + front camera + 3 ToF sensors,2,3,119.5,119.5,heading|obstacle|pose,corridor,"Tight corridor, mixed deviation",10,0,5.7258,1,0
distance_sensors+apriltag_imu,camera_front|distance_sensors_3|imu,IMU + front camera + 3 ToF sensors,2,3,119.5,119.5,heading|obstacle|pose,corridor,"Tight corridor, mixed deviation",11,1,6.8649,0,0
distance_sensors+apriltag_imu,camera_front|distance_sensors_3|imu,IMU + front camera + 3 ToF sensors,2,3,119.5,119.5,heading|obstacle|pose,corridor,"Tight corridor, mixed deviation",12,0,3.7444,1,0
distance_sensors+apriltag_imu,camera_front|distance_sensors_3|imu,IMU + front camera + 3 ToF sensors,2,3,119.5,119.5,heading|obstacle|pose,corridor,"Tight corridor, mixed deviation",13,0,4.207,1,0
distance_sensors+apriltag_imu,camera_front|distance_sensors_3|imu,IMU + front camera + 3 ToF sensors,2,3,119.5,119.5,heading|obstacle|pose,corridor,"Tight corridor, mixed deviation",14,0,1.3523,0,0
distance_sensors+apriltag_imu,camera_front|distance_sensors_3|imu,IMU + front camera + 3 ToF sensors,2,3,119.5,119.5,heading|obstacle|pose,corridor,"Tight corridor, mixed deviation",15,1,7.2643,0,0
distance_sensors+apriltag_imu,camera_front|distance_sensors_3|imu,IMU + front camera + 3 ToF sensors,2,3,119.5,119.5,heading|obstacle|pose,corridor,"Tight corridor, mixed deviation",16,0,2.4126,1,0
distance_sensors+apriltag_imu,camera_front|distance_sensors_3|imu,IMU + front camera + 3 ToF sensors,2,3,119.5,119.5,heading|obstacle|pose,corridor,"Tight corridor, mixed deviation",17,0,3.6108,0,0
distance_sensors+apriltag_imu,camera_front|distance_sensors_3|imu,IMU + front camera + 3 ToF sensors,2,3,119.5,119.5,heading|obstacle|pose,corridor,"Tight corridor, mixed deviation",18,0,3.4936,1,0
distance_sensors+apriltag_imu,camera_front|distance_sensors_3|imu,IMU + front camera + 3 ToF sensors,2,3,119.5,119.5,heading|obstacle|pose,corridor,"Tight corridor, mixed deviation",19,0,2.2361,0,0
distance_sensors+apriltag_imu,camera_front|distance_sensors_3|imu,IMU + front camera + 3 ToF sensors,2,3,119.5,119.5,heading|obstacle|pose,corridor,"Tight corridor, mixed deviation",20,0,8.4213,0,0
distance_sensors+apriltag_imu,camera_front|distance_sensors_3|imu,IMU + front camera + 3 ToF sensors,2,3,119.5,119.5,heading|obstacle|pose,corridor,"Tight corridor, mixed deviation",21,0,4.9558,0,0
distance_sensors+apriltag_imu,camera_front|distance_sensors_3|imu,IMU + front camera + 3 ToF sensors,2,3,119.5,119.5,heading|obstacle|pose,corridor,"Tight corridor, mixed deviation",22,0,3.3917,0,0
distance_sensors+apriltag_imu,camera_front|distance_sensors_3|imu,IMU + front camera + 3 ToF sensors,2,3,119.5,119.5,heading|obstacle|pose,corridor,"Tight corridor, mixed deviation",23,0,0.0,0,0
distance_sensors+apriltag_imu,camera_front|distance_sensors_3|imu,IMU + front camera + 3 ToF sensors,2,3,119.5,119.5,heading|obstacle|pose,corridor,"Tight corridor, mixed deviation",24,0,0.0,0,0
imu+dual_camera_apriltag,camera_front|camera_rear|imu,IMU + front camera + rear camera,2,3,50.0,50.0,heading|pose,pose_drift,Heavy pose drift,0,0,0.0,1,0
imu+dual_camera_apriltag,camera_front|camera_rear|imu,IMU + front camera + rear camera,2,3,50.0,50.0,heading|pose,pose_drift,Heavy pose drift,1,0,2.9508,1,0
imu+dual_camera_apriltag,camera_front|camera_rear|imu,IMU + front camera + rear camera,2,3,50.0,50.0,heading|pose,pose_drift,Heavy pose drift,2,0,7.7814,1,0
imu+dual_camera_apriltag,camera_front|camera_rear|imu,IMU + front camera + rear camera,2,3,50.0,50.0,heading|pose,pose_drift,Heavy pose drift,3,0,2.7745,1,0
imu+dual_camera_apriltag,camera_front|camera_rear|imu,IMU + front camera + rear camera,2,3,50.0,50.0,heading|pose,pose_drift,Heavy pose drift,4,0,7.7867,1,0
imu+dual_camera_apriltag,camera_front|camera_rear|imu,IMU + front camera + rear camera,2,3,50.0,50.0,heading|pose,pose_drift,Heavy pose drift,5,0,2.0576,1,0
imu+dual_camera_apriltag,camera_front|camera_rear|imu,IMU + front camera + rear camera,2,3,50.0,50.0,heading|pose,pose_drift,Heavy pose drift,6,0,2.2381,0,0
imu+dual_camera_apriltag,camera_front|camera_rear|imu,IMU + front camera + rear camera,2,3,50.0,50.0,heading|pose,pose_drift,Heavy pose drift,7,0,0.0,1,0
imu+dual_camera_apriltag,camera_front|camera_rear|imu,IMU + front camera + rear camera,2,3,50.0,50.0,heading|pose,pose_drift,Heavy pose drift,8,0,1.4704,0,0
imu+dual_camera_apriltag,camera_front|camera_rear|imu,IMU + front camera + rear camera,2,3,50.0,50.0,heading|pose,pose_drift,Heavy pose drift,9,0,1.8452,1,0
imu+dual_camera_apriltag,camera_front|camera_rear|imu,IMU + front camera + rear camera,2,3,50.0,50.0,heading|pose,pose_drift,Heavy pose drift,10,0,1.9212,0,0
imu+dual_camera_apriltag,camera_front|camera_rear|imu,IMU + front camera + rear camera,2,3,50.0,50.0,heading|pose,pose_drift,Heavy pose drift,11,0,0.0,1,0
imu+dual_camera_apriltag,camera_front|camera_rear|imu,IMU + front camera + rear camera,2,3,50.0,50.0,heading|pose,pose_drift,Heavy pose drift,12,0,7.0166,1,0
imu+dual_camera_apriltag,camera_front|camera_rear|imu,IMU + front camera + rear camera,2,3,50.0,50.0,heading|pose,pose_drift,Heavy pose drift,13,0,0.9016,1,0
imu+dual_camera_apriltag,camera_front|camera_rear|imu,IMU + front camera + rear camera,2,3,50.0,50.0,heading|pose,pose_drift,Heavy pose drift,14,0,1.9407,1,0
imu+dual_camera_apriltag,camera_front|camera_rear|imu,IMU + front camera + rear camera,2,3,50.0,50.0,heading|pose,pose_drift,Heavy pose drift,15,0,0.8146,1,0
imu+dual_camera_apriltag,camera_front|camera_rear|imu,IMU + front camera + rear camera,2,3,50.0,50.0,heading|pose,pose_drift,Heavy pose drift,16,0,0.7216,1,0
imu+dual_camera_apriltag,camera_front|camera_rear|imu,IMU + front camera + rear camera,2,3,50.0,50.0,heading|pose,pose_drift,Heavy pose drift,17,0,1.4266,1,0
imu+dual_camera_apriltag,camera_front|camera_rear|imu,IMU + front camera + rear camera,2,3,50.0,50.0,heading|pose,pose_drift,Heavy pose drift,18,0,0.0,1,0
imu+dual_camera_apriltag,camera_front|camera_rear|imu,IMU + front camera + rear camera,2,3,50.0,50.0,heading|pose,pose_drift,Heavy pose drift,19,0,2.401,1,0
imu+dual_camera_apriltag,camera_front|camera_rear|imu,IMU + front camera + rear camera,2,3,50.0,50.0,heading|pose,pose_drift,Heavy pose drift,20,0,3.8195,1,0
imu+dual_camera_apriltag,camera_front|camera_rear|imu,IMU + front camera + rear camera,2,3,50.0,50.0,heading|pose,pose_drift,Heavy pose drift,21,0,0.0,1,0
imu+dual_camera_apriltag,camera_front|camera_rear|imu,IMU + front camera + rear camera,2,3,50.0,50.0,heading|pose,pose_drift,Heavy pose drift,22,0,0.0,1,0
imu+dual_camera_apriltag,camera_front|camera_rear|imu,IMU + front camera + rear camera,2,3,50.0,50.0,heading|pose,pose_drift,Heavy pose drift,23,0,1.9586,1,0
imu+dual_camera_apriltag,camera_front|camera_rear|imu,IMU + front camera + rear camera,2,3,50.0,50.0,heading|pose,pose_drift,Heavy pose drift,24,0,1.2047,1,0
imu+dual_camera_apriltag,camera_front|camera_rear|imu,IMU + front camera + rear camera,2,3,50.0,50.0,heading|pose,map_error,Field doesn't match the map,0,1,4.4144,0,0
imu+dual_camera_apriltag,camera_front|camera_rear|imu,IMU + front camera + rear camera,2,3,50.0,50.0,heading|pose,map_error,Field doesn't match the map,1,0,9.3842,0,0
imu+dual_camera_apriltag,camera_front|camera_rear|imu,IMU + front camera + rear camera,2,3,50.0,50.0,heading|pose,map_error,Field doesn't match the map,2,0,3.9174,1,0
imu+dual_camera_apriltag,camera_front|camera_rear|imu,IMU + front camera + rear camera,2,3,50.0,50.0,heading|pose,map_error,Field doesn't match the map,3,0,1.8714,1,0
imu+dual_camera_apriltag,camera_front|camera_rear|imu,IMU + front camera + rear camera,2,3,50.0,50.0,heading|pose,map_error,Field doesn't match the map,4,0,9.8035,0,0
imu+dual_camera_apriltag,camera_front|camera_rear|imu,IMU + front camera + rear camera,2,3,50.0,50.0,heading|pose,map_error,Field doesn't match the map,5,0,7.5625,1,0
imu+dual_camera_apriltag,camera_front|camera_rear|imu,IMU + front camera + rear camera,2,3,50.0,50.0,heading|pose,map_error,Field doesn't match the map,6,1,2.1508,0,0
imu+dual_camera_apriltag,camera_front|camera_rear|imu,IMU + front camera + rear camera,2,3,50.0,50.0,heading|pose,map_error,Field doesn't match the map,7,0,2.6655,1,0
imu+dual_camera_apriltag,camera_front|camera_rear|imu,IMU + front camera + rear camera,2,3,50.0,50.0,heading|pose,map_error,Field doesn't match the map,8,1,1.4523,0,0
imu+dual_camera_apriltag,camera_front|camera_rear|imu,IMU + front camera + rear camera,2,3,50.0,50.0,heading|pose,map_error,Field doesn't match the map,9,0,1.8392,1,0
imu+dual_camera_apriltag,camera_front|camera_rear|imu,IMU + front camera + rear camera,2,3,50.0,50.0,heading|pose,map_error,Field doesn't match the map,10,1,1.8031,0,0
imu+dual_camera_apriltag,camera_front|camera_rear|imu,IMU + front camera + rear camera,2,3,50.0,50.0,heading|pose,map_error,Field doesn't match the map,11,0,1.9363,1,0
imu+dual_camera_apriltag,camera_front|camera_rear|imu,IMU + front camera + rear camera,2,3,50.0,50.0,heading|pose,map_error,Field doesn't match the map,12,0,7.7339,1,0
imu+dual_camera_apriltag,camera_front|camera_rear|imu,IMU + front camera + rear camera,2,3,50.0,50.0,heading|pose,map_error,Field doesn't match the map,13,0,0.9835,1,0
imu+dual_camera_apriltag,camera_front|camera_rear|imu,IMU + front camera + rear camera,2,3,50.0,50.0,heading|pose,map_error,Field doesn't match the map,14,1,3.9542,0,0
imu+dual_camera_apriltag,camera_front|camera_rear|imu,IMU + front camera + rear camera,2,3,50.0,50.0,heading|pose,map_error,Field doesn't match the map,15,1,10.375,0,0
imu+dual_camera_apriltag,camera_front|camera_rear|imu,IMU + front camera + rear camera,2,3,50.0,50.0,heading|pose,map_error,Field doesn't match the map,16,0,7.4982,0,0
imu+dual_camera_apriltag,camera_front|camera_rear|imu,IMU + front camera + rear camera,2,3,50.0,50.0,heading|pose,map_error,Field doesn't match the map,17,0,0.0,1,0
imu+dual_camera_apriltag,camera_front|camera_rear|imu,IMU + front camera + rear camera,2,3,50.0,50.0,heading|pose,map_error,Field doesn't match the map,18,0,11.6343,0,0
imu+dual_camera_apriltag,camera_front|camera_rear|imu,IMU + front camera + rear camera,2,3,50.0,50.0,heading|pose,map_error,Field doesn't match the map,19,0,9.0872,0,0
imu+dual_camera_apriltag,camera_front|camera_rear|imu,IMU + front camera + rear camera,2,3,50.0,50.0,heading|pose,map_error,Field doesn't match the map,20,1,4.9948,0,0
imu+dual_camera_apriltag,camera_front|camera_rear|imu,IMU + front camera + rear camera,2,3,50.0,50.0,heading|pose,map_error,Field doesn't match the map,21,0,1.2917,1,0
imu+dual_camera_apriltag,camera_front|camera_rear|imu,IMU + front camera + rear camera,2,3,50.0,50.0,heading|pose,map_error,Field doesn't match the map,22,0,7.5411,1,0
imu+dual_camera_apriltag,camera_front|camera_rear|imu,IMU + front camera + rear camera,2,3,50.0,50.0,heading|pose,map_error,Field doesn't match the map,23,0,7.1574,1,0
imu+dual_camera_apriltag,camera_front|camera_rear|imu,IMU + front camera + rear camera,2,3,50.0,50.0,heading|pose,map_error,Field doesn't match the map,24,0,4.3418,0,0
imu+dual_camera_apriltag,camera_front|camera_rear|imu,IMU + front camera + rear camera,2,3,50.0,50.0,heading|pose,opponent,Opponent parks in the route,0,1,4.4144,0,0
imu+dual_camera_apriltag,camera_front|camera_rear|imu,IMU + front camera + rear camera,2,3,50.0,50.0,heading|pose,opponent,Opponent parks in the route,1,0,9.3842,0,0
imu+dual_camera_apriltag,camera_front|camera_rear|imu,IMU + front camera + rear camera,2,3,50.0,50.0,heading|pose,opponent,Opponent parks in the route,2,0,7.7814,1,0
imu+dual_camera_apriltag,camera_front|camera_rear|imu,IMU + front camera + rear camera,2,3,50.0,50.0,heading|pose,opponent,Opponent parks in the route,3,0,1.1353,1,0
imu+dual_camera_apriltag,camera_front|camera_rear|imu,IMU + front camera + rear camera,2,3,50.0,50.0,heading|pose,opponent,Opponent parks in the route,4,0,9.8035,0,0
imu+dual_camera_apriltag,camera_front|camera_rear|imu,IMU + front camera + rear camera,2,3,50.0,50.0,heading|pose,opponent,Opponent parks in the route,5,0,7.5625,1,0
imu+dual_camera_apriltag,camera_front|camera_rear|imu,IMU + front camera + rear camera,2,3,50.0,50.0,heading|pose,opponent,Opponent parks in the route,6,0,0.9639,1,0
imu+dual_camera_apriltag,camera_front|camera_rear|imu,IMU + front camera + rear camera,2,3,50.0,50.0,heading|pose,opponent,Opponent parks in the route,7,0,2.6655,1,0
imu+dual_camera_apriltag,camera_front|camera_rear|imu,IMU + front camera + rear camera,2,3,50.0,50.0,heading|pose,opponent,Opponent parks in the route,8,1,1.4523,0,0
imu+dual_camera_apriltag,camera_front|camera_rear|imu,IMU + front camera + rear camera,2,3,50.0,50.0,heading|pose,opponent,Opponent parks in the route,9,0,0.0,1,0
imu+dual_camera_apriltag,camera_front|camera_rear|imu,IMU + front camera + rear camera,2,3,50.0,50.0,heading|pose,opponent,Opponent parks in the route,10,0,0.0,1,0
imu+dual_camera_apriltag,camera_front|camera_rear|imu,IMU + front camera + rear camera,2,3,50.0,50.0,heading|pose,opponent,Opponent parks in the route,11,0,5.0277,1,0
imu+dual_camera_apriltag,camera_front|camera_rear|imu,IMU + front camera + rear camera,2,3,50.0,50.0,heading|pose,opponent,Opponent parks in the route,12,0,7.7339,1,0
imu+dual_camera_apriltag,camera_front|camera_rear|imu,IMU + front camera + rear camera,2,3,50.0,50.0,heading|pose,opponent,Opponent parks in the route,13,0,0.9835,1,0
imu+dual_camera_apriltag,camera_front|camera_rear|imu,IMU + front camera + rear camera,2,3,50.0,50.0,heading|pose,opponent,Opponent parks in the route,14,1,3.9542,0,0
imu+dual_camera_apriltag,camera_front|camera_rear|imu,IMU + front camera + rear camera,2,3,50.0,50.0,heading|pose,opponent,Opponent parks in the route,15,0,7.6013,1,0
imu+dual_camera_apriltag,camera_front|camera_rear|imu,IMU + front camera + rear camera,2,3,50.0,50.0,heading|pose,opponent,Opponent parks in the route,16,0,3.9031,1,0
imu+dual_camera_apriltag,camera_front|camera_rear|imu,IMU + front camera + rear camera,2,3,50.0,50.0,heading|pose,opponent,Opponent parks in the route,17,0,8.5945,1,0
imu+dual_camera_apriltag,camera_front|camera_rear|imu,IMU + front camera + rear camera,2,3,50.0,50.0,heading|pose,opponent,Opponent parks in the route,18,0,11.6343,0,0
imu+dual_camera_apriltag,camera_front|camera_rear|imu,IMU + front camera + rear camera,2,3,50.0,50.0,heading|pose,opponent,Opponent parks in the route,19,0,2.3853,1,0
imu+dual_camera_apriltag,camera_front|camera_rear|imu,IMU + front camera + rear camera,2,3,50.0,50.0,heading|pose,opponent,Opponent parks in the route,20,0,1.7196,1,0
imu+dual_camera_apriltag,camera_front|camera_rear|imu,IMU + front camera + rear camera,2,3,50.0,50.0,heading|pose,opponent,Opponent parks in the route,21,0,1.2917,1,0
imu+dual_camera_apriltag,camera_front|camera_rear|imu,IMU + front camera + rear camera,2,3,50.0,50.0,heading|pose,opponent,Opponent parks in the route,22,0,7.5411,1,0
imu+dual_camera_apriltag,camera_front|camera_rear|imu,IMU + front camera + rear camera,2,3,50.0,50.0,heading|pose,opponent,Opponent parks in the route,23,0,7.1574,1,0
imu+dual_camera_apriltag,camera_front|camera_rear|imu,IMU + front camera + rear camera,2,3,50.0,50.0,heading|pose,opponent,Opponent parks in the route,24,0,2.5387,1,0
imu+dual_camera_apriltag,camera_front|camera_rear|imu,IMU + front camera + rear camera,2,3,50.0,50.0,heading|pose,combined_realistic,Everything at once (realistic fidelity),0,1,3.8052,0,0
imu+dual_camera_apriltag,camera_front|camera_rear|imu,IMU + front camera + rear camera,2,3,50.0,50.0,heading|pose,combined_realistic,Everything at once (realistic fidelity),1,0,0.0,1,0
imu+dual_camera_apriltag,camera_front|camera_rear|imu,IMU + front camera + rear camera,2,3,50.0,50.0,heading|pose,combined_realistic,Everything at once (realistic fidelity),2,0,1.1889,1,0
imu+dual_camera_apriltag,camera_front|camera_rear|imu,IMU + front camera + rear camera,2,3,50.0,50.0,heading|pose,combined_realistic,Everything at once (realistic fidelity),3,0,2.5201,1,0
imu+dual_camera_apriltag,camera_front|camera_rear|imu,IMU + front camera + rear camera,2,3,50.0,50.0,heading|pose,combined_realistic,Everything at once (realistic fidelity),4,0,2.9866,1,0
imu+dual_camera_apriltag,camera_front|camera_rear|imu,IMU + front camera + rear camera,2,3,50.0,50.0,heading|pose,combined_realistic,Everything at once (realistic fidelity),5,0,4.3219,1,0
imu+dual_camera_apriltag,camera_front|camera_rear|imu,IMU + front camera + rear camera,2,3,50.0,50.0,heading|pose,combined_realistic,Everything at once (realistic fidelity),6,0,1.3523,1,0
imu+dual_camera_apriltag,camera_front|camera_rear|imu,IMU + front camera + rear camera,2,3,50.0,50.0,heading|pose,combined_realistic,Everything at once (realistic fidelity),7,0,13.4887,0,0
imu+dual_camera_apriltag,camera_front|camera_rear|imu,IMU + front camera + rear camera,2,3,50.0,50.0,heading|pose,combined_realistic,Everything at once (realistic fidelity),8,0,1.4704,0,0
imu+dual_camera_apriltag,camera_front|camera_rear|imu,IMU + front camera + rear camera,2,3,50.0,50.0,heading|pose,combined_realistic,Everything at once (realistic fidelity),9,0,6.6884,0,0
imu+dual_camera_apriltag,camera_front|camera_rear|imu,IMU + front camera + rear camera,2,3,50.0,50.0,heading|pose,combined_realistic,Everything at once (realistic fidelity),10,0,1.8534,0,0
imu+dual_camera_apriltag,camera_front|camera_rear|imu,IMU + front camera + rear camera,2,3,50.0,50.0,heading|pose,combined_realistic,Everything at once (realistic fidelity),11,0,0.0,1,0
imu+dual_camera_apriltag,camera_front|camera_rear|imu,IMU + front camera + rear camera,2,3,50.0,50.0,heading|pose,combined_realistic,Everything at once (realistic fidelity),12,0,6.3512,1,0
imu+dual_camera_apriltag,camera_front|camera_rear|imu,IMU + front camera + rear camera,2,3,50.0,50.0,heading|pose,combined_realistic,Everything at once (realistic fidelity),13,0,1.7874,0,0
imu+dual_camera_apriltag,camera_front|camera_rear|imu,IMU + front camera + rear camera,2,3,50.0,50.0,heading|pose,combined_realistic,Everything at once (realistic fidelity),14,1,3.9542,0,0
imu+dual_camera_apriltag,camera_front|camera_rear|imu,IMU + front camera + rear camera,2,3,50.0,50.0,heading|pose,combined_realistic,Everything at once (realistic fidelity),15,0,3.1392,1,0
imu+dual_camera_apriltag,camera_front|camera_rear|imu,IMU + front camera + rear camera,2,3,50.0,50.0,heading|pose,combined_realistic,Everything at once (realistic fidelity),16,0,0.7216,1,0
imu+dual_camera_apriltag,camera_front|camera_rear|imu,IMU + front camera + rear camera,2,3,50.0,50.0,heading|pose,combined_realistic,Everything at once (realistic fidelity),17,0,1.4266,1,0
imu+dual_camera_apriltag,camera_front|camera_rear|imu,IMU + front camera + rear camera,2,3,50.0,50.0,heading|pose,combined_realistic,Everything at once (realistic fidelity),18,0,9.2197,1,0
imu+dual_camera_apriltag,camera_front|camera_rear|imu,IMU + front camera + rear camera,2,3,50.0,50.0,heading|pose,combined_realistic,Everything at once (realistic fidelity),19,0,1.6343,1,0
imu+dual_camera_apriltag,camera_front|camera_rear|imu,IMU + front camera + rear camera,2,3,50.0,50.0,heading|pose,combined_realistic,Everything at once (realistic fidelity),20,0,0.0,1,0
imu+dual_camera_apriltag,camera_front|camera_rear|imu,IMU + front camera + rear camera,2,3,50.0,50.0,heading|pose,combined_realistic,Everything at once (realistic fidelity),21,0,0.7749,1,0
imu+dual_camera_apriltag,camera_front|camera_rear|imu,IMU + front camera + rear camera,2,3,50.0,50.0,heading|pose,combined_realistic,Everything at once (realistic fidelity),22,0,1.7197,1,0
imu+dual_camera_apriltag,camera_front|camera_rear|imu,IMU + front camera + rear camera,2,3,50.0,50.0,heading|pose,combined_realistic,Everything at once (realistic fidelity),23,0,1.9586,1,0
imu+dual_camera_apriltag,camera_front|camera_rear|imu,IMU + front camera + rear camera,2,3,50.0,50.0,heading|pose,combined_realistic,Everything at once (realistic fidelity),24,0,1.1246,1,0
imu+dual_camera_apriltag,camera_front|camera_rear|imu,IMU + front camera + rear camera,2,3,50.0,50.0,heading|pose,corridor,"Tight corridor, mixed deviation",0,1,6.4234,0,0
imu+dual_camera_apriltag,camera_front|camera_rear|imu,IMU + front camera + rear camera,2,3,50.0,50.0,heading|pose,corridor,"Tight corridor, mixed deviation",1,0,4.6682,0,0
imu+dual_camera_apriltag,camera_front|camera_rear|imu,IMU + front camera + rear camera,2,3,50.0,50.0,heading|pose,corridor,"Tight corridor, mixed deviation",2,0,8.2378,1,0
imu+dual_camera_apriltag,camera_front|camera_rear|imu,IMU + front camera + rear camera,2,3,50.0,50.0,heading|pose,corridor,"Tight corridor, mixed deviation",3,0,1.3337,1,0
imu+dual_camera_apriltag,camera_front|camera_rear|imu,IMU + front camera + rear camera,2,3,50.0,50.0,heading|pose,corridor,"Tight corridor, mixed deviation",4,0,4.1141,0,0
imu+dual_camera_apriltag,camera_front|camera_rear|imu,IMU + front camera + rear camera,2,3,50.0,50.0,heading|pose,corridor,"Tight corridor, mixed deviation",5,1,8.264,0,0
imu+dual_camera_apriltag,camera_front|camera_rear|imu,IMU + front camera + rear camera,2,3,50.0,50.0,heading|pose,corridor,"Tight corridor, mixed deviation",6,1,8.1014,0,0
imu+dual_camera_apriltag,camera_front|camera_rear|imu,IMU + front camera + rear camera,2,3,50.0,50.0,heading|pose,corridor,"Tight corridor, mixed deviation",7,0,13.1435,1,0
imu+dual_camera_apriltag,camera_front|camera_rear|imu,IMU + front camera + rear camera,2,3,50.0,50.0,heading|pose,corridor,"Tight corridor, mixed deviation",8,1,7.7477,0,0
imu+dual_camera_apriltag,camera_front|camera_rear|imu,IMU + front camera + rear camera,2,3,50.0,50.0,heading|pose,corridor,"Tight corridor, mixed deviation",9,0,6.8198,0,0
imu+dual_camera_apriltag,camera_front|camera_rear|imu,IMU + front camera + rear camera,2,3,50.0,50.0,heading|pose,corridor,"Tight corridor, mixed deviation",10,1,6.8838,0,0
imu+dual_camera_apriltag,camera_front|camera_rear|imu,IMU + front camera + rear camera,2,3,50.0,50.0,heading|pose,corridor,"Tight corridor, mixed deviation",11,1,6.9149,0,0
imu+dual_camera_apriltag,camera_front|camera_rear|imu,IMU + front camera + rear camera,2,3,50.0,50.0,heading|pose,corridor,"Tight corridor, mixed deviation",12,1,8.7053,0,0
imu+dual_camera_apriltag,camera_front|camera_rear|imu,IMU + front camera + rear camera,2,3,50.0,50.0,heading|pose,corridor,"Tight corridor, mixed deviation",13,0,4.207,1,0
imu+dual_camera_apriltag,camera_front|camera_rear|imu,IMU + front camera + rear camera,2,3,50.0,50.0,heading|pose,corridor,"Tight corridor, mixed deviation",14,0,2.1229,0,0
imu+dual_camera_apriltag,camera_front|camera_rear|imu,IMU + front camera + rear camera,2,3,50.0,50.0,heading|pose,corridor,"Tight corridor, mixed deviation",15,1,7.4643,0,0
imu+dual_camera_apriltag,camera_front|camera_rear|imu,IMU + front camera + rear camera,2,3,50.0,50.0,heading|pose,corridor,"Tight corridor, mixed deviation",16,0,12.336,0,0
imu+dual_camera_apriltag,camera_front|camera_rear|imu,IMU + front camera + rear camera,2,3,50.0,50.0,heading|pose,corridor,"Tight corridor, mixed deviation",17,0,2.9448,0,0
imu+dual_camera_apriltag,camera_front|camera_rear|imu,IMU + front camera + rear camera,2,3,50.0,50.0,heading|pose,corridor,"Tight corridor, mixed deviation",18,0,13.4208,0,0
imu+dual_camera_apriltag,camera_front|camera_rear|imu,IMU + front camera + rear camera,2,3,50.0,50.0,heading|pose,corridor,"Tight corridor, mixed deviation",19,0,2.3113,0,0
imu+dual_camera_apriltag,camera_front|camera_rear|imu,IMU + front camera + rear camera,2,3,50.0,50.0,heading|pose,corridor,"Tight corridor, mixed deviation",20,0,8.4213,0,0
imu+dual_camera_apriltag,camera_front|camera_rear|imu,IMU + front camera + rear camera,2,3,50.0,50.0,heading|pose,corridor,"Tight corridor, mixed deviation",21,0,5.1558,0,0
imu+dual_camera_apriltag,camera_front|camera_rear|imu,IMU + front camera + rear camera,2,3,50.0,50.0,heading|pose,corridor,"Tight corridor, mixed deviation",22,0,3.1917,0,0
imu+dual_camera_apriltag,camera_front|camera_rear|imu,IMU + front camera + rear camera,2,3,50.0,50.0,heading|pose,corridor,"Tight corridor, mixed deviation",23,0,3.6038,1,0
imu+dual_camera_apriltag,camera_front|camera_rear|imu,IMU + front camera + rear camera,2,3,50.0,50.0,heading|pose,corridor,"Tight corridor, mixed deviation",24,1,7.2549,0,0
odometry_pods+distance_sensors+apriltag,camera_front|distance_sensors_3|odometry_pods,odometry pods + front camera + 3 ToF sensors,3,3,314.35,314.35,drift|obstacle|pose,pose_drift,Heavy pose drift,0,0,0.0,1,0
odometry_pods+distance_sensors+apriltag,camera_front|distance_sensors_3|odometry_pods,odometry pods + front camera + 3 ToF sensors,3,3,314.35,314.35,drift|obstacle|pose,pose_drift,Heavy pose drift,1,0,2.0062,1,0
odometry_pods+distance_sensors+apriltag,camera_front|distance_sensors_3|odometry_pods,odometry pods + front camera + 3 ToF sensors,3,3,314.35,314.35,drift|obstacle|pose,pose_drift,Heavy pose drift,2,0,1.9757,1,0
odometry_pods+distance_sensors+apriltag,camera_front|distance_sensors_3|odometry_pods,odometry pods + front camera + 3 ToF sensors,3,3,314.35,314.35,drift|obstacle|pose,pose_drift,Heavy pose drift,3,0,0.0,1,0
odometry_pods+distance_sensors+apriltag,camera_front|distance_sensors_3|odometry_pods,odometry pods + front camera + 3 ToF sensors,3,3,314.35,314.35,drift|obstacle|pose,pose_drift,Heavy pose drift,4,0,4.2009,1,0
odometry_pods+distance_sensors+apriltag,camera_front|distance_sensors_3|odometry_pods,odometry pods + front camera + 3 ToF sensors,3,3,314.35,314.35,drift|obstacle|pose,pose_drift,Heavy pose drift,5,0,5.4674,1,0
odometry_pods+distance_sensors+apriltag,camera_front|distance_sensors_3|odometry_pods,odometry pods + front camera + 3 ToF sensors,3,3,314.35,314.35,drift|obstacle|pose,pose_drift,Heavy pose drift,6,0,2.2381,0,0
odometry_pods+distance_sensors+apriltag,camera_front|distance_sensors_3|odometry_pods,odometry pods + front camera + 3 ToF sensors,3,3,314.35,314.35,drift|obstacle|pose,pose_drift,Heavy pose drift,7,0,0.0,1,0
odometry_pods+distance_sensors+apriltag,camera_front|distance_sensors_3|odometry_pods,odometry pods + front camera + 3 ToF sensors,3,3,314.35,314.35,drift|obstacle|pose,pose_drift,Heavy pose drift,8,0,1.4704,0,0
odometry_pods+distance_sensors+apriltag,camera_front|distance_sensors_3|odometry_pods,odometry pods + front camera + 3 ToF sensors,3,3,314.35,314.35,drift|obstacle|pose,pose_drift,Heavy pose drift,9,0,0.9936,0,0
odometry_pods+distance_sensors+apriltag,camera_front|distance_sensors_3|odometry_pods,odometry pods + front camera + 3 ToF sensors,3,3,314.35,314.35,drift|obstacle|pose,pose_drift,Heavy pose drift,10,0,1.9212,0,0
odometry_pods+distance_sensors+apriltag,camera_front|distance_sensors_3|odometry_pods,odometry pods + front camera + 3 ToF sensors,3,3,314.35,314.35,drift|obstacle|pose,pose_drift,Heavy pose drift,11,0,0.0,1,0
odometry_pods+distance_sensors+apriltag,camera_front|distance_sensors_3|odometry_pods,odometry pods + front camera + 3 ToF sensors,3,3,314.35,314.35,drift|obstacle|pose,pose_drift,Heavy pose drift,12,0,9.0683,1,0
odometry_pods+distance_sensors+apriltag,camera_front|distance_sensors_3|odometry_pods,odometry pods + front camera + 3 ToF sensors,3,3,314.35,314.35,drift|obstacle|pose,pose_drift,Heavy pose drift,13,0,0.9016,1,0
odometry_pods+distance_sensors+apriltag,camera_front|distance_sensors_3|odometry_pods,odometry pods + front camera + 3 ToF sensors,3,3,314.35,314.35,drift|obstacle|pose,pose_drift,Heavy pose drift,14,0,0.5477,1,0
odometry_pods+distance_sensors+apriltag,camera_front|distance_sensors_3|odometry_pods,odometry pods + front camera + 3 ToF sensors,3,3,314.35,314.35,drift|obstacle|pose,pose_drift,Heavy pose drift,15,0,3.19,0,0
odometry_pods+distance_sensors+apriltag,camera_front|distance_sensors_3|odometry_pods,odometry pods + front camera + 3 ToF sensors,3,3,314.35,314.35,drift|obstacle|pose,pose_drift,Heavy pose drift,16,0,0.0,0,0
odometry_pods+distance_sensors+apriltag,camera_front|distance_sensors_3|odometry_pods,odometry pods + front camera + 3 ToF sensors,3,3,314.35,314.35,drift|obstacle|pose,pose_drift,Heavy pose drift,17,0,0.525,1,0
odometry_pods+distance_sensors+apriltag,camera_front|distance_sensors_3|odometry_pods,odometry pods + front camera + 3 ToF sensors,3,3,314.35,314.35,drift|obstacle|pose,pose_drift,Heavy pose drift,18,0,2.8612,1,0
odometry_pods+distance_sensors+apriltag,camera_front|distance_sensors_3|odometry_pods,odometry pods + front camera + 3 ToF sensors,3,3,314.35,314.35,drift|obstacle|pose,pose_drift,Heavy pose drift,19,1,9.9917,0,0
odometry_pods+distance_sensors+apriltag,camera_front|distance_sensors_3|odometry_pods,odometry pods + front camera + 3 ToF sensors,3,3,314.35,314.35,drift|obstacle|pose,pose_drift,Heavy pose drift,20,0,0.0,0,0
odometry_pods+distance_sensors+apriltag,camera_front|distance_sensors_3|odometry_pods,odometry pods + front camera + 3 ToF sensors,3,3,314.35,314.35,drift|obstacle|pose,pose_drift,Heavy pose drift,21,0,1.8534,1,0
odometry_pods+distance_sensors+apriltag,camera_front|distance_sensors_3|odometry_pods,odometry pods + front camera + 3 ToF sensors,3,3,314.35,314.35,drift|obstacle|pose,pose_drift,Heavy pose drift,22,0,5.9663,1,0
odometry_pods+distance_sensors+apriltag,camera_front|distance_sensors_3|odometry_pods,odometry pods + front camera + 3 ToF sensors,3,3,314.35,314.35,drift|obstacle|pose,pose_drift,Heavy pose drift,23,0,1.9586,1,0
odometry_pods+distance_sensors+apriltag,camera_front|distance_sensors_3|odometry_pods,odometry pods + front camera + 3 ToF sensors,3,3,314.35,314.35,drift|obstacle|pose,pose_drift,Heavy pose drift,24,0,0.0,1,0
odometry_pods+distance_sensors+apriltag,camera_front|distance_sensors_3|odometry_pods,odometry pods + front camera + 3 ToF sensors,3,3,314.35,314.35,drift|obstacle|pose,map_error,Field doesn't match the map,0,1,4.4144,0,0
odometry_pods+distance_sensors+apriltag,camera_front|distance_sensors_3|odometry_pods,odometry pods + front camera + 3 ToF sensors,3,3,314.35,314.35,drift|obstacle|pose,map_error,Field doesn't match the map,1,0,0.0,1,0
odometry_pods+distance_sensors+apriltag,camera_front|distance_sensors_3|odometry_pods,odometry pods + front camera + 3 ToF sensors,3,3,314.35,314.35,drift|obstacle|pose,map_error,Field doesn't match the map,2,0,1.9757,1,0
odometry_pods+distance_sensors+apriltag,camera_front|distance_sensors_3|odometry_pods,odometry pods + front camera + 3 ToF sensors,3,3,314.35,314.35,drift|obstacle|pose,map_error,Field doesn't match the map,3,1,15.0276,0,0
odometry_pods+distance_sensors+apriltag,camera_front|distance_sensors_3|odometry_pods,odometry pods + front camera + 3 ToF sensors,3,3,314.35,314.35,drift|obstacle|pose,map_error,Field doesn't match the map,4,0,0.0,1,0
odometry_pods+distance_sensors+apriltag,camera_front|distance_sensors_3|odometry_pods,odometry pods + front camera + 3 ToF sensors,3,3,314.35,314.35,drift|obstacle|pose,map_error,Field doesn't match the map,5,0,1.132,1,0
odometry_pods+distance_sensors+apriltag,camera_front|distance_sensors_3|odometry_pods,odometry pods + front camera + 3 ToF sensors,3,3,314.35,314.35,drift|obstacle|pose,map_error,Field doesn't match the map,6,1,2.1508,0,0
odometry_pods+distance_sensors+apriltag,camera_front|distance_sensors_3|odometry_pods,odometry pods + front camera + 3 ToF sensors,3,3,314.35,314.35,drift|obstacle|pose,map_error,Field doesn't match the map,7,0,0.0,1,0
odometry_pods+distance_sensors+apriltag,camera_front|distance_sensors_3|odometry_pods,odometry pods + front camera + 3 ToF sensors,3,3,314.35,314.35,drift|obstacle|pose,map_error,Field doesn't match the map,8,1,1.4523,0,0
odometry_pods+distance_sensors+apriltag,camera_front|distance_sensors_3|odometry_pods,odometry pods + front camera + 3 ToF sensors,3,3,314.35,314.35,drift|obstacle|pose,map_error,Field doesn't match the map,9,1,6.7176,0,0
odometry_pods+distance_sensors+apriltag,camera_front|distance_sensors_3|odometry_pods,odometry pods + front camera + 3 ToF sensors,3,3,314.35,314.35,drift|obstacle|pose,map_error,Field doesn't match the map,10,1,1.8031,0,0
odometry_pods+distance_sensors+apriltag,camera_front|distance_sensors_3|odometry_pods,odometry pods + front camera + 3 ToF sensors,3,3,314.35,314.35,drift|obstacle|pose,map_error,Field doesn't match the map,11,0,3.2964,1,0
odometry_pods+distance_sensors+apriltag,camera_front|distance_sensors_3|odometry_pods,odometry pods + front camera + 3 ToF sensors,3,3,314.35,314.35,drift|obstacle|pose,map_error,Field doesn't match the map,12,1,7.9635,0,0
odometry_pods+distance_sensors+apriltag,camera_front|distance_sensors_3|odometry_pods,odometry pods + front camera + 3 ToF sensors,3,3,314.35,314.35,drift|obstacle|pose,map_error,Field doesn't match the map,13,0,0.9835,1,0
odometry_pods+distance_sensors+apriltag,camera_front|distance_sensors_3|odometry_pods,odometry pods + front camera + 3 ToF sensors,3,3,314.35,314.35,drift|obstacle|pose,map_error,Field doesn't match the map,14,0,0.0,1,0
odometry_pods+distance_sensors+apriltag,camera_front|distance_sensors_3|odometry_pods,odometry pods + front camera + 3 ToF sensors,3,3,314.35,314.35,drift|obstacle|pose,map_error,Field doesn't match the map,15,1,8.9183,0,0
odometry_pods+distance_sensors+apriltag,camera_front|distance_sensors_3|odometry_pods,odometry pods + front camera + 3 ToF sensors,3,3,314.35,314.35,drift|obstacle|pose,map_error,Field doesn't match the map,16,0,1.9399,1,0
odometry_pods+distance_sensors+apriltag,camera_front|distance_sensors_3|odometry_pods,odometry pods + front camera + 3 ToF sensors,3,3,314.35,314.35,drift|obstacle|pose,map_error,Field doesn't match the map,17,0,0.0,1,0
odometry_pods+distance_sensors+apriltag,camera_front|distance_sensors_3|odometry_pods,odometry pods + front camera + 3 ToF sensors,3,3,314.35,314.35,drift|obstacle|pose,map_error,Field doesn't match the map,18,0,1.9807,1,0
odometry_pods+distance_sensors+apriltag,camera_front|distance_sensors_3|odometry_pods,odometry pods + front camera + 3 ToF sensors,3,3,314.35,314.35,drift|obstacle|pose,map_error,Field doesn't match the map,19,0,0.0,1,0
odometry_pods+distance_sensors+apriltag,camera_front|distance_sensors_3|odometry_pods,odometry pods + front camera + 3 ToF sensors,3,3,314.35,314.35,drift|obstacle|pose,map_error,Field doesn't match the map,20,0,2.7425,1,0
odometry_pods+distance_sensors+apriltag,camera_front|distance_sensors_3|odometry_pods,odometry pods + front camera + 3 ToF sensors,3,3,314.35,314.35,drift|obstacle|pose,map_error,Field doesn't match the map,21,0,1.2064,1,0
odometry_pods+distance_sensors+apriltag,camera_front|distance_sensors_3|odometry_pods,odometry pods + front camera + 3 ToF sensors,3,3,314.35,314.35,drift|obstacle|pose,map_error,Field doesn't match the map,22,0,5.8474,1,0
odometry_pods+distance_sensors+apriltag,camera_front|distance_sensors_3|odometry_pods,odometry pods + front camera + 3 ToF sensors,3,3,314.35,314.35,drift|obstacle|pose,map_error,Field doesn't match the map,23,0,9.0789,1,0
odometry_pods+distance_sensors+apriltag,camera_front|distance_sensors_3|odometry_pods,odometry pods + front camera + 3 ToF sensors,3,3,314.35,314.35,drift|obstacle|pose,map_error,Field doesn't match the map,24,0,0.0,1,0
odometry_pods+distance_sensors+apriltag,camera_front|distance_sensors_3|odometry_pods,odometry pods + front camera + 3 ToF sensors,3,3,314.35,314.35,drift|obstacle|pose,opponent,Opponent parks in the route,0,1,4.4144,0,0
odometry_pods+distance_sensors+apriltag,camera_front|distance_sensors_3|odometry_pods,odometry pods + front camera + 3 ToF sensors,3,3,314.35,314.35,drift|obstacle|pose,opponent,Opponent parks in the route,1,0,0.0,1,0
odometry_pods+distance_sensors+apriltag,camera_front|distance_sensors_3|odometry_pods,odometry pods + front camera + 3 ToF sensors,3,3,314.35,314.35,drift|obstacle|pose,opponent,Opponent parks in the route,2,0,1.9757,1,0
odometry_pods+distance_sensors+apriltag,camera_front|distance_sensors_3|odometry_pods,odometry pods + front camera + 3 ToF sensors,3,3,314.35,314.35,drift|obstacle|pose,opponent,Opponent parks in the route,3,1,15.1276,0,0
odometry_pods+distance_sensors+apriltag,camera_front|distance_sensors_3|odometry_pods,odometry pods + front camera + 3 ToF sensors,3,3,314.35,314.35,drift|obstacle|pose,opponent,Opponent parks in the route,4,0,0.0,1,0
odometry_pods+distance_sensors+apriltag,camera_front|distance_sensors_3|odometry_pods,odometry pods + front camera + 3 ToF sensors,3,3,314.35,314.35,drift|obstacle|pose,opponent,Opponent parks in the route,5,0,1.132,1,0
odometry_pods+distance_sensors+apriltag,camera_front|distance_sensors_3|odometry_pods,odometry pods + front camera + 3 ToF sensors,3,3,314.35,314.35,drift|obstacle|pose,opponent,Opponent parks in the route,6,1,2.4008,0,0
odometry_pods+distance_sensors+apriltag,camera_front|distance_sensors_3|odometry_pods,odometry pods + front camera + 3 ToF sensors,3,3,314.35,314.35,drift|obstacle|pose,opponent,Opponent parks in the route,7,0,0.0,1,0
odometry_pods+distance_sensors+apriltag,camera_front|distance_sensors_3|odometry_pods,odometry pods + front camera + 3 ToF sensors,3,3,314.35,314.35,drift|obstacle|pose,opponent,Opponent parks in the route,8,1,1.4523,0,0
odometry_pods+distance_sensors+apriltag,camera_front|distance_sensors_3|odometry_pods,odometry pods + front camera + 3 ToF sensors,3,3,314.35,314.35,drift|obstacle|pose,opponent,Opponent parks in the route,9,0,7.0747,1,0
odometry_pods+distance_sensors+apriltag,camera_front|distance_sensors_3|odometry_pods,odometry pods + front camera + 3 ToF sensors,3,3,314.35,314.35,drift|obstacle|pose,opponent,Opponent parks in the route,10,1,3.3392,0,0
odometry_pods+distance_sensors+apriltag,camera_front|distance_sensors_3|odometry_pods,odometry pods + front camera + 3 ToF sensors,3,3,314.35,314.35,drift|obstacle|pose,opponent,Opponent parks in the route,11,0,0.6374,1,0
odometry_pods+distance_sensors+apriltag,camera_front|distance_sensors_3|odometry_pods,odometry pods + front camera + 3 ToF sensors,3,3,314.35,314.35,drift|obstacle|pose,opponent,Opponent parks in the route,12,1,7.9635,0,0
odometry_pods+distance_sensors+apriltag,camera_front|distance_sensors_3|odometry_pods,odometry pods + front camera + 3 ToF sensors,3,3,314.35,314.35,drift|obstacle|pose,opponent,Opponent parks in the route,13,0,0.9835,1,0
odometry_pods+distance_sensors+apriltag,camera_front|distance_sensors_3|odometry_pods,odometry pods + front camera + 3 ToF sensors,3,3,314.35,314.35,drift|obstacle|pose,opponent,Opponent parks in the route,14,0,0.0,1,0
odometry_pods+distance_sensors+apriltag,camera_front|distance_sensors_3|odometry_pods,odometry pods + front camera + 3 ToF sensors,3,3,314.35,314.35,drift|obstacle|pose,opponent,Opponent parks in the route,15,0,6.8307,1,0
odometry_pods+distance_sensors+apriltag,camera_front|distance_sensors_3|odometry_pods,odometry pods + front camera + 3 ToF sensors,3,3,314.35,314.35,drift|obstacle|pose,opponent,Opponent parks in the route,16,0,1.9399,1,0
odometry_pods+distance_sensors+apriltag,camera_front|distance_sensors_3|odometry_pods,odometry pods + front camera + 3 ToF sensors,3,3,314.35,314.35,drift|obstacle|pose,opponent,Opponent parks in the route,17,0,0.5396,1,0
odometry_pods+distance_sensors+apriltag,camera_front|distance_sensors_3|odometry_pods,odometry pods + front camera + 3 ToF sensors,3,3,314.35,314.35,drift|obstacle|pose,opponent,Opponent parks in the route,18,0,1.9807,1,0
odometry_pods+distance_sensors+apriltag,camera_front|distance_sensors_3|odometry_pods,odometry pods + front camera + 3 ToF sensors,3,3,314.35,314.35,drift|obstacle|pose,opponent,Opponent parks in the route,19,0,0.0,1,0
odometry_pods+distance_sensors+apriltag,camera_front|distance_sensors_3|odometry_pods,odometry pods + front camera + 3 ToF sensors,3,3,314.35,314.35,drift|obstacle|pose,opponent,Opponent parks in the route,20,0,1.4704,1,0
odometry_pods+distance_sensors+apriltag,camera_front|distance_sensors_3|odometry_pods,odometry pods + front camera + 3 ToF sensors,3,3,314.35,314.35,drift|obstacle|pose,opponent,Opponent parks in the route,21,0,0.9711,1,0
odometry_pods+distance_sensors+apriltag,camera_front|distance_sensors_3|odometry_pods,odometry pods + front camera + 3 ToF sensors,3,3,314.35,314.35,drift|obstacle|pose,opponent,Opponent parks in the route,22,0,5.8474,1,0
odometry_pods+distance_sensors+apriltag,camera_front|distance_sensors_3|odometry_pods,odometry pods + front camera + 3 ToF sensors,3,3,314.35,314.35,drift|obstacle|pose,opponent,Opponent parks in the route,23,0,10.4304,1,0
odometry_pods+distance_sensors+apriltag,camera_front|distance_sensors_3|odometry_pods,odometry pods + front camera + 3 ToF sensors,3,3,314.35,314.35,drift|obstacle|pose,opponent,Opponent parks in the route,24,0,0.0,1,0
odometry_pods+distance_sensors+apriltag,camera_front|distance_sensors_3|odometry_pods,odometry pods + front camera + 3 ToF sensors,3,3,314.35,314.35,drift|obstacle|pose,combined_realistic,Everything at once (realistic fidelity),0,0,0.0,0,0
odometry_pods+distance_sensors+apriltag,camera_front|distance_sensors_3|odometry_pods,odometry pods + front camera + 3 ToF sensors,3,3,314.35,314.35,drift|obstacle|pose,combined_realistic,Everything at once (realistic fidelity),1,0,4.9752,1,0
odometry_pods+distance_sensors+apriltag,camera_front|distance_sensors_3|odometry_pods,odometry pods + front camera + 3 ToF sensors,3,3,314.35,314.35,drift|obstacle|pose,combined_realistic,Everything at once (realistic fidelity),2,0,1.915,1,0
odometry_pods+distance_sensors+apriltag,camera_front|distance_sensors_3|odometry_pods,odometry pods + front camera + 3 ToF sensors,3,3,314.35,314.35,drift|obstacle|pose,combined_realistic,Everything at once (realistic fidelity),3,0,0.6691,1,0
odometry_pods+distance_sensors+apriltag,camera_front|distance_sensors_3|odometry_pods,odometry pods + front camera + 3 ToF sensors,3,3,314.35,314.35,drift|obstacle|pose,combined_realistic,Everything at once (realistic fidelity),4,0,0.668,1,0
odometry_pods+distance_sensors+apriltag,camera_front|distance_sensors_3|odometry_pods,odometry pods + front camera + 3 ToF sensors,3,3,314.35,314.35,drift|obstacle|pose,combined_realistic,Everything at once (realistic fidelity),5,0,1.132,1,0
odometry_pods+distance_sensors+apriltag,camera_front|distance_sensors_3|odometry_pods,odometry pods + front camera + 3 ToF sensors,3,3,314.35,314.35,drift|obstacle|pose,combined_realistic,Everything at once (realistic fidelity),6,0,1.3523,1,0
odometry_pods+distance_sensors+apriltag,camera_front|distance_sensors_3|odometry_pods,odometry pods + front camera + 3 ToF sensors,3,3,314.35,314.35,drift|obstacle|pose,combined_realistic,Everything at once (realistic fidelity),7,0,3.6539,1,0
odometry_pods+distance_sensors+apriltag,camera_front|distance_sensors_3|odometry_pods,odometry pods + front camera + 3 ToF sensors,3,3,314.35,314.35,drift|obstacle|pose,combined_realistic,Everything at once (realistic fidelity),8,0,1.4704,0,0
odometry_pods+distance_sensors+apriltag,camera_front|distance_sensors_3|odometry_pods,odometry pods + front camera + 3 ToF sensors,3,3,314.35,314.35,drift|obstacle|pose,combined_realistic,Everything at once (realistic fidelity),9,0,6.9392,0,0
odometry_pods+distance_sensors+apriltag,camera_front|distance_sensors_3|odometry_pods,odometry pods + front camera + 3 ToF sensors,3,3,314.35,314.35,drift|obstacle|pose,combined_realistic,Everything at once (realistic fidelity),10,0,1.8534,0,0
odometry_pods+distance_sensors+apriltag,camera_front|distance_sensors_3|odometry_pods,odometry pods + front camera + 3 ToF sensors,3,3,314.35,314.35,drift|obstacle|pose,combined_realistic,Everything at once (realistic fidelity),11,0,0.6642,1,0
odometry_pods+distance_sensors+apriltag,camera_front|distance_sensors_3|odometry_pods,odometry pods + front camera + 3 ToF sensors,3,3,314.35,314.35,drift|obstacle|pose,combined_realistic,Everything at once (realistic fidelity),12,0,2.3856,0,0
odometry_pods+distance_sensors+apriltag,camera_front|distance_sensors_3|odometry_pods,odometry pods + front camera + 3 ToF sensors,3,3,314.35,314.35,drift|obstacle|pose,combined_realistic,Everything at once (realistic fidelity),13,0,1.7874,0,0
odometry_pods+distance_sensors+apriltag,camera_front|distance_sensors_3|odometry_pods,odometry pods + front camera + 3 ToF sensors,3,3,314.35,314.35,drift|obstacle|pose,combined_realistic,Everything at once (realistic fidelity),14,0,0.0,1,0
odometry_pods+distance_sensors+apriltag,camera_front|distance_sensors_3|odometry_pods,odometry pods + front camera + 3 ToF sensors,3,3,314.35,314.35,drift|obstacle|pose,combined_realistic,Everything at once (realistic fidelity),15,0,2.6531,0,0
odometry_pods+distance_sensors+apriltag,camera_front|distance_sensors_3|odometry_pods,odometry pods + front camera + 3 ToF sensors,3,3,314.35,314.35,drift|obstacle|pose,combined_realistic,Everything at once (realistic fidelity),16,0,0.0,0,0
odometry_pods+distance_sensors+apriltag,camera_front|distance_sensors_3|odometry_pods,odometry pods + front camera + 3 ToF sensors,3,3,314.35,314.35,drift|obstacle|pose,combined_realistic,Everything at once (realistic fidelity),17,0,0.525,1,0
odometry_pods+distance_sensors+apriltag,camera_front|distance_sensors_3|odometry_pods,odometry pods + front camera + 3 ToF sensors,3,3,314.35,314.35,drift|obstacle|pose,combined_realistic,Everything at once (realistic fidelity),18,0,7.0957,1,0
odometry_pods+distance_sensors+apriltag,camera_front|distance_sensors_3|odometry_pods,odometry pods + front camera + 3 ToF sensors,3,3,314.35,314.35,drift|obstacle|pose,combined_realistic,Everything at once (realistic fidelity),19,0,0.0,1,0
odometry_pods+distance_sensors+apriltag,camera_front|distance_sensors_3|odometry_pods,odometry pods + front camera + 3 ToF sensors,3,3,314.35,314.35,drift|obstacle|pose,combined_realistic,Everything at once (realistic fidelity),20,0,0.0,1,0
odometry_pods+distance_sensors+apriltag,camera_front|distance_sensors_3|odometry_pods,odometry pods + front camera + 3 ToF sensors,3,3,314.35,314.35,drift|obstacle|pose,combined_realistic,Everything at once (realistic fidelity),21,0,0.5396,0,0
odometry_pods+distance_sensors+apriltag,camera_front|distance_sensors_3|odometry_pods,odometry pods + front camera + 3 ToF sensors,3,3,314.35,314.35,drift|obstacle|pose,combined_realistic,Everything at once (realistic fidelity),22,0,0.0,1,0
odometry_pods+distance_sensors+apriltag,camera_front|distance_sensors_3|odometry_pods,odometry pods + front camera + 3 ToF sensors,3,3,314.35,314.35,drift|obstacle|pose,combined_realistic,Everything at once (realistic fidelity),23,0,1.9586,1,0
odometry_pods+distance_sensors+apriltag,camera_front|distance_sensors_3|odometry_pods,odometry pods + front camera + 3 ToF sensors,3,3,314.35,314.35,drift|obstacle|pose,combined_realistic,Everything at once (realistic fidelity),24,0,2.48,1,0
odometry_pods+distance_sensors+apriltag,camera_front|distance_sensors_3|odometry_pods,odometry pods + front camera + 3 ToF sensors,3,3,314.35,314.35,drift|obstacle|pose,corridor,"Tight corridor, mixed deviation",0,0,1.0227,1,0
odometry_pods+distance_sensors+apriltag,camera_front|distance_sensors_3|odometry_pods,odometry pods + front camera + 3 ToF sensors,3,3,314.35,314.35,drift|obstacle|pose,corridor,"Tight corridor, mixed deviation",1,0,4.0682,0,0
odometry_pods+distance_sensors+apriltag,camera_front|distance_sensors_3|odometry_pods,odometry pods + front camera + 3 ToF sensors,3,3,314.35,314.35,drift|obstacle|pose,corridor,"Tight corridor, mixed deviation",2,0,0.0,1,0
odometry_pods+distance_sensors+apriltag,camera_front|distance_sensors_3|odometry_pods,odometry pods + front camera + 3 ToF sensors,3,3,314.35,314.35,drift|obstacle|pose,corridor,"Tight corridor, mixed deviation",3,1,4.0082,0,0
odometry_pods+distance_sensors+apriltag,camera_front|distance_sensors_3|odometry_pods,odometry pods + front camera + 3 ToF sensors,3,3,314.35,314.35,drift|obstacle|pose,corridor,"Tight corridor, mixed deviation",4,0,3.9141,0,0
odometry_pods+distance_sensors+apriltag,camera_front|distance_sensors_3|odometry_pods,odometry pods + front camera + 3 ToF sensors,3,3,314.35,314.35,drift|obstacle|pose,corridor,"Tight corridor, mixed deviation",5,1,8.264,0,0
odometry_pods+distance_sensors+apriltag,camera_front|distance_sensors_3|odometry_pods,odometry pods + front camera + 3 ToF sensors,3,3,314.35,314.35,drift|obstacle|pose,corridor,"Tight corridor, mixed deviation",6,1,7.5247,0,0
odometry_pods+distance_sensors+apriltag,camera_front|distance_sensors_3|odometry_pods,odometry pods + front camera + 3 ToF sensors,3,3,314.35,314.35,drift|obstacle|pose,corridor,"Tight corridor, mixed deviation",7,0,4.2322,1,0
odometry_pods+distance_sensors+apriltag,camera_front|distance_sensors_3|odometry_pods,odometry pods + front camera + 3 ToF sensors,3,3,314.35,314.35,drift|obstacle|pose,corridor,"Tight corridor, mixed deviation",8,1,7.7229,0,0
odometry_pods+distance_sensors+apriltag,camera_front|distance_sensors_3|odometry_pods,odometry pods + front camera + 3 ToF sensors,3,3,314.35,314.35,drift|obstacle|pose,corridor,"Tight corridor, mixed deviation",9,1,6.6499,0,0
odometry_pods+distance_sensors+apriltag,camera_front|distance_sensors_3|odometry_pods,odometry pods + front camera + 3 ToF sensors,3,3,314.35,314.35,drift|obstacle|pose,corridor,"Tight corridor, mixed deviation",10,0,5.7258,1,0
odometry_pods+distance_sensors+apriltag,camera_front|distance_sensors_3|odometry_pods,odometry pods + front camera + 3 ToF sensors,3,3,314.35,314.35,drift|obstacle|pose,corridor,"Tight corridor, mixed deviation",11,1,6.6649,0,0
odometry_pods+distance_sensors+apriltag,camera_front|distance_sensors_3|odometry_pods,odometry pods + front camera + 3 ToF sensors,3,3,314.35,314.35,drift|obstacle|pose,corridor,"Tight corridor, mixed deviation",12,0,3.7139,1,0
odometry_pods+distance_sensors+apriltag,camera_front|distance_sensors_3|odometry_pods,odometry pods + front camera + 3 ToF sensors,3,3,314.35,314.35,drift|obstacle|pose,corridor,"Tight corridor, mixed deviation",13,0,4.207,1,0
odometry_pods+distance_sensors+apriltag,camera_front|distance_sensors_3|odometry_pods,odometry pods + front camera + 3 ToF sensors,3,3,314.35,314.35,drift|obstacle|pose,corridor,"Tight corridor, mixed deviation",14,0,1.3523,0,0
odometry_pods+distance_sensors+apriltag,camera_front|distance_sensors_3|odometry_pods,odometry pods + front camera + 3 ToF sensors,3,3,314.35,314.35,drift|obstacle|pose,corridor,"Tight corridor, mixed deviation",15,1,7.2643,0,0
odometry_pods+distance_sensors+apriltag,camera_front|distance_sensors_3|odometry_pods,odometry pods + front camera + 3 ToF sensors,3,3,314.35,314.35,drift|obstacle|pose,corridor,"Tight corridor, mixed deviation",16,0,2.4126,1,0
odometry_pods+distance_sensors+apriltag,camera_front|distance_sensors_3|odometry_pods,odometry pods + front camera + 3 ToF sensors,3,3,314.35,314.35,drift|obstacle|pose,corridor,"Tight corridor, mixed deviation",17,1,3.2961,0,0
odometry_pods+distance_sensors+apriltag,camera_front|distance_sensors_3|odometry_pods,odometry pods + front camera + 3 ToF sensors,3,3,314.35,314.35,drift|obstacle|pose,corridor,"Tight corridor, mixed deviation",18,0,3.3069,1,0
odometry_pods+distance_sensors+apriltag,camera_front|distance_sensors_3|odometry_pods,odometry pods + front camera + 3 ToF sensors,3,3,314.35,314.35,drift|obstacle|pose,corridor,"Tight corridor, mixed deviation",19,0,2.2361,0,0
odometry_pods+distance_sensors+apriltag,camera_front|distance_sensors_3|odometry_pods,odometry pods + front camera + 3 ToF sensors,3,3,314.35,314.35,drift|obstacle|pose,corridor,"Tight corridor, mixed deviation",20,1,8.2911,0,0
odometry_pods+distance_sensors+apriltag,camera_front|distance_sensors_3|odometry_pods,odometry pods + front camera + 3 ToF sensors,3,3,314.35,314.35,drift|obstacle|pose,corridor,"Tight corridor, mixed deviation",21,1,4.4705,0,0
odometry_pods+distance_sensors+apriltag,camera_front|distance_sensors_3|odometry_pods,odometry pods + front camera + 3 ToF sensors,3,3,314.35,314.35,drift|obstacle|pose,corridor,"Tight corridor, mixed deviation",22,0,3.3917,0,0
odometry_pods+distance_sensors+apriltag,camera_front|distance_sensors_3|odometry_pods,odometry pods + front camera + 3 ToF sensors,3,3,314.35,314.35,drift|obstacle|pose,corridor,"Tight corridor, mixed deviation",23,0,0.0,0,0
odometry_pods+distance_sensors+apriltag,camera_front|distance_sensors_3|odometry_pods,odometry pods + front camera + 3 ToF sensors,3,3,314.35,314.35,drift|obstacle|pose,corridor,"Tight corridor, mixed deviation",24,0,0.0,0,0
odometry_pods+distance_sensors+imu,distance_sensors_3|imu|odometry_pods,odometry pods + IMU + 3 ToF sensors,3,3,289.35,289.35,drift|heading|obstacle,pose_drift,Heavy pose drift,0,0,0.0,1,0
odometry_pods+distance_sensors+imu,distance_sensors_3|imu|odometry_pods,odometry pods + IMU + 3 ToF sensors,3,3,289.35,289.35,drift|heading|obstacle,pose_drift,Heavy pose drift,1,0,4.5807,1,0
odometry_pods+distance_sensors+imu,distance_sensors_3|imu|odometry_pods,odometry pods + IMU + 3 ToF sensors,3,3,289.35,289.35,drift|heading|obstacle,pose_drift,Heavy pose drift,2,0,1.9257,1,0
odometry_pods+distance_sensors+imu,distance_sensors_3|imu|odometry_pods,odometry pods + IMU + 3 ToF sensors,3,3,289.35,289.35,drift|heading|obstacle,pose_drift,Heavy pose drift,3,0,0.0,1,0
odometry_pods+distance_sensors+imu,distance_sensors_3|imu|odometry_pods,odometry pods + IMU + 3 ToF sensors,3,3,289.35,289.35,drift|heading|obstacle,pose_drift,Heavy pose drift,4,0,2.3994,1,0
odometry_pods+distance_sensors+imu,distance_sensors_3|imu|odometry_pods,odometry pods + IMU + 3 ToF sensors,3,3,289.35,289.35,drift|heading|obstacle,pose_drift,Heavy pose drift,5,0,5.4674,1,0
odometry_pods+distance_sensors+imu,distance_sensors_3|imu|odometry_pods,odometry pods + IMU + 3 ToF sensors,3,3,289.35,289.35,drift|heading|obstacle,pose_drift,Heavy pose drift,6,0,2.2381,0,0
odometry_pods+distance_sensors+imu,distance_sensors_3|imu|odometry_pods,odometry pods + IMU + 3 ToF sensors,3,3,289.35,289.35,drift|heading|obstacle,pose_drift,Heavy pose drift,7,0,0.0,1,0
odometry_pods+distance_sensors+imu,distance_sensors_3|imu|odometry_pods,odometry pods + IMU + 3 ToF sensors,3,3,289.35,289.35,drift|heading|obstacle,pose_drift,Heavy pose drift,8,0,1.4704,0,0
odometry_pods+distance_sensors+imu,distance_sensors_3|imu|odometry_pods,odometry pods + IMU + 3 ToF sensors,3,3,289.35,289.35,drift|heading|obstacle,pose_drift,Heavy pose drift,9,0,0.9936,0,0
odometry_pods+distance_sensors+imu,distance_sensors_3|imu|odometry_pods,odometry pods + IMU + 3 ToF sensors,3,3,289.35,289.35,drift|heading|obstacle,pose_drift,Heavy pose drift,10,0,1.9212,0,0
odometry_pods+distance_sensors+imu,distance_sensors_3|imu|odometry_pods,odometry pods + IMU + 3 ToF sensors,3,3,289.35,289.35,drift|heading|obstacle,pose_drift,Heavy pose drift,11,0,0.0,1,0
odometry_pods+distance_sensors+imu,distance_sensors_3|imu|odometry_pods,odometry pods + IMU + 3 ToF sensors,3,3,289.35,289.35,drift|heading|obstacle,pose_drift,Heavy pose drift,12,0,9.0683,1,0
odometry_pods+distance_sensors+imu,distance_sensors_3|imu|odometry_pods,odometry pods + IMU + 3 ToF sensors,3,3,289.35,289.35,drift|heading|obstacle,pose_drift,Heavy pose drift,13,0,0.9016,1,0
odometry_pods+distance_sensors+imu,distance_sensors_3|imu|odometry_pods,odometry pods + IMU + 3 ToF sensors,3,3,289.35,289.35,drift|heading|obstacle,pose_drift,Heavy pose drift,14,0,0.5477,1,0
odometry_pods+distance_sensors+imu,distance_sensors_3|imu|odometry_pods,odometry pods + IMU + 3 ToF sensors,3,3,289.35,289.35,drift|heading|obstacle,pose_drift,Heavy pose drift,15,0,3.19,0,0
odometry_pods+distance_sensors+imu,distance_sensors_3|imu|odometry_pods,odometry pods + IMU + 3 ToF sensors,3,3,289.35,289.35,drift|heading|obstacle,pose_drift,Heavy pose drift,16,0,0.0,0,0
odometry_pods+distance_sensors+imu,distance_sensors_3|imu|odometry_pods,odometry pods + IMU + 3 ToF sensors,3,3,289.35,289.35,drift|heading|obstacle,pose_drift,Heavy pose drift,17,0,0.525,1,0
odometry_pods+distance_sensors+imu,distance_sensors_3|imu|odometry_pods,odometry pods + IMU + 3 ToF sensors,3,3,289.35,289.35,drift|heading|obstacle,pose_drift,Heavy pose drift,18,0,2.8612,1,0
odometry_pods+distance_sensors+imu,distance_sensors_3|imu|odometry_pods,odometry pods + IMU + 3 ToF sensors,3,3,289.35,289.35,drift|heading|obstacle,pose_drift,Heavy pose drift,19,0,5.5804,1,0
odometry_pods+distance_sensors+imu,distance_sensors_3|imu|odometry_pods,odometry pods + IMU + 3 ToF sensors,3,3,289.35,289.35,drift|heading|obstacle,pose_drift,Heavy pose drift,20,0,0.0,0,0
odometry_pods+distance_sensors+imu,distance_sensors_3|imu|odometry_pods,odometry pods + IMU + 3 ToF sensors,3,3,289.35,289.35,drift|heading|obstacle,pose_drift,Heavy pose drift,21,0,1.8534,1,0
odometry_pods+distance_sensors+imu,distance_sensors_3|imu|odometry_pods,odometry pods + IMU + 3 ToF sensors,3,3,289.35,289.35,drift|heading|obstacle,pose_drift,Heavy pose drift,22,0,5.0163,1,0
odometry_pods+distance_sensors+imu,distance_sensors_3|imu|odometry_pods,odometry pods + IMU + 3 ToF sensors,3,3,289.35,289.35,drift|heading|obstacle,pose_drift,Heavy pose drift,23,0,1.9586,1,0
odometry_pods+distance_sensors+imu,distance_sensors_3|imu|odometry_pods,odometry pods + IMU + 3 ToF sensors,3,3,289.35,289.35,drift|heading|obstacle,pose_drift,Heavy pose drift,24,0,0.0,1,0
odometry_pods+distance_sensors+imu,distance_sensors_3|imu|odometry_pods,odometry pods + IMU + 3 ToF sensors,3,3,289.35,289.35,drift|heading|obstacle,map_error,Field doesn't match the map,0,1,4.1144,0,0
odometry_pods+distance_sensors+imu,distance_sensors_3|imu|odometry_pods,odometry pods + IMU + 3 ToF sensors,3,3,289.35,289.35,drift|heading|obstacle,map_error,Field doesn't match the map,1,0,0.0,1,0
odometry_pods+distance_sensors+imu,distance_sensors_3|imu|odometry_pods,odometry pods + IMU + 3 ToF sensors,3,3,289.35,289.35,drift|heading|obstacle,map_error,Field doesn't match the map,2,0,1.9257,1,0
odometry_pods+distance_sensors+imu,distance_sensors_3|imu|odometry_pods,odometry pods + IMU + 3 ToF sensors,3,3,289.35,289.35,drift|heading|obstacle,map_error,Field doesn't match the map,3,1,15.0276,0,0
odometry_pods+distance_sensors+imu,distance_sensors_3|imu|odometry_pods,odometry pods + IMU + 3 ToF sensors,3,3,289.35,289.35,drift|heading|obstacle,map_error,Field doesn't match the map,4,0,0.0,1,0
odometry_pods+distance_sensors+imu,distance_sensors_3|imu|odometry_pods,odometry pods + IMU + 3 ToF sensors,3,3,289.35,289.35,drift|heading|obstacle,map_error,Field doesn't match the map,5,0,1.132,1,0
odometry_pods+distance_sensors+imu,distance_sensors_3|imu|odometry_pods,odometry pods + IMU + 3 ToF sensors,3,3,289.35,289.35,drift|heading|obstacle,map_error,Field doesn't match the map,6,1,2.1508,0,0
odometry_pods+distance_sensors+imu,distance_sensors_3|imu|odometry_pods,odometry pods + IMU + 3 ToF sensors,3,3,289.35,289.35,drift|heading|obstacle,map_error,Field doesn't match the map,7,0,0.0,1,0
odometry_pods+distance_sensors+imu,distance_sensors_3|imu|odometry_pods,odometry pods + IMU + 3 ToF sensors,3,3,289.35,289.35,drift|heading|obstacle,map_error,Field doesn't match the map,8,1,1.3523,0,0
odometry_pods+distance_sensors+imu,distance_sensors_3|imu|odometry_pods,odometry pods + IMU + 3 ToF sensors,3,3,289.35,289.35,drift|heading|obstacle,map_error,Field doesn't match the map,9,1,6.7176,0,0
odometry_pods+distance_sensors+imu,distance_sensors_3|imu|odometry_pods,odometry pods + IMU + 3 ToF sensors,3,3,289.35,289.35,drift|heading|obstacle,map_error,Field doesn't match the map,10,1,1.8031,0,0
odometry_pods+distance_sensors+imu,distance_sensors_3|imu|odometry_pods,odometry pods + IMU + 3 ToF sensors,3,3,289.35,289.35,drift|heading|obstacle,map_error,Field doesn't match the map,11,0,3.2964,1,0
odometry_pods+distance_sensors+imu,distance_sensors_3|imu|odometry_pods,odometry pods + IMU + 3 ToF sensors,3,3,289.35,289.35,drift|heading|obstacle,map_error,Field doesn't match the map,12,1,7.9635,0,0
odometry_pods+distance_sensors+imu,distance_sensors_3|imu|odometry_pods,odometry pods + IMU + 3 ToF sensors,3,3,289.35,289.35,drift|heading|obstacle,map_error,Field doesn't match the map,13,0,0.9835,1,0
odometry_pods+distance_sensors+imu,distance_sensors_3|imu|odometry_pods,odometry pods + IMU + 3 ToF sensors,3,3,289.35,289.35,drift|heading|obstacle,map_error,Field doesn't match the map,14,0,0.0,1,0
odometry_pods+distance_sensors+imu,distance_sensors_3|imu|odometry_pods,odometry pods + IMU + 3 ToF sensors,3,3,289.35,289.35,drift|heading|obstacle,map_error,Field doesn't match the map,15,1,8.9183,0,0
odometry_pods+distance_sensors+imu,distance_sensors_3|imu|odometry_pods,odometry pods + IMU + 3 ToF sensors,3,3,289.35,289.35,drift|heading|obstacle,map_error,Field doesn't match the map,16,0,1.9399,1,0
odometry_pods+distance_sensors+imu,distance_sensors_3|imu|odometry_pods,odometry pods + IMU + 3 ToF sensors,3,3,289.35,289.35,drift|heading|obstacle,map_error,Field doesn't match the map,17,0,0.0,1,0
odometry_pods+distance_sensors+imu,distance_sensors_3|imu|odometry_pods,odometry pods + IMU + 3 ToF sensors,3,3,289.35,289.35,drift|heading|obstacle,map_error,Field doesn't match the map,18,0,1.9807,1,0
odometry_pods+distance_sensors+imu,distance_sensors_3|imu|odometry_pods,odometry pods + IMU + 3 ToF sensors,3,3,289.35,289.35,drift|heading|obstacle,map_error,Field doesn't match the map,19,0,0.0,1,0
odometry_pods+distance_sensors+imu,distance_sensors_3|imu|odometry_pods,odometry pods + IMU + 3 ToF sensors,3,3,289.35,289.35,drift|heading|obstacle,map_error,Field doesn't match the map,20,0,2.7425,1,0
odometry_pods+distance_sensors+imu,distance_sensors_3|imu|odometry_pods,odometry pods + IMU + 3 ToF sensors,3,3,289.35,289.35,drift|heading|obstacle,map_error,Field doesn't match the map,21,0,1.2064,1,0
odometry_pods+distance_sensors+imu,distance_sensors_3|imu|odometry_pods,odometry pods + IMU + 3 ToF sensors,3,3,289.35,289.35,drift|heading|obstacle,map_error,Field doesn't match the map,22,0,5.7974,1,0
odometry_pods+distance_sensors+imu,distance_sensors_3|imu|odometry_pods,odometry pods + IMU + 3 ToF sensors,3,3,289.35,289.35,drift|heading|obstacle,map_error,Field doesn't match the map,23,0,9.0789,1,0
odometry_pods+distance_sensors+imu,distance_sensors_3|imu|odometry_pods,odometry pods + IMU + 3 ToF sensors,3,3,289.35,289.35,drift|heading|obstacle,map_error,Field doesn't match the map,24,0,0.0,1,0
odometry_pods+distance_sensors+imu,distance_sensors_3|imu|odometry_pods,odometry pods + IMU + 3 ToF sensors,3,3,289.35,289.35,drift|heading|obstacle,opponent,Opponent parks in the route,0,1,4.1144,0,0
odometry_pods+distance_sensors+imu,distance_sensors_3|imu|odometry_pods,odometry pods + IMU + 3 ToF sensors,3,3,289.35,289.35,drift|heading|obstacle,opponent,Opponent parks in the route,1,0,0.0,1,0
odometry_pods+distance_sensors+imu,distance_sensors_3|imu|odometry_pods,odometry pods + IMU + 3 ToF sensors,3,3,289.35,289.35,drift|heading|obstacle,opponent,Opponent parks in the route,2,0,1.9257,1,0
odometry_pods+distance_sensors+imu,distance_sensors_3|imu|odometry_pods,odometry pods + IMU + 3 ToF sensors,3,3,289.35,289.35,drift|heading|obstacle,opponent,Opponent parks in the route,3,1,15.0276,0,0
odometry_pods+distance_sensors+imu,distance_sensors_3|imu|odometry_pods,odometry pods + IMU + 3 ToF sensors,3,3,289.35,289.35,drift|heading|obstacle,opponent,Opponent parks in the route,4,0,0.0,1,0
odometry_pods+distance_sensors+imu,distance_sensors_3|imu|odometry_pods,odometry pods + IMU + 3 ToF sensors,3,3,289.35,289.35,drift|heading|obstacle,opponent,Opponent parks in the route,5,0,1.132,1,0
odometry_pods+distance_sensors+imu,distance_sensors_3|imu|odometry_pods,odometry pods + IMU + 3 ToF sensors,3,3,289.35,289.35,drift|heading|obstacle,opponent,Opponent parks in the route,6,1,2.4008,0,0
odometry_pods+distance_sensors+imu,distance_sensors_3|imu|odometry_pods,odometry pods + IMU + 3 ToF sensors,3,3,289.35,289.35,drift|heading|obstacle,opponent,Opponent parks in the route,7,0,0.0,1,0
odometry_pods+distance_sensors+imu,distance_sensors_3|imu|odometry_pods,odometry pods + IMU + 3 ToF sensors,3,3,289.35,289.35,drift|heading|obstacle,opponent,Opponent parks in the route,8,1,1.3523,0,0
odometry_pods+distance_sensors+imu,distance_sensors_3|imu|odometry_pods,odometry pods + IMU + 3 ToF sensors,3,3,289.35,289.35,drift|heading|obstacle,opponent,Opponent parks in the route,9,0,7.0747,1,0
odometry_pods+distance_sensors+imu,distance_sensors_3|imu|odometry_pods,odometry pods + IMU + 3 ToF sensors,3,3,289.35,289.35,drift|heading|obstacle,opponent,Opponent parks in the route,10,1,3.3392,0,0
odometry_pods+distance_sensors+imu,distance_sensors_3|imu|odometry_pods,odometry pods + IMU + 3 ToF sensors,3,3,289.35,289.35,drift|heading|obstacle,opponent,Opponent parks in the route,11,0,0.6374,1,0
odometry_pods+distance_sensors+imu,distance_sensors_3|imu|odometry_pods,odometry pods + IMU + 3 ToF sensors,3,3,289.35,289.35,drift|heading|obstacle,opponent,Opponent parks in the route,12,1,7.9635,0,0
odometry_pods+distance_sensors+imu,distance_sensors_3|imu|odometry_pods,odometry pods + IMU + 3 ToF sensors,3,3,289.35,289.35,drift|heading|obstacle,opponent,Opponent parks in the route,13,0,0.9835,1,0
odometry_pods+distance_sensors+imu,distance_sensors_3|imu|odometry_pods,odometry pods + IMU + 3 ToF sensors,3,3,289.35,289.35,drift|heading|obstacle,opponent,Opponent parks in the route,14,0,0.0,1,0
odometry_pods+distance_sensors+imu,distance_sensors_3|imu|odometry_pods,odometry pods + IMU + 3 ToF sensors,3,3,289.35,289.35,drift|heading|obstacle,opponent,Opponent parks in the route,15,0,6.8307,1,0
odometry_pods+distance_sensors+imu,distance_sensors_3|imu|odometry_pods,odometry pods + IMU + 3 ToF sensors,3,3,289.35,289.35,drift|heading|obstacle,opponent,Opponent parks in the route,16,0,1.9399,1,0
odometry_pods+distance_sensors+imu,distance_sensors_3|imu|odometry_pods,odometry pods + IMU + 3 ToF sensors,3,3,289.35,289.35,drift|heading|obstacle,opponent,Opponent parks in the route,17,0,0.5396,1,0
odometry_pods+distance_sensors+imu,distance_sensors_3|imu|odometry_pods,odometry pods + IMU + 3 ToF sensors,3,3,289.35,289.35,drift|heading|obstacle,opponent,Opponent parks in the route,18,0,1.9807,1,0
odometry_pods+distance_sensors+imu,distance_sensors_3|imu|odometry_pods,odometry pods + IMU + 3 ToF sensors,3,3,289.35,289.35,drift|heading|obstacle,opponent,Opponent parks in the route,19,0,0.0,1,0
odometry_pods+distance_sensors+imu,distance_sensors_3|imu|odometry_pods,odometry pods + IMU + 3 ToF sensors,3,3,289.35,289.35,drift|heading|obstacle,opponent,Opponent parks in the route,20,0,1.4704,1,0
odometry_pods+distance_sensors+imu,distance_sensors_3|imu|odometry_pods,odometry pods + IMU + 3 ToF sensors,3,3,289.35,289.35,drift|heading|obstacle,opponent,Opponent parks in the route,21,0,0.9711,1,0
odometry_pods+distance_sensors+imu,distance_sensors_3|imu|odometry_pods,odometry pods + IMU + 3 ToF sensors,3,3,289.35,289.35,drift|heading|obstacle,opponent,Opponent parks in the route,22,0,5.7974,1,0
odometry_pods+distance_sensors+imu,distance_sensors_3|imu|odometry_pods,odometry pods + IMU + 3 ToF sensors,3,3,289.35,289.35,drift|heading|obstacle,opponent,Opponent parks in the route,23,0,10.4304,1,0
odometry_pods+distance_sensors+imu,distance_sensors_3|imu|odometry_pods,odometry pods + IMU + 3 ToF sensors,3,3,289.35,289.35,drift|heading|obstacle,opponent,Opponent parks in the route,24,0,0.0,1,0
odometry_pods+distance_sensors+imu,distance_sensors_3|imu|odometry_pods,odometry pods + IMU + 3 ToF sensors,3,3,289.35,289.35,drift|heading|obstacle,combined_realistic,Everything at once (realistic fidelity),0,0,0.0,0,0
odometry_pods+distance_sensors+imu,distance_sensors_3|imu|odometry_pods,odometry pods + IMU + 3 ToF sensors,3,3,289.35,289.35,drift|heading|obstacle,combined_realistic,Everything at once (realistic fidelity),1,0,4.9752,1,0
odometry_pods+distance_sensors+imu,distance_sensors_3|imu|odometry_pods,odometry pods + IMU + 3 ToF sensors,3,3,289.35,289.35,drift|heading|obstacle,combined_realistic,Everything at once (realistic fidelity),2,0,1.915,1,0
odometry_pods+distance_sensors+imu,distance_sensors_3|imu|odometry_pods,odometry pods + IMU + 3 ToF sensors,3,3,289.35,289.35,drift|heading|obstacle,combined_realistic,Everything at once (realistic fidelity),3,0,0.6691,1,0
odometry_pods+distance_sensors+imu,distance_sensors_3|imu|odometry_pods,odometry pods + IMU + 3 ToF sensors,3,3,289.35,289.35,drift|heading|obstacle,combined_realistic,Everything at once (realistic fidelity),4,0,0.668,1,0
odometry_pods+distance_sensors+imu,distance_sensors_3|imu|odometry_pods,odometry pods + IMU + 3 ToF sensors,3,3,289.35,289.35,drift|heading|obstacle,combined_realistic,Everything at once (realistic fidelity),5,0,1.132,1,0
odometry_pods+distance_sensors+imu,distance_sensors_3|imu|odometry_pods,odometry pods + IMU + 3 ToF sensors,3,3,289.35,289.35,drift|heading|obstacle,combined_realistic,Everything at once (realistic fidelity),6,0,1.3523,1,0
odometry_pods+distance_sensors+imu,distance_sensors_3|imu|odometry_pods,odometry pods + IMU + 3 ToF sensors,3,3,289.35,289.35,drift|heading|obstacle,combined_realistic,Everything at once (realistic fidelity),7,0,3.6539,1,0
odometry_pods+distance_sensors+imu,distance_sensors_3|imu|odometry_pods,odometry pods + IMU + 3 ToF sensors,3,3,289.35,289.35,drift|heading|obstacle,combined_realistic,Everything at once (realistic fidelity),8,0,1.4704,0,0
odometry_pods+distance_sensors+imu,distance_sensors_3|imu|odometry_pods,odometry pods + IMU + 3 ToF sensors,3,3,289.35,289.35,drift|heading|obstacle,combined_realistic,Everything at once (realistic fidelity),9,0,6.9392,0,0
odometry_pods+distance_sensors+imu,distance_sensors_3|imu|odometry_pods,odometry pods + IMU + 3 ToF sensors,3,3,289.35,289.35,drift|heading|obstacle,combined_realistic,Everything at once (realistic fidelity),10,0,1.8534,0,0
odometry_pods+distance_sensors+imu,distance_sensors_3|imu|odometry_pods,odometry pods + IMU + 3 ToF sensors,3,3,289.35,289.35,drift|heading|obstacle,combined_realistic,Everything at once (realistic fidelity),11,0,0.6642,1,0
odometry_pods+distance_sensors+imu,distance_sensors_3|imu|odometry_pods,odometry pods + IMU + 3 ToF sensors,3,3,289.35,289.35,drift|heading|obstacle,combined_realistic,Everything at once (realistic fidelity),12,0,2.3856,0,0
odometry_pods+distance_sensors+imu,distance_sensors_3|imu|odometry_pods,odometry pods + IMU + 3 ToF sensors,3,3,289.35,289.35,drift|heading|obstacle,combined_realistic,Everything at once (realistic fidelity),13,0,1.7874,0,0
odometry_pods+distance_sensors+imu,distance_sensors_3|imu|odometry_pods,odometry pods + IMU + 3 ToF sensors,3,3,289.35,289.35,drift|heading|obstacle,combined_realistic,Everything at once (realistic fidelity),14,0,0.0,1,0
odometry_pods+distance_sensors+imu,distance_sensors_3|imu|odometry_pods,odometry pods + IMU + 3 ToF sensors,3,3,289.35,289.35,drift|heading|obstacle,combined_realistic,Everything at once (realistic fidelity),15,0,2.6531,0,0
odometry_pods+distance_sensors+imu,distance_sensors_3|imu|odometry_pods,odometry pods + IMU + 3 ToF sensors,3,3,289.35,289.35,drift|heading|obstacle,combined_realistic,Everything at once (realistic fidelity),16,0,0.0,0,0
odometry_pods+distance_sensors+imu,distance_sensors_3|imu|odometry_pods,odometry pods + IMU + 3 ToF sensors,3,3,289.35,289.35,drift|heading|obstacle,combined_realistic,Everything at once (realistic fidelity),17,0,0.525,1,0
odometry_pods+distance_sensors+imu,distance_sensors_3|imu|odometry_pods,odometry pods + IMU + 3 ToF sensors,3,3,289.35,289.35,drift|heading|obstacle,combined_realistic,Everything at once (realistic fidelity),18,0,7.0957,1,0
odometry_pods+distance_sensors+imu,distance_sensors_3|imu|odometry_pods,odometry pods + IMU + 3 ToF sensors,3,3,289.35,289.35,drift|heading|obstacle,combined_realistic,Everything at once (realistic fidelity),19,0,0.0,1,0
odometry_pods+distance_sensors+imu,distance_sensors_3|imu|odometry_pods,odometry pods + IMU + 3 ToF sensors,3,3,289.35,289.35,drift|heading|obstacle,combined_realistic,Everything at once (realistic fidelity),20,0,0.0,1,0
odometry_pods+distance_sensors+imu,distance_sensors_3|imu|odometry_pods,odometry pods + IMU + 3 ToF sensors,3,3,289.35,289.35,drift|heading|obstacle,combined_realistic,Everything at once (realistic fidelity),21,0,0.5396,0,0
odometry_pods+distance_sensors+imu,distance_sensors_3|imu|odometry_pods,odometry pods + IMU + 3 ToF sensors,3,3,289.35,289.35,drift|heading|obstacle,combined_realistic,Everything at once (realistic fidelity),22,0,0.0,1,0
odometry_pods+distance_sensors+imu,distance_sensors_3|imu|odometry_pods,odometry pods + IMU + 3 ToF sensors,3,3,289.35,289.35,drift|heading|obstacle,combined_realistic,Everything at once (realistic fidelity),23,0,1.9586,1,0
odometry_pods+distance_sensors+imu,distance_sensors_3|imu|odometry_pods,odometry pods + IMU + 3 ToF sensors,3,3,289.35,289.35,drift|heading|obstacle,combined_realistic,Everything at once (realistic fidelity),24,0,2.48,1,0
odometry_pods+distance_sensors+imu,distance_sensors_3|imu|odometry_pods,odometry pods + IMU + 3 ToF sensors,3,3,289.35,289.35,drift|heading|obstacle,corridor,"Tight corridor, mixed deviation",0,0,6.4095,0,0
odometry_pods+distance_sensors+imu,distance_sensors_3|imu|odometry_pods,odometry pods + IMU + 3 ToF sensors,3,3,289.35,289.35,drift|heading|obstacle,corridor,"Tight corridor, mixed deviation",1,0,4.0682,0,0
odometry_pods+distance_sensors+imu,distance_sensors_3|imu|odometry_pods,odometry pods + IMU + 3 ToF sensors,3,3,289.35,289.35,drift|heading|obstacle,corridor,"Tight corridor, mixed deviation",2,0,0.0,1,0
odometry_pods+distance_sensors+imu,distance_sensors_3|imu|odometry_pods,odometry pods + IMU + 3 ToF sensors,3,3,289.35,289.35,drift|heading|obstacle,corridor,"Tight corridor, mixed deviation",3,0,3.4574,0,0
odometry_pods+distance_sensors+imu,distance_sensors_3|imu|odometry_pods,odometry pods + IMU + 3 ToF sensors,3,3,289.35,289.35,drift|heading|obstacle,corridor,"Tight corridor, mixed deviation",4,0,3.9141,0,0
odometry_pods+distance_sensors+imu,distance_sensors_3|imu|odometry_pods,odometry pods + IMU + 3 ToF sensors,3,3,289.35,289.35,drift|heading|obstacle,corridor,"Tight corridor, mixed deviation",5,0,8.3993,0,0
odometry_pods+distance_sensors+imu,distance_sensors_3|imu|odometry_pods,odometry pods + IMU + 3 ToF sensors,3,3,289.35,289.35,drift|heading|obstacle,corridor,"Tight corridor, mixed deviation",6,0,7.8755,0,0
odometry_pods+distance_sensors+imu,distance_sensors_3|imu|odometry_pods,odometry pods + IMU + 3 ToF sensors,3,3,289.35,289.35,drift|heading|obstacle,corridor,"Tight corridor, mixed deviation",7,0,4.883,1,0
odometry_pods+distance_sensors+imu,distance_sensors_3|imu|odometry_pods,odometry pods + IMU + 3 ToF sensors,3,3,289.35,289.35,drift|heading|obstacle,corridor,"Tight corridor, mixed deviation",8,0,6.9574,0,0
odometry_pods+distance_sensors+imu,distance_sensors_3|imu|odometry_pods,odometry pods + IMU + 3 ToF sensors,3,3,289.35,289.35,drift|heading|obstacle,corridor,"Tight corridor, mixed deviation",9,0,0.5951,1,0
odometry_pods+distance_sensors+imu,distance_sensors_3|imu|odometry_pods,odometry pods + IMU + 3 ToF sensors,3,3,289.35,289.35,drift|heading|obstacle,corridor,"Tight corridor, mixed deviation",10,0,5.4258,1,0
odometry_pods+distance_sensors+imu,distance_sensors_3|imu|odometry_pods,odometry pods + IMU + 3 ToF sensors,3,3,289.35,289.35,drift|heading|obstacle,corridor,"Tight corridor, mixed deviation",11,0,0.9711,0,0
odometry_pods+distance_sensors+imu,distance_sensors_3|imu|odometry_pods,odometry pods + IMU + 3 ToF sensors,3,3,289.35,289.35,drift|heading|obstacle,corridor,"Tight corridor, mixed deviation",12,0,7.7113,0,0
odometry_pods+distance_sensors+imu,distance_sensors_3|imu|odometry_pods,odometry pods + IMU + 3 ToF sensors,3,3,289.35,289.35,drift|heading|obstacle,corridor,"Tight corridor, mixed deviation",13,0,5.4438,0,0
odometry_pods+distance_sensors+imu,distance_sensors_3|imu|odometry_pods,odometry pods + IMU + 3 ToF sensors,3,3,289.35,289.35,drift|heading|obstacle,corridor,"Tight corridor, mixed deviation",14,0,1.3523,0,0
odometry_pods+distance_sensors+imu,distance_sensors_3|imu|odometry_pods,odometry pods + IMU + 3 ToF sensors,3,3,289.35,289.35,drift|heading|obstacle,corridor,"Tight corridor, mixed deviation",15,0,6.1636,0,0
odometry_pods+distance_sensors+imu,distance_sensors_3|imu|odometry_pods,odometry pods + IMU + 3 ToF sensors,3,3,289.35,289.35,drift|heading|obstacle,corridor,"Tight corridor, mixed deviation",16,0,1.7265,1,0
odometry_pods+distance_sensors+imu,distance_sensors_3|imu|odometry_pods,odometry pods + IMU + 3 ToF sensors,3,3,289.35,289.35,drift|heading|obstacle,corridor,"Tight corridor, mixed deviation",17,1,3.2961,0,0
odometry_pods+distance_sensors+imu,distance_sensors_3|imu|odometry_pods,odometry pods + IMU + 3 ToF sensors,3,3,289.35,289.35,drift|heading|obstacle,corridor,"Tight corridor, mixed deviation",18,0,3.3069,1,0
odometry_pods+distance_sensors+imu,distance_sensors_3|imu|odometry_pods,odometry pods + IMU + 3 ToF sensors,3,3,289.35,289.35,drift|heading|obstacle,corridor,"Tight corridor, mixed deviation",19,0,2.2361,0,0
odometry_pods+distance_sensors+imu,distance_sensors_3|imu|odometry_pods,odometry pods + IMU + 3 ToF sensors,3,3,289.35,289.35,drift|heading|obstacle,corridor,"Tight corridor, mixed deviation",20,1,7.2205,0,0
odometry_pods+distance_sensors+imu,distance_sensors_3|imu|odometry_pods,odometry pods + IMU + 3 ToF sensors,3,3,289.35,289.35,drift|heading|obstacle,corridor,"Tight corridor, mixed deviation",21,0,4.0852,0,0
odometry_pods+distance_sensors+imu,distance_sensors_3|imu|odometry_pods,odometry pods + IMU + 3 ToF sensors,3,3,289.35,289.35,drift|heading|obstacle,corridor,"Tight corridor, mixed deviation",22,0,3.3917,0,0
odometry_pods+distance_sensors+imu,distance_sensors_3|imu|odometry_pods,odometry pods + IMU + 3 ToF sensors,3,3,289.35,289.35,drift|heading|obstacle,corridor,"Tight corridor, mixed deviation",23,0,0.0,0,0
odometry_pods+distance_sensors+imu,distance_sensors_3|imu|odometry_pods,odometry pods + IMU + 3 ToF sensors,3,3,289.35,289.35,drift|heading|obstacle,corridor,"Tight corridor, mixed deviation",24,0,0.0,0,0
odometry_pods+distance_sensors+dual_camera_apriltag,camera_front|camera_rear|distance_sensors_3|odometry_pods,odometry pods + front camera + rear camera + 3 ToF sensors,3,4,339.35,339.35,drift|obstacle|pose,pose_drift,Heavy pose drift,0,0,0.0,1,0
odometry_pods+distance_sensors+dual_camera_apriltag,camera_front|camera_rear|distance_sensors_3|odometry_pods,odometry pods + front camera + rear camera + 3 ToF sensors,3,4,339.35,339.35,drift|obstacle|pose,pose_drift,Heavy pose drift,1,0,2.0062,1,0
odometry_pods+distance_sensors+dual_camera_apriltag,camera_front|camera_rear|distance_sensors_3|odometry_pods,odometry pods + front camera + rear camera + 3 ToF sensors,3,4,339.35,339.35,drift|obstacle|pose,pose_drift,Heavy pose drift,2,0,1.9757,1,0
odometry_pods+distance_sensors+dual_camera_apriltag,camera_front|camera_rear|distance_sensors_3|odometry_pods,odometry pods + front camera + rear camera + 3 ToF sensors,3,4,339.35,339.35,drift|obstacle|pose,pose_drift,Heavy pose drift,3,0,0.0,1,0
odometry_pods+distance_sensors+dual_camera_apriltag,camera_front|camera_rear|distance_sensors_3|odometry_pods,odometry pods + front camera + rear camera + 3 ToF sensors,3,4,339.35,339.35,drift|obstacle|pose,pose_drift,Heavy pose drift,4,0,4.2009,1,0
odometry_pods+distance_sensors+dual_camera_apriltag,camera_front|camera_rear|distance_sensors_3|odometry_pods,odometry pods + front camera + rear camera + 3 ToF sensors,3,4,339.35,339.35,drift|obstacle|pose,pose_drift,Heavy pose drift,5,0,5.4674,1,0
odometry_pods+distance_sensors+dual_camera_apriltag,camera_front|camera_rear|distance_sensors_3|odometry_pods,odometry pods + front camera + rear camera + 3 ToF sensors,3,4,339.35,339.35,drift|obstacle|pose,pose_drift,Heavy pose drift,6,0,2.2381,0,0
odometry_pods+distance_sensors+dual_camera_apriltag,camera_front|camera_rear|distance_sensors_3|odometry_pods,odometry pods + front camera + rear camera + 3 ToF sensors,3,4,339.35,339.35,drift|obstacle|pose,pose_drift,Heavy pose drift,7,0,0.0,1,0
odometry_pods+distance_sensors+dual_camera_apriltag,camera_front|camera_rear|distance_sensors_3|odometry_pods,odometry pods + front camera + rear camera + 3 ToF sensors,3,4,339.35,339.35,drift|obstacle|pose,pose_drift,Heavy pose drift,8,0,1.4704,0,0
odometry_pods+distance_sensors+dual_camera_apriltag,camera_front|camera_rear|distance_sensors_3|odometry_pods,odometry pods + front camera + rear camera + 3 ToF sensors,3,4,339.35,339.35,drift|obstacle|pose,pose_drift,Heavy pose drift,9,0,0.9936,0,0
odometry_pods+distance_sensors+dual_camera_apriltag,camera_front|camera_rear|distance_sensors_3|odometry_pods,odometry pods + front camera + rear camera + 3 ToF sensors,3,4,339.35,339.35,drift|obstacle|pose,pose_drift,Heavy pose drift,10,0,1.9212,0,0
odometry_pods+distance_sensors+dual_camera_apriltag,camera_front|camera_rear|distance_sensors_3|odometry_pods,odometry pods + front camera + rear camera + 3 ToF sensors,3,4,339.35,339.35,drift|obstacle|pose,pose_drift,Heavy pose drift,11,0,0.0,1,0
odometry_pods+distance_sensors+dual_camera_apriltag,camera_front|camera_rear|distance_sensors_3|odometry_pods,odometry pods + front camera + rear camera + 3 ToF sensors,3,4,339.35,339.35,drift|obstacle|pose,pose_drift,Heavy pose drift,12,0,9.0683,1,0
odometry_pods+distance_sensors+dual_camera_apriltag,camera_front|camera_rear|distance_sensors_3|odometry_pods,odometry pods + front camera + rear camera + 3 ToF sensors,3,4,339.35,339.35,drift|obstacle|pose,pose_drift,Heavy pose drift,13,0,0.9016,1,0
odometry_pods+distance_sensors+dual_camera_apriltag,camera_front|camera_rear|distance_sensors_3|odometry_pods,odometry pods + front camera + rear camera + 3 ToF sensors,3,4,339.35,339.35,drift|obstacle|pose,pose_drift,Heavy pose drift,14,0,0.5477,1,0
odometry_pods+distance_sensors+dual_camera_apriltag,camera_front|camera_rear|distance_sensors_3|odometry_pods,odometry pods + front camera + rear camera + 3 ToF sensors,3,4,339.35,339.35,drift|obstacle|pose,pose_drift,Heavy pose drift,15,0,3.19,0,0
odometry_pods+distance_sensors+dual_camera_apriltag,camera_front|camera_rear|distance_sensors_3|odometry_pods,odometry pods + front camera + rear camera + 3 ToF sensors,3,4,339.35,339.35,drift|obstacle|pose,pose_drift,Heavy pose drift,16,0,0.0,0,0
odometry_pods+distance_sensors+dual_camera_apriltag,camera_front|camera_rear|distance_sensors_3|odometry_pods,odometry pods + front camera + rear camera + 3 ToF sensors,3,4,339.35,339.35,drift|obstacle|pose,pose_drift,Heavy pose drift,17,0,0.525,1,0
odometry_pods+distance_sensors+dual_camera_apriltag,camera_front|camera_rear|distance_sensors_3|odometry_pods,odometry pods + front camera + rear camera + 3 ToF sensors,3,4,339.35,339.35,drift|obstacle|pose,pose_drift,Heavy pose drift,18,0,2.8612,1,0
odometry_pods+distance_sensors+dual_camera_apriltag,camera_front|camera_rear|distance_sensors_3|odometry_pods,odometry pods + front camera + rear camera + 3 ToF sensors,3,4,339.35,339.35,drift|obstacle|pose,pose_drift,Heavy pose drift,19,1,9.9917,0,0
odometry_pods+distance_sensors+dual_camera_apriltag,camera_front|camera_rear|distance_sensors_3|odometry_pods,odometry pods + front camera + rear camera + 3 ToF sensors,3,4,339.35,339.35,drift|obstacle|pose,pose_drift,Heavy pose drift,20,0,0.0,0,0
odometry_pods+distance_sensors+dual_camera_apriltag,camera_front|camera_rear|distance_sensors_3|odometry_pods,odometry pods + front camera + rear camera + 3 ToF sensors,3,4,339.35,339.35,drift|obstacle|pose,pose_drift,Heavy pose drift,21,0,1.8534,1,0
odometry_pods+distance_sensors+dual_camera_apriltag,camera_front|camera_rear|distance_sensors_3|odometry_pods,odometry pods + front camera + rear camera + 3 ToF sensors,3,4,339.35,339.35,drift|obstacle|pose,pose_drift,Heavy pose drift,22,0,5.9663,1,0
odometry_pods+distance_sensors+dual_camera_apriltag,camera_front|camera_rear|distance_sensors_3|odometry_pods,odometry pods + front camera + rear camera + 3 ToF sensors,3,4,339.35,339.35,drift|obstacle|pose,pose_drift,Heavy pose drift,23,0,1.9586,1,0
odometry_pods+distance_sensors+dual_camera_apriltag,camera_front|camera_rear|distance_sensors_3|odometry_pods,odometry pods + front camera + rear camera + 3 ToF sensors,3,4,339.35,339.35,drift|obstacle|pose,pose_drift,Heavy pose drift,24,0,0.0,1,0
odometry_pods+distance_sensors+dual_camera_apriltag,camera_front|camera_rear|distance_sensors_3|odometry_pods,odometry pods + front camera + rear camera + 3 ToF sensors,3,4,339.35,339.35,drift|obstacle|pose,map_error,Field doesn't match the map,0,1,4.4144,0,0
odometry_pods+distance_sensors+dual_camera_apriltag,camera_front|camera_rear|distance_sensors_3|odometry_pods,odometry pods + front camera + rear camera + 3 ToF sensors,3,4,339.35,339.35,drift|obstacle|pose,map_error,Field doesn't match the map,1,0,0.0,1,0
odometry_pods+distance_sensors+dual_camera_apriltag,camera_front|camera_rear|distance_sensors_3|odometry_pods,odometry pods + front camera + rear camera + 3 ToF sensors,3,4,339.35,339.35,drift|obstacle|pose,map_error,Field doesn't match the map,2,0,1.9757,1,0
odometry_pods+distance_sensors+dual_camera_apriltag,camera_front|camera_rear|distance_sensors_3|odometry_pods,odometry pods + front camera + rear camera + 3 ToF sensors,3,4,339.35,339.35,drift|obstacle|pose,map_error,Field doesn't match the map,3,1,15.0276,0,0
odometry_pods+distance_sensors+dual_camera_apriltag,camera_front|camera_rear|distance_sensors_3|odometry_pods,odometry pods + front camera + rear camera + 3 ToF sensors,3,4,339.35,339.35,drift|obstacle|pose,map_error,Field doesn't match the map,4,0,0.0,1,0
odometry_pods+distance_sensors+dual_camera_apriltag,camera_front|camera_rear|distance_sensors_3|odometry_pods,odometry pods + front camera + rear camera + 3 ToF sensors,3,4,339.35,339.35,drift|obstacle|pose,map_error,Field doesn't match the map,5,0,1.132,1,0
odometry_pods+distance_sensors+dual_camera_apriltag,camera_front|camera_rear|distance_sensors_3|odometry_pods,odometry pods + front camera + rear camera + 3 ToF sensors,3,4,339.35,339.35,drift|obstacle|pose,map_error,Field doesn't match the map,6,1,2.1508,0,0
odometry_pods+distance_sensors+dual_camera_apriltag,camera_front|camera_rear|distance_sensors_3|odometry_pods,odometry pods + front camera + rear camera + 3 ToF sensors,3,4,339.35,339.35,drift|obstacle|pose,map_error,Field doesn't match the map,7,0,0.0,1,0
odometry_pods+distance_sensors+dual_camera_apriltag,camera_front|camera_rear|distance_sensors_3|odometry_pods,odometry pods + front camera + rear camera + 3 ToF sensors,3,4,339.35,339.35,drift|obstacle|pose,map_error,Field doesn't match the map,8,1,1.4523,0,0
odometry_pods+distance_sensors+dual_camera_apriltag,camera_front|camera_rear|distance_sensors_3|odometry_pods,odometry pods + front camera + rear camera + 3 ToF sensors,3,4,339.35,339.35,drift|obstacle|pose,map_error,Field doesn't match the map,9,1,6.7176,0,0
odometry_pods+distance_sensors+dual_camera_apriltag,camera_front|camera_rear|distance_sensors_3|odometry_pods,odometry pods + front camera + rear camera + 3 ToF sensors,3,4,339.35,339.35,drift|obstacle|pose,map_error,Field doesn't match the map,10,1,1.8031,0,0
odometry_pods+distance_sensors+dual_camera_apriltag,camera_front|camera_rear|distance_sensors_3|odometry_pods,odometry pods + front camera + rear camera + 3 ToF sensors,3,4,339.35,339.35,drift|obstacle|pose,map_error,Field doesn't match the map,11,0,3.2964,1,0
odometry_pods+distance_sensors+dual_camera_apriltag,camera_front|camera_rear|distance_sensors_3|odometry_pods,odometry pods + front camera + rear camera + 3 ToF sensors,3,4,339.35,339.35,drift|obstacle|pose,map_error,Field doesn't match the map,12,1,7.9635,0,0
odometry_pods+distance_sensors+dual_camera_apriltag,camera_front|camera_rear|distance_sensors_3|odometry_pods,odometry pods + front camera + rear camera + 3 ToF sensors,3,4,339.35,339.35,drift|obstacle|pose,map_error,Field doesn't match the map,13,0,0.9835,1,0
odometry_pods+distance_sensors+dual_camera_apriltag,camera_front|camera_rear|distance_sensors_3|odometry_pods,odometry pods + front camera + rear camera + 3 ToF sensors,3,4,339.35,339.35,drift|obstacle|pose,map_error,Field doesn't match the map,14,0,0.0,1,0
odometry_pods+distance_sensors+dual_camera_apriltag,camera_front|camera_rear|distance_sensors_3|odometry_pods,odometry pods + front camera + rear camera + 3 ToF sensors,3,4,339.35,339.35,drift|obstacle|pose,map_error,Field doesn't match the map,15,1,8.9183,0,0
odometry_pods+distance_sensors+dual_camera_apriltag,camera_front|camera_rear|distance_sensors_3|odometry_pods,odometry pods + front camera + rear camera + 3 ToF sensors,3,4,339.35,339.35,drift|obstacle|pose,map_error,Field doesn't match the map,16,0,1.9399,1,0
odometry_pods+distance_sensors+dual_camera_apriltag,camera_front|camera_rear|distance_sensors_3|odometry_pods,odometry pods + front camera + rear camera + 3 ToF sensors,3,4,339.35,339.35,drift|obstacle|pose,map_error,Field doesn't match the map,17,0,0.0,1,0
odometry_pods+distance_sensors+dual_camera_apriltag,camera_front|camera_rear|distance_sensors_3|odometry_pods,odometry pods + front camera + rear camera + 3 ToF sensors,3,4,339.35,339.35,drift|obstacle|pose,map_error,Field doesn't match the map,18,0,1.9807,1,0
odometry_pods+distance_sensors+dual_camera_apriltag,camera_front|camera_rear|distance_sensors_3|odometry_pods,odometry pods + front camera + rear camera + 3 ToF sensors,3,4,339.35,339.35,drift|obstacle|pose,map_error,Field doesn't match the map,19,0,0.0,1,0
odometry_pods+distance_sensors+dual_camera_apriltag,camera_front|camera_rear|distance_sensors_3|odometry_pods,odometry pods + front camera + rear camera + 3 ToF sensors,3,4,339.35,339.35,drift|obstacle|pose,map_error,Field doesn't match the map,20,0,2.7425,1,0
odometry_pods+distance_sensors+dual_camera_apriltag,camera_front|camera_rear|distance_sensors_3|odometry_pods,odometry pods + front camera + rear camera + 3 ToF sensors,3,4,339.35,339.35,drift|obstacle|pose,map_error,Field doesn't match the map,21,0,1.2064,1,0
odometry_pods+distance_sensors+dual_camera_apriltag,camera_front|camera_rear|distance_sensors_3|odometry_pods,odometry pods + front camera + rear camera + 3 ToF sensors,3,4,339.35,339.35,drift|obstacle|pose,map_error,Field doesn't match the map,22,0,5.8474,1,0
odometry_pods+distance_sensors+dual_camera_apriltag,camera_front|camera_rear|distance_sensors_3|odometry_pods,odometry pods + front camera + rear camera + 3 ToF sensors,3,4,339.35,339.35,drift|obstacle|pose,map_error,Field doesn't match the map,23,0,9.0789,1,0
odometry_pods+distance_sensors+dual_camera_apriltag,camera_front|camera_rear|distance_sensors_3|odometry_pods,odometry pods + front camera + rear camera + 3 ToF sensors,3,4,339.35,339.35,drift|obstacle|pose,map_error,Field doesn't match the map,24,0,0.0,1,0
odometry_pods+distance_sensors+dual_camera_apriltag,camera_front|camera_rear|distance_sensors_3|odometry_pods,odometry pods + front camera + rear camera + 3 ToF sensors,3,4,339.35,339.35,drift|obstacle|pose,opponent,Opponent parks in the route,0,1,4.4144,0,0
odometry_pods+distance_sensors+dual_camera_apriltag,camera_front|camera_rear|distance_sensors_3|odometry_pods,odometry pods + front camera + rear camera + 3 ToF sensors,3,4,339.35,339.35,drift|obstacle|pose,opponent,Opponent parks in the route,1,0,0.0,1,0
odometry_pods+distance_sensors+dual_camera_apriltag,camera_front|camera_rear|distance_sensors_3|odometry_pods,odometry pods + front camera + rear camera + 3 ToF sensors,3,4,339.35,339.35,drift|obstacle|pose,opponent,Opponent parks in the route,2,0,1.9757,1,0
odometry_pods+distance_sensors+dual_camera_apriltag,camera_front|camera_rear|distance_sensors_3|odometry_pods,odometry pods + front camera + rear camera + 3 ToF sensors,3,4,339.35,339.35,drift|obstacle|pose,opponent,Opponent parks in the route,3,1,15.1276,0,0
odometry_pods+distance_sensors+dual_camera_apriltag,camera_front|camera_rear|distance_sensors_3|odometry_pods,odometry pods + front camera + rear camera + 3 ToF sensors,3,4,339.35,339.35,drift|obstacle|pose,opponent,Opponent parks in the route,4,0,0.0,1,0
odometry_pods+distance_sensors+dual_camera_apriltag,camera_front|camera_rear|distance_sensors_3|odometry_pods,odometry pods + front camera + rear camera + 3 ToF sensors,3,4,339.35,339.35,drift|obstacle|pose,opponent,Opponent parks in the route,5,0,1.132,1,0
odometry_pods+distance_sensors+dual_camera_apriltag,camera_front|camera_rear|distance_sensors_3|odometry_pods,odometry pods + front camera + rear camera + 3 ToF sensors,3,4,339.35,339.35,drift|obstacle|pose,opponent,Opponent parks in the route,6,1,2.4008,0,0
odometry_pods+distance_sensors+dual_camera_apriltag,camera_front|camera_rear|distance_sensors_3|odometry_pods,odometry pods + front camera + rear camera + 3 ToF sensors,3,4,339.35,339.35,drift|obstacle|pose,opponent,Opponent parks in the route,7,0,0.0,1,0
odometry_pods+distance_sensors+dual_camera_apriltag,camera_front|camera_rear|distance_sensors_3|odometry_pods,odometry pods + front camera + rear camera + 3 ToF sensors,3,4,339.35,339.35,drift|obstacle|pose,opponent,Opponent parks in the route,8,1,1.4523,0,0
odometry_pods+distance_sensors+dual_camera_apriltag,camera_front|camera_rear|distance_sensors_3|odometry_pods,odometry pods + front camera + rear camera + 3 ToF sensors,3,4,339.35,339.35,drift|obstacle|pose,opponent,Opponent parks in the route,9,0,7.0747,1,0
odometry_pods+distance_sensors+dual_camera_apriltag,camera_front|camera_rear|distance_sensors_3|odometry_pods,odometry pods + front camera + rear camera + 3 ToF sensors,3,4,339.35,339.35,drift|obstacle|pose,opponent,Opponent parks in the route,10,1,3.3392,0,0
odometry_pods+distance_sensors+dual_camera_apriltag,camera_front|camera_rear|distance_sensors_3|odometry_pods,odometry pods + front camera + rear camera + 3 ToF sensors,3,4,339.35,339.35,drift|obstacle|pose,opponent,Opponent parks in the route,11,0,0.6374,1,0
odometry_pods+distance_sensors+dual_camera_apriltag,camera_front|camera_rear|distance_sensors_3|odometry_pods,odometry pods + front camera + rear camera + 3 ToF sensors,3,4,339.35,339.35,drift|obstacle|pose,opponent,Opponent parks in the route,12,1,7.9635,0,0
odometry_pods+distance_sensors+dual_camera_apriltag,camera_front|camera_rear|distance_sensors_3|odometry_pods,odometry pods + front camera + rear camera + 3 ToF sensors,3,4,339.35,339.35,drift|obstacle|pose,opponent,Opponent parks in the route,13,0,0.9835,1,0
odometry_pods+distance_sensors+dual_camera_apriltag,camera_front|camera_rear|distance_sensors_3|odometry_pods,odometry pods + front camera + rear camera + 3 ToF sensors,3,4,339.35,339.35,drift|obstacle|pose,opponent,Opponent parks in the route,14,0,0.0,1,0
odometry_pods+distance_sensors+dual_camera_apriltag,camera_front|camera_rear|distance_sensors_3|odometry_pods,odometry pods + front camera + rear camera + 3 ToF sensors,3,4,339.35,339.35,drift|obstacle|pose,opponent,Opponent parks in the route,15,0,6.8307,1,0
odometry_pods+distance_sensors+dual_camera_apriltag,camera_front|camera_rear|distance_sensors_3|odometry_pods,odometry pods + front camera + rear camera + 3 ToF sensors,3,4,339.35,339.35,drift|obstacle|pose,opponent,Opponent parks in the route,16,0,1.9399,1,0
odometry_pods+distance_sensors+dual_camera_apriltag,camera_front|camera_rear|distance_sensors_3|odometry_pods,odometry pods + front camera + rear camera + 3 ToF sensors,3,4,339.35,339.35,drift|obstacle|pose,opponent,Opponent parks in the route,17,0,0.5396,1,0
odometry_pods+distance_sensors+dual_camera_apriltag,camera_front|camera_rear|distance_sensors_3|odometry_pods,odometry pods + front camera + rear camera + 3 ToF sensors,3,4,339.35,339.35,drift|obstacle|pose,opponent,Opponent parks in the route,18,0,1.9807,1,0
odometry_pods+distance_sensors+dual_camera_apriltag,camera_front|camera_rear|distance_sensors_3|odometry_pods,odometry pods + front camera + rear camera + 3 ToF sensors,3,4,339.35,339.35,drift|obstacle|pose,opponent,Opponent parks in the route,19,0,0.0,1,0
odometry_pods+distance_sensors+dual_camera_apriltag,camera_front|camera_rear|distance_sensors_3|odometry_pods,odometry pods + front camera + rear camera + 3 ToF sensors,3,4,339.35,339.35,drift|obstacle|pose,opponent,Opponent parks in the route,20,0,1.4704,1,0
odometry_pods+distance_sensors+dual_camera_apriltag,camera_front|camera_rear|distance_sensors_3|odometry_pods,odometry pods + front camera + rear camera + 3 ToF sensors,3,4,339.35,339.35,drift|obstacle|pose,opponent,Opponent parks in the route,21,0,0.9711,1,0
odometry_pods+distance_sensors+dual_camera_apriltag,camera_front|camera_rear|distance_sensors_3|odometry_pods,odometry pods + front camera + rear camera + 3 ToF sensors,3,4,339.35,339.35,drift|obstacle|pose,opponent,Opponent parks in the route,22,0,5.8474,1,0
odometry_pods+distance_sensors+dual_camera_apriltag,camera_front|camera_rear|distance_sensors_3|odometry_pods,odometry pods + front camera + rear camera + 3 ToF sensors,3,4,339.35,339.35,drift|obstacle|pose,opponent,Opponent parks in the route,23,0,10.4304,1,0
odometry_pods+distance_sensors+dual_camera_apriltag,camera_front|camera_rear|distance_sensors_3|odometry_pods,odometry pods + front camera + rear camera + 3 ToF sensors,3,4,339.35,339.35,drift|obstacle|pose,opponent,Opponent parks in the route,24,0,0.0,1,0
odometry_pods+distance_sensors+dual_camera_apriltag,camera_front|camera_rear|distance_sensors_3|odometry_pods,odometry pods + front camera + rear camera + 3 ToF sensors,3,4,339.35,339.35,drift|obstacle|pose,combined_realistic,Everything at once (realistic fidelity),0,0,0.0,0,0
odometry_pods+distance_sensors+dual_camera_apriltag,camera_front|camera_rear|distance_sensors_3|odometry_pods,odometry pods + front camera + rear camera + 3 ToF sensors,3,4,339.35,339.35,drift|obstacle|pose,combined_realistic,Everything at once (realistic fidelity),1,0,4.9752,1,0
odometry_pods+distance_sensors+dual_camera_apriltag,camera_front|camera_rear|distance_sensors_3|odometry_pods,odometry pods + front camera + rear camera + 3 ToF sensors,3,4,339.35,339.35,drift|obstacle|pose,combined_realistic,Everything at once (realistic fidelity),2,0,1.4642,1,0
odometry_pods+distance_sensors+dual_camera_apriltag,camera_front|camera_rear|distance_sensors_3|odometry_pods,odometry pods + front camera + rear camera + 3 ToF sensors,3,4,339.35,339.35,drift|obstacle|pose,combined_realistic,Everything at once (realistic fidelity),3,0,0.6691,1,0
odometry_pods+distance_sensors+dual_camera_apriltag,camera_front|camera_rear|distance_sensors_3|odometry_pods,odometry pods + front camera + rear camera + 3 ToF sensors,3,4,339.35,339.35,drift|obstacle|pose,combined_realistic,Everything at once (realistic fidelity),4,0,0.668,1,0
odometry_pods+distance_sensors+dual_camera_apriltag,camera_front|camera_rear|distance_sensors_3|odometry_pods,odometry pods + front camera + rear camera + 3 ToF sensors,3,4,339.35,339.35,drift|obstacle|pose,combined_realistic,Everything at once (realistic fidelity),5,0,1.132,1,0
odometry_pods+distance_sensors+dual_camera_apriltag,camera_front|camera_rear|distance_sensors_3|odometry_pods,odometry pods + front camera + rear camera + 3 ToF sensors,3,4,339.35,339.35,drift|obstacle|pose,combined_realistic,Everything at once (realistic fidelity),6,0,1.3523,1,0
odometry_pods+distance_sensors+dual_camera_apriltag,camera_front|camera_rear|distance_sensors_3|odometry_pods,odometry pods + front camera + rear camera + 3 ToF sensors,3,4,339.35,339.35,drift|obstacle|pose,combined_realistic,Everything at once (realistic fidelity),7,0,3.6539,1,0
odometry_pods+distance_sensors+dual_camera_apriltag,camera_front|camera_rear|distance_sensors_3|odometry_pods,odometry pods + front camera + rear camera + 3 ToF sensors,3,4,339.35,339.35,drift|obstacle|pose,combined_realistic,Everything at once (realistic fidelity),8,0,1.4704,0,0
odometry_pods+distance_sensors+dual_camera_apriltag,camera_front|camera_rear|distance_sensors_3|odometry_pods,odometry pods + front camera + rear camera + 3 ToF sensors,3,4,339.35,339.35,drift|obstacle|pose,combined_realistic,Everything at once (realistic fidelity),9,0,6.9392,0,0
odometry_pods+distance_sensors+dual_camera_apriltag,camera_front|camera_rear|distance_sensors_3|odometry_pods,odometry pods + front camera + rear camera + 3 ToF sensors,3,4,339.35,339.35,drift|obstacle|pose,combined_realistic,Everything at once (realistic fidelity),10,0,1.8534,0,0
odometry_pods+distance_sensors+dual_camera_apriltag,camera_front|camera_rear|distance_sensors_3|odometry_pods,odometry pods + front camera + rear camera + 3 ToF sensors,3,4,339.35,339.35,drift|obstacle|pose,combined_realistic,Everything at once (realistic fidelity),11,0,0.6642,1,0
odometry_pods+distance_sensors+dual_camera_apriltag,camera_front|camera_rear|distance_sensors_3|odometry_pods,odometry pods + front camera + rear camera + 3 ToF sensors,3,4,339.35,339.35,drift|obstacle|pose,combined_realistic,Everything at once (realistic fidelity),12,0,2.3856,0,0
odometry_pods+distance_sensors+dual_camera_apriltag,camera_front|camera_rear|distance_sensors_3|odometry_pods,odometry pods + front camera + rear camera + 3 ToF sensors,3,4,339.35,339.35,drift|obstacle|pose,combined_realistic,Everything at once (realistic fidelity),13,0,1.7874,0,0
odometry_pods+distance_sensors+dual_camera_apriltag,camera_front|camera_rear|distance_sensors_3|odometry_pods,odometry pods + front camera + rear camera + 3 ToF sensors,3,4,339.35,339.35,drift|obstacle|pose,combined_realistic,Everything at once (realistic fidelity),14,0,0.0,1,0
odometry_pods+distance_sensors+dual_camera_apriltag,camera_front|camera_rear|distance_sensors_3|odometry_pods,odometry pods + front camera + rear camera + 3 ToF sensors,3,4,339.35,339.35,drift|obstacle|pose,combined_realistic,Everything at once (realistic fidelity),15,0,2.6531,0,0
odometry_pods+distance_sensors+dual_camera_apriltag,camera_front|camera_rear|distance_sensors_3|odometry_pods,odometry pods + front camera + rear camera + 3 ToF sensors,3,4,339.35,339.35,drift|obstacle|pose,combined_realistic,Everything at once (realistic fidelity),16,0,0.0,0,0
odometry_pods+distance_sensors+dual_camera_apriltag,camera_front|camera_rear|distance_sensors_3|odometry_pods,odometry pods + front camera + rear camera + 3 ToF sensors,3,4,339.35,339.35,drift|obstacle|pose,combined_realistic,Everything at once (realistic fidelity),17,0,0.525,1,0
odometry_pods+distance_sensors+dual_camera_apriltag,camera_front|camera_rear|distance_sensors_3|odometry_pods,odometry pods + front camera + rear camera + 3 ToF sensors,3,4,339.35,339.35,drift|obstacle|pose,combined_realistic,Everything at once (realistic fidelity),18,0,7.0957,1,0
odometry_pods+distance_sensors+dual_camera_apriltag,camera_front|camera_rear|distance_sensors_3|odometry_pods,odometry pods + front camera + rear camera + 3 ToF sensors,3,4,339.35,339.35,drift|obstacle|pose,combined_realistic,Everything at once (realistic fidelity),19,0,0.0,1,0
odometry_pods+distance_sensors+dual_camera_apriltag,camera_front|camera_rear|distance_sensors_3|odometry_pods,odometry pods + front camera + rear camera + 3 ToF sensors,3,4,339.35,339.35,drift|obstacle|pose,combined_realistic,Everything at once (realistic fidelity),20,0,0.0,1,0
odometry_pods+distance_sensors+dual_camera_apriltag,camera_front|camera_rear|distance_sensors_3|odometry_pods,odometry pods + front camera + rear camera + 3 ToF sensors,3,4,339.35,339.35,drift|obstacle|pose,combined_realistic,Everything at once (realistic fidelity),21,0,0.5396,0,0
odometry_pods+distance_sensors+dual_camera_apriltag,camera_front|camera_rear|distance_sensors_3|odometry_pods,odometry pods + front camera + rear camera + 3 ToF sensors,3,4,339.35,339.35,drift|obstacle|pose,combined_realistic,Everything at once (realistic fidelity),22,0,0.0,1,0
odometry_pods+distance_sensors+dual_camera_apriltag,camera_front|camera_rear|distance_sensors_3|odometry_pods,odometry pods + front camera + rear camera + 3 ToF sensors,3,4,339.35,339.35,drift|obstacle|pose,combined_realistic,Everything at once (realistic fidelity),23,0,1.9586,1,0
odometry_pods+distance_sensors+dual_camera_apriltag,camera_front|camera_rear|distance_sensors_3|odometry_pods,odometry pods + front camera + rear camera + 3 ToF sensors,3,4,339.35,339.35,drift|obstacle|pose,combined_realistic,Everything at once (realistic fidelity),24,0,2.48,1,0
odometry_pods+distance_sensors+dual_camera_apriltag,camera_front|camera_rear|distance_sensors_3|odometry_pods,odometry pods + front camera + rear camera + 3 ToF sensors,3,4,339.35,339.35,drift|obstacle|pose,corridor,"Tight corridor, mixed deviation",0,0,1.0227,1,0
odometry_pods+distance_sensors+dual_camera_apriltag,camera_front|camera_rear|distance_sensors_3|odometry_pods,odometry pods + front camera + rear camera + 3 ToF sensors,3,4,339.35,339.35,drift|obstacle|pose,corridor,"Tight corridor, mixed deviation",1,0,4.0682,0,0
odometry_pods+distance_sensors+dual_camera_apriltag,camera_front|camera_rear|distance_sensors_3|odometry_pods,odometry pods + front camera + rear camera + 3 ToF sensors,3,4,339.35,339.35,drift|obstacle|pose,corridor,"Tight corridor, mixed deviation",2,0,0.0,1,0
odometry_pods+distance_sensors+dual_camera_apriltag,camera_front|camera_rear|distance_sensors_3|odometry_pods,odometry pods + front camera + rear camera + 3 ToF sensors,3,4,339.35,339.35,drift|obstacle|pose,corridor,"Tight corridor, mixed deviation",3,1,4.0082,0,0
odometry_pods+distance_sensors+dual_camera_apriltag,camera_front|camera_rear|distance_sensors_3|odometry_pods,odometry pods + front camera + rear camera + 3 ToF sensors,3,4,339.35,339.35,drift|obstacle|pose,corridor,"Tight corridor, mixed deviation",4,0,3.9141,0,0
odometry_pods+distance_sensors+dual_camera_apriltag,camera_front|camera_rear|distance_sensors_3|odometry_pods,odometry pods + front camera + rear camera + 3 ToF sensors,3,4,339.35,339.35,drift|obstacle|pose,corridor,"Tight corridor, mixed deviation",5,1,8.264,0,0
odometry_pods+distance_sensors+dual_camera_apriltag,camera_front|camera_rear|distance_sensors_3|odometry_pods,odometry pods + front camera + rear camera + 3 ToF sensors,3,4,339.35,339.35,drift|obstacle|pose,corridor,"Tight corridor, mixed deviation",6,1,7.5247,0,0
odometry_pods+distance_sensors+dual_camera_apriltag,camera_front|camera_rear|distance_sensors_3|odometry_pods,odometry pods + front camera + rear camera + 3 ToF sensors,3,4,339.35,339.35,drift|obstacle|pose,corridor,"Tight corridor, mixed deviation",7,0,4.2322,1,0
odometry_pods+distance_sensors+dual_camera_apriltag,camera_front|camera_rear|distance_sensors_3|odometry_pods,odometry pods + front camera + rear camera + 3 ToF sensors,3,4,339.35,339.35,drift|obstacle|pose,corridor,"Tight corridor, mixed deviation",8,1,7.7229,0,0
odometry_pods+distance_sensors+dual_camera_apriltag,camera_front|camera_rear|distance_sensors_3|odometry_pods,odometry pods + front camera + rear camera + 3 ToF sensors,3,4,339.35,339.35,drift|obstacle|pose,corridor,"Tight corridor, mixed deviation",9,1,6.6499,0,0
odometry_pods+distance_sensors+dual_camera_apriltag,camera_front|camera_rear|distance_sensors_3|odometry_pods,odometry pods + front camera + rear camera + 3 ToF sensors,3,4,339.35,339.35,drift|obstacle|pose,corridor,"Tight corridor, mixed deviation",10,0,5.7258,1,0
odometry_pods+distance_sensors+dual_camera_apriltag,camera_front|camera_rear|distance_sensors_3|odometry_pods,odometry pods + front camera + rear camera + 3 ToF sensors,3,4,339.35,339.35,drift|obstacle|pose,corridor,"Tight corridor, mixed deviation",11,1,6.6649,0,0
odometry_pods+distance_sensors+dual_camera_apriltag,camera_front|camera_rear|distance_sensors_3|odometry_pods,odometry pods + front camera + rear camera + 3 ToF sensors,3,4,339.35,339.35,drift|obstacle|pose,corridor,"Tight corridor, mixed deviation",12,0,3.7139,1,0
odometry_pods+distance_sensors+dual_camera_apriltag,camera_front|camera_rear|distance_sensors_3|odometry_pods,odometry pods + front camera + rear camera + 3 ToF sensors,3,4,339.35,339.35,drift|obstacle|pose,corridor,"Tight corridor, mixed deviation",13,0,4.207,1,0
odometry_pods+distance_sensors+dual_camera_apriltag,camera_front|camera_rear|distance_sensors_3|odometry_pods,odometry pods + front camera + rear camera + 3 ToF sensors,3,4,339.35,339.35,drift|obstacle|pose,corridor,"Tight corridor, mixed deviation",14,0,1.3523,0,0
odometry_pods+distance_sensors+dual_camera_apriltag,camera_front|camera_rear|distance_sensors_3|odometry_pods,odometry pods + front camera + rear camera + 3 ToF sensors,3,4,339.35,339.35,drift|obstacle|pose,corridor,"Tight corridor, mixed deviation",15,1,7.2643,0,0
odometry_pods+distance_sensors+dual_camera_apriltag,camera_front|camera_rear|distance_sensors_3|odometry_pods,odometry pods + front camera + rear camera + 3 ToF sensors,3,4,339.35,339.35,drift|obstacle|pose,corridor,"Tight corridor, mixed deviation",16,0,2.4126,1,0
odometry_pods+distance_sensors+dual_camera_apriltag,camera_front|camera_rear|distance_sensors_3|odometry_pods,odometry pods + front camera + rear camera + 3 ToF sensors,3,4,339.35,339.35,drift|obstacle|pose,corridor,"Tight corridor, mixed deviation",17,1,3.2961,0,0
odometry_pods+distance_sensors+dual_camera_apriltag,camera_front|camera_rear|distance_sensors_3|odometry_pods,odometry pods + front camera + rear camera + 3 ToF sensors,3,4,339.35,339.35,drift|obstacle|pose,corridor,"Tight corridor, mixed deviation",18,0,3.3069,1,0
odometry_pods+distance_sensors+dual_camera_apriltag,camera_front|camera_rear|distance_sensors_3|odometry_pods,odometry pods + front camera + rear camera + 3 ToF sensors,3,4,339.35,339.35,drift|obstacle|pose,corridor,"Tight corridor, mixed deviation",19,0,2.2361,0,0
odometry_pods+distance_sensors+dual_camera_apriltag,camera_front|camera_rear|distance_sensors_3|odometry_pods,odometry pods + front camera + rear camera + 3 ToF sensors,3,4,339.35,339.35,drift|obstacle|pose,corridor,"Tight corridor, mixed deviation",20,1,8.2911,0,0
odometry_pods+distance_sensors+dual_camera_apriltag,camera_front|camera_rear|distance_sensors_3|odometry_pods,odometry pods + front camera + rear camera + 3 ToF sensors,3,4,339.35,339.35,drift|obstacle|pose,corridor,"Tight corridor, mixed deviation",21,1,4.4705,0,0
odometry_pods+distance_sensors+dual_camera_apriltag,camera_front|camera_rear|distance_sensors_3|odometry_pods,odometry pods + front camera + rear camera + 3 ToF sensors,3,4,339.35,339.35,drift|obstacle|pose,corridor,"Tight corridor, mixed deviation",22,0,3.3917,0,0
odometry_pods+distance_sensors+dual_camera_apriltag,camera_front|camera_rear|distance_sensors_3|odometry_pods,odometry pods + front camera + rear camera + 3 ToF sensors,3,4,339.35,339.35,drift|obstacle|pose,corridor,"Tight corridor, mixed deviation",23,0,0.0,0,0
odometry_pods+distance_sensors+dual_camera_apriltag,camera_front|camera_rear|distance_sensors_3|odometry_pods,odometry pods + front camera + rear camera + 3 ToF sensors,3,4,339.35,339.35,drift|obstacle|pose,corridor,"Tight corridor, mixed deviation",24,0,0.0,0,0
odometry_pods+distance_sensors+apriltag_imu,camera_front|distance_sensors_3|imu|odometry_pods,odometry pods + IMU + front camera + 3 ToF sensors,3,4,314.35,314.35,drift|heading|obstacle|pose,pose_drift,Heavy pose drift,0,0,0.0,1,0
odometry_pods+distance_sensors+apriltag_imu,camera_front|distance_sensors_3|imu|odometry_pods,odometry pods + IMU + front camera + 3 ToF sensors,3,4,314.35,314.35,drift|heading|obstacle|pose,pose_drift,Heavy pose drift,1,0,2.0062,1,0
odometry_pods+distance_sensors+apriltag_imu,camera_front|distance_sensors_3|imu|odometry_pods,odometry pods + IMU + front camera + 3 ToF sensors,3,4,314.35,314.35,drift|heading|obstacle|pose,pose_drift,Heavy pose drift,2,0,1.9757,1,0
odometry_pods+distance_sensors+apriltag_imu,camera_front|distance_sensors_3|imu|odometry_pods,odometry pods + IMU + front camera + 3 ToF sensors,3,4,314.35,314.35,drift|heading|obstacle|pose,pose_drift,Heavy pose drift,3,0,0.0,1,0
odometry_pods+distance_sensors+apriltag_imu,camera_front|distance_sensors_3|imu|odometry_pods,odometry pods + IMU + front camera + 3 ToF sensors,3,4,314.35,314.35,drift|heading|obstacle|pose,pose_drift,Heavy pose drift,4,0,4.2009,1,0
odometry_pods+distance_sensors+apriltag_imu,camera_front|distance_sensors_3|imu|odometry_pods,odometry pods + IMU + front camera + 3 ToF sensors,3,4,314.35,314.35,drift|heading|obstacle|pose,pose_drift,Heavy pose drift,5,0,5.4674,1,0
odometry_pods+distance_sensors+apriltag_imu,camera_front|distance_sensors_3|imu|odometry_pods,odometry pods + IMU + front camera + 3 ToF sensors,3,4,314.35,314.35,drift|heading|obstacle|pose,pose_drift,Heavy pose drift,6,0,2.2381,0,0
odometry_pods+distance_sensors+apriltag_imu,camera_front|distance_sensors_3|imu|odometry_pods,odometry pods + IMU + front camera + 3 ToF sensors,3,4,314.35,314.35,drift|heading|obstacle|pose,pose_drift,Heavy pose drift,7,0,0.0,1,0
odometry_pods+distance_sensors+apriltag_imu,camera_front|distance_sensors_3|imu|odometry_pods,odometry pods + IMU + front camera + 3 ToF sensors,3,4,314.35,314.35,drift|heading|obstacle|pose,pose_drift,Heavy pose drift,8,0,1.4704,0,0
odometry_pods+distance_sensors+apriltag_imu,camera_front|distance_sensors_3|imu|odometry_pods,odometry pods + IMU + front camera + 3 ToF sensors,3,4,314.35,314.35,drift|heading|obstacle|pose,pose_drift,Heavy pose drift,9,0,0.9936,0,0
odometry_pods+distance_sensors+apriltag_imu,camera_front|distance_sensors_3|imu|odometry_pods,odometry pods + IMU + front camera + 3 ToF sensors,3,4,314.35,314.35,drift|heading|obstacle|pose,pose_drift,Heavy pose drift,10,0,1.9212,0,0
odometry_pods+distance_sensors+apriltag_imu,camera_front|distance_sensors_3|imu|odometry_pods,odometry pods + IMU + front camera + 3 ToF sensors,3,4,314.35,314.35,drift|heading|obstacle|pose,pose_drift,Heavy pose drift,11,0,0.0,1,0
odometry_pods+distance_sensors+apriltag_imu,camera_front|distance_sensors_3|imu|odometry_pods,odometry pods + IMU + front camera + 3 ToF sensors,3,4,314.35,314.35,drift|heading|obstacle|pose,pose_drift,Heavy pose drift,12,0,9.0683,1,0
odometry_pods+distance_sensors+apriltag_imu,camera_front|distance_sensors_3|imu|odometry_pods,odometry pods + IMU + front camera + 3 ToF sensors,3,4,314.35,314.35,drift|heading|obstacle|pose,pose_drift,Heavy pose drift,13,0,0.9016,1,0
odometry_pods+distance_sensors+apriltag_imu,camera_front|distance_sensors_3|imu|odometry_pods,odometry pods + IMU + front camera + 3 ToF sensors,3,4,314.35,314.35,drift|heading|obstacle|pose,pose_drift,Heavy pose drift,14,0,0.5477,1,0
odometry_pods+distance_sensors+apriltag_imu,camera_front|distance_sensors_3|imu|odometry_pods,odometry pods + IMU + front camera + 3 ToF sensors,3,4,314.35,314.35,drift|heading|obstacle|pose,pose_drift,Heavy pose drift,15,0,3.19,0,0
odometry_pods+distance_sensors+apriltag_imu,camera_front|distance_sensors_3|imu|odometry_pods,odometry pods + IMU + front camera + 3 ToF sensors,3,4,314.35,314.35,drift|heading|obstacle|pose,pose_drift,Heavy pose drift,16,0,0.0,0,0
odometry_pods+distance_sensors+apriltag_imu,camera_front|distance_sensors_3|imu|odometry_pods,odometry pods + IMU + front camera + 3 ToF sensors,3,4,314.35,314.35,drift|heading|obstacle|pose,pose_drift,Heavy pose drift,17,0,0.525,1,0
odometry_pods+distance_sensors+apriltag_imu,camera_front|distance_sensors_3|imu|odometry_pods,odometry pods + IMU + front camera + 3 ToF sensors,3,4,314.35,314.35,drift|heading|obstacle|pose,pose_drift,Heavy pose drift,18,0,2.8612,1,0
odometry_pods+distance_sensors+apriltag_imu,camera_front|distance_sensors_3|imu|odometry_pods,odometry pods + IMU + front camera + 3 ToF sensors,3,4,314.35,314.35,drift|heading|obstacle|pose,pose_drift,Heavy pose drift,19,1,9.9917,0,0
odometry_pods+distance_sensors+apriltag_imu,camera_front|distance_sensors_3|imu|odometry_pods,odometry pods + IMU + front camera + 3 ToF sensors,3,4,314.35,314.35,drift|heading|obstacle|pose,pose_drift,Heavy pose drift,20,0,0.0,0,0
odometry_pods+distance_sensors+apriltag_imu,camera_front|distance_sensors_3|imu|odometry_pods,odometry pods + IMU + front camera + 3 ToF sensors,3,4,314.35,314.35,drift|heading|obstacle|pose,pose_drift,Heavy pose drift,21,0,1.8534,1,0
odometry_pods+distance_sensors+apriltag_imu,camera_front|distance_sensors_3|imu|odometry_pods,odometry pods + IMU + front camera + 3 ToF sensors,3,4,314.35,314.35,drift|heading|obstacle|pose,pose_drift,Heavy pose drift,22,0,5.9663,1,0
odometry_pods+distance_sensors+apriltag_imu,camera_front|distance_sensors_3|imu|odometry_pods,odometry pods + IMU + front camera + 3 ToF sensors,3,4,314.35,314.35,drift|heading|obstacle|pose,pose_drift,Heavy pose drift,23,0,1.9586,1,0
odometry_pods+distance_sensors+apriltag_imu,camera_front|distance_sensors_3|imu|odometry_pods,odometry pods + IMU + front camera + 3 ToF sensors,3,4,314.35,314.35,drift|heading|obstacle|pose,pose_drift,Heavy pose drift,24,0,0.0,1,0
odometry_pods+distance_sensors+apriltag_imu,camera_front|distance_sensors_3|imu|odometry_pods,odometry pods + IMU + front camera + 3 ToF sensors,3,4,314.35,314.35,drift|heading|obstacle|pose,map_error,Field doesn't match the map,0,1,4.4144,0,0
odometry_pods+distance_sensors+apriltag_imu,camera_front|distance_sensors_3|imu|odometry_pods,odometry pods + IMU + front camera + 3 ToF sensors,3,4,314.35,314.35,drift|heading|obstacle|pose,map_error,Field doesn't match the map,1,0,0.0,1,0
odometry_pods+distance_sensors+apriltag_imu,camera_front|distance_sensors_3|imu|odometry_pods,odometry pods + IMU + front camera + 3 ToF sensors,3,4,314.35,314.35,drift|heading|obstacle|pose,map_error,Field doesn't match the map,2,0,1.9757,1,0
odometry_pods+distance_sensors+apriltag_imu,camera_front|distance_sensors_3|imu|odometry_pods,odometry pods + IMU + front camera + 3 ToF sensors,3,4,314.35,314.35,drift|heading|obstacle|pose,map_error,Field doesn't match the map,3,1,15.0276,0,0
odometry_pods+distance_sensors+apriltag_imu,camera_front|distance_sensors_3|imu|odometry_pods,odometry pods + IMU + front camera + 3 ToF sensors,3,4,314.35,314.35,drift|heading|obstacle|pose,map_error,Field doesn't match the map,4,0,0.0,1,0
odometry_pods+distance_sensors+apriltag_imu,camera_front|distance_sensors_3|imu|odometry_pods,odometry pods + IMU + front camera + 3 ToF sensors,3,4,314.35,314.35,drift|heading|obstacle|pose,map_error,Field doesn't match the map,5,0,1.132,1,0
odometry_pods+distance_sensors+apriltag_imu,camera_front|distance_sensors_3|imu|odometry_pods,odometry pods + IMU + front camera + 3 ToF sensors,3,4,314.35,314.35,drift|heading|obstacle|pose,map_error,Field doesn't match the map,6,1,2.1508,0,0
odometry_pods+distance_sensors+apriltag_imu,camera_front|distance_sensors_3|imu|odometry_pods,odometry pods + IMU + front camera + 3 ToF sensors,3,4,314.35,314.35,drift|heading|obstacle|pose,map_error,Field doesn't match the map,7,0,0.0,1,0
odometry_pods+distance_sensors+apriltag_imu,camera_front|distance_sensors_3|imu|odometry_pods,odometry pods + IMU + front camera + 3 ToF sensors,3,4,314.35,314.35,drift|heading|obstacle|pose,map_error,Field doesn't match the map,8,1,1.4523,0,0
odometry_pods+distance_sensors+apriltag_imu,camera_front|distance_sensors_3|imu|odometry_pods,odometry pods + IMU + front camera + 3 ToF sensors,3,4,314.35,314.35,drift|heading|obstacle|pose,map_error,Field doesn't match the map,9,1,6.7176,0,0
odometry_pods+distance_sensors+apriltag_imu,camera_front|distance_sensors_3|imu|odometry_pods,odometry pods + IMU + front camera + 3 ToF sensors,3,4,314.35,314.35,drift|heading|obstacle|pose,map_error,Field doesn't match the map,10,1,1.8031,0,0
odometry_pods+distance_sensors+apriltag_imu,camera_front|distance_sensors_3|imu|odometry_pods,odometry pods + IMU + front camera + 3 ToF sensors,3,4,314.35,314.35,drift|heading|obstacle|pose,map_error,Field doesn't match the map,11,0,3.2964,1,0
odometry_pods+distance_sensors+apriltag_imu,camera_front|distance_sensors_3|imu|odometry_pods,odometry pods + IMU + front camera + 3 ToF sensors,3,4,314.35,314.35,drift|heading|obstacle|pose,map_error,Field doesn't match the map,12,1,7.9635,0,0
odometry_pods+distance_sensors+apriltag_imu,camera_front|distance_sensors_3|imu|odometry_pods,odometry pods + IMU + front camera + 3 ToF sensors,3,4,314.35,314.35,drift|heading|obstacle|pose,map_error,Field doesn't match the map,13,0,0.9835,1,0
odometry_pods+distance_sensors+apriltag_imu,camera_front|distance_sensors_3|imu|odometry_pods,odometry pods + IMU + front camera + 3 ToF sensors,3,4,314.35,314.35,drift|heading|obstacle|pose,map_error,Field doesn't match the map,14,0,0.0,1,0
odometry_pods+distance_sensors+apriltag_imu,camera_front|distance_sensors_3|imu|odometry_pods,odometry pods + IMU + front camera + 3 ToF sensors,3,4,314.35,314.35,drift|heading|obstacle|pose,map_error,Field doesn't match the map,15,1,8.9183,0,0
odometry_pods+distance_sensors+apriltag_imu,camera_front|distance_sensors_3|imu|odometry_pods,odometry pods + IMU + front camera + 3 ToF sensors,3,4,314.35,314.35,drift|heading|obstacle|pose,map_error,Field doesn't match the map,16,0,1.9399,1,0
odometry_pods+distance_sensors+apriltag_imu,camera_front|distance_sensors_3|imu|odometry_pods,odometry pods + IMU + front camera + 3 ToF sensors,3,4,314.35,314.35,drift|heading|obstacle|pose,map_error,Field doesn't match the map,17,0,0.0,1,0
odometry_pods+distance_sensors+apriltag_imu,camera_front|distance_sensors_3|imu|odometry_pods,odometry pods + IMU + front camera + 3 ToF sensors,3,4,314.35,314.35,drift|heading|obstacle|pose,map_error,Field doesn't match the map,18,0,1.9807,1,0
odometry_pods+distance_sensors+apriltag_imu,camera_front|distance_sensors_3|imu|odometry_pods,odometry pods + IMU + front camera + 3 ToF sensors,3,4,314.35,314.35,drift|heading|obstacle|pose,map_error,Field doesn't match the map,19,0,0.0,1,0
odometry_pods+distance_sensors+apriltag_imu,camera_front|distance_sensors_3|imu|odometry_pods,odometry pods + IMU + front camera + 3 ToF sensors,3,4,314.35,314.35,drift|heading|obstacle|pose,map_error,Field doesn't match the map,20,0,2.7425,1,0
odometry_pods+distance_sensors+apriltag_imu,camera_front|distance_sensors_3|imu|odometry_pods,odometry pods + IMU + front camera + 3 ToF sensors,3,4,314.35,314.35,drift|heading|obstacle|pose,map_error,Field doesn't match the map,21,0,1.2064,1,0
odometry_pods+distance_sensors+apriltag_imu,camera_front|distance_sensors_3|imu|odometry_pods,odometry pods + IMU + front camera + 3 ToF sensors,3,4,314.35,314.35,drift|heading|obstacle|pose,map_error,Field doesn't match the map,22,0,5.8474,1,0
odometry_pods+distance_sensors+apriltag_imu,camera_front|distance_sensors_3|imu|odometry_pods,odometry pods + IMU + front camera + 3 ToF sensors,3,4,314.35,314.35,drift|heading|obstacle|pose,map_error,Field doesn't match the map,23,0,9.0789,1,0
odometry_pods+distance_sensors+apriltag_imu,camera_front|distance_sensors_3|imu|odometry_pods,odometry pods + IMU + front camera + 3 ToF sensors,3,4,314.35,314.35,drift|heading|obstacle|pose,map_error,Field doesn't match the map,24,0,0.0,1,0
odometry_pods+distance_sensors+apriltag_imu,camera_front|distance_sensors_3|imu|odometry_pods,odometry pods + IMU + front camera + 3 ToF sensors,3,4,314.35,314.35,drift|heading|obstacle|pose,opponent,Opponent parks in the route,0,1,4.4144,0,0
odometry_pods+distance_sensors+apriltag_imu,camera_front|distance_sensors_3|imu|odometry_pods,odometry pods + IMU + front camera + 3 ToF sensors,3,4,314.35,314.35,drift|heading|obstacle|pose,opponent,Opponent parks in the route,1,0,0.0,1,0
odometry_pods+distance_sensors+apriltag_imu,camera_front|distance_sensors_3|imu|odometry_pods,odometry pods + IMU + front camera + 3 ToF sensors,3,4,314.35,314.35,drift|heading|obstacle|pose,opponent,Opponent parks in the route,2,0,1.9757,1,0
odometry_pods+distance_sensors+apriltag_imu,camera_front|distance_sensors_3|imu|odometry_pods,odometry pods + IMU + front camera + 3 ToF sensors,3,4,314.35,314.35,drift|heading|obstacle|pose,opponent,Opponent parks in the route,3,1,15.1276,0,0
odometry_pods+distance_sensors+apriltag_imu,camera_front|distance_sensors_3|imu|odometry_pods,odometry pods + IMU + front camera + 3 ToF sensors,3,4,314.35,314.35,drift|heading|obstacle|pose,opponent,Opponent parks in the route,4,0,0.0,1,0
odometry_pods+distance_sensors+apriltag_imu,camera_front|distance_sensors_3|imu|odometry_pods,odometry pods + IMU + front camera + 3 ToF sensors,3,4,314.35,314.35,drift|heading|obstacle|pose,opponent,Opponent parks in the route,5,0,1.132,1,0
odometry_pods+distance_sensors+apriltag_imu,camera_front|distance_sensors_3|imu|odometry_pods,odometry pods + IMU + front camera + 3 ToF sensors,3,4,314.35,314.35,drift|heading|obstacle|pose,opponent,Opponent parks in the route,6,1,2.4008,0,0
odometry_pods+distance_sensors+apriltag_imu,camera_front|distance_sensors_3|imu|odometry_pods,odometry pods + IMU + front camera + 3 ToF sensors,3,4,314.35,314.35,drift|heading|obstacle|pose,opponent,Opponent parks in the route,7,0,0.0,1,0
odometry_pods+distance_sensors+apriltag_imu,camera_front|distance_sensors_3|imu|odometry_pods,odometry pods + IMU + front camera + 3 ToF sensors,3,4,314.35,314.35,drift|heading|obstacle|pose,opponent,Opponent parks in the route,8,1,1.4523,0,0
odometry_pods+distance_sensors+apriltag_imu,camera_front|distance_sensors_3|imu|odometry_pods,odometry pods + IMU + front camera + 3 ToF sensors,3,4,314.35,314.35,drift|heading|obstacle|pose,opponent,Opponent parks in the route,9,0,7.0747,1,0
odometry_pods+distance_sensors+apriltag_imu,camera_front|distance_sensors_3|imu|odometry_pods,odometry pods + IMU + front camera + 3 ToF sensors,3,4,314.35,314.35,drift|heading|obstacle|pose,opponent,Opponent parks in the route,10,1,3.3392,0,0
odometry_pods+distance_sensors+apriltag_imu,camera_front|distance_sensors_3|imu|odometry_pods,odometry pods + IMU + front camera + 3 ToF sensors,3,4,314.35,314.35,drift|heading|obstacle|pose,opponent,Opponent parks in the route,11,0,0.6374,1,0
odometry_pods+distance_sensors+apriltag_imu,camera_front|distance_sensors_3|imu|odometry_pods,odometry pods + IMU + front camera + 3 ToF sensors,3,4,314.35,314.35,drift|heading|obstacle|pose,opponent,Opponent parks in the route,12,1,7.9635,0,0
odometry_pods+distance_sensors+apriltag_imu,camera_front|distance_sensors_3|imu|odometry_pods,odometry pods + IMU + front camera + 3 ToF sensors,3,4,314.35,314.35,drift|heading|obstacle|pose,opponent,Opponent parks in the route,13,0,0.9835,1,0
odometry_pods+distance_sensors+apriltag_imu,camera_front|distance_sensors_3|imu|odometry_pods,odometry pods + IMU + front camera + 3 ToF sensors,3,4,314.35,314.35,drift|heading|obstacle|pose,opponent,Opponent parks in the route,14,0,0.0,1,0
odometry_pods+distance_sensors+apriltag_imu,camera_front|distance_sensors_3|imu|odometry_pods,odometry pods + IMU + front camera + 3 ToF sensors,3,4,314.35,314.35,drift|heading|obstacle|pose,opponent,Opponent parks in the route,15,0,6.8307,1,0
odometry_pods+distance_sensors+apriltag_imu,camera_front|distance_sensors_3|imu|odometry_pods,odometry pods + IMU + front camera + 3 ToF sensors,3,4,314.35,314.35,drift|heading|obstacle|pose,opponent,Opponent parks in the route,16,0,1.9399,1,0
odometry_pods+distance_sensors+apriltag_imu,camera_front|distance_sensors_3|imu|odometry_pods,odometry pods + IMU + front camera + 3 ToF sensors,3,4,314.35,314.35,drift|heading|obstacle|pose,opponent,Opponent parks in the route,17,0,0.5396,1,0
odometry_pods+distance_sensors+apriltag_imu,camera_front|distance_sensors_3|imu|odometry_pods,odometry pods + IMU + front camera + 3 ToF sensors,3,4,314.35,314.35,drift|heading|obstacle|pose,opponent,Opponent parks in the route,18,0,1.9807,1,0
odometry_pods+distance_sensors+apriltag_imu,camera_front|distance_sensors_3|imu|odometry_pods,odometry pods + IMU + front camera + 3 ToF sensors,3,4,314.35,314.35,drift|heading|obstacle|pose,opponent,Opponent parks in the route,19,0,0.0,1,0
odometry_pods+distance_sensors+apriltag_imu,camera_front|distance_sensors_3|imu|odometry_pods,odometry pods + IMU + front camera + 3 ToF sensors,3,4,314.35,314.35,drift|heading|obstacle|pose,opponent,Opponent parks in the route,20,0,1.4704,1,0
odometry_pods+distance_sensors+apriltag_imu,camera_front|distance_sensors_3|imu|odometry_pods,odometry pods + IMU + front camera + 3 ToF sensors,3,4,314.35,314.35,drift|heading|obstacle|pose,opponent,Opponent parks in the route,21,0,0.9711,1,0
odometry_pods+distance_sensors+apriltag_imu,camera_front|distance_sensors_3|imu|odometry_pods,odometry pods + IMU + front camera + 3 ToF sensors,3,4,314.35,314.35,drift|heading|obstacle|pose,opponent,Opponent parks in the route,22,0,5.8474,1,0
odometry_pods+distance_sensors+apriltag_imu,camera_front|distance_sensors_3|imu|odometry_pods,odometry pods + IMU + front camera + 3 ToF sensors,3,4,314.35,314.35,drift|heading|obstacle|pose,opponent,Opponent parks in the route,23,0,10.4304,1,0
odometry_pods+distance_sensors+apriltag_imu,camera_front|distance_sensors_3|imu|odometry_pods,odometry pods + IMU + front camera + 3 ToF sensors,3,4,314.35,314.35,drift|heading|obstacle|pose,opponent,Opponent parks in the route,24,0,0.0,1,0
odometry_pods+distance_sensors+apriltag_imu,camera_front|distance_sensors_3|imu|odometry_pods,odometry pods + IMU + front camera + 3 ToF sensors,3,4,314.35,314.35,drift|heading|obstacle|pose,combined_realistic,Everything at once (realistic fidelity),0,0,0.0,0,0
odometry_pods+distance_sensors+apriltag_imu,camera_front|distance_sensors_3|imu|odometry_pods,odometry pods + IMU + front camera + 3 ToF sensors,3,4,314.35,314.35,drift|heading|obstacle|pose,combined_realistic,Everything at once (realistic fidelity),1,0,4.9752,1,0
odometry_pods+distance_sensors+apriltag_imu,camera_front|distance_sensors_3|imu|odometry_pods,odometry pods + IMU + front camera + 3 ToF sensors,3,4,314.35,314.35,drift|heading|obstacle|pose,combined_realistic,Everything at once (realistic fidelity),2,0,1.915,1,0
odometry_pods+distance_sensors+apriltag_imu,camera_front|distance_sensors_3|imu|odometry_pods,odometry pods + IMU + front camera + 3 ToF sensors,3,4,314.35,314.35,drift|heading|obstacle|pose,combined_realistic,Everything at once (realistic fidelity),3,0,0.6691,1,0
odometry_pods+distance_sensors+apriltag_imu,camera_front|distance_sensors_3|imu|odometry_pods,odometry pods + IMU + front camera + 3 ToF sensors,3,4,314.35,314.35,drift|heading|obstacle|pose,combined_realistic,Everything at once (realistic fidelity),4,0,0.668,1,0
odometry_pods+distance_sensors+apriltag_imu,camera_front|distance_sensors_3|imu|odometry_pods,odometry pods + IMU + front camera + 3 ToF sensors,3,4,314.35,314.35,drift|heading|obstacle|pose,combined_realistic,Everything at once (realistic fidelity),5,0,1.132,1,0
odometry_pods+distance_sensors+apriltag_imu,camera_front|distance_sensors_3|imu|odometry_pods,odometry pods + IMU + front camera + 3 ToF sensors,3,4,314.35,314.35,drift|heading|obstacle|pose,combined_realistic,Everything at once (realistic fidelity),6,0,1.3523,1,0
odometry_pods+distance_sensors+apriltag_imu,camera_front|distance_sensors_3|imu|odometry_pods,odometry pods + IMU + front camera + 3 ToF sensors,3,4,314.35,314.35,drift|heading|obstacle|pose,combined_realistic,Everything at once (realistic fidelity),7,0,3.6539,1,0
odometry_pods+distance_sensors+apriltag_imu,camera_front|distance_sensors_3|imu|odometry_pods,odometry pods + IMU + front camera + 3 ToF sensors,3,4,314.35,314.35,drift|heading|obstacle|pose,combined_realistic,Everything at once (realistic fidelity),8,0,1.4704,0,0
odometry_pods+distance_sensors+apriltag_imu,camera_front|distance_sensors_3|imu|odometry_pods,odometry pods + IMU + front camera + 3 ToF sensors,3,4,314.35,314.35,drift|heading|obstacle|pose,combined_realistic,Everything at once (realistic fidelity),9,0,6.9392,0,0
odometry_pods+distance_sensors+apriltag_imu,camera_front|distance_sensors_3|imu|odometry_pods,odometry pods + IMU + front camera + 3 ToF sensors,3,4,314.35,314.35,drift|heading|obstacle|pose,combined_realistic,Everything at once (realistic fidelity),10,0,1.8534,0,0
odometry_pods+distance_sensors+apriltag_imu,camera_front|distance_sensors_3|imu|odometry_pods,odometry pods + IMU + front camera + 3 ToF sensors,3,4,314.35,314.35,drift|heading|obstacle|pose,combined_realistic,Everything at once (realistic fidelity),11,0,0.6642,1,0
odometry_pods+distance_sensors+apriltag_imu,camera_front|distance_sensors_3|imu|odometry_pods,odometry pods + IMU + front camera + 3 ToF sensors,3,4,314.35,314.35,drift|heading|obstacle|pose,combined_realistic,Everything at once (realistic fidelity),12,0,2.3856,0,0
odometry_pods+distance_sensors+apriltag_imu,camera_front|distance_sensors_3|imu|odometry_pods,odometry pods + IMU + front camera + 3 ToF sensors,3,4,314.35,314.35,drift|heading|obstacle|pose,combined_realistic,Everything at once (realistic fidelity),13,0,1.7874,0,0
odometry_pods+distance_sensors+apriltag_imu,camera_front|distance_sensors_3|imu|odometry_pods,odometry pods + IMU + front camera + 3 ToF sensors,3,4,314.35,314.35,drift|heading|obstacle|pose,combined_realistic,Everything at once (realistic fidelity),14,0,0.0,1,0
odometry_pods+distance_sensors+apriltag_imu,camera_front|distance_sensors_3|imu|odometry_pods,odometry pods + IMU + front camera + 3 ToF sensors,3,4,314.35,314.35,drift|heading|obstacle|pose,combined_realistic,Everything at once (realistic fidelity),15,0,2.6531,0,0
odometry_pods+distance_sensors+apriltag_imu,camera_front|distance_sensors_3|imu|odometry_pods,odometry pods + IMU + front camera + 3 ToF sensors,3,4,314.35,314.35,drift|heading|obstacle|pose,combined_realistic,Everything at once (realistic fidelity),16,0,0.0,0,0
odometry_pods+distance_sensors+apriltag_imu,camera_front|distance_sensors_3|imu|odometry_pods,odometry pods + IMU + front camera + 3 ToF sensors,3,4,314.35,314.35,drift|heading|obstacle|pose,combined_realistic,Everything at once (realistic fidelity),17,0,0.525,1,0
odometry_pods+distance_sensors+apriltag_imu,camera_front|distance_sensors_3|imu|odometry_pods,odometry pods + IMU + front camera + 3 ToF sensors,3,4,314.35,314.35,drift|heading|obstacle|pose,combined_realistic,Everything at once (realistic fidelity),18,0,7.0957,1,0
odometry_pods+distance_sensors+apriltag_imu,camera_front|distance_sensors_3|imu|odometry_pods,odometry pods + IMU + front camera + 3 ToF sensors,3,4,314.35,314.35,drift|heading|obstacle|pose,combined_realistic,Everything at once (realistic fidelity),19,0,0.0,1,0
odometry_pods+distance_sensors+apriltag_imu,camera_front|distance_sensors_3|imu|odometry_pods,odometry pods + IMU + front camera + 3 ToF sensors,3,4,314.35,314.35,drift|heading|obstacle|pose,combined_realistic,Everything at once (realistic fidelity),20,0,0.0,1,0
odometry_pods+distance_sensors+apriltag_imu,camera_front|distance_sensors_3|imu|odometry_pods,odometry pods + IMU + front camera + 3 ToF sensors,3,4,314.35,314.35,drift|heading|obstacle|pose,combined_realistic,Everything at once (realistic fidelity),21,0,0.5396,0,0
odometry_pods+distance_sensors+apriltag_imu,camera_front|distance_sensors_3|imu|odometry_pods,odometry pods + IMU + front camera + 3 ToF sensors,3,4,314.35,314.35,drift|heading|obstacle|pose,combined_realistic,Everything at once (realistic fidelity),22,0,0.0,1,0
odometry_pods+distance_sensors+apriltag_imu,camera_front|distance_sensors_3|imu|odometry_pods,odometry pods + IMU + front camera + 3 ToF sensors,3,4,314.35,314.35,drift|heading|obstacle|pose,combined_realistic,Everything at once (realistic fidelity),23,0,1.9586,1,0
odometry_pods+distance_sensors+apriltag_imu,camera_front|distance_sensors_3|imu|odometry_pods,odometry pods + IMU + front camera + 3 ToF sensors,3,4,314.35,314.35,drift|heading|obstacle|pose,combined_realistic,Everything at once (realistic fidelity),24,0,2.48,1,0
odometry_pods+distance_sensors+apriltag_imu,camera_front|distance_sensors_3|imu|odometry_pods,odometry pods + IMU + front camera + 3 ToF sensors,3,4,314.35,314.35,drift|heading|obstacle|pose,corridor,"Tight corridor, mixed deviation",0,0,1.0227,1,0
odometry_pods+distance_sensors+apriltag_imu,camera_front|distance_sensors_3|imu|odometry_pods,odometry pods + IMU + front camera + 3 ToF sensors,3,4,314.35,314.35,drift|heading|obstacle|pose,corridor,"Tight corridor, mixed deviation",1,0,4.0682,0,0
odometry_pods+distance_sensors+apriltag_imu,camera_front|distance_sensors_3|imu|odometry_pods,odometry pods + IMU + front camera + 3 ToF sensors,3,4,314.35,314.35,drift|heading|obstacle|pose,corridor,"Tight corridor, mixed deviation",2,0,0.0,1,0
odometry_pods+distance_sensors+apriltag_imu,camera_front|distance_sensors_3|imu|odometry_pods,odometry pods + IMU + front camera + 3 ToF sensors,3,4,314.35,314.35,drift|heading|obstacle|pose,corridor,"Tight corridor, mixed deviation",3,1,4.0082,0,0
odometry_pods+distance_sensors+apriltag_imu,camera_front|distance_sensors_3|imu|odometry_pods,odometry pods + IMU + front camera + 3 ToF sensors,3,4,314.35,314.35,drift|heading|obstacle|pose,corridor,"Tight corridor, mixed deviation",4,0,3.9141,0,0
odometry_pods+distance_sensors+apriltag_imu,camera_front|distance_sensors_3|imu|odometry_pods,odometry pods + IMU + front camera + 3 ToF sensors,3,4,314.35,314.35,drift|heading|obstacle|pose,corridor,"Tight corridor, mixed deviation",5,1,8.264,0,0
odometry_pods+distance_sensors+apriltag_imu,camera_front|distance_sensors_3|imu|odometry_pods,odometry pods + IMU + front camera + 3 ToF sensors,3,4,314.35,314.35,drift|heading|obstacle|pose,corridor,"Tight corridor, mixed deviation",6,1,7.5247,0,0
odometry_pods+distance_sensors+apriltag_imu,camera_front|distance_sensors_3|imu|odometry_pods,odometry pods + IMU + front camera + 3 ToF sensors,3,4,314.35,314.35,drift|heading|obstacle|pose,corridor,"Tight corridor, mixed deviation",7,0,4.2322,1,0
odometry_pods+distance_sensors+apriltag_imu,camera_front|distance_sensors_3|imu|odometry_pods,odometry pods + IMU + front camera + 3 ToF sensors,3,4,314.35,314.35,drift|heading|obstacle|pose,corridor,"Tight corridor, mixed deviation",8,1,7.7229,0,0
odometry_pods+distance_sensors+apriltag_imu,camera_front|distance_sensors_3|imu|odometry_pods,odometry pods + IMU + front camera + 3 ToF sensors,3,4,314.35,314.35,drift|heading|obstacle|pose,corridor,"Tight corridor, mixed deviation",9,1,6.6499,0,0
odometry_pods+distance_sensors+apriltag_imu,camera_front|distance_sensors_3|imu|odometry_pods,odometry pods + IMU + front camera + 3 ToF sensors,3,4,314.35,314.35,drift|heading|obstacle|pose,corridor,"Tight corridor, mixed deviation",10,0,5.7258,1,0
odometry_pods+distance_sensors+apriltag_imu,camera_front|distance_sensors_3|imu|odometry_pods,odometry pods + IMU + front camera + 3 ToF sensors,3,4,314.35,314.35,drift|heading|obstacle|pose,corridor,"Tight corridor, mixed deviation",11,1,6.6649,0,0
odometry_pods+distance_sensors+apriltag_imu,camera_front|distance_sensors_3|imu|odometry_pods,odometry pods + IMU + front camera + 3 ToF sensors,3,4,314.35,314.35,drift|heading|obstacle|pose,corridor,"Tight corridor, mixed deviation",12,0,3.7139,1,0
odometry_pods+distance_sensors+apriltag_imu,camera_front|distance_sensors_3|imu|odometry_pods,odometry pods + IMU + front camera + 3 ToF sensors,3,4,314.35,314.35,drift|heading|obstacle|pose,corridor,"Tight corridor, mixed deviation",13,0,4.207,1,0
odometry_pods+distance_sensors+apriltag_imu,camera_front|distance_sensors_3|imu|odometry_pods,odometry pods + IMU + front camera + 3 ToF sensors,3,4,314.35,314.35,drift|heading|obstacle|pose,corridor,"Tight corridor, mixed deviation",14,0,1.3523,0,0
odometry_pods+distance_sensors+apriltag_imu,camera_front|distance_sensors_3|imu|odometry_pods,odometry pods + IMU + front camera + 3 ToF sensors,3,4,314.35,314.35,drift|heading|obstacle|pose,corridor,"Tight corridor, mixed deviation",15,1,7.2643,0,0
odometry_pods+distance_sensors+apriltag_imu,camera_front|distance_sensors_3|imu|odometry_pods,odometry pods + IMU + front camera + 3 ToF sensors,3,4,314.35,314.35,drift|heading|obstacle|pose,corridor,"Tight corridor, mixed deviation",16,0,2.4126,1,0
odometry_pods+distance_sensors+apriltag_imu,camera_front|distance_sensors_3|imu|odometry_pods,odometry pods + IMU + front camera + 3 ToF sensors,3,4,314.35,314.35,drift|heading|obstacle|pose,corridor,"Tight corridor, mixed deviation",17,1,3.2961,0,0
odometry_pods+distance_sensors+apriltag_imu,camera_front|distance_sensors_3|imu|odometry_pods,odometry pods + IMU + front camera + 3 ToF sensors,3,4,314.35,314.35,drift|heading|obstacle|pose,corridor,"Tight corridor, mixed deviation",18,0,3.3069,1,0
odometry_pods+distance_sensors+apriltag_imu,camera_front|distance_sensors_3|imu|odometry_pods,odometry pods + IMU + front camera + 3 ToF sensors,3,4,314.35,314.35,drift|heading|obstacle|pose,corridor,"Tight corridor, mixed deviation",19,0,2.2361,0,0
odometry_pods+distance_sensors+apriltag_imu,camera_front|distance_sensors_3|imu|odometry_pods,odometry pods + IMU + front camera + 3 ToF sensors,3,4,314.35,314.35,drift|heading|obstacle|pose,corridor,"Tight corridor, mixed deviation",20,1,8.2911,0,0
odometry_pods+distance_sensors+apriltag_imu,camera_front|distance_sensors_3|imu|odometry_pods,odometry pods + IMU + front camera + 3 ToF sensors,3,4,314.35,314.35,drift|heading|obstacle|pose,corridor,"Tight corridor, mixed deviation",21,1,4.4705,0,0
odometry_pods+distance_sensors+apriltag_imu,camera_front|distance_sensors_3|imu|odometry_pods,odometry pods + IMU + front camera + 3 ToF sensors,3,4,314.35,314.35,drift|heading|obstacle|pose,corridor,"Tight corridor, mixed deviation",22,0,3.3917,0,0
odometry_pods+distance_sensors+apriltag_imu,camera_front|distance_sensors_3|imu|odometry_pods,odometry pods + IMU + front camera + 3 ToF sensors,3,4,314.35,314.35,drift|heading|obstacle|pose,corridor,"Tight corridor, mixed deviation",23,0,0.0,0,0
odometry_pods+distance_sensors+apriltag_imu,camera_front|distance_sensors_3|imu|odometry_pods,odometry pods + IMU + front camera + 3 ToF sensors,3,4,314.35,314.35,drift|heading|obstacle|pose,corridor,"Tight corridor, mixed deviation",24,0,0.0,0,0
odometry_pods+imu+dual_camera_apriltag,camera_front|camera_rear|imu|odometry_pods,odometry pods + IMU + front camera + rear camera,3,4,244.85,244.85,drift|heading|pose,pose_drift,Heavy pose drift,0,0,0.0,1,0
odometry_pods+imu+dual_camera_apriltag,camera_front|camera_rear|imu|odometry_pods,odometry pods + IMU + front camera + rear camera,3,4,244.85,244.85,drift|heading|pose,pose_drift,Heavy pose drift,1,0,2.1,1,0
odometry_pods+imu+dual_camera_apriltag,camera_front|camera_rear|imu|odometry_pods,odometry pods + IMU + front camera + rear camera,3,4,244.85,244.85,drift|heading|pose,pose_drift,Heavy pose drift,2,0,8.4596,1,0
odometry_pods+imu+dual_camera_apriltag,camera_front|camera_rear|imu|odometry_pods,odometry pods + IMU + front camera + rear camera,3,4,244.85,244.85,drift|heading|pose,pose_drift,Heavy pose drift,3,0,3.8761,1,0
odometry_pods+imu+dual_camera_apriltag,camera_front|camera_rear|imu|odometry_pods,odometry pods + IMU + front camera + rear camera,3,4,244.85,244.85,drift|heading|pose,pose_drift,Heavy pose drift,4,0,9.7899,0,0
odometry_pods+imu+dual_camera_apriltag,camera_front|camera_rear|imu|odometry_pods,odometry pods + IMU + front camera + rear camera,3,4,244.85,244.85,drift|heading|pose,pose_drift,Heavy pose drift,5,0,2.0576,1,0
odometry_pods+imu+dual_camera_apriltag,camera_front|camera_rear|imu|odometry_pods,odometry pods + IMU + front camera + rear camera,3,4,244.85,244.85,drift|heading|pose,pose_drift,Heavy pose drift,6,0,2.2381,0,0
odometry_pods+imu+dual_camera_apriltag,camera_front|camera_rear|imu|odometry_pods,odometry pods + IMU + front camera + rear camera,3,4,244.85,244.85,drift|heading|pose,pose_drift,Heavy pose drift,7,0,0.0,1,0
odometry_pods+imu+dual_camera_apriltag,camera_front|camera_rear|imu|odometry_pods,odometry pods + IMU + front camera + rear camera,3,4,244.85,244.85,drift|heading|pose,pose_drift,Heavy pose drift,8,0,1.4704,0,0
odometry_pods+imu+dual_camera_apriltag,camera_front|camera_rear|imu|odometry_pods,odometry pods + IMU + front camera + rear camera,3,4,244.85,244.85,drift|heading|pose,pose_drift,Heavy pose drift,9,0,6.3874,1,0
odometry_pods+imu+dual_camera_apriltag,camera_front|camera_rear|imu|odometry_pods,odometry pods + IMU + front camera + rear camera,3,4,244.85,244.85,drift|heading|pose,pose_drift,Heavy pose drift,10,0,1.9212,0,0
odometry_pods+imu+dual_camera_apriltag,camera_front|camera_rear|imu|odometry_pods,odometry pods + IMU + front camera + rear camera,3,4,244.85,244.85,drift|heading|pose,pose_drift,Heavy pose drift,11,0,0.0,1,0
odometry_pods+imu+dual_camera_apriltag,camera_front|camera_rear|imu|odometry_pods,odometry pods + IMU + front camera + rear camera,3,4,244.85,244.85,drift|heading|pose,pose_drift,Heavy pose drift,12,0,7.2807,1,0
odometry_pods+imu+dual_camera_apriltag,camera_front|camera_rear|imu|odometry_pods,odometry pods + IMU + front camera + rear camera,3,4,244.85,244.85,drift|heading|pose,pose_drift,Heavy pose drift,13,0,0.9016,1,0
odometry_pods+imu+dual_camera_apriltag,camera_front|camera_rear|imu|odometry_pods,odometry pods + IMU + front camera + rear camera,3,4,244.85,244.85,drift|heading|pose,pose_drift,Heavy pose drift,14,0,1.9407,1,0
odometry_pods+imu+dual_camera_apriltag,camera_front|camera_rear|imu|odometry_pods,odometry pods + IMU + front camera + rear camera,3,4,244.85,244.85,drift|heading|pose,pose_drift,Heavy pose drift,15,0,0.8146,1,0
odometry_pods+imu+dual_camera_apriltag,camera_front|camera_rear|imu|odometry_pods,odometry pods + IMU + front camera + rear camera,3,4,244.85,244.85,drift|heading|pose,pose_drift,Heavy pose drift,16,0,0.7216,1,0
odometry_pods+imu+dual_camera_apriltag,camera_front|camera_rear|imu|odometry_pods,odometry pods + IMU + front camera + rear camera,3,4,244.85,244.85,drift|heading|pose,pose_drift,Heavy pose drift,17,0,1.4266,1,0
odometry_pods+imu+dual_camera_apriltag,camera_front|camera_rear|imu|odometry_pods,odometry pods + IMU + front camera + rear camera,3,4,244.85,244.85,drift|heading|pose,pose_drift,Heavy pose drift,18,0,0.0,1,0
odometry_pods+imu+dual_camera_apriltag,camera_front|camera_rear|imu|odometry_pods,odometry pods + IMU + front camera + rear camera,3,4,244.85,244.85,drift|heading|pose,pose_drift,Heavy pose drift,19,0,2.401,1,0
odometry_pods+imu+dual_camera_apriltag,camera_front|camera_rear|imu|odometry_pods,odometry pods + IMU + front camera + rear camera,3,4,244.85,244.85,drift|heading|pose,pose_drift,Heavy pose drift,20,0,4.9211,1,0
odometry_pods+imu+dual_camera_apriltag,camera_front|camera_rear|imu|odometry_pods,odometry pods + IMU + front camera + rear camera,3,4,244.85,244.85,drift|heading|pose,pose_drift,Heavy pose drift,21,0,0.0,1,0
odometry_pods+imu+dual_camera_apriltag,camera_front|camera_rear|imu|odometry_pods,odometry pods + IMU + front camera + rear camera,3,4,244.85,244.85,drift|heading|pose,pose_drift,Heavy pose drift,22,0,0.0,1,0
odometry_pods+imu+dual_camera_apriltag,camera_front|camera_rear|imu|odometry_pods,odometry pods + IMU + front camera + rear camera,3,4,244.85,244.85,drift|heading|pose,pose_drift,Heavy pose drift,23,0,1.9586,1,0
odometry_pods+imu+dual_camera_apriltag,camera_front|camera_rear|imu|odometry_pods,odometry pods + IMU + front camera + rear camera,3,4,244.85,244.85,drift|heading|pose,pose_drift,Heavy pose drift,24,0,1.2047,1,0
odometry_pods+imu+dual_camera_apriltag,camera_front|camera_rear|imu|odometry_pods,odometry pods + IMU + front camera + rear camera,3,4,244.85,244.85,drift|heading|pose,map_error,Field doesn't match the map,0,1,4.4144,0,0
odometry_pods+imu+dual_camera_apriltag,camera_front|camera_rear|imu|odometry_pods,odometry pods + IMU + front camera + rear camera,3,4,244.85,244.85,drift|heading|pose,map_error,Field doesn't match the map,1,1,9.4825,0,0
odometry_pods+imu+dual_camera_apriltag,camera_front|camera_rear|imu|odometry_pods,odometry pods + IMU + front camera + rear camera,3,4,244.85,244.85,drift|heading|pose,map_error,Field doesn't match the map,2,0,8.4596,1,0
odometry_pods+imu+dual_camera_apriltag,camera_front|camera_rear|imu|odometry_pods,odometry pods + IMU + front camera + rear camera,3,4,244.85,244.85,drift|heading|pose,map_error,Field doesn't match the map,3,1,13.8951,0,0
odometry_pods+imu+dual_camera_apriltag,camera_front|camera_rear|imu|odometry_pods,odometry pods + IMU + front camera + rear camera,3,4,244.85,244.85,drift|heading|pose,map_error,Field doesn't match the map,4,1,9.7949,0,0
odometry_pods+imu+dual_camera_apriltag,camera_front|camera_rear|imu|odometry_pods,odometry pods + IMU + front camera + rear camera,3,4,244.85,244.85,drift|heading|pose,map_error,Field doesn't match the map,5,1,11.5879,0,0
odometry_pods+imu+dual_camera_apriltag,camera_front|camera_rear|imu|odometry_pods,odometry pods + IMU + front camera + rear camera,3,4,244.85,244.85,drift|heading|pose,map_error,Field doesn't match the map,6,1,2.1508,0,0
odometry_pods+imu+dual_camera_apriltag,camera_front|camera_rear|imu|odometry_pods,odometry pods + IMU + front camera + rear camera,3,4,244.85,244.85,drift|heading|pose,map_error,Field doesn't match the map,7,1,12.5714,0,0
odometry_pods+imu+dual_camera_apriltag,camera_front|camera_rear|imu|odometry_pods,odometry pods + IMU + front camera + rear camera,3,4,244.85,244.85,drift|heading|pose,map_error,Field doesn't match the map,8,1,1.4523,0,0
odometry_pods+imu+dual_camera_apriltag,camera_front|camera_rear|imu|odometry_pods,odometry pods + IMU + front camera + rear camera,3,4,244.85,244.85,drift|heading|pose,map_error,Field doesn't match the map,9,1,7.1176,0,0
odometry_pods+imu+dual_camera_apriltag,camera_front|camera_rear|imu|odometry_pods,odometry pods + IMU + front camera + rear camera,3,4,244.85,244.85,drift|heading|pose,map_error,Field doesn't match the map,10,1,1.8031,0,0
odometry_pods+imu+dual_camera_apriltag,camera_front|camera_rear|imu|odometry_pods,odometry pods + IMU + front camera + rear camera,3,4,244.85,244.85,drift|heading|pose,map_error,Field doesn't match the map,11,0,1.9363,1,0
odometry_pods+imu+dual_camera_apriltag,camera_front|camera_rear|imu|odometry_pods,odometry pods + IMU + front camera + rear camera,3,4,244.85,244.85,drift|heading|pose,map_error,Field doesn't match the map,12,1,8.534,0,0
odometry_pods+imu+dual_camera_apriltag,camera_front|camera_rear|imu|odometry_pods,odometry pods + IMU + front camera + rear camera,3,4,244.85,244.85,drift|heading|pose,map_error,Field doesn't match the map,13,0,0.9835,1,0
odometry_pods+imu+dual_camera_apriltag,camera_front|camera_rear|imu|odometry_pods,odometry pods + IMU + front camera + rear camera,3,4,244.85,244.85,drift|heading|pose,map_error,Field doesn't match the map,14,1,3.9542,0,0
odometry_pods+imu+dual_camera_apriltag,camera_front|camera_rear|imu|odometry_pods,odometry pods + IMU + front camera + rear camera,3,4,244.85,244.85,drift|heading|pose,map_error,Field doesn't match the map,15,1,9.8044,0,0
odometry_pods+imu+dual_camera_apriltag,camera_front|camera_rear|imu|odometry_pods,odometry pods + IMU + front camera + rear camera,3,4,244.85,244.85,drift|heading|pose,map_error,Field doesn't match the map,16,0,6.2768,1,0
odometry_pods+imu+dual_camera_apriltag,camera_front|camera_rear|imu|odometry_pods,odometry pods + IMU + front camera + rear camera,3,4,244.85,244.85,drift|heading|pose,map_error,Field doesn't match the map,17,0,0.0,1,0
odometry_pods+imu+dual_camera_apriltag,camera_front|camera_rear|imu|odometry_pods,odometry pods + IMU + front camera + rear camera,3,4,244.85,244.85,drift|heading|pose,map_error,Field doesn't match the map,18,1,11.385,0,0
odometry_pods+imu+dual_camera_apriltag,camera_front|camera_rear|imu|odometry_pods,odometry pods + IMU + front camera + rear camera,3,4,244.85,244.85,drift|heading|pose,map_error,Field doesn't match the map,19,1,8.816,0,0
odometry_pods+imu+dual_camera_apriltag,camera_front|camera_rear|imu|odometry_pods,odometry pods + IMU + front camera + rear camera,3,4,244.85,244.85,drift|heading|pose,map_error,Field doesn't match the map,20,1,5.4103,0,0
odometry_pods+imu+dual_camera_apriltag,camera_front|camera_rear|imu|odometry_pods,odometry pods + IMU + front camera + rear camera,3,4,244.85,244.85,drift|heading|pose,map_error,Field doesn't match the map,21,0,1.2917,1,0
odometry_pods+imu+dual_camera_apriltag,camera_front|camera_rear|imu|odometry_pods,odometry pods + IMU + front camera + rear camera,3,4,244.85,244.85,drift|heading|pose,map_error,Field doesn't match the map,22,1,9.0866,0,0
odometry_pods+imu+dual_camera_apriltag,camera_front|camera_rear|imu|odometry_pods,odometry pods + IMU + front camera + rear camera,3,4,244.85,244.85,drift|heading|pose,map_error,Field doesn't match the map,23,0,13.6366,1,0
odometry_pods+imu+dual_camera_apriltag,camera_front|camera_rear|imu|odometry_pods,odometry pods + IMU + front camera + rear camera,3,4,244.85,244.85,drift|heading|pose,map_error,Field doesn't match the map,24,0,3.891,1,0
odometry_pods+imu+dual_camera_apriltag,camera_front|camera_rear|imu|odometry_pods,odometry pods + IMU + front camera + rear camera,3,4,244.85,244.85,drift|heading|pose,opponent,Opponent parks in the route,0,1,4.4144,0,0
odometry_pods+imu+dual_camera_apriltag,camera_front|camera_rear|imu|odometry_pods,odometry pods + IMU + front camera + rear camera,3,4,244.85,244.85,drift|heading|pose,opponent,Opponent parks in the route,1,1,9.4825,0,0
odometry_pods+imu+dual_camera_apriltag,camera_front|camera_rear|imu|odometry_pods,odometry pods + IMU + front camera + rear camera,3,4,244.85,244.85,drift|heading|pose,opponent,Opponent parks in the route,2,0,4.3681,1,0
odometry_pods+imu+dual_camera_apriltag,camera_front|camera_rear|imu|odometry_pods,odometry pods + IMU + front camera + rear camera,3,4,244.85,244.85,drift|heading|pose,opponent,Opponent parks in the route,3,0,1.1353,1,0
odometry_pods+imu+dual_camera_apriltag,camera_front|camera_rear|imu|odometry_pods,odometry pods + IMU + front camera + rear camera,3,4,244.85,244.85,drift|heading|pose,opponent,Opponent parks in the route,4,1,9.7949,0,0
odometry_pods+imu+dual_camera_apriltag,camera_front|camera_rear|imu|odometry_pods,odometry pods + IMU + front camera + rear camera,3,4,244.85,244.85,drift|heading|pose,opponent,Opponent parks in the route,5,1,11.5879,0,0
odometry_pods+imu+dual_camera_apriltag,camera_front|camera_rear|imu|odometry_pods,odometry pods + IMU + front camera + rear camera,3,4,244.85,244.85,drift|heading|pose,opponent,Opponent parks in the route,6,0,0.9639,1,0
odometry_pods+imu+dual_camera_apriltag,camera_front|camera_rear|imu|odometry_pods,odometry pods + IMU + front camera + rear camera,3,4,244.85,244.85,drift|heading|pose,opponent,Opponent parks in the route,7,0,11.3846,1,0
odometry_pods+imu+dual_camera_apriltag,camera_front|camera_rear|imu|odometry_pods,odometry pods + IMU + front camera + rear camera,3,4,244.85,244.85,drift|heading|pose,opponent,Opponent parks in the route,8,1,1.4523,0,0
odometry_pods+imu+dual_camera_apriltag,camera_front|camera_rear|imu|odometry_pods,odometry pods + IMU + front camera + rear camera,3,4,244.85,244.85,drift|heading|pose,opponent,Opponent parks in the route,9,0,0.0,1,0
odometry_pods+imu+dual_camera_apriltag,camera_front|camera_rear|imu|odometry_pods,odometry pods + IMU + front camera + rear camera,3,4,244.85,244.85,drift|heading|pose,opponent,Opponent parks in the route,10,0,0.0,1,0
odometry_pods+imu+dual_camera_apriltag,camera_front|camera_rear|imu|odometry_pods,odometry pods + IMU + front camera + rear camera,3,4,244.85,244.85,drift|heading|pose,opponent,Opponent parks in the route,11,0,4.841,1,0
odometry_pods+imu+dual_camera_apriltag,camera_front|camera_rear|imu|odometry_pods,odometry pods + IMU + front camera + rear camera,3,4,244.85,244.85,drift|heading|pose,opponent,Opponent parks in the route,12,1,8.534,0,0
odometry_pods+imu+dual_camera_apriltag,camera_front|camera_rear|imu|odometry_pods,odometry pods + IMU + front camera + rear camera,3,4,244.85,244.85,drift|heading|pose,opponent,Opponent parks in the route,13,0,0.9835,1,0
odometry_pods+imu+dual_camera_apriltag,camera_front|camera_rear|imu|odometry_pods,odometry pods + IMU + front camera + rear camera,3,4,244.85,244.85,drift|heading|pose,opponent,Opponent parks in the route,14,1,3.9542,0,0
odometry_pods+imu+dual_camera_apriltag,camera_front|camera_rear|imu|odometry_pods,odometry pods + IMU + front camera + rear camera,3,4,244.85,244.85,drift|heading|pose,opponent,Opponent parks in the route,15,0,7.2307,1,0
odometry_pods+imu+dual_camera_apriltag,camera_front|camera_rear|imu|odometry_pods,odometry pods + IMU + front camera + rear camera,3,4,244.85,244.85,drift|heading|pose,opponent,Opponent parks in the route,16,0,3.9031,1,0
odometry_pods+imu+dual_camera_apriltag,camera_front|camera_rear|imu|odometry_pods,odometry pods + IMU + front camera + rear camera,3,4,244.85,244.85,drift|heading|pose,opponent,Opponent parks in the route,17,0,8.3571,1,0
odometry_pods+imu+dual_camera_apriltag,camera_front|camera_rear|imu|odometry_pods,odometry pods + IMU + front camera + rear camera,3,4,244.85,244.85,drift|heading|pose,opponent,Opponent parks in the route,18,1,11.385,0,0
odometry_pods+imu+dual_camera_apriltag,camera_front|camera_rear|imu|odometry_pods,odometry pods + IMU + front camera + rear camera,3,4,244.85,244.85,drift|heading|pose,opponent,Opponent parks in the route,19,0,2.3853,1,0
odometry_pods+imu+dual_camera_apriltag,camera_front|camera_rear|imu|odometry_pods,odometry pods + IMU + front camera + rear camera,3,4,244.85,244.85,drift|heading|pose,opponent,Opponent parks in the route,20,0,1.7196,1,0
odometry_pods+imu+dual_camera_apriltag,camera_front|camera_rear|imu|odometry_pods,odometry pods + IMU + front camera + rear camera,3,4,244.85,244.85,drift|heading|pose,opponent,Opponent parks in the route,21,0,1.2917,1,0
odometry_pods+imu+dual_camera_apriltag,camera_front|camera_rear|imu|odometry_pods,odometry pods + IMU + front camera + rear camera,3,4,244.85,244.85,drift|heading|pose,opponent,Opponent parks in the route,22,1,9.0866,0,0
odometry_pods+imu+dual_camera_apriltag,camera_front|camera_rear|imu|odometry_pods,odometry pods + IMU + front camera + rear camera,3,4,244.85,244.85,drift|heading|pose,opponent,Opponent parks in the route,23,0,8.4436,1,0
odometry_pods+imu+dual_camera_apriltag,camera_front|camera_rear|imu|odometry_pods,odometry pods + IMU + front camera + rear camera,3,4,244.85,244.85,drift|heading|pose,opponent,Opponent parks in the route,24,0,2.5387,1,0
odometry_pods+imu+dual_camera_apriltag,camera_front|camera_rear|imu|odometry_pods,odometry pods + IMU + front camera + rear camera,3,4,244.85,244.85,drift|heading|pose,combined_realistic,Everything at once (realistic fidelity),0,1,3.8052,0,0
odometry_pods+imu+dual_camera_apriltag,camera_front|camera_rear|imu|odometry_pods,odometry pods + IMU + front camera + rear camera,3,4,244.85,244.85,drift|heading|pose,combined_realistic,Everything at once (realistic fidelity),1,0,0.0,1,0
odometry_pods+imu+dual_camera_apriltag,camera_front|camera_rear|imu|odometry_pods,odometry pods + IMU + front camera + rear camera,3,4,244.85,244.85,drift|heading|pose,combined_realistic,Everything at once (realistic fidelity),2,0,1.1889,1,0
odometry_pods+imu+dual_camera_apriltag,camera_front|camera_rear|imu|odometry_pods,odometry pods + IMU + front camera + rear camera,3,4,244.85,244.85,drift|heading|pose,combined_realistic,Everything at once (realistic fidelity),3,0,2.5201,1,0
odometry_pods+imu+dual_camera_apriltag,camera_front|camera_rear|imu|odometry_pods,odometry pods + IMU + front camera + rear camera,3,4,244.85,244.85,drift|heading|pose,combined_realistic,Everything at once (realistic fidelity),4,0,2.9866,1,0
odometry_pods+imu+dual_camera_apriltag,camera_front|camera_rear|imu|odometry_pods,odometry pods + IMU + front camera + rear camera,3,4,244.85,244.85,drift|heading|pose,combined_realistic,Everything at once (realistic fidelity),5,0,4.3219,1,0
odometry_pods+imu+dual_camera_apriltag,camera_front|camera_rear|imu|odometry_pods,odometry pods + IMU + front camera + rear camera,3,4,244.85,244.85,drift|heading|pose,combined_realistic,Everything at once (realistic fidelity),6,0,1.3523,1,0
odometry_pods+imu+dual_camera_apriltag,camera_front|camera_rear|imu|odometry_pods,odometry pods + IMU + front camera + rear camera,3,4,244.85,244.85,drift|heading|pose,combined_realistic,Everything at once (realistic fidelity),7,0,5.921,1,0
odometry_pods+imu+dual_camera_apriltag,camera_front|camera_rear|imu|odometry_pods,odometry pods + IMU + front camera + rear camera,3,4,244.85,244.85,drift|heading|pose,combined_realistic,Everything at once (realistic fidelity),8,0,1.4704,0,0
odometry_pods+imu+dual_camera_apriltag,camera_front|camera_rear|imu|odometry_pods,odometry pods + IMU + front camera + rear camera,3,4,244.85,244.85,drift|heading|pose,combined_realistic,Everything at once (realistic fidelity),9,0,7.1392,0,0
odometry_pods+imu+dual_camera_apriltag,camera_front|camera_rear|imu|odometry_pods,odometry pods + IMU + front camera + rear camera,3,4,244.85,244.85,drift|heading|pose,combined_realistic,Everything at once (realistic fidelity),10,0,1.8534,0,0
odometry_pods+imu+dual_camera_apriltag,camera_front|camera_rear|imu|odometry_pods,odometry pods + IMU + front camera + rear camera,3,4,244.85,244.85,drift|heading|pose,combined_realistic,Everything at once (realistic fidelity),11,0,0.0,1,0
odometry_pods+imu+dual_camera_apriltag,camera_front|camera_rear|imu|odometry_pods,odometry pods + IMU + front camera + rear camera,3,4,244.85,244.85,drift|heading|pose,combined_realistic,Everything at once (realistic fidelity),12,0,8.0147,1,0
odometry_pods+imu+dual_camera_apriltag,camera_front|camera_rear|imu|odometry_pods,odometry pods + IMU + front camera + rear camera,3,4,244.85,244.85,drift|heading|pose,combined_realistic,Everything at once (realistic fidelity),13,0,1.7874,0,0
odometry_pods+imu+dual_camera_apriltag,camera_front|camera_rear|imu|odometry_pods,odometry pods + IMU + front camera + rear camera,3,4,244.85,244.85,drift|heading|pose,combined_realistic,Everything at once (realistic fidelity),14,1,3.9542,0,0
odometry_pods+imu+dual_camera_apriltag,camera_front|camera_rear|imu|odometry_pods,odometry pods + IMU + front camera + rear camera,3,4,244.85,244.85,drift|heading|pose,combined_realistic,Everything at once (realistic fidelity),15,0,3.59,1,0
odometry_pods+imu+dual_camera_apriltag,camera_front|camera_rear|imu|odometry_pods,odometry pods + IMU + front camera + rear camera,3,4,244.85,244.85,drift|heading|pose,combined_realistic,Everything at once (realistic fidelity),16,0,0.7216,1,0
odometry_pods+imu+dual_camera_apriltag,camera_front|camera_rear|imu|odometry_pods,odometry pods + IMU + front camera + rear camera,3,4,244.85,244.85,drift|heading|pose,combined_realistic,Everything at once (realistic fidelity),17,0,1.4266,1,0
odometry_pods+imu+dual_camera_apriltag,camera_front|camera_rear|imu|odometry_pods,odometry pods + IMU + front camera + rear camera,3,4,244.85,244.85,drift|heading|pose,combined_realistic,Everything at once (realistic fidelity),18,0,8.6531,1,0
odometry_pods+imu+dual_camera_apriltag,camera_front|camera_rear|imu|odometry_pods,odometry pods + IMU + front camera + rear camera,3,4,244.85,244.85,drift|heading|pose,combined_realistic,Everything at once (realistic fidelity),19,0,1.6343,1,0
odometry_pods+imu+dual_camera_apriltag,camera_front|camera_rear|imu|odometry_pods,odometry pods + IMU + front camera + rear camera,3,4,244.85,244.85,drift|heading|pose,combined_realistic,Everything at once (realistic fidelity),20,0,0.0,1,0
odometry_pods+imu+dual_camera_apriltag,camera_front|camera_rear|imu|odometry_pods,odometry pods + IMU + front camera + rear camera,3,4,244.85,244.85,drift|heading|pose,combined_realistic,Everything at once (realistic fidelity),21,0,0.7749,1,0
odometry_pods+imu+dual_camera_apriltag,camera_front|camera_rear|imu|odometry_pods,odometry pods + IMU + front camera + rear camera,3,4,244.85,244.85,drift|heading|pose,combined_realistic,Everything at once (realistic fidelity),22,0,1.7197,1,0
odometry_pods+imu+dual_camera_apriltag,camera_front|camera_rear|imu|odometry_pods,odometry pods + IMU + front camera + rear camera,3,4,244.85,244.85,drift|heading|pose,combined_realistic,Everything at once (realistic fidelity),23,0,1.9586,1,0
odometry_pods+imu+dual_camera_apriltag,camera_front|camera_rear|imu|odometry_pods,odometry pods + IMU + front camera + rear camera,3,4,244.85,244.85,drift|heading|pose,combined_realistic,Everything at once (realistic fidelity),24,0,1.1246,1,0
odometry_pods+imu+dual_camera_apriltag,camera_front|camera_rear|imu|odometry_pods,odometry pods + IMU + front camera + rear camera,3,4,244.85,244.85,drift|heading|pose,corridor,"Tight corridor, mixed deviation",0,1,6.4234,0,0
odometry_pods+imu+dual_camera_apriltag,camera_front|camera_rear|imu|odometry_pods,odometry pods + IMU + front camera + rear camera,3,4,244.85,244.85,drift|heading|pose,corridor,"Tight corridor, mixed deviation",1,0,4.6682,0,0
odometry_pods+imu+dual_camera_apriltag,camera_front|camera_rear|imu|odometry_pods,odometry pods + IMU + front camera + rear camera,3,4,244.85,244.85,drift|heading|pose,corridor,"Tight corridor, mixed deviation",2,0,7.7784,1,0
odometry_pods+imu+dual_camera_apriltag,camera_front|camera_rear|imu|odometry_pods,odometry pods + IMU + front camera + rear camera,3,4,244.85,244.85,drift|heading|pose,corridor,"Tight corridor, mixed deviation",3,0,1.3337,1,0
odometry_pods+imu+dual_camera_apriltag,camera_front|camera_rear|imu|odometry_pods,odometry pods + IMU + front camera + rear camera,3,4,244.85,244.85,drift|heading|pose,corridor,"Tight corridor, mixed deviation",4,0,4.1141,0,0
odometry_pods+imu+dual_camera_apriltag,camera_front|camera_rear|imu|odometry_pods,odometry pods + IMU + front camera + rear camera,3,4,244.85,244.85,drift|heading|pose,corridor,"Tight corridor, mixed deviation",5,1,8.264,0,0
odometry_pods+imu+dual_camera_apriltag,camera_front|camera_rear|imu|odometry_pods,odometry pods + IMU + front camera + rear camera,3,4,244.85,244.85,drift|heading|pose,corridor,"Tight corridor, mixed deviation",6,1,7.8,0,0
odometry_pods+imu+dual_camera_apriltag,camera_front|camera_rear|imu|odometry_pods,odometry pods + IMU + front camera + rear camera,3,4,244.85,244.85,drift|heading|pose,corridor,"Tight corridor, mixed deviation",7,1,13.3777,0,0
odometry_pods+imu+dual_camera_apriltag,camera_front|camera_rear|imu|odometry_pods,odometry pods + IMU + front camera + rear camera,3,4,244.85,244.85,drift|heading|pose,corridor,"Tight corridor, mixed deviation",8,1,7.5312,0,0
odometry_pods+imu+dual_camera_apriltag,camera_front|camera_rear|imu|odometry_pods,odometry pods + IMU + front camera + rear camera,3,4,244.85,244.85,drift|heading|pose,corridor,"Tight corridor, mixed deviation",9,1,6.3999,0,0
odometry_pods+imu+dual_camera_apriltag,camera_front|camera_rear|imu|odometry_pods,odometry pods + IMU + front camera + rear camera,3,4,244.85,244.85,drift|heading|pose,corridor,"Tight corridor, mixed deviation",10,1,6.8838,0,0
odometry_pods+imu+dual_camera_apriltag,camera_front|camera_rear|imu|odometry_pods,odometry pods + IMU + front camera + rear camera,3,4,244.85,244.85,drift|heading|pose,corridor,"Tight corridor, mixed deviation",11,1,6.9149,0,0
odometry_pods+imu+dual_camera_apriltag,camera_front|camera_rear|imu|odometry_pods,odometry pods + IMU + front camera + rear camera,3,4,244.85,244.85,drift|heading|pose,corridor,"Tight corridor, mixed deviation",12,1,8.7053,0,0
odometry_pods+imu+dual_camera_apriltag,camera_front|camera_rear|imu|odometry_pods,odometry pods + IMU + front camera + rear camera,3,4,244.85,244.85,drift|heading|pose,corridor,"Tight corridor, mixed deviation",13,0,4.207,1,0
odometry_pods+imu+dual_camera_apriltag,camera_front|camera_rear|imu|odometry_pods,odometry pods + IMU + front camera + rear camera,3,4,244.85,244.85,drift|heading|pose,corridor,"Tight corridor, mixed deviation",14,0,2.1229,0,0
odometry_pods+imu+dual_camera_apriltag,camera_front|camera_rear|imu|odometry_pods,odometry pods + IMU + front camera + rear camera,3,4,244.85,244.85,drift|heading|pose,corridor,"Tight corridor, mixed deviation",15,1,7.4643,0,0
odometry_pods+imu+dual_camera_apriltag,camera_front|camera_rear|imu|odometry_pods,odometry pods + IMU + front camera + rear camera,3,4,244.85,244.85,drift|heading|pose,corridor,"Tight corridor, mixed deviation",16,1,11.8507,0,0
odometry_pods+imu+dual_camera_apriltag,camera_front|camera_rear|imu|odometry_pods,odometry pods + IMU + front camera + rear camera,3,4,244.85,244.85,drift|heading|pose,corridor,"Tight corridor, mixed deviation",17,0,2.5234,1,0
odometry_pods+imu+dual_camera_apriltag,camera_front|camera_rear|imu|odometry_pods,odometry pods + IMU + front camera + rear camera,3,4,244.85,244.85,drift|heading|pose,corridor,"Tight corridor, mixed deviation",18,1,14.0679,0,0
odometry_pods+imu+dual_camera_apriltag,camera_front|camera_rear|imu|odometry_pods,odometry pods + IMU + front camera + rear camera,3,4,244.85,244.85,drift|heading|pose,corridor,"Tight corridor, mixed deviation",19,0,2.3113,0,0
odometry_pods+imu+dual_camera_apriltag,camera_front|camera_rear|imu|odometry_pods,odometry pods + IMU + front camera + rear camera,3,4,244.85,244.85,drift|heading|pose,corridor,"Tight corridor, mixed deviation",20,1,7.9205,0,0
odometry_pods+imu+dual_camera_apriltag,camera_front|camera_rear|imu|odometry_pods,odometry pods + IMU + front camera + rear camera,3,4,244.85,244.85,drift|heading|pose,corridor,"Tight corridor, mixed deviation",21,1,4.6705,0,0
odometry_pods+imu+dual_camera_apriltag,camera_front|camera_rear|imu|odometry_pods,odometry pods + IMU + front camera + rear camera,3,4,244.85,244.85,drift|heading|pose,corridor,"Tight corridor, mixed deviation",22,0,3.1917,0,0
odometry_pods+imu+dual_camera_apriltag,camera_front|camera_rear|imu|odometry_pods,odometry pods + IMU + front camera + rear camera,3,4,244.85,244.85,drift|heading|pose,corridor,"Tight corridor, mixed deviation",23,0,3.6038,1,0
odometry_pods+imu+dual_camera_apriltag,camera_front|camera_rear|imu|odometry_pods,odometry pods + IMU + front camera + rear camera,3,4,244.85,244.85,drift|heading|pose,corridor,"Tight corridor, mixed deviation",24,1,7.2549,0,0
distance_sensors+imu+dual_camera_apriltag,camera_front|camera_rear|distance_sensors_3|imu,IMU + front camera + rear camera + 3 ToF sensors,3,4,144.5,144.5,heading|obstacle|pose,pose_drift,Heavy pose drift,0,0,0.0,1,0
distance_sensors+imu+dual_camera_apriltag,camera_front|camera_rear|distance_sensors_3|imu,IMU + front camera + rear camera + 3 ToF sensors,3,4,144.5,144.5,heading|obstacle|pose,pose_drift,Heavy pose drift,1,0,4.6593,1,0
distance_sensors+imu+dual_camera_apriltag,camera_front|camera_rear|distance_sensors_3|imu,IMU + front camera + rear camera + 3 ToF sensors,3,4,144.5,144.5,heading|obstacle|pose,pose_drift,Heavy pose drift,2,0,1.9757,1,0
distance_sensors+imu+dual_camera_apriltag,camera_front|camera_rear|distance_sensors_3|imu,IMU + front camera + rear camera + 3 ToF sensors,3,4,144.5,144.5,heading|obstacle|pose,pose_drift,Heavy pose drift,3,0,0.0,1,0
distance_sensors+imu+dual_camera_apriltag,camera_front|camera_rear|distance_sensors_3|imu,IMU + front camera + rear camera + 3 ToF sensors,3,4,144.5,144.5,heading|obstacle|pose,pose_drift,Heavy pose drift,4,0,2.5994,1,0
distance_sensors+imu+dual_camera_apriltag,camera_front|camera_rear|distance_sensors_3|imu,IMU + front camera + rear camera + 3 ToF sensors,3,4,144.5,144.5,heading|obstacle|pose,pose_drift,Heavy pose drift,5,0,5.4674,1,0
distance_sensors+imu+dual_camera_apriltag,camera_front|camera_rear|distance_sensors_3|imu,IMU + front camera + rear camera + 3 ToF sensors,3,4,144.5,144.5,heading|obstacle|pose,pose_drift,Heavy pose drift,6,0,2.2381,0,0
distance_sensors+imu+dual_camera_apriltag,camera_front|camera_rear|distance_sensors_3|imu,IMU + front camera + rear camera + 3 ToF sensors,3,4,144.5,144.5,heading|obstacle|pose,pose_drift,Heavy pose drift,7,0,0.0,1,0
distance_sensors+imu+dual_camera_apriltag,camera_front|camera_rear|distance_sensors_3|imu,IMU + front camera + rear camera + 3 ToF sensors,3,4,144.5,144.5,heading|obstacle|pose,pose_drift,Heavy pose drift,8,0,1.4704,0,0
distance_sensors+imu+dual_camera_apriltag,camera_front|camera_rear|distance_sensors_3|imu,IMU + front camera + rear camera + 3 ToF sensors,3,4,144.5,144.5,heading|obstacle|pose,pose_drift,Heavy pose drift,9,0,0.9936,0,0
distance_sensors+imu+dual_camera_apriltag,camera_front|camera_rear|distance_sensors_3|imu,IMU + front camera + rear camera + 3 ToF sensors,3,4,144.5,144.5,heading|obstacle|pose,pose_drift,Heavy pose drift,10,0,1.9212,0,0
distance_sensors+imu+dual_camera_apriltag,camera_front|camera_rear|distance_sensors_3|imu,IMU + front camera + rear camera + 3 ToF sensors,3,4,144.5,144.5,heading|obstacle|pose,pose_drift,Heavy pose drift,11,0,0.0,1,0
distance_sensors+imu+dual_camera_apriltag,camera_front|camera_rear|distance_sensors_3|imu,IMU + front camera + rear camera + 3 ToF sensors,3,4,144.5,144.5,heading|obstacle|pose,pose_drift,Heavy pose drift,12,0,8.8043,1,0
distance_sensors+imu+dual_camera_apriltag,camera_front|camera_rear|distance_sensors_3|imu,IMU + front camera + rear camera + 3 ToF sensors,3,4,144.5,144.5,heading|obstacle|pose,pose_drift,Heavy pose drift,13,0,0.9016,1,0
distance_sensors+imu+dual_camera_apriltag,camera_front|camera_rear|distance_sensors_3|imu,IMU + front camera + rear camera + 3 ToF sensors,3,4,144.5,144.5,heading|obstacle|pose,pose_drift,Heavy pose drift,14,0,0.5477,1,0
distance_sensors+imu+dual_camera_apriltag,camera_front|camera_rear|distance_sensors_3|imu,IMU + front camera + rear camera + 3 ToF sensors,3,4,144.5,144.5,heading|obstacle|pose,pose_drift,Heavy pose drift,15,0,3.19,0,0
distance_sensors+imu+dual_camera_apriltag,camera_front|camera_rear|distance_sensors_3|imu,IMU + front camera + rear camera + 3 ToF sensors,3,4,144.5,144.5,heading|obstacle|pose,pose_drift,Heavy pose drift,16,0,0.0,0,0
distance_sensors+imu+dual_camera_apriltag,camera_front|camera_rear|distance_sensors_3|imu,IMU + front camera + rear camera + 3 ToF sensors,3,4,144.5,144.5,heading|obstacle|pose,pose_drift,Heavy pose drift,17,0,0.525,1,0
distance_sensors+imu+dual_camera_apriltag,camera_front|camera_rear|distance_sensors_3|imu,IMU + front camera + rear camera + 3 ToF sensors,3,4,144.5,144.5,heading|obstacle|pose,pose_drift,Heavy pose drift,18,0,3.0479,1,0
distance_sensors+imu+dual_camera_apriltag,camera_front|camera_rear|distance_sensors_3|imu,IMU + front camera + rear camera + 3 ToF sensors,3,4,144.5,144.5,heading|obstacle|pose,pose_drift,Heavy pose drift,19,1,8.7571,0,0
distance_sensors+imu+dual_camera_apriltag,camera_front|camera_rear|distance_sensors_3|imu,IMU + front camera + rear camera + 3 ToF sensors,3,4,144.5,144.5,heading|obstacle|pose,pose_drift,Heavy pose drift,20,0,0.0,0,0
distance_sensors+imu+dual_camera_apriltag,camera_front|camera_rear|distance_sensors_3|imu,IMU + front camera + rear camera + 3 ToF sensors,3,4,144.5,144.5,heading|obstacle|pose,pose_drift,Heavy pose drift,21,0,1.8534,1,0
distance_sensors+imu+dual_camera_apriltag,camera_front|camera_rear|distance_sensors_3|imu,IMU + front camera + rear camera + 3 ToF sensors,3,4,144.5,144.5,heading|obstacle|pose,pose_drift,Heavy pose drift,22,0,2.7624,1,0
distance_sensors+imu+dual_camera_apriltag,camera_front|camera_rear|distance_sensors_3|imu,IMU + front camera + rear camera + 3 ToF sensors,3,4,144.5,144.5,heading|obstacle|pose,pose_drift,Heavy pose drift,23,0,1.9586,1,0
distance_sensors+imu+dual_camera_apriltag,camera_front|camera_rear|distance_sensors_3|imu,IMU + front camera + rear camera + 3 ToF sensors,3,4,144.5,144.5,heading|obstacle|pose,pose_drift,Heavy pose drift,24,0,0.0,1,0
distance_sensors+imu+dual_camera_apriltag,camera_front|camera_rear|distance_sensors_3|imu,IMU + front camera + rear camera + 3 ToF sensors,3,4,144.5,144.5,heading|obstacle|pose,map_error,Field doesn't match the map,0,1,4.4144,0,0
distance_sensors+imu+dual_camera_apriltag,camera_front|camera_rear|distance_sensors_3|imu,IMU + front camera + rear camera + 3 ToF sensors,3,4,144.5,144.5,heading|obstacle|pose,map_error,Field doesn't match the map,1,0,0.0,1,0
distance_sensors+imu+dual_camera_apriltag,camera_front|camera_rear|distance_sensors_3|imu,IMU + front camera + rear camera + 3 ToF sensors,3,4,144.5,144.5,heading|obstacle|pose,map_error,Field doesn't match the map,2,0,1.9757,1,0
distance_sensors+imu+dual_camera_apriltag,camera_front|camera_rear|distance_sensors_3|imu,IMU + front camera + rear camera + 3 ToF sensors,3,4,144.5,144.5,heading|obstacle|pose,map_error,Field doesn't match the map,3,0,8.5069,1,0
distance_sensors+imu+dual_camera_apriltag,camera_front|camera_rear|distance_sensors_3|imu,IMU + front camera + rear camera + 3 ToF sensors,3,4,144.5,144.5,heading|obstacle|pose,map_error,Field doesn't match the map,4,0,0.0,1,0
distance_sensors+imu+dual_camera_apriltag,camera_front|camera_rear|distance_sensors_3|imu,IMU + front camera + rear camera + 3 ToF sensors,3,4,144.5,144.5,heading|obstacle|pose,map_error,Field doesn't match the map,5,0,1.132,1,0
distance_sensors+imu+dual_camera_apriltag,camera_front|camera_rear|distance_sensors_3|imu,IMU + front camera + rear camera + 3 ToF sensors,3,4,144.5,144.5,heading|obstacle|pose,map_error,Field doesn't match the map,6,1,2.1508,0,0
distance_sensors+imu+dual_camera_apriltag,camera_front|camera_rear|distance_sensors_3|imu,IMU + front camera + rear camera + 3 ToF sensors,3,4,144.5,144.5,heading|obstacle|pose,map_error,Field doesn't match the map,7,0,0.0,1,0
distance_sensors+imu+dual_camera_apriltag,camera_front|camera_rear|distance_sensors_3|imu,IMU + front camera + rear camera + 3 ToF sensors,3,4,144.5,144.5,heading|obstacle|pose,map_error,Field doesn't match the map,8,1,1.4523,0,0
distance_sensors+imu+dual_camera_apriltag,camera_front|camera_rear|distance_sensors_3|imu,IMU + front camera + rear camera + 3 ToF sensors,3,4,144.5,144.5,heading|obstacle|pose,map_error,Field doesn't match the map,9,0,1.8392,1,0
distance_sensors+imu+dual_camera_apriltag,camera_front|camera_rear|distance_sensors_3|imu,IMU + front camera + rear camera + 3 ToF sensors,3,4,144.5,144.5,heading|obstacle|pose,map_error,Field doesn't match the map,10,1,1.8031,0,0
distance_sensors+imu+dual_camera_apriltag,camera_front|camera_rear|distance_sensors_3|imu,IMU + front camera + rear camera + 3 ToF sensors,3,4,144.5,144.5,heading|obstacle|pose,map_error,Field doesn't match the map,11,0,3.2964,1,0
distance_sensors+imu+dual_camera_apriltag,camera_front|camera_rear|distance_sensors_3|imu,IMU + front camera + rear camera + 3 ToF sensors,3,4,144.5,144.5,heading|obstacle|pose,map_error,Field doesn't match the map,12,1,7.6994,0,0
distance_sensors+imu+dual_camera_apriltag,camera_front|camera_rear|distance_sensors_3|imu,IMU + front camera + rear camera + 3 ToF sensors,3,4,144.5,144.5,heading|obstacle|pose,map_error,Field doesn't match the map,13,0,0.9835,1,0
distance_sensors+imu+dual_camera_apriltag,camera_front|camera_rear|distance_sensors_3|imu,IMU + front camera + rear camera + 3 ToF sensors,3,4,144.5,144.5,heading|obstacle|pose,map_error,Field doesn't match the map,14,0,0.0,1,0
distance_sensors+imu+dual_camera_apriltag,camera_front|camera_rear|distance_sensors_3|imu,IMU + front camera + rear camera + 3 ToF sensors,3,4,144.5,144.5,heading|obstacle|pose,map_error,Field doesn't match the map,15,1,8.9183,0,0
distance_sensors+imu+dual_camera_apriltag,camera_front|camera_rear|distance_sensors_3|imu,IMU + front camera + rear camera + 3 ToF sensors,3,4,144.5,144.5,heading|obstacle|pose,map_error,Field doesn't match the map,16,0,1.9399,1,0
distance_sensors+imu+dual_camera_apriltag,camera_front|camera_rear|distance_sensors_3|imu,IMU + front camera + rear camera + 3 ToF sensors,3,4,144.5,144.5,heading|obstacle|pose,map_error,Field doesn't match the map,17,0,0.0,1,0
distance_sensors+imu+dual_camera_apriltag,camera_front|camera_rear|distance_sensors_3|imu,IMU + front camera + rear camera + 3 ToF sensors,3,4,144.5,144.5,heading|obstacle|pose,map_error,Field doesn't match the map,18,0,1.2446,1,0
distance_sensors+imu+dual_camera_apriltag,camera_front|camera_rear|distance_sensors_3|imu,IMU + front camera + rear camera + 3 ToF sensors,3,4,144.5,144.5,heading|obstacle|pose,map_error,Field doesn't match the map,19,0,0.0,1,0
distance_sensors+imu+dual_camera_apriltag,camera_front|camera_rear|distance_sensors_3|imu,IMU + front camera + rear camera + 3 ToF sensors,3,4,144.5,144.5,heading|obstacle|pose,map_error,Field doesn't match the map,20,0,2.7425,1,0
distance_sensors+imu+dual_camera_apriltag,camera_front|camera_rear|distance_sensors_3|imu,IMU + front camera + rear camera + 3 ToF sensors,3,4,144.5,144.5,heading|obstacle|pose,map_error,Field doesn't match the map,21,0,1.2064,1,0
distance_sensors+imu+dual_camera_apriltag,camera_front|camera_rear|distance_sensors_3|imu,IMU + front camera + rear camera + 3 ToF sensors,3,4,144.5,144.5,heading|obstacle|pose,map_error,Field doesn't match the map,22,0,3.5435,1,0
distance_sensors+imu+dual_camera_apriltag,camera_front|camera_rear|distance_sensors_3|imu,IMU + front camera + rear camera + 3 ToF sensors,3,4,144.5,144.5,heading|obstacle|pose,map_error,Field doesn't match the map,23,0,6.221,1,0
distance_sensors+imu+dual_camera_apriltag,camera_front|camera_rear|distance_sensors_3|imu,IMU + front camera + rear camera + 3 ToF sensors,3,4,144.5,144.5,heading|obstacle|pose,map_error,Field doesn't match the map,24,0,0.0,1,0
distance_sensors+imu+dual_camera_apriltag,camera_front|camera_rear|distance_sensors_3|imu,IMU + front camera + rear camera + 3 ToF sensors,3,4,144.5,144.5,heading|obstacle|pose,opponent,Opponent parks in the route,0,1,4.4144,0,0
distance_sensors+imu+dual_camera_apriltag,camera_front|camera_rear|distance_sensors_3|imu,IMU + front camera + rear camera + 3 ToF sensors,3,4,144.5,144.5,heading|obstacle|pose,opponent,Opponent parks in the route,1,0,0.0,1,0
distance_sensors+imu+dual_camera_apriltag,camera_front|camera_rear|distance_sensors_3|imu,IMU + front camera + rear camera + 3 ToF sensors,3,4,144.5,144.5,heading|obstacle|pose,opponent,Opponent parks in the route,2,0,1.9757,1,0
distance_sensors+imu+dual_camera_apriltag,camera_front|camera_rear|distance_sensors_3|imu,IMU + front camera + rear camera + 3 ToF sensors,3,4,144.5,144.5,heading|obstacle|pose,opponent,Opponent parks in the route,3,0,6.1593,1,0
distance_sensors+imu+dual_camera_apriltag,camera_front|camera_rear|distance_sensors_3|imu,IMU + front camera + rear camera + 3 ToF sensors,3,4,144.5,144.5,heading|obstacle|pose,opponent,Opponent parks in the route,4,0,0.0,1,0
distance_sensors+imu+dual_camera_apriltag,camera_front|camera_rear|distance_sensors_3|imu,IMU + front camera + rear camera + 3 ToF sensors,3,4,144.5,144.5,heading|obstacle|pose,opponent,Opponent parks in the route,5,0,1.132,1,0
distance_sensors+imu+dual_camera_apriltag,camera_front|camera_rear|distance_sensors_3|imu,IMU + front camera + rear camera + 3 ToF sensors,3,4,144.5,144.5,heading|obstacle|pose,opponent,Opponent parks in the route,6,1,2.4008,0,0
distance_sensors+imu+dual_camera_apriltag,camera_front|camera_rear|distance_sensors_3|imu,IMU + front camera + rear camera + 3 ToF sensors,3,4,144.5,144.5,heading|obstacle|pose,opponent,Opponent parks in the route,7,0,0.0,1,0
distance_sensors+imu+dual_camera_apriltag,camera_front|camera_rear|distance_sensors_3|imu,IMU + front camera + rear camera + 3 ToF sensors,3,4,144.5,144.5,heading|obstacle|pose,opponent,Opponent parks in the route,8,1,1.4523,0,0
distance_sensors+imu+dual_camera_apriltag,camera_front|camera_rear|distance_sensors_3|imu,IMU + front camera + rear camera + 3 ToF sensors,3,4,144.5,144.5,heading|obstacle|pose,opponent,Opponent parks in the route,9,0,7.61,0,0
distance_sensors+imu+dual_camera_apriltag,camera_front|camera_rear|distance_sensors_3|imu,IMU + front camera + rear camera + 3 ToF sensors,3,4,144.5,144.5,heading|obstacle|pose,opponent,Opponent parks in the route,10,1,3.3392,0,0
distance_sensors+imu+dual_camera_apriltag,camera_front|camera_rear|distance_sensors_3|imu,IMU + front camera + rear camera + 3 ToF sensors,3,4,144.5,144.5,heading|obstacle|pose,opponent,Opponent parks in the route,11,0,0.6374,1,0
distance_sensors+imu+dual_camera_apriltag,camera_front|camera_rear|distance_sensors_3|imu,IMU + front camera + rear camera + 3 ToF sensors,3,4,144.5,144.5,heading|obstacle|pose,opponent,Opponent parks in the route,12,1,7.6994,0,0
distance_sensors+imu+dual_camera_apriltag,camera_front|camera_rear|distance_sensors_3|imu,IMU + front camera + rear camera + 3 ToF sensors,3,4,144.5,144.5,heading|obstacle|pose,opponent,Opponent parks in the route,13,0,0.9835,1,0
distance_sensors+imu+dual_camera_apriltag,camera_front|camera_rear|distance_sensors_3|imu,IMU + front camera + rear camera + 3 ToF sensors,3,4,144.5,144.5,heading|obstacle|pose,opponent,Opponent parks in the route,14,0,0.0,1,0
distance_sensors+imu+dual_camera_apriltag,camera_front|camera_rear|distance_sensors_3|imu,IMU + front camera + rear camera + 3 ToF sensors,3,4,144.5,144.5,heading|obstacle|pose,opponent,Opponent parks in the route,15,0,6.8652,1,0
distance_sensors+imu+dual_camera_apriltag,camera_front|camera_rear|distance_sensors_3|imu,IMU + front camera + rear camera + 3 ToF sensors,3,4,144.5,144.5,heading|obstacle|pose,opponent,Opponent parks in the route,16,0,1.9399,1,0
distance_sensors+imu+dual_camera_apriltag,camera_front|camera_rear|distance_sensors_3|imu,IMU + front camera + rear camera + 3 ToF sensors,3,4,144.5,144.5,heading|obstacle|pose,opponent,Opponent parks in the route,17,0,0.5396,1,0
distance_sensors+imu+dual_camera_apriltag,camera_front|camera_rear|distance_sensors_3|imu,IMU + front camera + rear camera + 3 ToF sensors,3,4,144.5,144.5,heading|obstacle|pose,opponent,Opponent parks in the route,18,0,1.2446,1,0
distance_sensors+imu+dual_camera_apriltag,camera_front|camera_rear|distance_sensors_3|imu,IMU + front camera + rear camera + 3 ToF sensors,3,4,144.5,144.5,heading|obstacle|pose,opponent,Opponent parks in the route,19,0,0.0,1,0
distance_sensors+imu+dual_camera_apriltag,camera_front|camera_rear|distance_sensors_3|imu,IMU + front camera + rear camera + 3 ToF sensors,3,4,144.5,144.5,heading|obstacle|pose,opponent,Opponent parks in the route,20,0,1.4704,1,0
distance_sensors+imu+dual_camera_apriltag,camera_front|camera_rear|distance_sensors_3|imu,IMU + front camera + rear camera + 3 ToF sensors,3,4,144.5,144.5,heading|obstacle|pose,opponent,Opponent parks in the route,21,0,0.9711,1,0
distance_sensors+imu+dual_camera_apriltag,camera_front|camera_rear|distance_sensors_3|imu,IMU + front camera + rear camera + 3 ToF sensors,3,4,144.5,144.5,heading|obstacle|pose,opponent,Opponent parks in the route,22,0,3.5435,1,0
distance_sensors+imu+dual_camera_apriltag,camera_front|camera_rear|distance_sensors_3|imu,IMU + front camera + rear camera + 3 ToF sensors,3,4,144.5,144.5,heading|obstacle|pose,opponent,Opponent parks in the route,23,0,6.8919,0,0
distance_sensors+imu+dual_camera_apriltag,camera_front|camera_rear|distance_sensors_3|imu,IMU + front camera + rear camera + 3 ToF sensors,3,4,144.5,144.5,heading|obstacle|pose,opponent,Opponent parks in the route,24,0,0.0,1,0
distance_sensors+imu+dual_camera_apriltag,camera_front|camera_rear|distance_sensors_3|imu,IMU + front camera + rear camera + 3 ToF sensors,3,4,144.5,144.5,heading|obstacle|pose,combined_realistic,Everything at once (realistic fidelity),0,0,0.0,0,0
distance_sensors+imu+dual_camera_apriltag,camera_front|camera_rear|distance_sensors_3|imu,IMU + front camera + rear camera + 3 ToF sensors,3,4,144.5,144.5,heading|obstacle|pose,combined_realistic,Everything at once (realistic fidelity),1,0,3.2523,1,0
distance_sensors+imu+dual_camera_apriltag,camera_front|camera_rear|distance_sensors_3|imu,IMU + front camera + rear camera + 3 ToF sensors,3,4,144.5,144.5,heading|obstacle|pose,combined_realistic,Everything at once (realistic fidelity),2,0,1.4642,1,0
distance_sensors+imu+dual_camera_apriltag,camera_front|camera_rear|distance_sensors_3|imu,IMU + front camera + rear camera + 3 ToF sensors,3,4,144.5,144.5,heading|obstacle|pose,combined_realistic,Everything at once (realistic fidelity),3,0,0.6691,1,0
distance_sensors+imu+dual_camera_apriltag,camera_front|camera_rear|distance_sensors_3|imu,IMU + front camera + rear camera + 3 ToF sensors,3,4,144.5,144.5,heading|obstacle|pose,combined_realistic,Everything at once (realistic fidelity),4,0,0.668,1,0
distance_sensors+imu+dual_camera_apriltag,camera_front|camera_rear|distance_sensors_3|imu,IMU + front camera + rear camera + 3 ToF sensors,3,4,144.5,144.5,heading|obstacle|pose,combined_realistic,Everything at once (realistic fidelity),5,0,1.132,1,0
distance_sensors+imu+dual_camera_apriltag,camera_front|camera_rear|distance_sensors_3|imu,IMU + front camera + rear camera + 3 ToF sensors,3,4,144.5,144.5,heading|obstacle|pose,combined_realistic,Everything at once (realistic fidelity),6,0,1.3523,1,0
distance_sensors+imu+dual_camera_apriltag,camera_front|camera_rear|distance_sensors_3|imu,IMU + front camera + rear camera + 3 ToF sensors,3,4,144.5,144.5,heading|obstacle|pose,combined_realistic,Everything at once (realistic fidelity),7,0,1.4802,1,0
distance_sensors+imu+dual_camera_apriltag,camera_front|camera_rear|distance_sensors_3|imu,IMU + front camera + rear camera + 3 ToF sensors,3,4,144.5,144.5,heading|obstacle|pose,combined_realistic,Everything at once (realistic fidelity),8,0,1.4704,0,0
distance_sensors+imu+dual_camera_apriltag,camera_front|camera_rear|distance_sensors_3|imu,IMU + front camera + rear camera + 3 ToF sensors,3,4,144.5,144.5,heading|obstacle|pose,combined_realistic,Everything at once (realistic fidelity),9,0,6.4884,0,0
distance_sensors+imu+dual_camera_apriltag,camera_front|camera_rear|distance_sensors_3|imu,IMU + front camera + rear camera + 3 ToF sensors,3,4,144.5,144.5,heading|obstacle|pose,combined_realistic,Everything at once (realistic fidelity),10,0,1.8534,0,0
distance_sensors+imu+dual_camera_apriltag,camera_front|camera_rear|distance_sensors_3|imu,IMU + front camera + rear camera + 3 ToF sensors,3,4,144.5,144.5,heading|obstacle|pose,combined_realistic,Everything at once (realistic fidelity),11,0,0.6642,1,0
distance_sensors+imu+dual_camera_apriltag,camera_front|camera_rear|distance_sensors_3|imu,IMU + front camera + rear camera + 3 ToF sensors,3,4,144.5,144.5,heading|obstacle|pose,combined_realistic,Everything at once (realistic fidelity),12,0,2.3856,0,0
distance_sensors+imu+dual_camera_apriltag,camera_front|camera_rear|distance_sensors_3|imu,IMU + front camera + rear camera + 3 ToF sensors,3,4,144.5,144.5,heading|obstacle|pose,combined_realistic,Everything at once (realistic fidelity),13,0,1.7874,0,0
distance_sensors+imu+dual_camera_apriltag,camera_front|camera_rear|distance_sensors_3|imu,IMU + front camera + rear camera + 3 ToF sensors,3,4,144.5,144.5,heading|obstacle|pose,combined_realistic,Everything at once (realistic fidelity),14,0,0.0,1,0
distance_sensors+imu+dual_camera_apriltag,camera_front|camera_rear|distance_sensors_3|imu,IMU + front camera + rear camera + 3 ToF sensors,3,4,144.5,144.5,heading|obstacle|pose,combined_realistic,Everything at once (realistic fidelity),15,0,2.6531,0,0
distance_sensors+imu+dual_camera_apriltag,camera_front|camera_rear|distance_sensors_3|imu,IMU + front camera + rear camera + 3 ToF sensors,3,4,144.5,144.5,heading|obstacle|pose,combined_realistic,Everything at once (realistic fidelity),16,0,0.0,0,0
distance_sensors+imu+dual_camera_apriltag,camera_front|camera_rear|distance_sensors_3|imu,IMU + front camera + rear camera + 3 ToF sensors,3,4,144.5,144.5,heading|obstacle|pose,combined_realistic,Everything at once (realistic fidelity),17,0,0.525,1,0
distance_sensors+imu+dual_camera_apriltag,camera_front|camera_rear|distance_sensors_3|imu,IMU + front camera + rear camera + 3 ToF sensors,3,4,144.5,144.5,heading|obstacle|pose,combined_realistic,Everything at once (realistic fidelity),18,0,2.6387,1,0
distance_sensors+imu+dual_camera_apriltag,camera_front|camera_rear|distance_sensors_3|imu,IMU + front camera + rear camera + 3 ToF sensors,3,4,144.5,144.5,heading|obstacle|pose,combined_realistic,Everything at once (realistic fidelity),19,0,0.0,1,0
distance_sensors+imu+dual_camera_apriltag,camera_front|camera_rear|distance_sensors_3|imu,IMU + front camera + rear camera + 3 ToF sensors,3,4,144.5,144.5,heading|obstacle|pose,combined_realistic,Everything at once (realistic fidelity),20,0,0.0,1,0
distance_sensors+imu+dual_camera_apriltag,camera_front|camera_rear|distance_sensors_3|imu,IMU + front camera + rear camera + 3 ToF sensors,3,4,144.5,144.5,heading|obstacle|pose,combined_realistic,Everything at once (realistic fidelity),21,0,0.5396,0,0
distance_sensors+imu+dual_camera_apriltag,camera_front|camera_rear|distance_sensors_3|imu,IMU + front camera + rear camera + 3 ToF sensors,3,4,144.5,144.5,heading|obstacle|pose,combined_realistic,Everything at once (realistic fidelity),22,0,0.0,1,0
distance_sensors+imu+dual_camera_apriltag,camera_front|camera_rear|distance_sensors_3|imu,IMU + front camera + rear camera + 3 ToF sensors,3,4,144.5,144.5,heading|obstacle|pose,combined_realistic,Everything at once (realistic fidelity),23,0,2.4594,1,0
distance_sensors+imu+dual_camera_apriltag,camera_front|camera_rear|distance_sensors_3|imu,IMU + front camera + rear camera + 3 ToF sensors,3,4,144.5,144.5,heading|obstacle|pose,combined_realistic,Everything at once (realistic fidelity),24,0,2.48,1,0
distance_sensors+imu+dual_camera_apriltag,camera_front|camera_rear|distance_sensors_3|imu,IMU + front camera + rear camera + 3 ToF sensors,3,4,144.5,144.5,heading|obstacle|pose,corridor,"Tight corridor, mixed deviation",0,0,1.0227,1,0
distance_sensors+imu+dual_camera_apriltag,camera_front|camera_rear|distance_sensors_3|imu,IMU + front camera + rear camera + 3 ToF sensors,3,4,144.5,144.5,heading|obstacle|pose,corridor,"Tight corridor, mixed deviation",1,0,5.0387,0,0
distance_sensors+imu+dual_camera_apriltag,camera_front|camera_rear|distance_sensors_3|imu,IMU + front camera + rear camera + 3 ToF sensors,3,4,144.5,144.5,heading|obstacle|pose,corridor,"Tight corridor, mixed deviation",2,0,0.0,1,0
distance_sensors+imu+dual_camera_apriltag,camera_front|camera_rear|distance_sensors_3|imu,IMU + front camera + rear camera + 3 ToF sensors,3,4,144.5,144.5,heading|obstacle|pose,corridor,"Tight corridor, mixed deviation",3,0,4.3096,0,0
distance_sensors+imu+dual_camera_apriltag,camera_front|camera_rear|distance_sensors_3|imu,IMU + front camera + rear camera + 3 ToF sensors,3,4,144.5,144.5,heading|obstacle|pose,corridor,"Tight corridor, mixed deviation",4,0,3.9141,0,0
distance_sensors+imu+dual_camera_apriltag,camera_front|camera_rear|distance_sensors_3|imu,IMU + front camera + rear camera + 3 ToF sensors,3,4,144.5,144.5,heading|obstacle|pose,corridor,"Tight corridor, mixed deviation",5,1,8.264,0,0
distance_sensors+imu+dual_camera_apriltag,camera_front|camera_rear|distance_sensors_3|imu,IMU + front camera + rear camera + 3 ToF sensors,3,4,144.5,144.5,heading|obstacle|pose,corridor,"Tight corridor, mixed deviation",6,0,8.5114,0,0
distance_sensors+imu+dual_camera_apriltag,camera_front|camera_rear|distance_sensors_3|imu,IMU + front camera + rear camera + 3 ToF sensors,3,4,144.5,144.5,heading|obstacle|pose,corridor,"Tight corridor, mixed deviation",7,0,4.0555,1,0
distance_sensors+imu+dual_camera_apriltag,camera_front|camera_rear|distance_sensors_3|imu,IMU + front camera + rear camera + 3 ToF sensors,3,4,144.5,144.5,heading|obstacle|pose,corridor,"Tight corridor, mixed deviation",8,1,7.7229,0,0
distance_sensors+imu+dual_camera_apriltag,camera_front|camera_rear|distance_sensors_3|imu,IMU + front camera + rear camera + 3 ToF sensors,3,4,144.5,144.5,heading|obstacle|pose,corridor,"Tight corridor, mixed deviation",9,0,6.9646,0,0
distance_sensors+imu+dual_camera_apriltag,camera_front|camera_rear|distance_sensors_3|imu,IMU + front camera + rear camera + 3 ToF sensors,3,4,144.5,144.5,heading|obstacle|pose,corridor,"Tight corridor, mixed deviation",10,0,5.7258,1,0
distance_sensors+imu+dual_camera_apriltag,camera_front|camera_rear|distance_sensors_3|imu,IMU + front camera + rear camera + 3 ToF sensors,3,4,144.5,144.5,heading|obstacle|pose,corridor,"Tight corridor, mixed deviation",11,1,6.8649,0,0
distance_sensors+imu+dual_camera_apriltag,camera_front|camera_rear|distance_sensors_3|imu,IMU + front camera + rear camera + 3 ToF sensors,3,4,144.5,144.5,heading|obstacle|pose,corridor,"Tight corridor, mixed deviation",12,0,3.7444,1,0
distance_sensors+imu+dual_camera_apriltag,camera_front|camera_rear|distance_sensors_3|imu,IMU + front camera + rear camera + 3 ToF sensors,3,4,144.5,144.5,heading|obstacle|pose,corridor,"Tight corridor, mixed deviation",13,0,4.207,1,0
distance_sensors+imu+dual_camera_apriltag,camera_front|camera_rear|distance_sensors_3|imu,IMU + front camera + rear camera + 3 ToF sensors,3,4,144.5,144.5,heading|obstacle|pose,corridor,"Tight corridor, mixed deviation",14,0,1.3523,0,0
distance_sensors+imu+dual_camera_apriltag,camera_front|camera_rear|distance_sensors_3|imu,IMU + front camera + rear camera + 3 ToF sensors,3,4,144.5,144.5,heading|obstacle|pose,corridor,"Tight corridor, mixed deviation",15,1,7.2643,0,0
distance_sensors+imu+dual_camera_apriltag,camera_front|camera_rear|distance_sensors_3|imu,IMU + front camera + rear camera + 3 ToF sensors,3,4,144.5,144.5,heading|obstacle|pose,corridor,"Tight corridor, mixed deviation",16,0,2.4126,1,0
distance_sensors+imu+dual_camera_apriltag,camera_front|camera_rear|distance_sensors_3|imu,IMU + front camera + rear camera + 3 ToF sensors,3,4,144.5,144.5,heading|obstacle|pose,corridor,"Tight corridor, mixed deviation",17,0,3.6108,0,0
distance_sensors+imu+dual_camera_apriltag,camera_front|camera_rear|distance_sensors_3|imu,IMU + front camera + rear camera + 3 ToF sensors,3,4,144.5,144.5,heading|obstacle|pose,corridor,"Tight corridor, mixed deviation",18,0,3.4936,1,0
distance_sensors+imu+dual_camera_apriltag,camera_front|camera_rear|distance_sensors_3|imu,IMU + front camera + rear camera + 3 ToF sensors,3,4,144.5,144.5,heading|obstacle|pose,corridor,"Tight corridor, mixed deviation",19,0,2.2361,0,0
distance_sensors+imu+dual_camera_apriltag,camera_front|camera_rear|distance_sensors_3|imu,IMU + front camera + rear camera + 3 ToF sensors,3,4,144.5,144.5,heading|obstacle|pose,corridor,"Tight corridor, mixed deviation",20,0,8.4213,0,0
distance_sensors+imu+dual_camera_apriltag,camera_front|camera_rear|distance_sensors_3|imu,IMU + front camera + rear camera + 3 ToF sensors,3,4,144.5,144.5,heading|obstacle|pose,corridor,"Tight corridor, mixed deviation",21,0,4.9558,0,0
distance_sensors+imu+dual_camera_apriltag,camera_front|camera_rear|distance_sensors_3|imu,IMU + front camera + rear camera + 3 ToF sensors,3,4,144.5,144.5,heading|obstacle|pose,corridor,"Tight corridor, mixed deviation",22,0,3.3917,0,0
distance_sensors+imu+dual_camera_apriltag,camera_front|camera_rear|distance_sensors_3|imu,IMU + front camera + rear camera + 3 ToF sensors,3,4,144.5,144.5,heading|obstacle|pose,corridor,"Tight corridor, mixed deviation",23,0,0.0,0,0
distance_sensors+imu+dual_camera_apriltag,camera_front|camera_rear|distance_sensors_3|imu,IMU + front camera + rear camera + 3 ToF sensors,3,4,144.5,144.5,heading|obstacle|pose,corridor,"Tight corridor, mixed deviation",24,0,0.0,0,0
