bundle,parts,parts_label,n_components,n_parts,cost_usd,naive_sum_cost_usd,capabilities,profile,profile_label,trial,success,elapsed_s,collisions,over_budget
dead_reckoning,,encoders only,1,0,0,0.0,none,pose_drift_match,Heavy pose drift (map also off),0,0,0.633,1,0
dead_reckoning,,encoders only,1,0,0,0.0,none,pose_drift_match,Heavy pose drift (map also off),1,0,0.0,1,0
dead_reckoning,,encoders only,1,0,0,0.0,none,pose_drift_match,Heavy pose drift (map also off),2,0,1.1835,1,0
dead_reckoning,,encoders only,1,0,0,0.0,none,pose_drift_match,Heavy pose drift (map also off),3,0,1.1518,1,0
dead_reckoning,,encoders only,1,0,0,0.0,none,pose_drift_match,Heavy pose drift (map also off),4,0,2.5508,1,0
dead_reckoning,,encoders only,1,0,0,0.0,none,pose_drift_match,Heavy pose drift (map also off),5,0,2.0125,1,0
dead_reckoning,,encoders only,1,0,0,0.0,none,pose_drift_match,Heavy pose drift (map also off),6,0,1.4147,1,0
dead_reckoning,,encoders only,1,0,0,0.0,none,pose_drift_match,Heavy pose drift (map also off),7,0,0.8887,1,0
dead_reckoning,,encoders only,1,0,0,0.0,none,pose_drift_match,Heavy pose drift (map also off),8,0,1.4026,0,0
dead_reckoning,,encoders only,1,0,0,0.0,none,pose_drift_match,Heavy pose drift (map also off),9,0,0.4508,1,0
dead_reckoning,,encoders only,1,0,0,0.0,none,pose_drift_match,Heavy pose drift (map also off),10,1,0.9016,0,0
dead_reckoning,,encoders only,1,0,0,0.0,none,pose_drift_match,Heavy pose drift (map also off),11,0,0.0,1,0
dead_reckoning,,encoders only,1,0,0,0.0,none,pose_drift_match,Heavy pose drift (map also off),12,0,7.7506,1,0
dead_reckoning,,encoders only,1,0,0,0.0,none,pose_drift_match,Heavy pose drift (map also off),13,0,1.7345,0,0
dead_reckoning,,encoders only,1,0,0,0.0,none,pose_drift_match,Heavy pose drift (map also off),14,1,3.9542,0,0
dead_reckoning,,encoders only,1,0,0,0.0,none,pose_drift_match,Heavy pose drift (map also off),15,0,0.8896,1,0
dead_reckoning,,encoders only,1,0,0,0.0,none,pose_drift_match,Heavy pose drift (map also off),16,0,0.6657,1,0
dead_reckoning,,encoders only,1,0,0,0.0,none,pose_drift_match,Heavy pose drift (map also off),17,0,1.4588,1,0
dead_reckoning,,encoders only,1,0,0,0.0,none,pose_drift_match,Heavy pose drift (map also off),18,0,0.0,1,0
dead_reckoning,,encoders only,1,0,0,0.0,none,pose_drift_match,Heavy pose drift (map also off),19,0,1.6266,1,0
dead_reckoning,,encoders only,1,0,0,0.0,none,pose_drift_match,Heavy pose drift (map also off),20,0,3.1191,1,0
dead_reckoning,,encoders only,1,0,0,0.0,none,pose_drift_match,Heavy pose drift (map also off),21,0,2.459,1,0
dead_reckoning,,encoders only,1,0,0,0.0,none,pose_drift_match,Heavy pose drift (map also off),22,0,0.0,1,0
dead_reckoning,,encoders only,1,0,0,0.0,none,pose_drift_match,Heavy pose drift (map also off),23,0,1.967,1,0
dead_reckoning,,encoders only,1,0,0,0.0,none,pose_drift_match,Heavy pose drift (map also off),24,0,1.1016,1,0
dead_reckoning,,encoders only,1,0,0,0.0,none,map_error_match,Field doesn't match the map (also drifting),0,1,3.6552,0,0
dead_reckoning,,encoders only,1,0,0,0.0,none,map_error_match,Field doesn't match the map (also drifting),1,0,0.0,1,0
dead_reckoning,,encoders only,1,0,0,0.0,none,map_error_match,Field doesn't match the map (also drifting),2,0,1.1724,1,0
dead_reckoning,,encoders only,1,0,0,0.0,none,map_error_match,Field doesn't match the map (also drifting),3,0,1.1278,1,0
dead_reckoning,,encoders only,1,0,0,0.0,none,map_error_match,Field doesn't match the map (also drifting),4,0,4.7881,1,0
dead_reckoning,,encoders only,1,0,0,0.0,none,map_error_match,Field doesn't match the map (also drifting),5,0,2.0227,1,0
dead_reckoning,,encoders only,1,0,0,0.0,none,map_error_match,Field doesn't match the map (also drifting),6,0,1.3523,1,0
dead_reckoning,,encoders only,1,0,0,0.0,none,map_error_match,Field doesn't match the map (also drifting),7,0,7.9431,1,0
dead_reckoning,,encoders only,1,0,0,0.0,none,map_error_match,Field doesn't match the map (also drifting),8,0,1.4704,0,0
dead_reckoning,,encoders only,1,0,0,0.0,none,map_error_match,Field doesn't match the map (also drifting),9,1,6.9097,0,0
dead_reckoning,,encoders only,1,0,0,0.0,none,map_error_match,Field doesn't match the map (also drifting),10,0,1.885,0,0
dead_reckoning,,encoders only,1,0,0,0.0,none,map_error_match,Field doesn't match the map (also drifting),11,0,5.0143,1,0
dead_reckoning,,encoders only,1,0,0,0.0,none,map_error_match,Field doesn't match the map (also drifting),12,0,7.7506,1,0
dead_reckoning,,encoders only,1,0,0,0.0,none,map_error_match,Field doesn't match the map (also drifting),13,0,1.7874,0,0
dead_reckoning,,encoders only,1,0,0,0.0,none,map_error_match,Field doesn't match the map (also drifting),14,0,3.9884,0,0
dead_reckoning,,encoders only,1,0,0,0.0,none,map_error_match,Field doesn't match the map (also drifting),15,0,5.6965,1,0
dead_reckoning,,encoders only,1,0,0,0.0,none,map_error_match,Field doesn't match the map (also drifting),16,0,0.7216,1,0
dead_reckoning,,encoders only,1,0,0,0.0,none,map_error_match,Field doesn't match the map (also drifting),17,0,1.4266,1,0
dead_reckoning,,encoders only,1,0,0,0.0,none,map_error_match,Field doesn't match the map (also drifting),18,0,1.2371,1,0
dead_reckoning,,encoders only,1,0,0,0.0,none,map_error_match,Field doesn't match the map (also drifting),19,0,1.6422,1,0
dead_reckoning,,encoders only,1,0,0,0.0,none,map_error_match,Field doesn't match the map (also drifting),20,0,0.0,1,0
dead_reckoning,,encoders only,1,0,0,0.0,none,map_error_match,Field doesn't match the map (also drifting),21,0,0.7749,1,0
dead_reckoning,,encoders only,1,0,0,0.0,none,map_error_match,Field doesn't match the map (also drifting),22,0,1.7197,1,0
dead_reckoning,,encoders only,1,0,0,0.0,none,map_error_match,Field doesn't match the map (also drifting),23,0,1.9586,1,0
dead_reckoning,,encoders only,1,0,0,0.0,none,map_error_match,Field doesn't match the map (also drifting),24,0,1.1246,1,0
dead_reckoning,,encoders only,1,0,0,0.0,none,opponent_match,Opponent parks in the route (also drifting),0,0,0.6999,1,0
dead_reckoning,,encoders only,1,0,0,0.0,none,opponent_match,Opponent parks in the route (also drifting),1,0,2.9508,1,0
dead_reckoning,,encoders only,1,0,0,0.0,none,opponent_match,Opponent parks in the route (also drifting),2,0,1.1724,1,0
dead_reckoning,,encoders only,1,0,0,0.0,none,opponent_match,Opponent parks in the route (also drifting),3,0,1.1518,1,0
dead_reckoning,,encoders only,1,0,0,0.0,none,opponent_match,Opponent parks in the route (also drifting),4,0,2.9866,1,0
dead_reckoning,,encoders only,1,0,0,0.0,none,opponent_match,Opponent parks in the route (also drifting),5,0,2.0452,1,0
dead_reckoning,,encoders only,1,0,0,0.0,none,opponent_match,Opponent parks in the route (also drifting),6,0,0.5327,1,0
dead_reckoning,,encoders only,1,0,0,0.0,none,opponent_match,Opponent parks in the route (also drifting),7,0,4.8297,1,0
dead_reckoning,,encoders only,1,0,0,0.0,none,opponent_match,Opponent parks in the route (also drifting),8,0,1.3523,0,0
dead_reckoning,,encoders only,1,0,0,0.0,none,opponent_match,Opponent parks in the route (also drifting),9,0,3.691,1,0
dead_reckoning,,encoders only,1,0,0,0.0,none,opponent_match,Opponent parks in the route (also drifting),10,0,0.4508,1,0
dead_reckoning,,encoders only,1,0,0,0.0,none,opponent_match,Opponent parks in the route (also drifting),11,0,5.0425,1,0
dead_reckoning,,encoders only,1,0,0,0.0,none,opponent_match,Opponent parks in the route (also drifting),12,0,4.5078,1,0
dead_reckoning,,encoders only,1,0,0,0.0,none,opponent_match,Opponent parks in the route (also drifting),13,0,0.9016,1,0
dead_reckoning,,encoders only,1,0,0,0.0,none,opponent_match,Opponent parks in the route (also drifting),14,0,1.0734,1,0
dead_reckoning,,encoders only,1,0,0,0.0,none,opponent_match,Opponent parks in the route (also drifting),15,0,6.8652,1,0
dead_reckoning,,encoders only,1,0,0,0.0,none,opponent_match,Opponent parks in the route (also drifting),16,0,0.6953,1,0
dead_reckoning,,encoders only,1,0,0,0.0,none,opponent_match,Opponent parks in the route (also drifting),17,0,8.6143,1,0
dead_reckoning,,encoders only,1,0,0,0.0,none,opponent_match,Opponent parks in the route (also drifting),18,0,1.2371,1,0
dead_reckoning,,encoders only,1,0,0,0.0,none,opponent_match,Opponent parks in the route (also drifting),19,0,1.6266,1,0
dead_reckoning,,encoders only,1,0,0,0.0,none,opponent_match,Opponent parks in the route (also drifting),20,0,3.0986,1,0
dead_reckoning,,encoders only,1,0,0,0.0,none,opponent_match,Opponent parks in the route (also drifting),21,0,0.7722,1,0
dead_reckoning,,encoders only,1,0,0,0.0,none,opponent_match,Opponent parks in the route (also drifting),22,0,8.6353,0,0
dead_reckoning,,encoders only,1,0,0,0.0,none,opponent_match,Opponent parks in the route (also drifting),23,0,1.9586,1,0
dead_reckoning,,encoders only,1,0,0,0.0,none,opponent_match,Opponent parks in the route (also drifting),24,0,1.1639,1,0
dead_reckoning,,encoders only,1,0,0,0.0,none,combined_match,Everything at once (match-realistic mix),0,1,3.6552,0,0
dead_reckoning,,encoders only,1,0,0,0.0,none,combined_match,Everything at once (match-realistic mix),1,0,0.0,1,0
dead_reckoning,,encoders only,1,0,0,0.0,none,combined_match,Everything at once (match-realistic mix),2,0,1.1889,1,0
dead_reckoning,,encoders only,1,0,0,0.0,none,combined_match,Everything at once (match-realistic mix),3,0,1.8693,1,0
dead_reckoning,,encoders only,1,0,0,0.0,none,combined_match,Everything at once (match-realistic mix),4,0,2.9866,1,0
dead_reckoning,,encoders only,1,0,0,0.0,none,combined_match,Everything at once (match-realistic mix),5,0,4.3219,1,0
dead_reckoning,,encoders only,1,0,0,0.0,none,combined_match,Everything at once (match-realistic mix),6,0,1.3523,1,0
dead_reckoning,,encoders only,1,0,0,0.0,none,combined_match,Everything at once (match-realistic mix),7,0,7.9431,1,0
dead_reckoning,,encoders only,1,0,0,0.0,none,combined_match,Everything at once (match-realistic mix),8,0,1.4704,0,0
dead_reckoning,,encoders only,1,0,0,0.0,none,combined_match,Everything at once (match-realistic mix),9,0,6.1736,1,0
dead_reckoning,,encoders only,1,0,0,0.0,none,combined_match,Everything at once (match-realistic mix),10,0,1.8534,0,0
dead_reckoning,,encoders only,1,0,0,0.0,none,combined_match,Everything at once (match-realistic mix),11,0,0.0,1,0
dead_reckoning,,encoders only,1,0,0,0.0,none,combined_match,Everything at once (match-realistic mix),12,0,7.7506,1,0
dead_reckoning,,encoders only,1,0,0,0.0,none,combined_match,Everything at once (match-realistic mix),13,0,1.7874,0,0
dead_reckoning,,encoders only,1,0,0,0.0,none,combined_match,Everything at once (match-realistic mix),14,1,3.9542,0,0
dead_reckoning,,encoders only,1,0,0,0.0,none,combined_match,Everything at once (match-realistic mix),15,0,3.59,1,0
dead_reckoning,,encoders only,1,0,0,0.0,none,combined_match,Everything at once (match-realistic mix),16,0,0.7216,1,0
dead_reckoning,,encoders only,1,0,0,0.0,none,combined_match,Everything at once (match-realistic mix),17,0,1.4266,1,0
dead_reckoning,,encoders only,1,0,0,0.0,none,combined_match,Everything at once (match-realistic mix),18,0,1.2371,1,0
dead_reckoning,,encoders only,1,0,0,0.0,none,combined_match,Everything at once (match-realistic mix),19,0,1.6343,1,0
dead_reckoning,,encoders only,1,0,0,0.0,none,combined_match,Everything at once (match-realistic mix),20,0,0.0,1,0
dead_reckoning,,encoders only,1,0,0,0.0,none,combined_match,Everything at once (match-realistic mix),21,0,0.7749,1,0
dead_reckoning,,encoders only,1,0,0,0.0,none,combined_match,Everything at once (match-realistic mix),22,0,1.7197,1,0
dead_reckoning,,encoders only,1,0,0,0.0,none,combined_match,Everything at once (match-realistic mix),23,0,1.9586,1,0
dead_reckoning,,encoders only,1,0,0,0.0,none,combined_match,Everything at once (match-realistic mix),24,0,1.1246,1,0
dead_reckoning,,encoders only,1,0,0,0.0,none,corridor,"Tight corridor, mixed deviation",0,0,6.5962,0,0
dead_reckoning,,encoders only,1,0,0,0.0,none,corridor,"Tight corridor, mixed deviation",1,0,4.6682,0,0
dead_reckoning,,encoders only,1,0,0,0.0,none,corridor,"Tight corridor, mixed deviation",2,0,12.3393,1,0
dead_reckoning,,encoders only,1,0,0,0.0,none,corridor,"Tight corridor, mixed deviation",3,0,3.8574,0,0
dead_reckoning,,encoders only,1,0,0,0.0,none,corridor,"Tight corridor, mixed deviation",4,0,4.1141,0,0
dead_reckoning,,encoders only,1,0,0,0.0,none,corridor,"Tight corridor, mixed deviation",5,0,8.6192,0,0
dead_reckoning,,encoders only,1,0,0,0.0,none,corridor,"Tight corridor, mixed deviation",6,0,8.9728,0,0
dead_reckoning,,encoders only,1,0,0,0.0,none,corridor,"Tight corridor, mixed deviation",7,0,4.0689,1,0
dead_reckoning,,encoders only,1,0,0,0.0,none,corridor,"Tight corridor, mixed deviation",8,0,7.0323,0,0
dead_reckoning,,encoders only,1,0,0,0.0,none,corridor,"Tight corridor, mixed deviation",9,0,6.7293,0,0
dead_reckoning,,encoders only,1,0,0,0.0,none,corridor,"Tight corridor, mixed deviation",10,0,6.389,1,0
dead_reckoning,,encoders only,1,0,0,0.0,none,corridor,"Tight corridor, mixed deviation",11,1,6.3649,0,0
dead_reckoning,,encoders only,1,0,0,0.0,none,corridor,"Tight corridor, mixed deviation",12,1,7.8913,0,0
dead_reckoning,,encoders only,1,0,0,0.0,none,corridor,"Tight corridor, mixed deviation",13,0,4.057,1,0
dead_reckoning,,encoders only,1,0,0,0.0,none,corridor,"Tight corridor, mixed deviation",14,0,2.1229,0,0
dead_reckoning,,encoders only,1,0,0,0.0,none,corridor,"Tight corridor, mixed deviation",15,0,6.3636,0,0
dead_reckoning,,encoders only,1,0,0,0.0,none,corridor,"Tight corridor, mixed deviation",16,0,3.8796,1,0
dead_reckoning,,encoders only,1,0,0,0.0,none,corridor,"Tight corridor, mixed deviation",17,0,2.9448,0,0
dead_reckoning,,encoders only,1,0,0,0.0,none,corridor,"Tight corridor, mixed deviation",18,0,6.9416,1,0
dead_reckoning,,encoders only,1,0,0,0.0,none,corridor,"Tight corridor, mixed deviation",19,0,2.3113,0,0
dead_reckoning,,encoders only,1,0,0,0.0,none,corridor,"Tight corridor, mixed deviation",20,0,6.791,1,0
dead_reckoning,,encoders only,1,0,0,0.0,none,corridor,"Tight corridor, mixed deviation",21,1,4.5705,0,0
dead_reckoning,,encoders only,1,0,0,0.0,none,corridor,"Tight corridor, mixed deviation",22,0,3.1917,0,0
dead_reckoning,,encoders only,1,0,0,0.0,none,corridor,"Tight corridor, mixed deviation",23,0,3.6038,1,0
dead_reckoning,,encoders only,1,0,0,0.0,none,corridor,"Tight corridor, mixed deviation",24,1,6.9049,0,0
odometry_pods,odometry_pods,odometry pods,1,1,194.85,194.85,drift,pose_drift_match,Heavy pose drift (map also off),0,0,0.633,1,0
odometry_pods,odometry_pods,odometry pods,1,1,194.85,194.85,drift,pose_drift_match,Heavy pose drift (map also off),1,0,0.0,1,0
odometry_pods,odometry_pods,odometry pods,1,1,194.85,194.85,drift,pose_drift_match,Heavy pose drift (map also off),2,0,1.1835,1,0
odometry_pods,odometry_pods,odometry pods,1,1,194.85,194.85,drift,pose_drift_match,Heavy pose drift (map also off),3,0,1.1518,1,0
odometry_pods,odometry_pods,odometry pods,1,1,194.85,194.85,drift,pose_drift_match,Heavy pose drift (map also off),4,0,2.5508,1,0
odometry_pods,odometry_pods,odometry pods,1,1,194.85,194.85,drift,pose_drift_match,Heavy pose drift (map also off),5,0,2.0125,1,0
odometry_pods,odometry_pods,odometry pods,1,1,194.85,194.85,drift,pose_drift_match,Heavy pose drift (map also off),6,0,1.4147,1,0
odometry_pods,odometry_pods,odometry pods,1,1,194.85,194.85,drift,pose_drift_match,Heavy pose drift (map also off),7,0,0.8887,1,0
odometry_pods,odometry_pods,odometry pods,1,1,194.85,194.85,drift,pose_drift_match,Heavy pose drift (map also off),8,0,1.4026,0,0
odometry_pods,odometry_pods,odometry pods,1,1,194.85,194.85,drift,pose_drift_match,Heavy pose drift (map also off),9,0,0.4508,1,0
odometry_pods,odometry_pods,odometry pods,1,1,194.85,194.85,drift,pose_drift_match,Heavy pose drift (map also off),10,1,0.9016,0,0
odometry_pods,odometry_pods,odometry pods,1,1,194.85,194.85,drift,pose_drift_match,Heavy pose drift (map also off),11,0,0.0,1,0
odometry_pods,odometry_pods,odometry pods,1,1,194.85,194.85,drift,pose_drift_match,Heavy pose drift (map also off),12,0,8.0147,1,0
odometry_pods,odometry_pods,odometry pods,1,1,194.85,194.85,drift,pose_drift_match,Heavy pose drift (map also off),13,0,1.7345,0,0
odometry_pods,odometry_pods,odometry pods,1,1,194.85,194.85,drift,pose_drift_match,Heavy pose drift (map also off),14,1,3.9542,0,0
odometry_pods,odometry_pods,odometry pods,1,1,194.85,194.85,drift,pose_drift_match,Heavy pose drift (map also off),15,0,0.8896,1,0
odometry_pods,odometry_pods,odometry pods,1,1,194.85,194.85,drift,pose_drift_match,Heavy pose drift (map also off),16,0,0.6657,1,0
odometry_pods,odometry_pods,odometry pods,1,1,194.85,194.85,drift,pose_drift_match,Heavy pose drift (map also off),17,0,1.4588,1,0
odometry_pods,odometry_pods,odometry pods,1,1,194.85,194.85,drift,pose_drift_match,Heavy pose drift (map also off),18,0,0.0,1,0
odometry_pods,odometry_pods,odometry pods,1,1,194.85,194.85,drift,pose_drift_match,Heavy pose drift (map also off),19,0,1.6266,1,0
odometry_pods,odometry_pods,odometry pods,1,1,194.85,194.85,drift,pose_drift_match,Heavy pose drift (map also off),20,0,5.4075,0,0
odometry_pods,odometry_pods,odometry pods,1,1,194.85,194.85,drift,pose_drift_match,Heavy pose drift (map also off),21,0,2.459,1,0
odometry_pods,odometry_pods,odometry pods,1,1,194.85,194.85,drift,pose_drift_match,Heavy pose drift (map also off),22,0,0.0,1,0
odometry_pods,odometry_pods,odometry pods,1,1,194.85,194.85,drift,pose_drift_match,Heavy pose drift (map also off),23,0,1.967,1,0
odometry_pods,odometry_pods,odometry pods,1,1,194.85,194.85,drift,pose_drift_match,Heavy pose drift (map also off),24,0,1.1016,1,0
odometry_pods,odometry_pods,odometry pods,1,1,194.85,194.85,drift,map_error_match,Field doesn't match the map (also drifting),0,1,3.6552,0,0
odometry_pods,odometry_pods,odometry pods,1,1,194.85,194.85,drift,map_error_match,Field doesn't match the map (also drifting),1,0,0.0,1,0
odometry_pods,odometry_pods,odometry pods,1,1,194.85,194.85,drift,map_error_match,Field doesn't match the map (also drifting),2,0,1.1724,1,0
odometry_pods,odometry_pods,odometry pods,1,1,194.85,194.85,drift,map_error_match,Field doesn't match the map (also drifting),3,0,1.1278,1,0
odometry_pods,odometry_pods,odometry pods,1,1,194.85,194.85,drift,map_error_match,Field doesn't match the map (also drifting),4,0,4.7881,1,0
odometry_pods,odometry_pods,odometry pods,1,1,194.85,194.85,drift,map_error_match,Field doesn't match the map (also drifting),5,0,2.0227,1,0
odometry_pods,odometry_pods,odometry pods,1,1,194.85,194.85,drift,map_error_match,Field doesn't match the map (also drifting),6,0,1.3523,1,0
odometry_pods,odometry_pods,odometry pods,1,1,194.85,194.85,drift,map_error_match,Field doesn't match the map (also drifting),7,0,5.871,1,0
odometry_pods,odometry_pods,odometry pods,1,1,194.85,194.85,drift,map_error_match,Field doesn't match the map (also drifting),8,0,1.4704,0,0
odometry_pods,odometry_pods,odometry pods,1,1,194.85,194.85,drift,map_error_match,Field doesn't match the map (also drifting),9,0,7.1392,0,0
odometry_pods,odometry_pods,odometry pods,1,1,194.85,194.85,drift,map_error_match,Field doesn't match the map (also drifting),10,0,1.885,0,0
odometry_pods,odometry_pods,odometry pods,1,1,194.85,194.85,drift,map_error_match,Field doesn't match the map (also drifting),11,0,4.8276,1,0
odometry_pods,odometry_pods,odometry pods,1,1,194.85,194.85,drift,map_error_match,Field doesn't match the map (also drifting),12,0,8.0147,1,0
odometry_pods,odometry_pods,odometry pods,1,1,194.85,194.85,drift,map_error_match,Field doesn't match the map (also drifting),13,0,1.7874,0,0
odometry_pods,odometry_pods,odometry pods,1,1,194.85,194.85,drift,map_error_match,Field doesn't match the map (also drifting),14,0,3.9884,0,0
odometry_pods,odometry_pods,odometry pods,1,1,194.85,194.85,drift,map_error_match,Field doesn't match the map (also drifting),15,0,9.0865,1,0
odometry_pods,odometry_pods,odometry pods,1,1,194.85,194.85,drift,map_error_match,Field doesn't match the map (also drifting),16,0,0.7216,1,0
odometry_pods,odometry_pods,odometry pods,1,1,194.85,194.85,drift,map_error_match,Field doesn't match the map (also drifting),17,0,1.4266,1,0
odometry_pods,odometry_pods,odometry pods,1,1,194.85,194.85,drift,map_error_match,Field doesn't match the map (also drifting),18,0,6.7662,1,0
odometry_pods,odometry_pods,odometry pods,1,1,194.85,194.85,drift,map_error_match,Field doesn't match the map (also drifting),19,0,1.6422,1,0
odometry_pods,odometry_pods,odometry pods,1,1,194.85,194.85,drift,map_error_match,Field doesn't match the map (also drifting),20,0,0.0,1,0
odometry_pods,odometry_pods,odometry pods,1,1,194.85,194.85,drift,map_error_match,Field doesn't match the map (also drifting),21,0,0.7749,1,0
odometry_pods,odometry_pods,odometry pods,1,1,194.85,194.85,drift,map_error_match,Field doesn't match the map (also drifting),22,0,1.7197,1,0
odometry_pods,odometry_pods,odometry pods,1,1,194.85,194.85,drift,map_error_match,Field doesn't match the map (also drifting),23,0,1.9586,1,0
odometry_pods,odometry_pods,odometry pods,1,1,194.85,194.85,drift,map_error_match,Field doesn't match the map (also drifting),24,0,1.1246,1,0
odometry_pods,odometry_pods,odometry pods,1,1,194.85,194.85,drift,opponent_match,Opponent parks in the route (also drifting),0,0,0.6999,1,0
odometry_pods,odometry_pods,odometry pods,1,1,194.85,194.85,drift,opponent_match,Opponent parks in the route (also drifting),1,0,2.1,1,0
odometry_pods,odometry_pods,odometry pods,1,1,194.85,194.85,drift,opponent_match,Opponent parks in the route (also drifting),2,0,1.1724,1,0
odometry_pods,odometry_pods,odometry pods,1,1,194.85,194.85,drift,opponent_match,Opponent parks in the route (also drifting),3,0,1.1518,1,0
odometry_pods,odometry_pods,odometry pods,1,1,194.85,194.85,drift,opponent_match,Opponent parks in the route (also drifting),4,0,2.9866,1,0
odometry_pods,odometry_pods,odometry pods,1,1,194.85,194.85,drift,opponent_match,Opponent parks in the route (also drifting),5,0,2.0452,1,0
odometry_pods,odometry_pods,odometry pods,1,1,194.85,194.85,drift,opponent_match,Opponent parks in the route (also drifting),6,0,0.5327,1,0
odometry_pods,odometry_pods,odometry pods,1,1,194.85,194.85,drift,opponent_match,Opponent parks in the route (also drifting),7,0,12.5833,0,0
odometry_pods,odometry_pods,odometry pods,1,1,194.85,194.85,drift,opponent_match,Opponent parks in the route (also drifting),8,0,1.3523,0,0
odometry_pods,odometry_pods,odometry pods,1,1,194.85,194.85,drift,opponent_match,Opponent parks in the route (also drifting),9,0,7.1317,0,0
odometry_pods,odometry_pods,odometry pods,1,1,194.85,194.85,drift,opponent_match,Opponent parks in the route (also drifting),10,0,0.4508,1,0
odometry_pods,odometry_pods,odometry pods,1,1,194.85,194.85,drift,opponent_match,Opponent parks in the route (also drifting),11,0,4.8558,1,0
odometry_pods,odometry_pods,odometry pods,1,1,194.85,194.85,drift,opponent_match,Opponent parks in the route (also drifting),12,0,4.5078,1,0
odometry_pods,odometry_pods,odometry pods,1,1,194.85,194.85,drift,opponent_match,Opponent parks in the route (also drifting),13,0,0.9016,1,0
odometry_pods,odometry_pods,odometry pods,1,1,194.85,194.85,drift,opponent_match,Opponent parks in the route (also drifting),14,0,1.0734,1,0
odometry_pods,odometry_pods,odometry pods,1,1,194.85,194.85,drift,opponent_match,Opponent parks in the route (also drifting),15,0,6.7799,1,0
odometry_pods,odometry_pods,odometry pods,1,1,194.85,194.85,drift,opponent_match,Opponent parks in the route (also drifting),16,0,0.6953,1,0
odometry_pods,odometry_pods,odometry pods,1,1,194.85,194.85,drift,opponent_match,Opponent parks in the route (also drifting),17,0,8.3769,1,0
odometry_pods,odometry_pods,odometry pods,1,1,194.85,194.85,drift,opponent_match,Opponent parks in the route (also drifting),18,0,6.7662,1,0
odometry_pods,odometry_pods,odometry pods,1,1,194.85,194.85,drift,opponent_match,Opponent parks in the route (also drifting),19,0,1.6266,1,0
odometry_pods,odometry_pods,odometry pods,1,1,194.85,194.85,drift,opponent_match,Opponent parks in the route (also drifting),20,1,4.9362,0,0
odometry_pods,odometry_pods,odometry pods,1,1,194.85,194.85,drift,opponent_match,Opponent parks in the route (also drifting),21,0,0.7722,1,0
odometry_pods,odometry_pods,odometry pods,1,1,194.85,194.85,drift,opponent_match,Opponent parks in the route (also drifting),22,0,3.5408,1,0
odometry_pods,odometry_pods,odometry pods,1,1,194.85,194.85,drift,opponent_match,Opponent parks in the route (also drifting),23,0,1.9586,1,0
odometry_pods,odometry_pods,odometry pods,1,1,194.85,194.85,drift,opponent_match,Opponent parks in the route (also drifting),24,0,1.1639,1,0
odometry_pods,odometry_pods,odometry pods,1,1,194.85,194.85,drift,combined_match,Everything at once (match-realistic mix),0,1,3.6552,0,0
odometry_pods,odometry_pods,odometry pods,1,1,194.85,194.85,drift,combined_match,Everything at once (match-realistic mix),1,0,0.0,1,0
odometry_pods,odometry_pods,odometry pods,1,1,194.85,194.85,drift,combined_match,Everything at once (match-realistic mix),2,0,1.1889,1,0
odometry_pods,odometry_pods,odometry pods,1,1,194.85,194.85,drift,combined_match,Everything at once (match-realistic mix),3,0,2.5201,1,0
odometry_pods,odometry_pods,odometry pods,1,1,194.85,194.85,drift,combined_match,Everything at once (match-realistic mix),4,0,2.9866,1,0
odometry_pods,odometry_pods,odometry pods,1,1,194.85,194.85,drift,combined_match,Everything at once (match-realistic mix),5,0,4.3219,1,0
odometry_pods,odometry_pods,odometry pods,1,1,194.85,194.85,drift,combined_match,Everything at once (match-realistic mix),6,0,1.3523,1,0
odometry_pods,odometry_pods,odometry pods,1,1,194.85,194.85,drift,combined_match,Everything at once (match-realistic mix),7,0,5.871,1,0
odometry_pods,odometry_pods,odometry pods,1,1,194.85,194.85,drift,combined_match,Everything at once (match-realistic mix),8,0,1.4704,0,0
odometry_pods,odometry_pods,odometry pods,1,1,194.85,194.85,drift,combined_match,Everything at once (match-realistic mix),9,0,7.1392,0,0
odometry_pods,odometry_pods,odometry pods,1,1,194.85,194.85,drift,combined_match,Everything at once (match-realistic mix),10,0,1.8534,0,0
odometry_pods,odometry_pods,odometry pods,1,1,194.85,194.85,drift,combined_match,Everything at once (match-realistic mix),11,0,0.0,1,0
odometry_pods,odometry_pods,odometry pods,1,1,194.85,194.85,drift,combined_match,Everything at once (match-realistic mix),12,0,8.0147,1,0
odometry_pods,odometry_pods,odometry pods,1,1,194.85,194.85,drift,combined_match,Everything at once (match-realistic mix),13,0,1.7874,0,0
odometry_pods,odometry_pods,odometry pods,1,1,194.85,194.85,drift,combined_match,Everything at once (match-realistic mix),14,1,3.9542,0,0
odometry_pods,odometry_pods,odometry pods,1,1,194.85,194.85,drift,combined_match,Everything at once (match-realistic mix),15,0,3.59,1,0
odometry_pods,odometry_pods,odometry pods,1,1,194.85,194.85,drift,combined_match,Everything at once (match-realistic mix),16,0,0.7216,1,0
odometry_pods,odometry_pods,odometry pods,1,1,194.85,194.85,drift,combined_match,Everything at once (match-realistic mix),17,0,1.4266,1,0
odometry_pods,odometry_pods,odometry pods,1,1,194.85,194.85,drift,combined_match,Everything at once (match-realistic mix),18,0,6.7662,1,0
odometry_pods,odometry_pods,odometry pods,1,1,194.85,194.85,drift,combined_match,Everything at once (match-realistic mix),19,0,1.6343,1,0
odometry_pods,odometry_pods,odometry pods,1,1,194.85,194.85,drift,combined_match,Everything at once (match-realistic mix),20,0,0.0,1,0
odometry_pods,odometry_pods,odometry pods,1,1,194.85,194.85,drift,combined_match,Everything at once (match-realistic mix),21,0,0.7749,1,0
odometry_pods,odometry_pods,odometry pods,1,1,194.85,194.85,drift,combined_match,Everything at once (match-realistic mix),22,0,1.7197,1,0
odometry_pods,odometry_pods,odometry pods,1,1,194.85,194.85,drift,combined_match,Everything at once (match-realistic mix),23,0,1.9586,1,0
odometry_pods,odometry_pods,odometry pods,1,1,194.85,194.85,drift,combined_match,Everything at once (match-realistic mix),24,0,1.1246,1,0
odometry_pods,odometry_pods,odometry pods,1,1,194.85,194.85,drift,corridor,"Tight corridor, mixed deviation",0,0,6.4095,0,0
odometry_pods,odometry_pods,odometry pods,1,1,194.85,194.85,drift,corridor,"Tight corridor, mixed deviation",1,0,4.6682,0,0
odometry_pods,odometry_pods,odometry pods,1,1,194.85,194.85,drift,corridor,"Tight corridor, mixed deviation",2,0,7.3784,1,0
odometry_pods,odometry_pods,odometry pods,1,1,194.85,194.85,drift,corridor,"Tight corridor, mixed deviation",3,0,3.8574,0,0
odometry_pods,odometry_pods,odometry pods,1,1,194.85,194.85,drift,corridor,"Tight corridor, mixed deviation",4,0,4.1141,0,0
odometry_pods,odometry_pods,odometry pods,1,1,194.85,194.85,drift,corridor,"Tight corridor, mixed deviation",5,0,8.3993,0,0
odometry_pods,odometry_pods,odometry pods,1,1,194.85,194.85,drift,corridor,"Tight corridor, mixed deviation",6,1,7.85,0,0
odometry_pods,odometry_pods,odometry pods,1,1,194.85,194.85,drift,corridor,"Tight corridor, mixed deviation",7,0,12.3769,0,0
odometry_pods,odometry_pods,odometry pods,1,1,194.85,194.85,drift,corridor,"Tight corridor, mixed deviation",8,0,6.8157,0,0
odometry_pods,odometry_pods,odometry pods,1,1,194.85,194.85,drift,corridor,"Tight corridor, mixed deviation",9,1,6.0999,0,0
odometry_pods,odometry_pods,odometry pods,1,1,194.85,194.85,drift,corridor,"Tight corridor, mixed deviation",10,1,6.9838,0,0
odometry_pods,odometry_pods,odometry pods,1,1,194.85,194.85,drift,corridor,"Tight corridor, mixed deviation",11,1,6.3649,0,0
odometry_pods,odometry_pods,odometry pods,1,1,194.85,194.85,drift,corridor,"Tight corridor, mixed deviation",12,0,8.2406,0,0
odometry_pods,odometry_pods,odometry pods,1,1,194.85,194.85,drift,corridor,"Tight corridor, mixed deviation",13,0,4.057,1,0
odometry_pods,odometry_pods,odometry pods,1,1,194.85,194.85,drift,corridor,"Tight corridor, mixed deviation",14,0,2.1229,0,0
odometry_pods,odometry_pods,odometry pods,1,1,194.85,194.85,drift,corridor,"Tight corridor, mixed deviation",15,0,6.3636,0,0
odometry_pods,odometry_pods,odometry pods,1,1,194.85,194.85,drift,corridor,"Tight corridor, mixed deviation",16,0,3.8796,1,0
odometry_pods,odometry_pods,odometry pods,1,1,194.85,194.85,drift,corridor,"Tight corridor, mixed deviation",17,0,2.5234,1,0
odometry_pods,odometry_pods,odometry pods,1,1,194.85,194.85,drift,corridor,"Tight corridor, mixed deviation",18,0,13.4326,0,0
odometry_pods,odometry_pods,odometry pods,1,1,194.85,194.85,drift,corridor,"Tight corridor, mixed deviation",19,0,2.3113,0,0
odometry_pods,odometry_pods,odometry pods,1,1,194.85,194.85,drift,corridor,"Tight corridor, mixed deviation",20,0,5.2174,1,0
odometry_pods,odometry_pods,odometry pods,1,1,194.85,194.85,drift,corridor,"Tight corridor, mixed deviation",21,0,4.0852,0,0
odometry_pods,odometry_pods,odometry pods,1,1,194.85,194.85,drift,corridor,"Tight corridor, mixed deviation",22,0,3.1917,0,0
odometry_pods,odometry_pods,odometry pods,1,1,194.85,194.85,drift,corridor,"Tight corridor, mixed deviation",23,0,3.6038,1,0
odometry_pods,odometry_pods,odometry pods,1,1,194.85,194.85,drift,corridor,"Tight corridor, mixed deviation",24,0,6.4541,1,0
distance_sensors,distance_sensors_3,3 ToF sensors,1,1,94.5,94.5,obstacle,pose_drift_match,Heavy pose drift (map also off),0,1,5.0954,0,0
distance_sensors,distance_sensors_3,3 ToF sensors,1,1,94.5,94.5,obstacle,pose_drift_match,Heavy pose drift (map also off),1,0,0.0,1,0
distance_sensors,distance_sensors_3,3 ToF sensors,1,1,94.5,94.5,obstacle,pose_drift_match,Heavy pose drift (map also off),2,0,0.0,1,0
distance_sensors,distance_sensors_3,3 ToF sensors,1,1,94.5,94.5,obstacle,pose_drift_match,Heavy pose drift (map also off),3,0,0.6005,1,0
distance_sensors,distance_sensors_3,3 ToF sensors,1,1,94.5,94.5,obstacle,pose_drift_match,Heavy pose drift (map also off),4,0,0.683,1,0
distance_sensors,distance_sensors_3,3 ToF sensors,1,1,94.5,94.5,obstacle,pose_drift_match,Heavy pose drift (map also off),5,0,1.5429,1,0
distance_sensors,distance_sensors_3,3 ToF sensors,1,1,94.5,94.5,obstacle,pose_drift_match,Heavy pose drift (map also off),6,0,1.4147,1,0
distance_sensors,distance_sensors_3,3 ToF sensors,1,1,94.5,94.5,obstacle,pose_drift_match,Heavy pose drift (map also off),7,0,1.3136,1,0
distance_sensors,distance_sensors_3,3 ToF sensors,1,1,94.5,94.5,obstacle,pose_drift_match,Heavy pose drift (map also off),8,0,1.4026,0,0
distance_sensors,distance_sensors_3,3 ToF sensors,1,1,94.5,94.5,obstacle,pose_drift_match,Heavy pose drift (map also off),9,0,0.0,1,0
distance_sensors,distance_sensors_3,3 ToF sensors,1,1,94.5,94.5,obstacle,pose_drift_match,Heavy pose drift (map also off),10,1,0.9016,0,0
distance_sensors,distance_sensors_3,3 ToF sensors,1,1,94.5,94.5,obstacle,pose_drift_match,Heavy pose drift (map also off),11,0,0.6762,1,0
distance_sensors,distance_sensors_3,3 ToF sensors,1,1,94.5,94.5,obstacle,pose_drift_match,Heavy pose drift (map also off),12,0,2.3856,0,0
distance_sensors,distance_sensors_3,3 ToF sensors,1,1,94.5,94.5,obstacle,pose_drift_match,Heavy pose drift (map also off),13,0,1.7345,0,0
distance_sensors,distance_sensors_3,3 ToF sensors,1,1,94.5,94.5,obstacle,pose_drift_match,Heavy pose drift (map also off),14,0,0.0,1,0
distance_sensors,distance_sensors_3,3 ToF sensors,1,1,94.5,94.5,obstacle,pose_drift_match,Heavy pose drift (map also off),15,0,5.3525,1,0
distance_sensors,distance_sensors_3,3 ToF sensors,1,1,94.5,94.5,obstacle,pose_drift_match,Heavy pose drift (map also off),16,0,0.0,1,0
distance_sensors,distance_sensors_3,3 ToF sensors,1,1,94.5,94.5,obstacle,pose_drift_match,Heavy pose drift (map also off),17,0,1.3933,1,0
distance_sensors,distance_sensors_3,3 ToF sensors,1,1,94.5,94.5,obstacle,pose_drift_match,Heavy pose drift (map also off),18,0,0.0,1,0
distance_sensors,distance_sensors_3,3 ToF sensors,1,1,94.5,94.5,obstacle,pose_drift_match,Heavy pose drift (map also off),19,0,0.0,1,0
distance_sensors,distance_sensors_3,3 ToF sensors,1,1,94.5,94.5,obstacle,pose_drift_match,Heavy pose drift (map also off),20,0,3.1691,1,0
distance_sensors,distance_sensors_3,3 ToF sensors,1,1,94.5,94.5,obstacle,pose_drift_match,Heavy pose drift (map also off),21,0,1.6876,1,0
distance_sensors,distance_sensors_3,3 ToF sensors,1,1,94.5,94.5,obstacle,pose_drift_match,Heavy pose drift (map also off),22,0,2.767,1,0
distance_sensors,distance_sensors_3,3 ToF sensors,1,1,94.5,94.5,obstacle,pose_drift_match,Heavy pose drift (map also off),23,0,1.967,1,0
distance_sensors,distance_sensors_3,3 ToF sensors,1,1,94.5,94.5,obstacle,pose_drift_match,Heavy pose drift (map also off),24,0,2.9539,1,0
distance_sensors,distance_sensors_3,3 ToF sensors,1,1,94.5,94.5,obstacle,map_error_match,Field doesn't match the map (also drifting),0,0,0.0,0,0
distance_sensors,distance_sensors_3,3 ToF sensors,1,1,94.5,94.5,obstacle,map_error_match,Field doesn't match the map (also drifting),1,0,2.4008,1,0
distance_sensors,distance_sensors_3,3 ToF sensors,1,1,94.5,94.5,obstacle,map_error_match,Field doesn't match the map (also drifting),2,0,0.0,1,0
distance_sensors,distance_sensors_3,3 ToF sensors,1,1,94.5,94.5,obstacle,map_error_match,Field doesn't match the map (also drifting),3,0,0.0,1,0
distance_sensors,distance_sensors_3,3 ToF sensors,1,1,94.5,94.5,obstacle,map_error_match,Field doesn't match the map (also drifting),4,0,1.6834,1,0
distance_sensors,distance_sensors_3,3 ToF sensors,1,1,94.5,94.5,obstacle,map_error_match,Field doesn't match the map (also drifting),5,0,1.5328,1,0
distance_sensors,distance_sensors_3,3 ToF sensors,1,1,94.5,94.5,obstacle,map_error_match,Field doesn't match the map (also drifting),6,0,1.3523,1,0
distance_sensors,distance_sensors_3,3 ToF sensors,1,1,94.5,94.5,obstacle,map_error_match,Field doesn't match the map (also drifting),7,0,1.931,1,0
distance_sensors,distance_sensors_3,3 ToF sensors,1,1,94.5,94.5,obstacle,map_error_match,Field doesn't match the map (also drifting),8,0,1.4704,0,0
distance_sensors,distance_sensors_3,3 ToF sensors,1,1,94.5,94.5,obstacle,map_error_match,Field doesn't match the map (also drifting),9,0,8.2245,0,0
distance_sensors,distance_sensors_3,3 ToF sensors,1,1,94.5,94.5,obstacle,map_error_match,Field doesn't match the map (also drifting),10,0,1.885,0,0
distance_sensors,distance_sensors_3,3 ToF sensors,1,1,94.5,94.5,obstacle,map_error_match,Field doesn't match the map (also drifting),11,0,0.6508,1,0
distance_sensors,distance_sensors_3,3 ToF sensors,1,1,94.5,94.5,obstacle,map_error_match,Field doesn't match the map (also drifting),12,0,2.3856,0,0
distance_sensors,distance_sensors_3,3 ToF sensors,1,1,94.5,94.5,obstacle,map_error_match,Field doesn't match the map (also drifting),13,0,1.7874,0,0
distance_sensors,distance_sensors_3,3 ToF sensors,1,1,94.5,94.5,obstacle,map_error_match,Field doesn't match the map (also drifting),14,0,0.0,1,0
distance_sensors,distance_sensors_3,3 ToF sensors,1,1,94.5,94.5,obstacle,map_error_match,Field doesn't match the map (also drifting),15,0,1.9058,0,0
distance_sensors,distance_sensors_3,3 ToF sensors,1,1,94.5,94.5,obstacle,map_error_match,Field doesn't match the map (also drifting),16,0,0.0,0,0
distance_sensors,distance_sensors_3,3 ToF sensors,1,1,94.5,94.5,obstacle,map_error_match,Field doesn't match the map (also drifting),17,0,0.525,1,0
distance_sensors,distance_sensors_3,3 ToF sensors,1,1,94.5,94.5,obstacle,map_error_match,Field doesn't match the map (also drifting),18,0,2.1879,1,0
distance_sensors,distance_sensors_3,3 ToF sensors,1,1,94.5,94.5,obstacle,map_error_match,Field doesn't match the map (also drifting),19,0,0.0,1,0
distance_sensors,distance_sensors_3,3 ToF sensors,1,1,94.5,94.5,obstacle,map_error_match,Field doesn't match the map (also drifting),20,0,0.0,1,0
distance_sensors,distance_sensors_3,3 ToF sensors,1,1,94.5,94.5,obstacle,map_error_match,Field doesn't match the map (also drifting),21,0,0.5396,0,0
distance_sensors,distance_sensors_3,3 ToF sensors,1,1,94.5,94.5,obstacle,map_error_match,Field doesn't match the map (also drifting),22,0,0.0,1,0
distance_sensors,distance_sensors_3,3 ToF sensors,1,1,94.5,94.5,obstacle,map_error_match,Field doesn't match the map (also drifting),23,0,1.9586,1,0
distance_sensors,distance_sensors_3,3 ToF sensors,1,1,94.5,94.5,obstacle,map_error_match,Field doesn't match the map (also drifting),24,0,2.48,1,0
distance_sensors,distance_sensors_3,3 ToF sensors,1,1,94.5,94.5,obstacle,opponent_match,Opponent parks in the route (also drifting),0,0,0.0,0,0
distance_sensors,distance_sensors_3,3 ToF sensors,1,1,94.5,94.5,obstacle,opponent_match,Opponent parks in the route (also drifting),1,0,2.457,1,0
distance_sensors,distance_sensors_3,3 ToF sensors,1,1,94.5,94.5,obstacle,opponent_match,Opponent parks in the route (also drifting),2,0,0.0,1,0
distance_sensors,distance_sensors_3,3 ToF sensors,1,1,94.5,94.5,obstacle,opponent_match,Opponent parks in the route (also drifting),3,0,0.6005,1,0
distance_sensors,distance_sensors_3,3 ToF sensors,1,1,94.5,94.5,obstacle,opponent_match,Opponent parks in the route (also drifting),4,0,0.668,1,0
distance_sensors,distance_sensors_3,3 ToF sensors,1,1,94.5,94.5,obstacle,opponent_match,Opponent parks in the route (also drifting),5,0,1.1436,1,0
distance_sensors,distance_sensors_3,3 ToF sensors,1,1,94.5,94.5,obstacle,opponent_match,Opponent parks in the route (also drifting),6,1,2.735,0,0
distance_sensors,distance_sensors_3,3 ToF sensors,1,1,94.5,94.5,obstacle,opponent_match,Opponent parks in the route (also drifting),7,0,1.9273,1,0
distance_sensors,distance_sensors_3,3 ToF sensors,1,1,94.5,94.5,obstacle,opponent_match,Opponent parks in the route (also drifting),8,0,1.3523,0,0
distance_sensors,distance_sensors_3,3 ToF sensors,1,1,94.5,94.5,obstacle,opponent_match,Opponent parks in the route (also drifting),9,0,3.2402,1,0
distance_sensors,distance_sensors_3,3 ToF sensors,1,1,94.5,94.5,obstacle,opponent_match,Opponent parks in the route (also drifting),10,0,2.5737,0,0
distance_sensors,distance_sensors_3,3 ToF sensors,1,1,94.5,94.5,obstacle,opponent_match,Opponent parks in the route (also drifting),11,0,1.4087,0,0
distance_sensors,distance_sensors_3,3 ToF sensors,1,1,94.5,94.5,obstacle,opponent_match,Opponent parks in the route (also drifting),12,0,2.3039,0,0
distance_sensors,distance_sensors_3,3 ToF sensors,1,1,94.5,94.5,obstacle,opponent_match,Opponent parks in the route (also drifting),13,0,0.9016,1,0
distance_sensors,distance_sensors_3,3 ToF sensors,1,1,94.5,94.5,obstacle,opponent_match,Opponent parks in the route (also drifting),14,0,0.0,1,0
distance_sensors,distance_sensors_3,3 ToF sensors,1,1,94.5,94.5,obstacle,opponent_match,Opponent parks in the route (also drifting),15,0,2.6531,0,0
distance_sensors,distance_sensors_3,3 ToF sensors,1,1,94.5,94.5,obstacle,opponent_match,Opponent parks in the route (also drifting),16,0,2.4086,1,0
distance_sensors,distance_sensors_3,3 ToF sensors,1,1,94.5,94.5,obstacle,opponent_match,Opponent parks in the route (also drifting),17,0,7.0562,0,0
distance_sensors,distance_sensors_3,3 ToF sensors,1,1,94.5,94.5,obstacle,opponent_match,Opponent parks in the route (also drifting),18,0,2.1879,1,0
distance_sensors,distance_sensors_3,3 ToF sensors,1,1,94.5,94.5,obstacle,opponent_match,Opponent parks in the route (also drifting),19,0,0.0,1,0
distance_sensors,distance_sensors_3,3 ToF sensors,1,1,94.5,94.5,obstacle,opponent_match,Opponent parks in the route (also drifting),20,0,2.8805,1,0
distance_sensors,distance_sensors_3,3 ToF sensors,1,1,94.5,94.5,obstacle,opponent_match,Opponent parks in the route (also drifting),21,0,1.4385,1,0
distance_sensors,distance_sensors_3,3 ToF sensors,1,1,94.5,94.5,obstacle,opponent_match,Opponent parks in the route (also drifting),22,0,7.7057,1,0
distance_sensors,distance_sensors_3,3 ToF sensors,1,1,94.5,94.5,obstacle,opponent_match,Opponent parks in the route (also drifting),23,0,1.9586,1,0
distance_sensors,distance_sensors_3,3 ToF sensors,1,1,94.5,94.5,obstacle,opponent_match,Opponent parks in the route (also drifting),24,0,0.0,1,0
distance_sensors,distance_sensors_3,3 ToF sensors,1,1,94.5,94.5,obstacle,combined_match,Everything at once (match-realistic mix),0,0,0.0,0,0
distance_sensors,distance_sensors_3,3 ToF sensors,1,1,94.5,94.5,obstacle,combined_match,Everything at once (match-realistic mix),1,0,2.4008,1,0
distance_sensors,distance_sensors_3,3 ToF sensors,1,1,94.5,94.5,obstacle,combined_match,Everything at once (match-realistic mix),2,0,1.915,1,0
distance_sensors,distance_sensors_3,3 ToF sensors,1,1,94.5,94.5,obstacle,combined_match,Everything at once (match-realistic mix),3,0,0.6691,1,0
distance_sensors,distance_sensors_3,3 ToF sensors,1,1,94.5,94.5,obstacle,combined_match,Everything at once (match-realistic mix),4,0,0.668,1,0
distance_sensors,distance_sensors_3,3 ToF sensors,1,1,94.5,94.5,obstacle,combined_match,Everything at once (match-realistic mix),5,0,1.132,1,0
distance_sensors,distance_sensors_3,3 ToF sensors,1,1,94.5,94.5,obstacle,combined_match,Everything at once (match-realistic mix),6,0,1.3523,1,0
distance_sensors,distance_sensors_3,3 ToF sensors,1,1,94.5,94.5,obstacle,combined_match,Everything at once (match-realistic mix),7,0,1.931,1,0
distance_sensors,distance_sensors_3,3 ToF sensors,1,1,94.5,94.5,obstacle,combined_match,Everything at once (match-realistic mix),8,0,1.4704,0,0
distance_sensors,distance_sensors_3,3 ToF sensors,1,1,94.5,94.5,obstacle,combined_match,Everything at once (match-realistic mix),9,0,8.2245,0,0
distance_sensors,distance_sensors_3,3 ToF sensors,1,1,94.5,94.5,obstacle,combined_match,Everything at once (match-realistic mix),10,0,1.8534,0,0
distance_sensors,distance_sensors_3,3 ToF sensors,1,1,94.5,94.5,obstacle,combined_match,Everything at once (match-realistic mix),11,0,0.6642,1,0
distance_sensors,distance_sensors_3,3 ToF sensors,1,1,94.5,94.5,obstacle,combined_match,Everything at once (match-realistic mix),12,0,2.3856,0,0
distance_sensors,distance_sensors_3,3 ToF sensors,1,1,94.5,94.5,obstacle,combined_match,Everything at once (match-realistic mix),13,0,1.7874,0,0
distance_sensors,distance_sensors_3,3 ToF sensors,1,1,94.5,94.5,obstacle,combined_match,Everything at once (match-realistic mix),14,0,0.0,1,0
distance_sensors,distance_sensors_3,3 ToF sensors,1,1,94.5,94.5,obstacle,combined_match,Everything at once (match-realistic mix),15,0,2.6531,0,0
distance_sensors,distance_sensors_3,3 ToF sensors,1,1,94.5,94.5,obstacle,combined_match,Everything at once (match-realistic mix),16,0,0.0,0,0
distance_sensors,distance_sensors_3,3 ToF sensors,1,1,94.5,94.5,obstacle,combined_match,Everything at once (match-realistic mix),17,0,0.525,1,0
distance_sensors,distance_sensors_3,3 ToF sensors,1,1,94.5,94.5,obstacle,combined_match,Everything at once (match-realistic mix),18,0,2.1879,1,0
distance_sensors,distance_sensors_3,3 ToF sensors,1,1,94.5,94.5,obstacle,combined_match,Everything at once (match-realistic mix),19,0,0.0,1,0
distance_sensors,distance_sensors_3,3 ToF sensors,1,1,94.5,94.5,obstacle,combined_match,Everything at once (match-realistic mix),20,0,0.0,1,0
distance_sensors,distance_sensors_3,3 ToF sensors,1,1,94.5,94.5,obstacle,combined_match,Everything at once (match-realistic mix),21,0,0.5396,0,0
distance_sensors,distance_sensors_3,3 ToF sensors,1,1,94.5,94.5,obstacle,combined_match,Everything at once (match-realistic mix),22,0,0.0,1,0
distance_sensors,distance_sensors_3,3 ToF sensors,1,1,94.5,94.5,obstacle,combined_match,Everything at once (match-realistic mix),23,0,1.9586,1,0
distance_sensors,distance_sensors_3,3 ToF sensors,1,1,94.5,94.5,obstacle,combined_match,Everything at once (match-realistic mix),24,0,2.48,1,0
distance_sensors,distance_sensors_3,3 ToF sensors,1,1,94.5,94.5,obstacle,corridor,"Tight corridor, mixed deviation",0,0,6.5962,0,0
distance_sensors,distance_sensors_3,3 ToF sensors,1,1,94.5,94.5,obstacle,corridor,"Tight corridor, mixed deviation",1,0,5.0387,0,0
distance_sensors,distance_sensors_3,3 ToF sensors,1,1,94.5,94.5,obstacle,corridor,"Tight corridor, mixed deviation",2,0,0.0,1,0
distance_sensors,distance_sensors_3,3 ToF sensors,1,1,94.5,94.5,obstacle,corridor,"Tight corridor, mixed deviation",3,0,3.4574,0,0
distance_sensors,distance_sensors_3,3 ToF sensors,1,1,94.5,94.5,obstacle,corridor,"Tight corridor, mixed deviation",4,0,3.9141,0,0
distance_sensors,distance_sensors_3,3 ToF sensors,1,1,94.5,94.5,obstacle,corridor,"Tight corridor, mixed deviation",5,0,8.6192,0,0
distance_sensors,distance_sensors_3,3 ToF sensors,1,1,94.5,94.5,obstacle,corridor,"Tight corridor, mixed deviation",6,0,8.5475,0,0
distance_sensors,distance_sensors_3,3 ToF sensors,1,1,94.5,94.5,obstacle,corridor,"Tight corridor, mixed deviation",7,0,4.0555,1,0
distance_sensors,distance_sensors_3,3 ToF sensors,1,1,94.5,94.5,obstacle,corridor,"Tight corridor, mixed deviation",8,0,4.7837,1,0
distance_sensors,distance_sensors_3,3 ToF sensors,1,1,94.5,94.5,obstacle,corridor,"Tight corridor, mixed deviation",9,0,0.5951,1,0
distance_sensors,distance_sensors_3,3 ToF sensors,1,1,94.5,94.5,obstacle,corridor,"Tight corridor, mixed deviation",10,0,5.4258,1,0
distance_sensors,distance_sensors_3,3 ToF sensors,1,1,94.5,94.5,obstacle,corridor,"Tight corridor, mixed deviation",11,0,0.9711,0,0
distance_sensors,distance_sensors_3,3 ToF sensors,1,1,94.5,94.5,obstacle,corridor,"Tight corridor, mixed deviation",12,0,4.1805,1,0
distance_sensors,distance_sensors_3,3 ToF sensors,1,1,94.5,94.5,obstacle,corridor,"Tight corridor, mixed deviation",13,0,5.4438,0,0
distance_sensors,distance_sensors_3,3 ToF sensors,1,1,94.5,94.5,obstacle,corridor,"Tight corridor, mixed deviation",14,0,1.3523,0,0
distance_sensors,distance_sensors_3,3 ToF sensors,1,1,94.5,94.5,obstacle,corridor,"Tight corridor, mixed deviation",15,0,6.1636,0,0
distance_sensors,distance_sensors_3,3 ToF sensors,1,1,94.5,94.5,obstacle,corridor,"Tight corridor, mixed deviation",16,0,1.7265,1,0
distance_sensors,distance_sensors_3,3 ToF sensors,1,1,94.5,94.5,obstacle,corridor,"Tight corridor, mixed deviation",17,0,3.6108,0,0
distance_sensors,distance_sensors_3,3 ToF sensors,1,1,94.5,94.5,obstacle,corridor,"Tight corridor, mixed deviation",18,0,3.4936,1,0
distance_sensors,distance_sensors_3,3 ToF sensors,1,1,94.5,94.5,obstacle,corridor,"Tight corridor, mixed deviation",19,0,2.2361,0,0
distance_sensors,distance_sensors_3,3 ToF sensors,1,1,94.5,94.5,obstacle,corridor,"Tight corridor, mixed deviation",20,0,5.434,1,0
distance_sensors,distance_sensors_3,3 ToF sensors,1,1,94.5,94.5,obstacle,corridor,"Tight corridor, mixed deviation",21,1,4.5705,0,0
distance_sensors,distance_sensors_3,3 ToF sensors,1,1,94.5,94.5,obstacle,corridor,"Tight corridor, mixed deviation",22,0,3.3917,0,0
distance_sensors,distance_sensors_3,3 ToF sensors,1,1,94.5,94.5,obstacle,corridor,"Tight corridor, mixed deviation",23,0,0.0,0,0
distance_sensors,distance_sensors_3,3 ToF sensors,1,1,94.5,94.5,obstacle,corridor,"Tight corridor, mixed deviation",24,0,0.0,0,0
apriltag,camera_front,front camera,1,1,25.0,25.0,pose,pose_drift_match,Heavy pose drift (map also off),0,0,0.683,1,0
apriltag,camera_front,front camera,1,1,25.0,25.0,pose,pose_drift_match,Heavy pose drift (map also off),1,0,0.0,1,0
apriltag,camera_front,front camera,1,1,25.0,25.0,pose,pose_drift_match,Heavy pose drift (map also off),2,0,4.2881,1,0
apriltag,camera_front,front camera,1,1,25.0,25.0,pose,pose_drift_match,Heavy pose drift (map also off),3,0,1.1518,1,0
apriltag,camera_front,front camera,1,1,25.0,25.0,pose,pose_drift_match,Heavy pose drift (map also off),4,0,2.5508,1,0
apriltag,camera_front,front camera,1,1,25.0,25.0,pose,pose_drift_match,Heavy pose drift (map also off),5,0,8.9563,1,0
apriltag,camera_front,front camera,1,1,25.0,25.0,pose,pose_drift_match,Heavy pose drift (map also off),6,0,1.95,1,0
apriltag,camera_front,front camera,1,1,25.0,25.0,pose,pose_drift_match,Heavy pose drift (map also off),7,0,0.8887,1,0
apriltag,camera_front,front camera,1,1,25.0,25.0,pose,pose_drift_match,Heavy pose drift (map also off),8,1,2.9394,0,0
apriltag,camera_front,front camera,1,1,25.0,25.0,pose,pose_drift_match,Heavy pose drift (map also off),9,0,0.4508,1,0
apriltag,camera_front,front camera,1,1,25.0,25.0,pose,pose_drift_match,Heavy pose drift (map also off),10,1,0.9016,0,0
apriltag,camera_front,front camera,1,1,25.0,25.0,pose,pose_drift_match,Heavy pose drift (map also off),11,0,0.0,1,0
apriltag,camera_front,front camera,1,1,25.0,25.0,pose,pose_drift_match,Heavy pose drift (map also off),12,0,7.7506,1,0
apriltag,camera_front,front camera,1,1,25.0,25.0,pose,pose_drift_match,Heavy pose drift (map also off),13,0,1.7345,0,0
apriltag,camera_front,front camera,1,1,25.0,25.0,pose,pose_drift_match,Heavy pose drift (map also off),14,1,3.9542,0,0
apriltag,camera_front,front camera,1,1,25.0,25.0,pose,pose_drift_match,Heavy pose drift (map also off),15,0,0.8896,1,0
apriltag,camera_front,front camera,1,1,25.0,25.0,pose,pose_drift_match,Heavy pose drift (map also off),16,0,7.1456,1,0
apriltag,camera_front,front camera,1,1,25.0,25.0,pose,pose_drift_match,Heavy pose drift (map also off),17,0,1.4588,1,0
apriltag,camera_front,front camera,1,1,25.0,25.0,pose,pose_drift_match,Heavy pose drift (map also off),18,0,0.0,1,0
apriltag,camera_front,front camera,1,1,25.0,25.0,pose,pose_drift_match,Heavy pose drift (map also off),19,0,4.4657,1,0
apriltag,camera_front,front camera,1,1,25.0,25.0,pose,pose_drift_match,Heavy pose drift (map also off),20,0,3.1191,1,0
apriltag,camera_front,front camera,1,1,25.0,25.0,pose,pose_drift_match,Heavy pose drift (map also off),21,0,2.509,1,0
apriltag,camera_front,front camera,1,1,25.0,25.0,pose,pose_drift_match,Heavy pose drift (map also off),22,0,0.0,1,0
apriltag,camera_front,front camera,1,1,25.0,25.0,pose,pose_drift_match,Heavy pose drift (map also off),23,0,1.967,1,0
apriltag,camera_front,front camera,1,1,25.0,25.0,pose,pose_drift_match,Heavy pose drift (map also off),24,0,2.7892,1,0
apriltag,camera_front,front camera,1,1,25.0,25.0,pose,map_error_match,Field doesn't match the map (also drifting),0,1,3.9052,0,0
apriltag,camera_front,front camera,1,1,25.0,25.0,pose,map_error_match,Field doesn't match the map (also drifting),1,0,0.0,1,0
apriltag,camera_front,front camera,1,1,25.0,25.0,pose,map_error_match,Field doesn't match the map (also drifting),2,0,2.9748,1,0
apriltag,camera_front,front camera,1,1,25.0,25.0,pose,map_error_match,Field doesn't match the map (also drifting),3,0,1.1278,1,0
apriltag,camera_front,front camera,1,1,25.0,25.0,pose,map_error_match,Field doesn't match the map (also drifting),4,0,4.7881,1,0
apriltag,camera_front,front camera,1,1,25.0,25.0,pose,map_error_match,Field doesn't match the map (also drifting),5,0,2.0727,1,0
apriltag,camera_front,front camera,1,1,25.0,25.0,pose,map_error_match,Field doesn't match the map (also drifting),6,0,1.3523,1,0
apriltag,camera_front,front camera,1,1,25.0,25.0,pose,map_error_match,Field doesn't match the map (also drifting),7,0,7.9431,1,0
apriltag,camera_front,front camera,1,1,25.0,25.0,pose,map_error_match,Field doesn't match the map (also drifting),8,0,1.4704,0,0
apriltag,camera_front,front camera,1,1,25.0,25.0,pose,map_error_match,Field doesn't match the map (also drifting),9,1,6.9097,0,0
apriltag,camera_front,front camera,1,1,25.0,25.0,pose,map_error_match,Field doesn't match the map (also drifting),10,0,1.885,0,0
apriltag,camera_front,front camera,1,1,25.0,25.0,pose,map_error_match,Field doesn't match the map (also drifting),11,0,5.9151,1,0
apriltag,camera_front,front camera,1,1,25.0,25.0,pose,map_error_match,Field doesn't match the map (also drifting),12,0,7.7506,1,0
apriltag,camera_front,front camera,1,1,25.0,25.0,pose,map_error_match,Field doesn't match the map (also drifting),13,0,1.7874,0,0
apriltag,camera_front,front camera,1,1,25.0,25.0,pose,map_error_match,Field doesn't match the map (also drifting),14,0,4.0884,0,0
apriltag,camera_front,front camera,1,1,25.0,25.0,pose,map_error_match,Field doesn't match the map (also drifting),15,0,5.6965,1,0
apriltag,camera_front,front camera,1,1,25.0,25.0,pose,map_error_match,Field doesn't match the map (also drifting),16,0,0.7216,1,0
apriltag,camera_front,front camera,1,1,25.0,25.0,pose,map_error_match,Field doesn't match the map (also drifting),17,0,1.4266,1,0
apriltag,camera_front,front camera,1,1,25.0,25.0,pose,map_error_match,Field doesn't match the map (also drifting),18,0,1.2371,1,0
apriltag,camera_front,front camera,1,1,25.0,25.0,pose,map_error_match,Field doesn't match the map (also drifting),19,0,5.0689,1,0
apriltag,camera_front,front camera,1,1,25.0,25.0,pose,map_error_match,Field doesn't match the map (also drifting),20,0,0.0,1,0
apriltag,camera_front,front camera,1,1,25.0,25.0,pose,map_error_match,Field doesn't match the map (also drifting),21,0,0.7749,1,0
apriltag,camera_front,front camera,1,1,25.0,25.0,pose,map_error_match,Field doesn't match the map (also drifting),22,0,1.7197,1,0
apriltag,camera_front,front camera,1,1,25.0,25.0,pose,map_error_match,Field doesn't match the map (also drifting),23,0,1.9586,1,0
apriltag,camera_front,front camera,1,1,25.0,25.0,pose,map_error_match,Field doesn't match the map (also drifting),24,0,3.0123,1,0
apriltag,camera_front,front camera,1,1,25.0,25.0,pose,opponent_match,Opponent parks in the route (also drifting),0,1,3.8546,0,0
apriltag,camera_front,front camera,1,1,25.0,25.0,pose,opponent_match,Opponent parks in the route (also drifting),1,0,2.9508,1,0
apriltag,camera_front,front camera,1,1,25.0,25.0,pose,opponent_match,Opponent parks in the route (also drifting),2,0,2.9748,1,0
apriltag,camera_front,front camera,1,1,25.0,25.0,pose,opponent_match,Opponent parks in the route (also drifting),3,0,1.1518,1,0
apriltag,camera_front,front camera,1,1,25.0,25.0,pose,opponent_match,Opponent parks in the route (also drifting),4,0,2.9866,1,0
apriltag,camera_front,front camera,1,1,25.0,25.0,pose,opponent_match,Opponent parks in the route (also drifting),5,0,2.0452,1,0
apriltag,camera_front,front camera,1,1,25.0,25.0,pose,opponent_match,Opponent parks in the route (also drifting),6,0,0.5327,1,0
apriltag,camera_front,front camera,1,1,25.0,25.0,pose,opponent_match,Opponent parks in the route (also drifting),7,0,4.8297,1,0
apriltag,camera_front,front camera,1,1,25.0,25.0,pose,opponent_match,Opponent parks in the route (also drifting),8,1,1.9031,0,0
apriltag,camera_front,front camera,1,1,25.0,25.0,pose,opponent_match,Opponent parks in the route (also drifting),9,0,3.691,1,0
apriltag,camera_front,front camera,1,1,25.0,25.0,pose,opponent_match,Opponent parks in the route (also drifting),10,0,0.4508,1,0
apriltag,camera_front,front camera,1,1,25.0,25.0,pose,opponent_match,Opponent parks in the route (also drifting),11,0,5.0425,1,0
apriltag,camera_front,front camera,1,1,25.0,25.0,pose,opponent_match,Opponent parks in the route (also drifting),12,0,4.5078,1,0
apriltag,camera_front,front camera,1,1,25.0,25.0,pose,opponent_match,Opponent parks in the route (also drifting),13,0,0.9016,1,0
apriltag,camera_front,front camera,1,1,25.0,25.0,pose,opponent_match,Opponent parks in the route (also drifting),14,0,1.0734,1,0
apriltag,camera_front,front camera,1,1,25.0,25.0,pose,opponent_match,Opponent parks in the route (also drifting),15,0,6.8652,1,0
apriltag,camera_front,front camera,1,1,25.0,25.0,pose,opponent_match,Opponent parks in the route (also drifting),16,0,4.0719,1,0
apriltag,camera_front,front camera,1,1,25.0,25.0,pose,opponent_match,Opponent parks in the route (also drifting),17,0,8.6143,1,0
apriltag,camera_front,front camera,1,1,25.0,25.0,pose,opponent_match,Opponent parks in the route (also drifting),18,0,1.2371,1,0
apriltag,camera_front,front camera,1,1,25.0,25.0,pose,opponent_match,Opponent parks in the route (also drifting),19,0,2.6281,1,0
apriltag,camera_front,front camera,1,1,25.0,25.0,pose,opponent_match,Opponent parks in the route (also drifting),20,0,3.0986,1,0
apriltag,camera_front,front camera,1,1,25.0,25.0,pose,opponent_match,Opponent parks in the route (also drifting),21,0,0.7722,1,0
apriltag,camera_front,front camera,1,1,25.0,25.0,pose,opponent_match,Opponent parks in the route (also drifting),22,1,9.1361,0,0
apriltag,camera_front,front camera,1,1,25.0,25.0,pose,opponent_match,Opponent parks in the route (also drifting),23,0,1.9586,1,0
apriltag,camera_front,front camera,1,1,25.0,25.0,pose,opponent_match,Opponent parks in the route (also drifting),24,0,1.4492,1,0
apriltag,camera_front,front camera,1,1,25.0,25.0,pose,combined_match,Everything at once (match-realistic mix),0,1,3.9052,0,0
apriltag,camera_front,front camera,1,1,25.0,25.0,pose,combined_match,Everything at once (match-realistic mix),1,0,0.0,1,0
apriltag,camera_front,front camera,1,1,25.0,25.0,pose,combined_match,Everything at once (match-realistic mix),2,0,1.1889,1,0
apriltag,camera_front,front camera,1,1,25.0,25.0,pose,combined_match,Everything at once (match-realistic mix),3,0,1.8693,1,0
apriltag,camera_front,front camera,1,1,25.0,25.0,pose,combined_match,Everything at once (match-realistic mix),4,0,2.9866,1,0
apriltag,camera_front,front camera,1,1,25.0,25.0,pose,combined_match,Everything at once (match-realistic mix),5,0,4.3219,1,0
apriltag,camera_front,front camera,1,1,25.0,25.0,pose,combined_match,Everything at once (match-realistic mix),6,0,1.3523,1,0
apriltag,camera_front,front camera,1,1,25.0,25.0,pose,combined_match,Everything at once (match-realistic mix),7,0,7.9431,1,0
apriltag,camera_front,front camera,1,1,25.0,25.0,pose,combined_match,Everything at once (match-realistic mix),8,0,1.4704,0,0
apriltag,camera_front,front camera,1,1,25.0,25.0,pose,combined_match,Everything at once (match-realistic mix),9,0,6.1736,1,0
apriltag,camera_front,front camera,1,1,25.0,25.0,pose,combined_match,Everything at once (match-realistic mix),10,0,1.8534,0,0
apriltag,camera_front,front camera,1,1,25.0,25.0,pose,combined_match,Everything at once (match-realistic mix),11,0,0.0,1,0
apriltag,camera_front,front camera,1,1,25.0,25.0,pose,combined_match,Everything at once (match-realistic mix),12,0,7.7506,1,0
apriltag,camera_front,front camera,1,1,25.0,25.0,pose,combined_match,Everything at once (match-realistic mix),13,0,1.7874,0,0
apriltag,camera_front,front camera,1,1,25.0,25.0,pose,combined_match,Everything at once (match-realistic mix),14,1,3.9542,0,0
apriltag,camera_front,front camera,1,1,25.0,25.0,pose,combined_match,Everything at once (match-realistic mix),15,0,3.59,1,0
apriltag,camera_front,front camera,1,1,25.0,25.0,pose,combined_match,Everything at once (match-realistic mix),16,0,0.7216,1,0
apriltag,camera_front,front camera,1,1,25.0,25.0,pose,combined_match,Everything at once (match-realistic mix),17,0,1.4266,1,0
apriltag,camera_front,front camera,1,1,25.0,25.0,pose,combined_match,Everything at once (match-realistic mix),18,0,1.2371,1,0
apriltag,camera_front,front camera,1,1,25.0,25.0,pose,combined_match,Everything at once (match-realistic mix),19,0,10.3385,0,0
apriltag,camera_front,front camera,1,1,25.0,25.0,pose,combined_match,Everything at once (match-realistic mix),20,0,0.0,1,0
apriltag,camera_front,front camera,1,1,25.0,25.0,pose,combined_match,Everything at once (match-realistic mix),21,0,0.7749,1,0
apriltag,camera_front,front camera,1,1,25.0,25.0,pose,combined_match,Everything at once (match-realistic mix),22,0,1.7197,1,0
apriltag,camera_front,front camera,1,1,25.0,25.0,pose,combined_match,Everything at once (match-realistic mix),23,0,1.9586,1,0
apriltag,camera_front,front camera,1,1,25.0,25.0,pose,combined_match,Everything at once (match-realistic mix),24,0,3.0123,1,0
apriltag,camera_front,front camera,1,1,25.0,25.0,pose,corridor,"Tight corridor, mixed deviation",0,1,6.4234,0,0
apriltag,camera_front,front camera,1,1,25.0,25.0,pose,corridor,"Tight corridor, mixed deviation",1,0,4.6682,0,0
apriltag,camera_front,front camera,1,1,25.0,25.0,pose,corridor,"Tight corridor, mixed deviation",2,0,8.2378,1,0
apriltag,camera_front,front camera,1,1,25.0,25.0,pose,corridor,"Tight corridor, mixed deviation",3,0,1.3337,1,0
apriltag,camera_front,front camera,1,1,25.0,25.0,pose,corridor,"Tight corridor, mixed deviation",4,0,4.1141,0,0
apriltag,camera_front,front camera,1,1,25.0,25.0,pose,corridor,"Tight corridor, mixed deviation",5,1,8.264,0,0
apriltag,camera_front,front camera,1,1,25.0,25.0,pose,corridor,"Tight corridor, mixed deviation",6,1,8.1014,0,0
apriltag,camera_front,front camera,1,1,25.0,25.0,pose,corridor,"Tight corridor, mixed deviation",7,0,13.1435,1,0
apriltag,camera_front,front camera,1,1,25.0,25.0,pose,corridor,"Tight corridor, mixed deviation",8,1,7.7477,0,0
apriltag,camera_front,front camera,1,1,25.0,25.0,pose,corridor,"Tight corridor, mixed deviation",9,0,6.8198,0,0
apriltag,camera_front,front camera,1,1,25.0,25.0,pose,corridor,"Tight corridor, mixed deviation",10,1,6.8838,0,0
apriltag,camera_front,front camera,1,1,25.0,25.0,pose,corridor,"Tight corridor, mixed deviation",11,1,6.9149,0,0
apriltag,camera_front,front camera,1,1,25.0,25.0,pose,corridor,"Tight corridor, mixed deviation",12,1,8.7053,0,0
apriltag,camera_front,front camera,1,1,25.0,25.0,pose,corridor,"Tight corridor, mixed deviation",13,0,4.207,1,0
apriltag,camera_front,front camera,1,1,25.0,25.0,pose,corridor,"Tight corridor, mixed deviation",14,0,2.1229,0,0
apriltag,camera_front,front camera,1,1,25.0,25.0,pose,corridor,"Tight corridor, mixed deviation",15,1,7.4643,0,0
apriltag,camera_front,front camera,1,1,25.0,25.0,pose,corridor,"Tight corridor, mixed deviation",16,0,12.336,0,0
apriltag,camera_front,front camera,1,1,25.0,25.0,pose,corridor,"Tight corridor, mixed deviation",17,0,2.9448,0,0
apriltag,camera_front,front camera,1,1,25.0,25.0,pose,corridor,"Tight corridor, mixed deviation",18,0,13.4208,0,0
apriltag,camera_front,front camera,1,1,25.0,25.0,pose,corridor,"Tight corridor, mixed deviation",19,0,2.3113,0,0
apriltag,camera_front,front camera,1,1,25.0,25.0,pose,corridor,"Tight corridor, mixed deviation",20,0,8.4213,0,0
apriltag,camera_front,front camera,1,1,25.0,25.0,pose,corridor,"Tight corridor, mixed deviation",21,0,5.1558,0,0
apriltag,camera_front,front camera,1,1,25.0,25.0,pose,corridor,"Tight corridor, mixed deviation",22,0,3.1917,0,0
apriltag,camera_front,front camera,1,1,25.0,25.0,pose,corridor,"Tight corridor, mixed deviation",23,0,3.6038,1,0
apriltag,camera_front,front camera,1,1,25.0,25.0,pose,corridor,"Tight corridor, mixed deviation",24,1,7.2549,0,0
imu,imu,IMU,1,1,0.0,0.0,heading,pose_drift_match,Heavy pose drift (map also off),0,0,0.633,1,0
imu,imu,IMU,1,1,0.0,0.0,heading,pose_drift_match,Heavy pose drift (map also off),1,0,0.0,1,0
imu,imu,IMU,1,1,0.0,0.0,heading,pose_drift_match,Heavy pose drift (map also off),2,0,1.1835,1,0
imu,imu,IMU,1,1,0.0,0.0,heading,pose_drift_match,Heavy pose drift (map also off),3,0,1.1518,1,0
imu,imu,IMU,1,1,0.0,0.0,heading,pose_drift_match,Heavy pose drift (map also off),4,0,2.5508,1,0
imu,imu,IMU,1,1,0.0,0.0,heading,pose_drift_match,Heavy pose drift (map also off),5,0,2.0125,1,0
imu,imu,IMU,1,1,0.0,0.0,heading,pose_drift_match,Heavy pose drift (map also off),6,0,1.4147,1,0
imu,imu,IMU,1,1,0.0,0.0,heading,pose_drift_match,Heavy pose drift (map also off),7,0,0.8887,1,0
imu,imu,IMU,1,1,0.0,0.0,heading,pose_drift_match,Heavy pose drift (map also off),8,0,1.4026,0,0
imu,imu,IMU,1,1,0.0,0.0,heading,pose_drift_match,Heavy pose drift (map also off),9,0,0.4508,1,0
imu,imu,IMU,1,1,0.0,0.0,heading,pose_drift_match,Heavy pose drift (map also off),10,1,0.9016,0,0
imu,imu,IMU,1,1,0.0,0.0,heading,pose_drift_match,Heavy pose drift (map also off),11,0,0.0,1,0
imu,imu,IMU,1,1,0.0,0.0,heading,pose_drift_match,Heavy pose drift (map also off),12,0,7.7506,1,0
imu,imu,IMU,1,1,0.0,0.0,heading,pose_drift_match,Heavy pose drift (map also off),13,0,1.7345,0,0
imu,imu,IMU,1,1,0.0,0.0,heading,pose_drift_match,Heavy pose drift (map also off),14,1,3.9542,0,0
imu,imu,IMU,1,1,0.0,0.0,heading,pose_drift_match,Heavy pose drift (map also off),15,0,0.8896,1,0
imu,imu,IMU,1,1,0.0,0.0,heading,pose_drift_match,Heavy pose drift (map also off),16,0,0.6657,1,0
imu,imu,IMU,1,1,0.0,0.0,heading,pose_drift_match,Heavy pose drift (map also off),17,0,1.4588,1,0
imu,imu,IMU,1,1,0.0,0.0,heading,pose_drift_match,Heavy pose drift (map also off),18,0,0.0,1,0
imu,imu,IMU,1,1,0.0,0.0,heading,pose_drift_match,Heavy pose drift (map also off),19,0,1.6266,1,0
imu,imu,IMU,1,1,0.0,0.0,heading,pose_drift_match,Heavy pose drift (map also off),20,0,3.1191,1,0
imu,imu,IMU,1,1,0.0,0.0,heading,pose_drift_match,Heavy pose drift (map also off),21,0,2.459,1,0
imu,imu,IMU,1,1,0.0,0.0,heading,pose_drift_match,Heavy pose drift (map also off),22,0,0.0,1,0
imu,imu,IMU,1,1,0.0,0.0,heading,pose_drift_match,Heavy pose drift (map also off),23,0,1.967,1,0
imu,imu,IMU,1,1,0.0,0.0,heading,pose_drift_match,Heavy pose drift (map also off),24,0,1.1016,1,0
imu,imu,IMU,1,1,0.0,0.0,heading,map_error_match,Field doesn't match the map (also drifting),0,1,3.6552,0,0
imu,imu,IMU,1,1,0.0,0.0,heading,map_error_match,Field doesn't match the map (also drifting),1,0,0.0,1,0
imu,imu,IMU,1,1,0.0,0.0,heading,map_error_match,Field doesn't match the map (also drifting),2,0,1.1724,1,0
imu,imu,IMU,1,1,0.0,0.0,heading,map_error_match,Field doesn't match the map (also drifting),3,0,1.1278,1,0
imu,imu,IMU,1,1,0.0,0.0,heading,map_error_match,Field doesn't match the map (also drifting),4,0,4.7881,1,0
imu,imu,IMU,1,1,0.0,0.0,heading,map_error_match,Field doesn't match the map (also drifting),5,0,2.0227,1,0
imu,imu,IMU,1,1,0.0,0.0,heading,map_error_match,Field doesn't match the map (also drifting),6,0,1.3523,1,0
imu,imu,IMU,1,1,0.0,0.0,heading,map_error_match,Field doesn't match the map (also drifting),7,0,7.9431,1,0
imu,imu,IMU,1,1,0.0,0.0,heading,map_error_match,Field doesn't match the map (also drifting),8,0,1.4704,0,0
imu,imu,IMU,1,1,0.0,0.0,heading,map_error_match,Field doesn't match the map (also drifting),9,1,6.9097,0,0
imu,imu,IMU,1,1,0.0,0.0,heading,map_error_match,Field doesn't match the map (also drifting),10,0,1.885,0,0
imu,imu,IMU,1,1,0.0,0.0,heading,map_error_match,Field doesn't match the map (also drifting),11,0,5.0143,1,0
imu,imu,IMU,1,1,0.0,0.0,heading,map_error_match,Field doesn't match the map (also drifting),12,0,7.7506,1,0
imu,imu,IMU,1,1,0.0,0.0,heading,map_error_match,Field doesn't match the map (also drifting),13,0,1.7874,0,0
imu,imu,IMU,1,1,0.0,0.0,heading,map_error_match,Field doesn't match the map (also drifting),14,0,3.9884,0,0
imu,imu,IMU,1,1,0.0,0.0,heading,map_error_match,Field doesn't match the map (also drifting),15,0,5.6965,1,0
imu,imu,IMU,1,1,0.0,0.0,heading,map_error_match,Field doesn't match the map (also drifting),16,0,0.7216,1,0
imu,imu,IMU,1,1,0.0,0.0,heading,map_error_match,Field doesn't match the map (also drifting),17,0,1.4266,1,0
imu,imu,IMU,1,1,0.0,0.0,heading,map_error_match,Field doesn't match the map (also drifting),18,0,1.2371,1,0
imu,imu,IMU,1,1,0.0,0.0,heading,map_error_match,Field doesn't match the map (also drifting),19,0,1.6422,1,0
imu,imu,IMU,1,1,0.0,0.0,heading,map_error_match,Field doesn't match the map (also drifting),20,0,0.0,1,0
imu,imu,IMU,1,1,0.0,0.0,heading,map_error_match,Field doesn't match the map (also drifting),21,0,0.7749,1,0
imu,imu,IMU,1,1,0.0,0.0,heading,map_error_match,Field doesn't match the map (also drifting),22,0,1.7197,1,0
imu,imu,IMU,1,1,0.0,0.0,heading,map_error_match,Field doesn't match the map (also drifting),23,0,1.9586,1,0
imu,imu,IMU,1,1,0.0,0.0,heading,map_error_match,Field doesn't match the map (also drifting),24,0,1.1246,1,0
imu,imu,IMU,1,1,0.0,0.0,heading,opponent_match,Opponent parks in the route (also drifting),0,0,0.6999,1,0
imu,imu,IMU,1,1,0.0,0.0,heading,opponent_match,Opponent parks in the route (also drifting),1,0,2.9508,1,0
imu,imu,IMU,1,1,0.0,0.0,heading,opponent_match,Opponent parks in the route (also drifting),2,0,1.1724,1,0
imu,imu,IMU,1,1,0.0,0.0,heading,opponent_match,Opponent parks in the route (also drifting),3,0,1.1518,1,0
imu,imu,IMU,1,1,0.0,0.0,heading,opponent_match,Opponent parks in the route (also drifting),4,0,2.9866,1,0
imu,imu,IMU,1,1,0.0,0.0,heading,opponent_match,Opponent parks in the route (also drifting),5,0,2.0452,1,0
imu,imu,IMU,1,1,0.0,0.0,heading,opponent_match,Opponent parks in the route (also drifting),6,0,0.5327,1,0
imu,imu,IMU,1,1,0.0,0.0,heading,opponent_match,Opponent parks in the route (also drifting),7,0,4.8297,1,0
imu,imu,IMU,1,1,0.0,0.0,heading,opponent_match,Opponent parks in the route (also drifting),8,0,1.3523,0,0
imu,imu,IMU,1,1,0.0,0.0,heading,opponent_match,Opponent parks in the route (also drifting),9,0,3.691,1,0
imu,imu,IMU,1,1,0.0,0.0,heading,opponent_match,Opponent parks in the route (also drifting),10,0,0.4508,1,0
imu,imu,IMU,1,1,0.0,0.0,heading,opponent_match,Opponent parks in the route (also drifting),11,0,5.0425,1,0
imu,imu,IMU,1,1,0.0,0.0,heading,opponent_match,Opponent parks in the route (also drifting),12,0,4.5078,1,0
imu,imu,IMU,1,1,0.0,0.0,heading,opponent_match,Opponent parks in the route (also drifting),13,0,0.9016,1,0
imu,imu,IMU,1,1,0.0,0.0,heading,opponent_match,Opponent parks in the route (also drifting),14,0,1.0734,1,0
imu,imu,IMU,1,1,0.0,0.0,heading,opponent_match,Opponent parks in the route (also drifting),15,0,6.8652,1,0
imu,imu,IMU,1,1,0.0,0.0,heading,opponent_match,Opponent parks in the route (also drifting),16,0,0.6953,1,0
imu,imu,IMU,1,1,0.0,0.0,heading,opponent_match,Opponent parks in the route (also drifting),17,0,8.6143,1,0
imu,imu,IMU,1,1,0.0,0.0,heading,opponent_match,Opponent parks in the route (also drifting),18,0,1.2371,1,0
imu,imu,IMU,1,1,0.0,0.0,heading,opponent_match,Opponent parks in the route (also drifting),19,0,1.6266,1,0
imu,imu,IMU,1,1,0.0,0.0,heading,opponent_match,Opponent parks in the route (also drifting),20,0,3.0986,1,0
imu,imu,IMU,1,1,0.0,0.0,heading,opponent_match,Opponent parks in the route (also drifting),21,0,0.7722,1,0
imu,imu,IMU,1,1,0.0,0.0,heading,opponent_match,Opponent parks in the route (also drifting),22,0,8.6353,0,0
imu,imu,IMU,1,1,0.0,0.0,heading,opponent_match,Opponent parks in the route (also drifting),23,0,1.9586,1,0
imu,imu,IMU,1,1,0.0,0.0,heading,opponent_match,Opponent parks in the route (also drifting),24,0,1.1639,1,0
imu,imu,IMU,1,1,0.0,0.0,heading,combined_match,Everything at once (match-realistic mix),0,1,3.6552,0,0
imu,imu,IMU,1,1,0.0,0.0,heading,combined_match,Everything at once (match-realistic mix),1,0,0.0,1,0
imu,imu,IMU,1,1,0.0,0.0,heading,combined_match,Everything at once (match-realistic mix),2,0,1.1889,1,0
imu,imu,IMU,1,1,0.0,0.0,heading,combined_match,Everything at once (match-realistic mix),3,0,1.8693,1,0
imu,imu,IMU,1,1,0.0,0.0,heading,combined_match,Everything at once (match-realistic mix),4,0,2.9866,1,0
imu,imu,IMU,1,1,0.0,0.0,heading,combined_match,Everything at once (match-realistic mix),5,0,4.3219,1,0
imu,imu,IMU,1,1,0.0,0.0,heading,combined_match,Everything at once (match-realistic mix),6,0,1.3523,1,0
imu,imu,IMU,1,1,0.0,0.0,heading,combined_match,Everything at once (match-realistic mix),7,0,7.9431,1,0
imu,imu,IMU,1,1,0.0,0.0,heading,combined_match,Everything at once (match-realistic mix),8,0,1.4704,0,0
imu,imu,IMU,1,1,0.0,0.0,heading,combined_match,Everything at once (match-realistic mix),9,0,6.1736,1,0
imu,imu,IMU,1,1,0.0,0.0,heading,combined_match,Everything at once (match-realistic mix),10,0,1.8534,0,0
imu,imu,IMU,1,1,0.0,0.0,heading,combined_match,Everything at once (match-realistic mix),11,0,0.0,1,0
imu,imu,IMU,1,1,0.0,0.0,heading,combined_match,Everything at once (match-realistic mix),12,0,7.7506,1,0
imu,imu,IMU,1,1,0.0,0.0,heading,combined_match,Everything at once (match-realistic mix),13,0,1.7874,0,0
imu,imu,IMU,1,1,0.0,0.0,heading,combined_match,Everything at once (match-realistic mix),14,1,3.9542,0,0
imu,imu,IMU,1,1,0.0,0.0,heading,combined_match,Everything at once (match-realistic mix),15,0,3.59,1,0
imu,imu,IMU,1,1,0.0,0.0,heading,combined_match,Everything at once (match-realistic mix),16,0,0.7216,1,0
imu,imu,IMU,1,1,0.0,0.0,heading,combined_match,Everything at once (match-realistic mix),17,0,1.4266,1,0
imu,imu,IMU,1,1,0.0,0.0,heading,combined_match,Everything at once (match-realistic mix),18,0,1.2371,1,0
imu,imu,IMU,1,1,0.0,0.0,heading,combined_match,Everything at once (match-realistic mix),19,0,1.6343,1,0
imu,imu,IMU,1,1,0.0,0.0,heading,combined_match,Everything at once (match-realistic mix),20,0,0.0,1,0
imu,imu,IMU,1,1,0.0,0.0,heading,combined_match,Everything at once (match-realistic mix),21,0,0.7749,1,0
imu,imu,IMU,1,1,0.0,0.0,heading,combined_match,Everything at once (match-realistic mix),22,0,1.7197,1,0
imu,imu,IMU,1,1,0.0,0.0,heading,combined_match,Everything at once (match-realistic mix),23,0,1.9586,1,0
imu,imu,IMU,1,1,0.0,0.0,heading,combined_match,Everything at once (match-realistic mix),24,0,1.1246,1,0
imu,imu,IMU,1,1,0.0,0.0,heading,corridor,"Tight corridor, mixed deviation",0,0,6.5962,0,0
imu,imu,IMU,1,1,0.0,0.0,heading,corridor,"Tight corridor, mixed deviation",1,0,4.6682,0,0
imu,imu,IMU,1,1,0.0,0.0,heading,corridor,"Tight corridor, mixed deviation",2,0,12.3393,1,0
imu,imu,IMU,1,1,0.0,0.0,heading,corridor,"Tight corridor, mixed deviation",3,0,3.8574,0,0
imu,imu,IMU,1,1,0.0,0.0,heading,corridor,"Tight corridor, mixed deviation",4,0,4.1141,0,0
imu,imu,IMU,1,1,0.0,0.0,heading,corridor,"Tight corridor, mixed deviation",5,0,8.6192,0,0
imu,imu,IMU,1,1,0.0,0.0,heading,corridor,"Tight corridor, mixed deviation",6,0,8.9728,0,0
imu,imu,IMU,1,1,0.0,0.0,heading,corridor,"Tight corridor, mixed deviation",7,0,4.0689,1,0
imu,imu,IMU,1,1,0.0,0.0,heading,corridor,"Tight corridor, mixed deviation",8,0,7.0323,0,0
imu,imu,IMU,1,1,0.0,0.0,heading,corridor,"Tight corridor, mixed deviation",9,0,6.7293,0,0
imu,imu,IMU,1,1,0.0,0.0,heading,corridor,"Tight corridor, mixed deviation",10,0,6.389,1,0
imu,imu,IMU,1,1,0.0,0.0,heading,corridor,"Tight corridor, mixed deviation",11,1,6.3649,0,0
imu,imu,IMU,1,1,0.0,0.0,heading,corridor,"Tight corridor, mixed deviation",12,1,7.8913,0,0
imu,imu,IMU,1,1,0.0,0.0,heading,corridor,"Tight corridor, mixed deviation",13,0,4.057,1,0
imu,imu,IMU,1,1,0.0,0.0,heading,corridor,"Tight corridor, mixed deviation",14,0,2.1229,0,0
imu,imu,IMU,1,1,0.0,0.0,heading,corridor,"Tight corridor, mixed deviation",15,0,6.3636,0,0
imu,imu,IMU,1,1,0.0,0.0,heading,corridor,"Tight corridor, mixed deviation",16,0,3.8796,1,0
imu,imu,IMU,1,1,0.0,0.0,heading,corridor,"Tight corridor, mixed deviation",17,0,2.9448,0,0
imu,imu,IMU,1,1,0.0,0.0,heading,corridor,"Tight corridor, mixed deviation",18,0,6.9416,1,0
imu,imu,IMU,1,1,0.0,0.0,heading,corridor,"Tight corridor, mixed deviation",19,0,2.3113,0,0
imu,imu,IMU,1,1,0.0,0.0,heading,corridor,"Tight corridor, mixed deviation",20,0,6.791,1,0
imu,imu,IMU,1,1,0.0,0.0,heading,corridor,"Tight corridor, mixed deviation",21,1,4.5705,0,0
imu,imu,IMU,1,1,0.0,0.0,heading,corridor,"Tight corridor, mixed deviation",22,0,3.1917,0,0
imu,imu,IMU,1,1,0.0,0.0,heading,corridor,"Tight corridor, mixed deviation",23,0,3.6038,1,0
imu,imu,IMU,1,1,0.0,0.0,heading,corridor,"Tight corridor, mixed deviation",24,1,6.9049,0,0
dual_camera_apriltag,camera_front|camera_rear,front camera + rear camera,1,2,50.0,50.0,pose,pose_drift_match,Heavy pose drift (map also off),0,0,0.683,1,0
dual_camera_apriltag,camera_front|camera_rear,front camera + rear camera,1,2,50.0,50.0,pose,pose_drift_match,Heavy pose drift (map also off),1,0,0.0,1,0
dual_camera_apriltag,camera_front|camera_rear,front camera + rear camera,1,2,50.0,50.0,pose,pose_drift_match,Heavy pose drift (map also off),2,0,4.2881,1,0
dual_camera_apriltag,camera_front|camera_rear,front camera + rear camera,1,2,50.0,50.0,pose,pose_drift_match,Heavy pose drift (map also off),3,0,1.1518,1,0
dual_camera_apriltag,camera_front|camera_rear,front camera + rear camera,1,2,50.0,50.0,pose,pose_drift_match,Heavy pose drift (map also off),4,0,2.5508,1,0
dual_camera_apriltag,camera_front|camera_rear,front camera + rear camera,1,2,50.0,50.0,pose,pose_drift_match,Heavy pose drift (map also off),5,0,8.9563,1,0
dual_camera_apriltag,camera_front|camera_rear,front camera + rear camera,1,2,50.0,50.0,pose,pose_drift_match,Heavy pose drift (map also off),6,0,1.95,1,0
dual_camera_apriltag,camera_front|camera_rear,front camera + rear camera,1,2,50.0,50.0,pose,pose_drift_match,Heavy pose drift (map also off),7,0,0.8887,1,0
dual_camera_apriltag,camera_front|camera_rear,front camera + rear camera,1,2,50.0,50.0,pose,pose_drift_match,Heavy pose drift (map also off),8,1,2.9394,0,0
dual_camera_apriltag,camera_front|camera_rear,front camera + rear camera,1,2,50.0,50.0,pose,pose_drift_match,Heavy pose drift (map also off),9,0,0.4508,1,0
dual_camera_apriltag,camera_front|camera_rear,front camera + rear camera,1,2,50.0,50.0,pose,pose_drift_match,Heavy pose drift (map also off),10,1,0.9016,0,0
dual_camera_apriltag,camera_front|camera_rear,front camera + rear camera,1,2,50.0,50.0,pose,pose_drift_match,Heavy pose drift (map also off),11,0,0.0,1,0
dual_camera_apriltag,camera_front|camera_rear,front camera + rear camera,1,2,50.0,50.0,pose,pose_drift_match,Heavy pose drift (map also off),12,0,7.7506,1,0
dual_camera_apriltag,camera_front|camera_rear,front camera + rear camera,1,2,50.0,50.0,pose,pose_drift_match,Heavy pose drift (map also off),13,0,1.7345,0,0
dual_camera_apriltag,camera_front|camera_rear,front camera + rear camera,1,2,50.0,50.0,pose,pose_drift_match,Heavy pose drift (map also off),14,1,3.9542,0,0
dual_camera_apriltag,camera_front|camera_rear,front camera + rear camera,1,2,50.0,50.0,pose,pose_drift_match,Heavy pose drift (map also off),15,0,0.8896,1,0
dual_camera_apriltag,camera_front|camera_rear,front camera + rear camera,1,2,50.0,50.0,pose,pose_drift_match,Heavy pose drift (map also off),16,0,7.1456,1,0
dual_camera_apriltag,camera_front|camera_rear,front camera + rear camera,1,2,50.0,50.0,pose,pose_drift_match,Heavy pose drift (map also off),17,0,1.4588,1,0
dual_camera_apriltag,camera_front|camera_rear,front camera + rear camera,1,2,50.0,50.0,pose,pose_drift_match,Heavy pose drift (map also off),18,0,0.0,1,0
dual_camera_apriltag,camera_front|camera_rear,front camera + rear camera,1,2,50.0,50.0,pose,pose_drift_match,Heavy pose drift (map also off),19,0,4.4657,1,0
dual_camera_apriltag,camera_front|camera_rear,front camera + rear camera,1,2,50.0,50.0,pose,pose_drift_match,Heavy pose drift (map also off),20,0,3.1191,1,0
dual_camera_apriltag,camera_front|camera_rear,front camera + rear camera,1,2,50.0,50.0,pose,pose_drift_match,Heavy pose drift (map also off),21,0,2.509,1,0
dual_camera_apriltag,camera_front|camera_rear,front camera + rear camera,1,2,50.0,50.0,pose,pose_drift_match,Heavy pose drift (map also off),22,0,0.0,1,0
dual_camera_apriltag,camera_front|camera_rear,front camera + rear camera,1,2,50.0,50.0,pose,pose_drift_match,Heavy pose drift (map also off),23,0,1.967,1,0
dual_camera_apriltag,camera_front|camera_rear,front camera + rear camera,1,2,50.0,50.0,pose,pose_drift_match,Heavy pose drift (map also off),24,0,2.7892,1,0
dual_camera_apriltag,camera_front|camera_rear,front camera + rear camera,1,2,50.0,50.0,pose,map_error_match,Field doesn't match the map (also drifting),0,1,3.9052,0,0
dual_camera_apriltag,camera_front|camera_rear,front camera + rear camera,1,2,50.0,50.0,pose,map_error_match,Field doesn't match the map (also drifting),1,0,0.0,1,0
dual_camera_apriltag,camera_front|camera_rear,front camera + rear camera,1,2,50.0,50.0,pose,map_error_match,Field doesn't match the map (also drifting),2,0,2.9748,1,0
dual_camera_apriltag,camera_front|camera_rear,front camera + rear camera,1,2,50.0,50.0,pose,map_error_match,Field doesn't match the map (also drifting),3,0,1.1278,1,0
dual_camera_apriltag,camera_front|camera_rear,front camera + rear camera,1,2,50.0,50.0,pose,map_error_match,Field doesn't match the map (also drifting),4,0,4.7881,1,0
dual_camera_apriltag,camera_front|camera_rear,front camera + rear camera,1,2,50.0,50.0,pose,map_error_match,Field doesn't match the map (also drifting),5,0,2.0727,1,0
dual_camera_apriltag,camera_front|camera_rear,front camera + rear camera,1,2,50.0,50.0,pose,map_error_match,Field doesn't match the map (also drifting),6,0,1.3523,1,0
dual_camera_apriltag,camera_front|camera_rear,front camera + rear camera,1,2,50.0,50.0,pose,map_error_match,Field doesn't match the map (also drifting),7,0,7.9431,1,0
dual_camera_apriltag,camera_front|camera_rear,front camera + rear camera,1,2,50.0,50.0,pose,map_error_match,Field doesn't match the map (also drifting),8,0,1.4704,0,0
dual_camera_apriltag,camera_front|camera_rear,front camera + rear camera,1,2,50.0,50.0,pose,map_error_match,Field doesn't match the map (also drifting),9,1,6.9097,0,0
dual_camera_apriltag,camera_front|camera_rear,front camera + rear camera,1,2,50.0,50.0,pose,map_error_match,Field doesn't match the map (also drifting),10,0,1.885,0,0
dual_camera_apriltag,camera_front|camera_rear,front camera + rear camera,1,2,50.0,50.0,pose,map_error_match,Field doesn't match the map (also drifting),11,0,5.9151,1,0
dual_camera_apriltag,camera_front|camera_rear,front camera + rear camera,1,2,50.0,50.0,pose,map_error_match,Field doesn't match the map (also drifting),12,0,7.7506,1,0
dual_camera_apriltag,camera_front|camera_rear,front camera + rear camera,1,2,50.0,50.0,pose,map_error_match,Field doesn't match the map (also drifting),13,0,1.7874,0,0
dual_camera_apriltag,camera_front|camera_rear,front camera + rear camera,1,2,50.0,50.0,pose,map_error_match,Field doesn't match the map (also drifting),14,0,4.0884,0,0
dual_camera_apriltag,camera_front|camera_rear,front camera + rear camera,1,2,50.0,50.0,pose,map_error_match,Field doesn't match the map (also drifting),15,0,5.6965,1,0
dual_camera_apriltag,camera_front|camera_rear,front camera + rear camera,1,2,50.0,50.0,pose,map_error_match,Field doesn't match the map (also drifting),16,0,0.7216,1,0
dual_camera_apriltag,camera_front|camera_rear,front camera + rear camera,1,2,50.0,50.0,pose,map_error_match,Field doesn't match the map (also drifting),17,0,1.4266,1,0
dual_camera_apriltag,camera_front|camera_rear,front camera + rear camera,1,2,50.0,50.0,pose,map_error_match,Field doesn't match the map (also drifting),18,0,1.2371,1,0
dual_camera_apriltag,camera_front|camera_rear,front camera + rear camera,1,2,50.0,50.0,pose,map_error_match,Field doesn't match the map (also drifting),19,0,5.0689,1,0
dual_camera_apriltag,camera_front|camera_rear,front camera + rear camera,1,2,50.0,50.0,pose,map_error_match,Field doesn't match the map (also drifting),20,0,0.0,1,0
dual_camera_apriltag,camera_front|camera_rear,front camera + rear camera,1,2,50.0,50.0,pose,map_error_match,Field doesn't match the map (also drifting),21,0,0.7749,1,0
dual_camera_apriltag,camera_front|camera_rear,front camera + rear camera,1,2,50.0,50.0,pose,map_error_match,Field doesn't match the map (also drifting),22,0,1.7197,1,0
dual_camera_apriltag,camera_front|camera_rear,front camera + rear camera,1,2,50.0,50.0,pose,map_error_match,Field doesn't match the map (also drifting),23,0,1.9586,1,0
dual_camera_apriltag,camera_front|camera_rear,front camera + rear camera,1,2,50.0,50.0,pose,map_error_match,Field doesn't match the map (also drifting),24,0,3.0123,1,0
dual_camera_apriltag,camera_front|camera_rear,front camera + rear camera,1,2,50.0,50.0,pose,opponent_match,Opponent parks in the route (also drifting),0,1,3.8546,0,0
dual_camera_apriltag,camera_front|camera_rear,front camera + rear camera,1,2,50.0,50.0,pose,opponent_match,Opponent parks in the route (also drifting),1,0,2.9508,1,0
dual_camera_apriltag,camera_front|camera_rear,front camera + rear camera,1,2,50.0,50.0,pose,opponent_match,Opponent parks in the route (also drifting),2,0,2.9748,1,0
dual_camera_apriltag,camera_front|camera_rear,front camera + rear camera,1,2,50.0,50.0,pose,opponent_match,Opponent parks in the route (also drifting),3,0,1.1518,1,0
dual_camera_apriltag,camera_front|camera_rear,front camera + rear camera,1,2,50.0,50.0,pose,opponent_match,Opponent parks in the route (also drifting),4,0,2.9866,1,0
dual_camera_apriltag,camera_front|camera_rear,front camera + rear camera,1,2,50.0,50.0,pose,opponent_match,Opponent parks in the route (also drifting),5,0,2.0452,1,0
dual_camera_apriltag,camera_front|camera_rear,front camera + rear camera,1,2,50.0,50.0,pose,opponent_match,Opponent parks in the route (also drifting),6,0,0.5327,1,0
dual_camera_apriltag,camera_front|camera_rear,front camera + rear camera,1,2,50.0,50.0,pose,opponent_match,Opponent parks in the route (also drifting),7,0,4.8297,1,0
dual_camera_apriltag,camera_front|camera_rear,front camera + rear camera,1,2,50.0,50.0,pose,opponent_match,Opponent parks in the route (also drifting),8,1,1.9031,0,0
dual_camera_apriltag,camera_front|camera_rear,front camera + rear camera,1,2,50.0,50.0,pose,opponent_match,Opponent parks in the route (also drifting),9,0,3.691,1,0
dual_camera_apriltag,camera_front|camera_rear,front camera + rear camera,1,2,50.0,50.0,pose,opponent_match,Opponent parks in the route (also drifting),10,0,0.4508,1,0
dual_camera_apriltag,camera_front|camera_rear,front camera + rear camera,1,2,50.0,50.0,pose,opponent_match,Opponent parks in the route (also drifting),11,0,5.0425,1,0
dual_camera_apriltag,camera_front|camera_rear,front camera + rear camera,1,2,50.0,50.0,pose,opponent_match,Opponent parks in the route (also drifting),12,0,4.5078,1,0
dual_camera_apriltag,camera_front|camera_rear,front camera + rear camera,1,2,50.0,50.0,pose,opponent_match,Opponent parks in the route (also drifting),13,0,0.9016,1,0
dual_camera_apriltag,camera_front|camera_rear,front camera + rear camera,1,2,50.0,50.0,pose,opponent_match,Opponent parks in the route (also drifting),14,0,1.0734,1,0
dual_camera_apriltag,camera_front|camera_rear,front camera + rear camera,1,2,50.0,50.0,pose,opponent_match,Opponent parks in the route (also drifting),15,0,6.8652,1,0
dual_camera_apriltag,camera_front|camera_rear,front camera + rear camera,1,2,50.0,50.0,pose,opponent_match,Opponent parks in the route (also drifting),16,0,4.0719,1,0
dual_camera_apriltag,camera_front|camera_rear,front camera + rear camera,1,2,50.0,50.0,pose,opponent_match,Opponent parks in the route (also drifting),17,0,8.6143,1,0
dual_camera_apriltag,camera_front|camera_rear,front camera + rear camera,1,2,50.0,50.0,pose,opponent_match,Opponent parks in the route (also drifting),18,0,1.2371,1,0
dual_camera_apriltag,camera_front|camera_rear,front camera + rear camera,1,2,50.0,50.0,pose,opponent_match,Opponent parks in the route (also drifting),19,0,2.6281,1,0
dual_camera_apriltag,camera_front|camera_rear,front camera + rear camera,1,2,50.0,50.0,pose,opponent_match,Opponent parks in the route (also drifting),20,0,3.0986,1,0
dual_camera_apriltag,camera_front|camera_rear,front camera + rear camera,1,2,50.0,50.0,pose,opponent_match,Opponent parks in the route (also drifting),21,0,0.7722,1,0
dual_camera_apriltag,camera_front|camera_rear,front camera + rear camera,1,2,50.0,50.0,pose,opponent_match,Opponent parks in the route (also drifting),22,1,9.1361,0,0
dual_camera_apriltag,camera_front|camera_rear,front camera + rear camera,1,2,50.0,50.0,pose,opponent_match,Opponent parks in the route (also drifting),23,0,1.9586,1,0
dual_camera_apriltag,camera_front|camera_rear,front camera + rear camera,1,2,50.0,50.0,pose,opponent_match,Opponent parks in the route (also drifting),24,0,1.4492,1,0
dual_camera_apriltag,camera_front|camera_rear,front camera + rear camera,1,2,50.0,50.0,pose,combined_match,Everything at once (match-realistic mix),0,1,3.9052,0,0
dual_camera_apriltag,camera_front|camera_rear,front camera + rear camera,1,2,50.0,50.0,pose,combined_match,Everything at once (match-realistic mix),1,0,0.0,1,0
dual_camera_apriltag,camera_front|camera_rear,front camera + rear camera,1,2,50.0,50.0,pose,combined_match,Everything at once (match-realistic mix),2,0,1.1889,1,0
dual_camera_apriltag,camera_front|camera_rear,front camera + rear camera,1,2,50.0,50.0,pose,combined_match,Everything at once (match-realistic mix),3,0,1.8693,1,0
dual_camera_apriltag,camera_front|camera_rear,front camera + rear camera,1,2,50.0,50.0,pose,combined_match,Everything at once (match-realistic mix),4,0,2.9866,1,0
dual_camera_apriltag,camera_front|camera_rear,front camera + rear camera,1,2,50.0,50.0,pose,combined_match,Everything at once (match-realistic mix),5,0,4.3219,1,0
dual_camera_apriltag,camera_front|camera_rear,front camera + rear camera,1,2,50.0,50.0,pose,combined_match,Everything at once (match-realistic mix),6,0,1.3523,1,0
dual_camera_apriltag,camera_front|camera_rear,front camera + rear camera,1,2,50.0,50.0,pose,combined_match,Everything at once (match-realistic mix),7,0,7.9431,1,0
dual_camera_apriltag,camera_front|camera_rear,front camera + rear camera,1,2,50.0,50.0,pose,combined_match,Everything at once (match-realistic mix),8,0,1.4704,0,0
dual_camera_apriltag,camera_front|camera_rear,front camera + rear camera,1,2,50.0,50.0,pose,combined_match,Everything at once (match-realistic mix),9,0,6.1736,1,0
dual_camera_apriltag,camera_front|camera_rear,front camera + rear camera,1,2,50.0,50.0,pose,combined_match,Everything at once (match-realistic mix),10,0,1.8534,0,0
dual_camera_apriltag,camera_front|camera_rear,front camera + rear camera,1,2,50.0,50.0,pose,combined_match,Everything at once (match-realistic mix),11,0,0.0,1,0
dual_camera_apriltag,camera_front|camera_rear,front camera + rear camera,1,2,50.0,50.0,pose,combined_match,Everything at once (match-realistic mix),12,0,7.7506,1,0
dual_camera_apriltag,camera_front|camera_rear,front camera + rear camera,1,2,50.0,50.0,pose,combined_match,Everything at once (match-realistic mix),13,0,1.7874,0,0
dual_camera_apriltag,camera_front|camera_rear,front camera + rear camera,1,2,50.0,50.0,pose,combined_match,Everything at once (match-realistic mix),14,1,3.9542,0,0
dual_camera_apriltag,camera_front|camera_rear,front camera + rear camera,1,2,50.0,50.0,pose,combined_match,Everything at once (match-realistic mix),15,0,3.59,1,0
dual_camera_apriltag,camera_front|camera_rear,front camera + rear camera,1,2,50.0,50.0,pose,combined_match,Everything at once (match-realistic mix),16,0,0.7216,1,0
dual_camera_apriltag,camera_front|camera_rear,front camera + rear camera,1,2,50.0,50.0,pose,combined_match,Everything at once (match-realistic mix),17,0,1.4266,1,0
dual_camera_apriltag,camera_front|camera_rear,front camera + rear camera,1,2,50.0,50.0,pose,combined_match,Everything at once (match-realistic mix),18,0,1.2371,1,0
dual_camera_apriltag,camera_front|camera_rear,front camera + rear camera,1,2,50.0,50.0,pose,combined_match,Everything at once (match-realistic mix),19,0,10.3385,0,0
dual_camera_apriltag,camera_front|camera_rear,front camera + rear camera,1,2,50.0,50.0,pose,combined_match,Everything at once (match-realistic mix),20,0,0.0,1,0
dual_camera_apriltag,camera_front|camera_rear,front camera + rear camera,1,2,50.0,50.0,pose,combined_match,Everything at once (match-realistic mix),21,0,0.7749,1,0
dual_camera_apriltag,camera_front|camera_rear,front camera + rear camera,1,2,50.0,50.0,pose,combined_match,Everything at once (match-realistic mix),22,0,1.7197,1,0
dual_camera_apriltag,camera_front|camera_rear,front camera + rear camera,1,2,50.0,50.0,pose,combined_match,Everything at once (match-realistic mix),23,0,1.9586,1,0
dual_camera_apriltag,camera_front|camera_rear,front camera + rear camera,1,2,50.0,50.0,pose,combined_match,Everything at once (match-realistic mix),24,0,3.0123,1,0
dual_camera_apriltag,camera_front|camera_rear,front camera + rear camera,1,2,50.0,50.0,pose,corridor,"Tight corridor, mixed deviation",0,1,6.4234,0,0
dual_camera_apriltag,camera_front|camera_rear,front camera + rear camera,1,2,50.0,50.0,pose,corridor,"Tight corridor, mixed deviation",1,0,4.6682,0,0
dual_camera_apriltag,camera_front|camera_rear,front camera + rear camera,1,2,50.0,50.0,pose,corridor,"Tight corridor, mixed deviation",2,0,8.2378,1,0
dual_camera_apriltag,camera_front|camera_rear,front camera + rear camera,1,2,50.0,50.0,pose,corridor,"Tight corridor, mixed deviation",3,0,1.3337,1,0
dual_camera_apriltag,camera_front|camera_rear,front camera + rear camera,1,2,50.0,50.0,pose,corridor,"Tight corridor, mixed deviation",4,0,4.1141,0,0
dual_camera_apriltag,camera_front|camera_rear,front camera + rear camera,1,2,50.0,50.0,pose,corridor,"Tight corridor, mixed deviation",5,1,8.264,0,0
dual_camera_apriltag,camera_front|camera_rear,front camera + rear camera,1,2,50.0,50.0,pose,corridor,"Tight corridor, mixed deviation",6,1,8.1014,0,0
dual_camera_apriltag,camera_front|camera_rear,front camera + rear camera,1,2,50.0,50.0,pose,corridor,"Tight corridor, mixed deviation",7,0,13.1435,1,0
dual_camera_apriltag,camera_front|camera_rear,front camera + rear camera,1,2,50.0,50.0,pose,corridor,"Tight corridor, mixed deviation",8,1,7.7477,0,0
dual_camera_apriltag,camera_front|camera_rear,front camera + rear camera,1,2,50.0,50.0,pose,corridor,"Tight corridor, mixed deviation",9,0,6.8198,0,0
dual_camera_apriltag,camera_front|camera_rear,front camera + rear camera,1,2,50.0,50.0,pose,corridor,"Tight corridor, mixed deviation",10,1,6.8838,0,0
dual_camera_apriltag,camera_front|camera_rear,front camera + rear camera,1,2,50.0,50.0,pose,corridor,"Tight corridor, mixed deviation",11,1,6.9149,0,0
dual_camera_apriltag,camera_front|camera_rear,front camera + rear camera,1,2,50.0,50.0,pose,corridor,"Tight corridor, mixed deviation",12,1,8.7053,0,0
dual_camera_apriltag,camera_front|camera_rear,front camera + rear camera,1,2,50.0,50.0,pose,corridor,"Tight corridor, mixed deviation",13,0,4.207,1,0
dual_camera_apriltag,camera_front|camera_rear,front camera + rear camera,1,2,50.0,50.0,pose,corridor,"Tight corridor, mixed deviation",14,0,2.1229,0,0
dual_camera_apriltag,camera_front|camera_rear,front camera + rear camera,1,2,50.0,50.0,pose,corridor,"Tight corridor, mixed deviation",15,1,7.4643,0,0
dual_camera_apriltag,camera_front|camera_rear,front camera + rear camera,1,2,50.0,50.0,pose,corridor,"Tight corridor, mixed deviation",16,0,12.336,0,0
dual_camera_apriltag,camera_front|camera_rear,front camera + rear camera,1,2,50.0,50.0,pose,corridor,"Tight corridor, mixed deviation",17,0,2.9448,0,0
dual_camera_apriltag,camera_front|camera_rear,front camera + rear camera,1,2,50.0,50.0,pose,corridor,"Tight corridor, mixed deviation",18,0,13.4208,0,0
dual_camera_apriltag,camera_front|camera_rear,front camera + rear camera,1,2,50.0,50.0,pose,corridor,"Tight corridor, mixed deviation",19,0,2.3113,0,0
dual_camera_apriltag,camera_front|camera_rear,front camera + rear camera,1,2,50.0,50.0,pose,corridor,"Tight corridor, mixed deviation",20,0,8.4213,0,0
dual_camera_apriltag,camera_front|camera_rear,front camera + rear camera,1,2,50.0,50.0,pose,corridor,"Tight corridor, mixed deviation",21,0,5.1558,0,0
dual_camera_apriltag,camera_front|camera_rear,front camera + rear camera,1,2,50.0,50.0,pose,corridor,"Tight corridor, mixed deviation",22,0,3.1917,0,0
dual_camera_apriltag,camera_front|camera_rear,front camera + rear camera,1,2,50.0,50.0,pose,corridor,"Tight corridor, mixed deviation",23,0,3.6038,1,0
dual_camera_apriltag,camera_front|camera_rear,front camera + rear camera,1,2,50.0,50.0,pose,corridor,"Tight corridor, mixed deviation",24,1,7.2549,0,0
apriltag_imu,camera_front|imu,IMU + front camera,1,2,25.0,25.0,heading|pose,pose_drift_match,Heavy pose drift (map also off),0,0,0.683,1,0
apriltag_imu,camera_front|imu,IMU + front camera,1,2,25.0,25.0,heading|pose,pose_drift_match,Heavy pose drift (map also off),1,0,0.0,1,0
apriltag_imu,camera_front|imu,IMU + front camera,1,2,25.0,25.0,heading|pose,pose_drift_match,Heavy pose drift (map also off),2,0,4.2881,1,0
apriltag_imu,camera_front|imu,IMU + front camera,1,2,25.0,25.0,heading|pose,pose_drift_match,Heavy pose drift (map also off),3,0,1.1518,1,0
apriltag_imu,camera_front|imu,IMU + front camera,1,2,25.0,25.0,heading|pose,pose_drift_match,Heavy pose drift (map also off),4,0,2.5508,1,0
apriltag_imu,camera_front|imu,IMU + front camera,1,2,25.0,25.0,heading|pose,pose_drift_match,Heavy pose drift (map also off),5,0,8.9563,1,0
apriltag_imu,camera_front|imu,IMU + front camera,1,2,25.0,25.0,heading|pose,pose_drift_match,Heavy pose drift (map also off),6,0,1.95,1,0
apriltag_imu,camera_front|imu,IMU + front camera,1,2,25.0,25.0,heading|pose,pose_drift_match,Heavy pose drift (map also off),7,0,0.8887,1,0
apriltag_imu,camera_front|imu,IMU + front camera,1,2,25.0,25.0,heading|pose,pose_drift_match,Heavy pose drift (map also off),8,1,2.9394,0,0
apriltag_imu,camera_front|imu,IMU + front camera,1,2,25.0,25.0,heading|pose,pose_drift_match,Heavy pose drift (map also off),9,0,0.4508,1,0
apriltag_imu,camera_front|imu,IMU + front camera,1,2,25.0,25.0,heading|pose,pose_drift_match,Heavy pose drift (map also off),10,1,0.9016,0,0
apriltag_imu,camera_front|imu,IMU + front camera,1,2,25.0,25.0,heading|pose,pose_drift_match,Heavy pose drift (map also off),11,0,0.0,1,0
apriltag_imu,camera_front|imu,IMU + front camera,1,2,25.0,25.0,heading|pose,pose_drift_match,Heavy pose drift (map also off),12,0,7.7506,1,0
apriltag_imu,camera_front|imu,IMU + front camera,1,2,25.0,25.0,heading|pose,pose_drift_match,Heavy pose drift (map also off),13,0,1.7345,0,0
apriltag_imu,camera_front|imu,IMU + front camera,1,2,25.0,25.0,heading|pose,pose_drift_match,Heavy pose drift (map also off),14,1,3.9542,0,0
apriltag_imu,camera_front|imu,IMU + front camera,1,2,25.0,25.0,heading|pose,pose_drift_match,Heavy pose drift (map also off),15,0,0.8896,1,0
apriltag_imu,camera_front|imu,IMU + front camera,1,2,25.0,25.0,heading|pose,pose_drift_match,Heavy pose drift (map also off),16,0,7.1456,1,0
apriltag_imu,camera_front|imu,IMU + front camera,1,2,25.0,25.0,heading|pose,pose_drift_match,Heavy pose drift (map also off),17,0,1.4588,1,0
apriltag_imu,camera_front|imu,IMU + front camera,1,2,25.0,25.0,heading|pose,pose_drift_match,Heavy pose drift (map also off),18,0,0.0,1,0
apriltag_imu,camera_front|imu,IMU + front camera,1,2,25.0,25.0,heading|pose,pose_drift_match,Heavy pose drift (map also off),19,0,4.4657,1,0
apriltag_imu,camera_front|imu,IMU + front camera,1,2,25.0,25.0,heading|pose,pose_drift_match,Heavy pose drift (map also off),20,0,3.1191,1,0
apriltag_imu,camera_front|imu,IMU + front camera,1,2,25.0,25.0,heading|pose,pose_drift_match,Heavy pose drift (map also off),21,0,2.509,1,0
apriltag_imu,camera_front|imu,IMU + front camera,1,2,25.0,25.0,heading|pose,pose_drift_match,Heavy pose drift (map also off),22,0,0.0,1,0
apriltag_imu,camera_front|imu,IMU + front camera,1,2,25.0,25.0,heading|pose,pose_drift_match,Heavy pose drift (map also off),23,0,1.967,1,0
apriltag_imu,camera_front|imu,IMU + front camera,1,2,25.0,25.0,heading|pose,pose_drift_match,Heavy pose drift (map also off),24,0,2.7892,1,0
apriltag_imu,camera_front|imu,IMU + front camera,1,2,25.0,25.0,heading|pose,map_error_match,Field doesn't match the map (also drifting),0,1,3.9052,0,0
apriltag_imu,camera_front|imu,IMU + front camera,1,2,25.0,25.0,heading|pose,map_error_match,Field doesn't match the map (also drifting),1,0,0.0,1,0
apriltag_imu,camera_front|imu,IMU + front camera,1,2,25.0,25.0,heading|pose,map_error_match,Field doesn't match the map (also drifting),2,0,2.9748,1,0
apriltag_imu,camera_front|imu,IMU + front camera,1,2,25.0,25.0,heading|pose,map_error_match,Field doesn't match the map (also drifting),3,0,1.1278,1,0
apriltag_imu,camera_front|imu,IMU + front camera,1,2,25.0,25.0,heading|pose,map_error_match,Field doesn't match the map (also drifting),4,0,4.7881,1,0
apriltag_imu,camera_front|imu,IMU + front camera,1,2,25.0,25.0,heading|pose,map_error_match,Field doesn't match the map (also drifting),5,0,2.0727,1,0
apriltag_imu,camera_front|imu,IMU + front camera,1,2,25.0,25.0,heading|pose,map_error_match,Field doesn't match the map (also drifting),6,0,1.3523,1,0
apriltag_imu,camera_front|imu,IMU + front camera,1,2,25.0,25.0,heading|pose,map_error_match,Field doesn't match the map (also drifting),7,0,7.9431,1,0
apriltag_imu,camera_front|imu,IMU + front camera,1,2,25.0,25.0,heading|pose,map_error_match,Field doesn't match the map (also drifting),8,0,1.4704,0,0
apriltag_imu,camera_front|imu,IMU + front camera,1,2,25.0,25.0,heading|pose,map_error_match,Field doesn't match the map (also drifting),9,1,6.9097,0,0
apriltag_imu,camera_front|imu,IMU + front camera,1,2,25.0,25.0,heading|pose,map_error_match,Field doesn't match the map (also drifting),10,0,1.885,0,0
apriltag_imu,camera_front|imu,IMU + front camera,1,2,25.0,25.0,heading|pose,map_error_match,Field doesn't match the map (also drifting),11,0,5.9151,1,0
apriltag_imu,camera_front|imu,IMU + front camera,1,2,25.0,25.0,heading|pose,map_error_match,Field doesn't match the map (also drifting),12,0,7.7506,1,0
apriltag_imu,camera_front|imu,IMU + front camera,1,2,25.0,25.0,heading|pose,map_error_match,Field doesn't match the map (also drifting),13,0,1.7874,0,0
apriltag_imu,camera_front|imu,IMU + front camera,1,2,25.0,25.0,heading|pose,map_error_match,Field doesn't match the map (also drifting),14,0,4.0884,0,0
apriltag_imu,camera_front|imu,IMU + front camera,1,2,25.0,25.0,heading|pose,map_error_match,Field doesn't match the map (also drifting),15,0,5.6965,1,0
apriltag_imu,camera_front|imu,IMU + front camera,1,2,25.0,25.0,heading|pose,map_error_match,Field doesn't match the map (also drifting),16,0,0.7216,1,0
apriltag_imu,camera_front|imu,IMU + front camera,1,2,25.0,25.0,heading|pose,map_error_match,Field doesn't match the map (also drifting),17,0,1.4266,1,0
apriltag_imu,camera_front|imu,IMU + front camera,1,2,25.0,25.0,heading|pose,map_error_match,Field doesn't match the map (also drifting),18,0,1.2371,1,0
apriltag_imu,camera_front|imu,IMU + front camera,1,2,25.0,25.0,heading|pose,map_error_match,Field doesn't match the map (also drifting),19,0,5.0689,1,0
apriltag_imu,camera_front|imu,IMU + front camera,1,2,25.0,25.0,heading|pose,map_error_match,Field doesn't match the map (also drifting),20,0,0.0,1,0
apriltag_imu,camera_front|imu,IMU + front camera,1,2,25.0,25.0,heading|pose,map_error_match,Field doesn't match the map (also drifting),21,0,0.7749,1,0
apriltag_imu,camera_front|imu,IMU + front camera,1,2,25.0,25.0,heading|pose,map_error_match,Field doesn't match the map (also drifting),22,0,1.7197,1,0
apriltag_imu,camera_front|imu,IMU + front camera,1,2,25.0,25.0,heading|pose,map_error_match,Field doesn't match the map (also drifting),23,0,1.9586,1,0
apriltag_imu,camera_front|imu,IMU + front camera,1,2,25.0,25.0,heading|pose,map_error_match,Field doesn't match the map (also drifting),24,0,3.0123,1,0
apriltag_imu,camera_front|imu,IMU + front camera,1,2,25.0,25.0,heading|pose,opponent_match,Opponent parks in the route (also drifting),0,1,3.8546,0,0
apriltag_imu,camera_front|imu,IMU + front camera,1,2,25.0,25.0,heading|pose,opponent_match,Opponent parks in the route (also drifting),1,0,2.9508,1,0
apriltag_imu,camera_front|imu,IMU + front camera,1,2,25.0,25.0,heading|pose,opponent_match,Opponent parks in the route (also drifting),2,0,2.9748,1,0
apriltag_imu,camera_front|imu,IMU + front camera,1,2,25.0,25.0,heading|pose,opponent_match,Opponent parks in the route (also drifting),3,0,1.1518,1,0
apriltag_imu,camera_front|imu,IMU + front camera,1,2,25.0,25.0,heading|pose,opponent_match,Opponent parks in the route (also drifting),4,0,2.9866,1,0
apriltag_imu,camera_front|imu,IMU + front camera,1,2,25.0,25.0,heading|pose,opponent_match,Opponent parks in the route (also drifting),5,0,2.0452,1,0
apriltag_imu,camera_front|imu,IMU + front camera,1,2,25.0,25.0,heading|pose,opponent_match,Opponent parks in the route (also drifting),6,0,0.5327,1,0
apriltag_imu,camera_front|imu,IMU + front camera,1,2,25.0,25.0,heading|pose,opponent_match,Opponent parks in the route (also drifting),7,0,4.8297,1,0
apriltag_imu,camera_front|imu,IMU + front camera,1,2,25.0,25.0,heading|pose,opponent_match,Opponent parks in the route (also drifting),8,1,1.9031,0,0
apriltag_imu,camera_front|imu,IMU + front camera,1,2,25.0,25.0,heading|pose,opponent_match,Opponent parks in the route (also drifting),9,0,3.691,1,0
apriltag_imu,camera_front|imu,IMU + front camera,1,2,25.0,25.0,heading|pose,opponent_match,Opponent parks in the route (also drifting),10,0,0.4508,1,0
apriltag_imu,camera_front|imu,IMU + front camera,1,2,25.0,25.0,heading|pose,opponent_match,Opponent parks in the route (also drifting),11,0,5.0425,1,0
apriltag_imu,camera_front|imu,IMU + front camera,1,2,25.0,25.0,heading|pose,opponent_match,Opponent parks in the route (also drifting),12,0,4.5078,1,0
apriltag_imu,camera_front|imu,IMU + front camera,1,2,25.0,25.0,heading|pose,opponent_match,Opponent parks in the route (also drifting),13,0,0.9016,1,0
apriltag_imu,camera_front|imu,IMU + front camera,1,2,25.0,25.0,heading|pose,opponent_match,Opponent parks in the route (also drifting),14,0,1.0734,1,0
apriltag_imu,camera_front|imu,IMU + front camera,1,2,25.0,25.0,heading|pose,opponent_match,Opponent parks in the route (also drifting),15,0,6.8652,1,0
apriltag_imu,camera_front|imu,IMU + front camera,1,2,25.0,25.0,heading|pose,opponent_match,Opponent parks in the route (also drifting),16,0,4.0719,1,0
apriltag_imu,camera_front|imu,IMU + front camera,1,2,25.0,25.0,heading|pose,opponent_match,Opponent parks in the route (also drifting),17,0,8.6143,1,0
apriltag_imu,camera_front|imu,IMU + front camera,1,2,25.0,25.0,heading|pose,opponent_match,Opponent parks in the route (also drifting),18,0,1.2371,1,0
apriltag_imu,camera_front|imu,IMU + front camera,1,2,25.0,25.0,heading|pose,opponent_match,Opponent parks in the route (also drifting),19,0,2.6281,1,0
apriltag_imu,camera_front|imu,IMU + front camera,1,2,25.0,25.0,heading|pose,opponent_match,Opponent parks in the route (also drifting),20,0,3.0986,1,0
apriltag_imu,camera_front|imu,IMU + front camera,1,2,25.0,25.0,heading|pose,opponent_match,Opponent parks in the route (also drifting),21,0,0.7722,1,0
apriltag_imu,camera_front|imu,IMU + front camera,1,2,25.0,25.0,heading|pose,opponent_match,Opponent parks in the route (also drifting),22,1,9.1361,0,0
apriltag_imu,camera_front|imu,IMU + front camera,1,2,25.0,25.0,heading|pose,opponent_match,Opponent parks in the route (also drifting),23,0,1.9586,1,0
apriltag_imu,camera_front|imu,IMU + front camera,1,2,25.0,25.0,heading|pose,opponent_match,Opponent parks in the route (also drifting),24,0,1.4492,1,0
apriltag_imu,camera_front|imu,IMU + front camera,1,2,25.0,25.0,heading|pose,combined_match,Everything at once (match-realistic mix),0,1,3.9052,0,0
apriltag_imu,camera_front|imu,IMU + front camera,1,2,25.0,25.0,heading|pose,combined_match,Everything at once (match-realistic mix),1,0,0.0,1,0
apriltag_imu,camera_front|imu,IMU + front camera,1,2,25.0,25.0,heading|pose,combined_match,Everything at once (match-realistic mix),2,0,1.1889,1,0
apriltag_imu,camera_front|imu,IMU + front camera,1,2,25.0,25.0,heading|pose,combined_match,Everything at once (match-realistic mix),3,0,1.8693,1,0
apriltag_imu,camera_front|imu,IMU + front camera,1,2,25.0,25.0,heading|pose,combined_match,Everything at once (match-realistic mix),4,0,2.9866,1,0
apriltag_imu,camera_front|imu,IMU + front camera,1,2,25.0,25.0,heading|pose,combined_match,Everything at once (match-realistic mix),5,0,4.3219,1,0
apriltag_imu,camera_front|imu,IMU + front camera,1,2,25.0,25.0,heading|pose,combined_match,Everything at once (match-realistic mix),6,0,1.3523,1,0
apriltag_imu,camera_front|imu,IMU + front camera,1,2,25.0,25.0,heading|pose,combined_match,Everything at once (match-realistic mix),7,0,7.9431,1,0
apriltag_imu,camera_front|imu,IMU + front camera,1,2,25.0,25.0,heading|pose,combined_match,Everything at once (match-realistic mix),8,0,1.4704,0,0
apriltag_imu,camera_front|imu,IMU + front camera,1,2,25.0,25.0,heading|pose,combined_match,Everything at once (match-realistic mix),9,0,6.1736,1,0
apriltag_imu,camera_front|imu,IMU + front camera,1,2,25.0,25.0,heading|pose,combined_match,Everything at once (match-realistic mix),10,0,1.8534,0,0
apriltag_imu,camera_front|imu,IMU + front camera,1,2,25.0,25.0,heading|pose,combined_match,Everything at once (match-realistic mix),11,0,0.0,1,0
apriltag_imu,camera_front|imu,IMU + front camera,1,2,25.0,25.0,heading|pose,combined_match,Everything at once (match-realistic mix),12,0,7.7506,1,0
apriltag_imu,camera_front|imu,IMU + front camera,1,2,25.0,25.0,heading|pose,combined_match,Everything at once (match-realistic mix),13,0,1.7874,0,0
apriltag_imu,camera_front|imu,IMU + front camera,1,2,25.0,25.0,heading|pose,combined_match,Everything at once (match-realistic mix),14,1,3.9542,0,0
apriltag_imu,camera_front|imu,IMU + front camera,1,2,25.0,25.0,heading|pose,combined_match,Everything at once (match-realistic mix),15,0,3.59,1,0
apriltag_imu,camera_front|imu,IMU + front camera,1,2,25.0,25.0,heading|pose,combined_match,Everything at once (match-realistic mix),16,0,0.7216,1,0
apriltag_imu,camera_front|imu,IMU + front camera,1,2,25.0,25.0,heading|pose,combined_match,Everything at once (match-realistic mix),17,0,1.4266,1,0
apriltag_imu,camera_front|imu,IMU + front camera,1,2,25.0,25.0,heading|pose,combined_match,Everything at once (match-realistic mix),18,0,1.2371,1,0
apriltag_imu,camera_front|imu,IMU + front camera,1,2,25.0,25.0,heading|pose,combined_match,Everything at once (match-realistic mix),19,0,10.3385,0,0
apriltag_imu,camera_front|imu,IMU + front camera,1,2,25.0,25.0,heading|pose,combined_match,Everything at once (match-realistic mix),20,0,0.0,1,0
apriltag_imu,camera_front|imu,IMU + front camera,1,2,25.0,25.0,heading|pose,combined_match,Everything at once (match-realistic mix),21,0,0.7749,1,0
apriltag_imu,camera_front|imu,IMU + front camera,1,2,25.0,25.0,heading|pose,combined_match,Everything at once (match-realistic mix),22,0,1.7197,1,0
apriltag_imu,camera_front|imu,IMU + front camera,1,2,25.0,25.0,heading|pose,combined_match,Everything at once (match-realistic mix),23,0,1.9586,1,0
apriltag_imu,camera_front|imu,IMU + front camera,1,2,25.0,25.0,heading|pose,combined_match,Everything at once (match-realistic mix),24,0,3.0123,1,0
apriltag_imu,camera_front|imu,IMU + front camera,1,2,25.0,25.0,heading|pose,corridor,"Tight corridor, mixed deviation",0,1,6.4234,0,0
apriltag_imu,camera_front|imu,IMU + front camera,1,2,25.0,25.0,heading|pose,corridor,"Tight corridor, mixed deviation",1,0,4.6682,0,0
apriltag_imu,camera_front|imu,IMU + front camera,1,2,25.0,25.0,heading|pose,corridor,"Tight corridor, mixed deviation",2,0,8.2378,1,0
apriltag_imu,camera_front|imu,IMU + front camera,1,2,25.0,25.0,heading|pose,corridor,"Tight corridor, mixed deviation",3,0,1.3337,1,0
apriltag_imu,camera_front|imu,IMU + front camera,1,2,25.0,25.0,heading|pose,corridor,"Tight corridor, mixed deviation",4,0,4.1141,0,0
apriltag_imu,camera_front|imu,IMU + front camera,1,2,25.0,25.0,heading|pose,corridor,"Tight corridor, mixed deviation",5,1,8.264,0,0
apriltag_imu,camera_front|imu,IMU + front camera,1,2,25.0,25.0,heading|pose,corridor,"Tight corridor, mixed deviation",6,1,8.1014,0,0
apriltag_imu,camera_front|imu,IMU + front camera,1,2,25.0,25.0,heading|pose,corridor,"Tight corridor, mixed deviation",7,0,13.1435,1,0
apriltag_imu,camera_front|imu,IMU + front camera,1,2,25.0,25.0,heading|pose,corridor,"Tight corridor, mixed deviation",8,1,7.7477,0,0
apriltag_imu,camera_front|imu,IMU + front camera,1,2,25.0,25.0,heading|pose,corridor,"Tight corridor, mixed deviation",9,0,6.8198,0,0
apriltag_imu,camera_front|imu,IMU + front camera,1,2,25.0,25.0,heading|pose,corridor,"Tight corridor, mixed deviation",10,1,6.8838,0,0
apriltag_imu,camera_front|imu,IMU + front camera,1,2,25.0,25.0,heading|pose,corridor,"Tight corridor, mixed deviation",11,1,6.9149,0,0
apriltag_imu,camera_front|imu,IMU + front camera,1,2,25.0,25.0,heading|pose,corridor,"Tight corridor, mixed deviation",12,1,8.7053,0,0
apriltag_imu,camera_front|imu,IMU + front camera,1,2,25.0,25.0,heading|pose,corridor,"Tight corridor, mixed deviation",13,0,4.207,1,0
apriltag_imu,camera_front|imu,IMU + front camera,1,2,25.0,25.0,heading|pose,corridor,"Tight corridor, mixed deviation",14,0,2.1229,0,0
apriltag_imu,camera_front|imu,IMU + front camera,1,2,25.0,25.0,heading|pose,corridor,"Tight corridor, mixed deviation",15,1,7.4643,0,0
apriltag_imu,camera_front|imu,IMU + front camera,1,2,25.0,25.0,heading|pose,corridor,"Tight corridor, mixed deviation",16,0,12.336,0,0
apriltag_imu,camera_front|imu,IMU + front camera,1,2,25.0,25.0,heading|pose,corridor,"Tight corridor, mixed deviation",17,0,2.9448,0,0
apriltag_imu,camera_front|imu,IMU + front camera,1,2,25.0,25.0,heading|pose,corridor,"Tight corridor, mixed deviation",18,0,13.4208,0,0
apriltag_imu,camera_front|imu,IMU + front camera,1,2,25.0,25.0,heading|pose,corridor,"Tight corridor, mixed deviation",19,0,2.3113,0,0
apriltag_imu,camera_front|imu,IMU + front camera,1,2,25.0,25.0,heading|pose,corridor,"Tight corridor, mixed deviation",20,0,8.4213,0,0
apriltag_imu,camera_front|imu,IMU + front camera,1,2,25.0,25.0,heading|pose,corridor,"Tight corridor, mixed deviation",21,0,5.1558,0,0
apriltag_imu,camera_front|imu,IMU + front camera,1,2,25.0,25.0,heading|pose,corridor,"Tight corridor, mixed deviation",22,0,3.1917,0,0
apriltag_imu,camera_front|imu,IMU + front camera,1,2,25.0,25.0,heading|pose,corridor,"Tight corridor, mixed deviation",23,0,3.6038,1,0
apriltag_imu,camera_front|imu,IMU + front camera,1,2,25.0,25.0,heading|pose,corridor,"Tight corridor, mixed deviation",24,1,7.2549,0,0
odometry_pods+distance_sensors,distance_sensors_3|odometry_pods,odometry pods + 3 ToF sensors,2,2,289.35,289.35,drift|obstacle,pose_drift_match,Heavy pose drift (map also off),0,1,5.0954,0,0
odometry_pods+distance_sensors,distance_sensors_3|odometry_pods,odometry pods + 3 ToF sensors,2,2,289.35,289.35,drift|obstacle,pose_drift_match,Heavy pose drift (map also off),1,0,0.0,1,0
odometry_pods+distance_sensors,distance_sensors_3|odometry_pods,odometry pods + 3 ToF sensors,2,2,289.35,289.35,drift|obstacle,pose_drift_match,Heavy pose drift (map also off),2,0,0.0,1,0
odometry_pods+distance_sensors,distance_sensors_3|odometry_pods,odometry pods + 3 ToF sensors,2,2,289.35,289.35,drift|obstacle,pose_drift_match,Heavy pose drift (map also off),3,0,0.6005,1,0
odometry_pods+distance_sensors,distance_sensors_3|odometry_pods,odometry pods + 3 ToF sensors,2,2,289.35,289.35,drift|obstacle,pose_drift_match,Heavy pose drift (map also off),4,0,0.683,1,0
odometry_pods+distance_sensors,distance_sensors_3|odometry_pods,odometry pods + 3 ToF sensors,2,2,289.35,289.35,drift|obstacle,pose_drift_match,Heavy pose drift (map also off),5,0,1.5429,1,0
odometry_pods+distance_sensors,distance_sensors_3|odometry_pods,odometry pods + 3 ToF sensors,2,2,289.35,289.35,drift|obstacle,pose_drift_match,Heavy pose drift (map also off),6,0,1.4147,1,0
odometry_pods+distance_sensors,distance_sensors_3|odometry_pods,odometry pods + 3 ToF sensors,2,2,289.35,289.35,drift|obstacle,pose_drift_match,Heavy pose drift (map also off),7,0,1.3136,1,0
odometry_pods+distance_sensors,distance_sensors_3|odometry_pods,odometry pods + 3 ToF sensors,2,2,289.35,289.35,drift|obstacle,pose_drift_match,Heavy pose drift (map also off),8,0,1.4026,0,0
odometry_pods+distance_sensors,distance_sensors_3|odometry_pods,odometry pods + 3 ToF sensors,2,2,289.35,289.35,drift|obstacle,pose_drift_match,Heavy pose drift (map also off),9,0,0.0,1,0
odometry_pods+distance_sensors,distance_sensors_3|odometry_pods,odometry pods + 3 ToF sensors,2,2,289.35,289.35,drift|obstacle,pose_drift_match,Heavy pose drift (map also off),10,1,0.9016,0,0
odometry_pods+distance_sensors,distance_sensors_3|odometry_pods,odometry pods + 3 ToF sensors,2,2,289.35,289.35,drift|obstacle,pose_drift_match,Heavy pose drift (map also off),11,0,0.6762,1,0
odometry_pods+distance_sensors,distance_sensors_3|odometry_pods,odometry pods + 3 ToF sensors,2,2,289.35,289.35,drift|obstacle,pose_drift_match,Heavy pose drift (map also off),12,0,2.3856,0,0
odometry_pods+distance_sensors,distance_sensors_3|odometry_pods,odometry pods + 3 ToF sensors,2,2,289.35,289.35,drift|obstacle,pose_drift_match,Heavy pose drift (map also off),13,0,1.7345,0,0
odometry_pods+distance_sensors,distance_sensors_3|odometry_pods,odometry pods + 3 ToF sensors,2,2,289.35,289.35,drift|obstacle,pose_drift_match,Heavy pose drift (map also off),14,0,0.0,1,0
odometry_pods+distance_sensors,distance_sensors_3|odometry_pods,odometry pods + 3 ToF sensors,2,2,289.35,289.35,drift|obstacle,pose_drift_match,Heavy pose drift (map also off),15,0,6.2541,1,0
odometry_pods+distance_sensors,distance_sensors_3|odometry_pods,odometry pods + 3 ToF sensors,2,2,289.35,289.35,drift|obstacle,pose_drift_match,Heavy pose drift (map also off),16,0,0.0,1,0
odometry_pods+distance_sensors,distance_sensors_3|odometry_pods,odometry pods + 3 ToF sensors,2,2,289.35,289.35,drift|obstacle,pose_drift_match,Heavy pose drift (map also off),17,0,1.3933,1,0
odometry_pods+distance_sensors,distance_sensors_3|odometry_pods,odometry pods + 3 ToF sensors,2,2,289.35,289.35,drift|obstacle,pose_drift_match,Heavy pose drift (map also off),18,0,0.0,1,0
odometry_pods+distance_sensors,distance_sensors_3|odometry_pods,odometry pods + 3 ToF sensors,2,2,289.35,289.35,drift|obstacle,pose_drift_match,Heavy pose drift (map also off),19,0,0.0,1,0
odometry_pods+distance_sensors,distance_sensors_3|odometry_pods,odometry pods + 3 ToF sensors,2,2,289.35,289.35,drift|obstacle,pose_drift_match,Heavy pose drift (map also off),20,1,4.4706,0,0
odometry_pods+distance_sensors,distance_sensors_3|odometry_pods,odometry pods + 3 ToF sensors,2,2,289.35,289.35,drift|obstacle,pose_drift_match,Heavy pose drift (map also off),21,0,1.6876,1,0
odometry_pods+distance_sensors,distance_sensors_3|odometry_pods,odometry pods + 3 ToF sensors,2,2,289.35,289.35,drift|obstacle,pose_drift_match,Heavy pose drift (map also off),22,0,6.2931,0,0
odometry_pods+distance_sensors,distance_sensors_3|odometry_pods,odometry pods + 3 ToF sensors,2,2,289.35,289.35,drift|obstacle,pose_drift_match,Heavy pose drift (map also off),23,0,1.967,1,0
odometry_pods+distance_sensors,distance_sensors_3|odometry_pods,odometry pods + 3 ToF sensors,2,2,289.35,289.35,drift|obstacle,pose_drift_match,Heavy pose drift (map also off),24,0,2.9539,1,0
odometry_pods+distance_sensors,distance_sensors_3|odometry_pods,odometry pods + 3 ToF sensors,2,2,289.35,289.35,drift|obstacle,map_error_match,Field doesn't match the map (also drifting),0,0,0.0,0,0
odometry_pods+distance_sensors,distance_sensors_3|odometry_pods,odometry pods + 3 ToF sensors,2,2,289.35,289.35,drift|obstacle,map_error_match,Field doesn't match the map (also drifting),1,0,4.9752,1,0
odometry_pods+distance_sensors,distance_sensors_3|odometry_pods,odometry pods + 3 ToF sensors,2,2,289.35,289.35,drift|obstacle,map_error_match,Field doesn't match the map (also drifting),2,0,0.0,1,0
odometry_pods+distance_sensors,distance_sensors_3|odometry_pods,odometry pods + 3 ToF sensors,2,2,289.35,289.35,drift|obstacle,map_error_match,Field doesn't match the map (also drifting),3,0,0.0,1,0
odometry_pods+distance_sensors,distance_sensors_3|odometry_pods,odometry pods + 3 ToF sensors,2,2,289.35,289.35,drift|obstacle,map_error_match,Field doesn't match the map (also drifting),4,0,1.6834,1,0
odometry_pods+distance_sensors,distance_sensors_3|odometry_pods,odometry pods + 3 ToF sensors,2,2,289.35,289.35,drift|obstacle,map_error_match,Field doesn't match the map (also drifting),5,0,1.5328,1,0
odometry_pods+distance_sensors,distance_sensors_3|odometry_pods,odometry pods + 3 ToF sensors,2,2,289.35,289.35,drift|obstacle,map_error_match,Field doesn't match the map (also drifting),6,0,1.3523,1,0
odometry_pods+distance_sensors,distance_sensors_3|odometry_pods,odometry pods + 3 ToF sensors,2,2,289.35,289.35,drift|obstacle,map_error_match,Field doesn't match the map (also drifting),7,0,3.6539,1,0
odometry_pods+distance_sensors,distance_sensors_3|odometry_pods,odometry pods + 3 ToF sensors,2,2,289.35,289.35,drift|obstacle,map_error_match,Field doesn't match the map (also drifting),8,0,1.4704,0,0
odometry_pods+distance_sensors,distance_sensors_3|odometry_pods,odometry pods + 3 ToF sensors,2,2,289.35,289.35,drift|obstacle,map_error_match,Field doesn't match the map (also drifting),9,0,6.9392,0,0
odometry_pods+distance_sensors,distance_sensors_3|odometry_pods,odometry pods + 3 ToF sensors,2,2,289.35,289.35,drift|obstacle,map_error_match,Field doesn't match the map (also drifting),10,0,1.885,0,0
odometry_pods+distance_sensors,distance_sensors_3|odometry_pods,odometry pods + 3 ToF sensors,2,2,289.35,289.35,drift|obstacle,map_error_match,Field doesn't match the map (also drifting),11,0,0.6508,1,0
odometry_pods+distance_sensors,distance_sensors_3|odometry_pods,odometry pods + 3 ToF sensors,2,2,289.35,289.35,drift|obstacle,map_error_match,Field doesn't match the map (also drifting),12,0,2.3856,0,0
odometry_pods+distance_sensors,distance_sensors_3|odometry_pods,odometry pods + 3 ToF sensors,2,2,289.35,289.35,drift|obstacle,map_error_match,Field doesn't match the map (also drifting),13,0,1.7874,0,0
odometry_pods+distance_sensors,distance_sensors_3|odometry_pods,odometry pods + 3 ToF sensors,2,2,289.35,289.35,drift|obstacle,map_error_match,Field doesn't match the map (also drifting),14,0,0.0,1,0
odometry_pods+distance_sensors,distance_sensors_3|odometry_pods,odometry pods + 3 ToF sensors,2,2,289.35,289.35,drift|obstacle,map_error_match,Field doesn't match the map (also drifting),15,0,1.9058,0,0
odometry_pods+distance_sensors,distance_sensors_3|odometry_pods,odometry pods + 3 ToF sensors,2,2,289.35,289.35,drift|obstacle,map_error_match,Field doesn't match the map (also drifting),16,0,0.0,0,0
odometry_pods+distance_sensors,distance_sensors_3|odometry_pods,odometry pods + 3 ToF sensors,2,2,289.35,289.35,drift|obstacle,map_error_match,Field doesn't match the map (also drifting),17,0,0.525,1,0
odometry_pods+distance_sensors,distance_sensors_3|odometry_pods,odometry pods + 3 ToF sensors,2,2,289.35,289.35,drift|obstacle,map_error_match,Field doesn't match the map (also drifting),18,0,7.0957,1,0
odometry_pods+distance_sensors,distance_sensors_3|odometry_pods,odometry pods + 3 ToF sensors,2,2,289.35,289.35,drift|obstacle,map_error_match,Field doesn't match the map (also drifting),19,0,0.0,1,0
odometry_pods+distance_sensors,distance_sensors_3|odometry_pods,odometry pods + 3 ToF sensors,2,2,289.35,289.35,drift|obstacle,map_error_match,Field doesn't match the map (also drifting),20,0,0.0,1,0
odometry_pods+distance_sensors,distance_sensors_3|odometry_pods,odometry pods + 3 ToF sensors,2,2,289.35,289.35,drift|obstacle,map_error_match,Field doesn't match the map (also drifting),21,0,0.5396,0,0
odometry_pods+distance_sensors,distance_sensors_3|odometry_pods,odometry pods + 3 ToF sensors,2,2,289.35,289.35,drift|obstacle,map_error_match,Field doesn't match the map (also drifting),22,0,0.0,1,0
odometry_pods+distance_sensors,distance_sensors_3|odometry_pods,odometry pods + 3 ToF sensors,2,2,289.35,289.35,drift|obstacle,map_error_match,Field doesn't match the map (also drifting),23,0,1.9586,1,0
odometry_pods+distance_sensors,distance_sensors_3|odometry_pods,odometry pods + 3 ToF sensors,2,2,289.35,289.35,drift|obstacle,map_error_match,Field doesn't match the map (also drifting),24,0,2.48,1,0
odometry_pods+distance_sensors,distance_sensors_3|odometry_pods,odometry pods + 3 ToF sensors,2,2,289.35,289.35,drift|obstacle,opponent_match,Opponent parks in the route (also drifting),0,0,0.0,0,0
odometry_pods+distance_sensors,distance_sensors_3|odometry_pods,odometry pods + 3 ToF sensors,2,2,289.35,289.35,drift|obstacle,opponent_match,Opponent parks in the route (also drifting),1,0,4.5807,1,0
odometry_pods+distance_sensors,distance_sensors_3|odometry_pods,odometry pods + 3 ToF sensors,2,2,289.35,289.35,drift|obstacle,opponent_match,Opponent parks in the route (also drifting),2,0,0.0,1,0
odometry_pods+distance_sensors,distance_sensors_3|odometry_pods,odometry pods + 3 ToF sensors,2,2,289.35,289.35,drift|obstacle,opponent_match,Opponent parks in the route (also drifting),3,0,0.6005,1,0
odometry_pods+distance_sensors,distance_sensors_3|odometry_pods,odometry pods + 3 ToF sensors,2,2,289.35,289.35,drift|obstacle,opponent_match,Opponent parks in the route (also drifting),4,0,0.668,1,0
odometry_pods+distance_sensors,distance_sensors_3|odometry_pods,odometry pods + 3 ToF sensors,2,2,289.35,289.35,drift|obstacle,opponent_match,Opponent parks in the route (also drifting),5,0,1.1436,1,0
odometry_pods+distance_sensors,distance_sensors_3|odometry_pods,odometry pods + 3 ToF sensors,2,2,289.35,289.35,drift|obstacle,opponent_match,Opponent parks in the route (also drifting),6,1,2.735,0,0
odometry_pods+distance_sensors,distance_sensors_3|odometry_pods,odometry pods + 3 ToF sensors,2,2,289.35,289.35,drift|obstacle,opponent_match,Opponent parks in the route (also drifting),7,0,4.101,1,0
odometry_pods+distance_sensors,distance_sensors_3|odometry_pods,odometry pods + 3 ToF sensors,2,2,289.35,289.35,drift|obstacle,opponent_match,Opponent parks in the route (also drifting),8,0,1.3523,0,0
odometry_pods+distance_sensors,distance_sensors_3|odometry_pods,odometry pods + 3 ToF sensors,2,2,289.35,289.35,drift|obstacle,opponent_match,Opponent parks in the route (also drifting),9,0,3.491,1,0
odometry_pods+distance_sensors,distance_sensors_3|odometry_pods,odometry pods + 3 ToF sensors,2,2,289.35,289.35,drift|obstacle,opponent_match,Opponent parks in the route (also drifting),10,0,2.5737,0,0
odometry_pods+distance_sensors,distance_sensors_3|odometry_pods,odometry pods + 3 ToF sensors,2,2,289.35,289.35,drift|obstacle,opponent_match,Opponent parks in the route (also drifting),11,0,1.4087,0,0
odometry_pods+distance_sensors,distance_sensors_3|odometry_pods,odometry pods + 3 ToF sensors,2,2,289.35,289.35,drift|obstacle,opponent_match,Opponent parks in the route (also drifting),12,0,2.3039,0,0
odometry_pods+distance_sensors,distance_sensors_3|odometry_pods,odometry pods + 3 ToF sensors,2,2,289.35,289.35,drift|obstacle,opponent_match,Opponent parks in the route (also drifting),13,0,0.9016,1,0
odometry_pods+distance_sensors,distance_sensors_3|odometry_pods,odometry pods + 3 ToF sensors,2,2,289.35,289.35,drift|obstacle,opponent_match,Opponent parks in the route (also drifting),14,0,0.0,1,0
odometry_pods+distance_sensors,distance_sensors_3|odometry_pods,odometry pods + 3 ToF sensors,2,2,289.35,289.35,drift|obstacle,opponent_match,Opponent parks in the route (also drifting),15,0,2.6531,0,0
odometry_pods+distance_sensors,distance_sensors_3|odometry_pods,odometry pods + 3 ToF sensors,2,2,289.35,289.35,drift|obstacle,opponent_match,Opponent parks in the route (also drifting),16,0,2.4086,1,0
odometry_pods+distance_sensors,distance_sensors_3|odometry_pods,odometry pods + 3 ToF sensors,2,2,289.35,289.35,drift|obstacle,opponent_match,Opponent parks in the route (also drifting),17,0,7.3203,0,0
odometry_pods+distance_sensors,distance_sensors_3|odometry_pods,odometry pods + 3 ToF sensors,2,2,289.35,289.35,drift|obstacle,opponent_match,Opponent parks in the route (also drifting),18,0,7.0957,1,0
odometry_pods+distance_sensors,distance_sensors_3|odometry_pods,odometry pods + 3 ToF sensors,2,2,289.35,289.35,drift|obstacle,opponent_match,Opponent parks in the route (also drifting),19,0,0.0,1,0
odometry_pods+distance_sensors,distance_sensors_3|odometry_pods,odometry pods + 3 ToF sensors,2,2,289.35,289.35,drift|obstacle,opponent_match,Opponent parks in the route (also drifting),20,0,2.8805,1,0
odometry_pods+distance_sensors,distance_sensors_3|odometry_pods,odometry pods + 3 ToF sensors,2,2,289.35,289.35,drift|obstacle,opponent_match,Opponent parks in the route (also drifting),21,0,1.4385,1,0
odometry_pods+distance_sensors,distance_sensors_3|odometry_pods,odometry pods + 3 ToF sensors,2,2,289.35,289.35,drift|obstacle,opponent_match,Opponent parks in the route (also drifting),22,0,5.0792,1,0
odometry_pods+distance_sensors,distance_sensors_3|odometry_pods,odometry pods + 3 ToF sensors,2,2,289.35,289.35,drift|obstacle,opponent_match,Opponent parks in the route (also drifting),23,0,1.9586,1,0
odometry_pods+distance_sensors,distance_sensors_3|odometry_pods,odometry pods + 3 ToF sensors,2,2,289.35,289.35,drift|obstacle,opponent_match,Opponent parks in the route (also drifting),24,0,0.0,1,0
odometry_pods+distance_sensors,distance_sensors_3|odometry_pods,odometry pods + 3 ToF sensors,2,2,289.35,289.35,drift|obstacle,combined_match,Everything at once (match-realistic mix),0,0,0.0,0,0
odometry_pods+distance_sensors,distance_sensors_3|odometry_pods,odometry pods + 3 ToF sensors,2,2,289.35,289.35,drift|obstacle,combined_match,Everything at once (match-realistic mix),1,0,4.9752,1,0
odometry_pods+distance_sensors,distance_sensors_3|odometry_pods,odometry pods + 3 ToF sensors,2,2,289.35,289.35,drift|obstacle,combined_match,Everything at once (match-realistic mix),2,0,1.915,1,0
odometry_pods+distance_sensors,distance_sensors_3|odometry_pods,odometry pods + 3 ToF sensors,2,2,289.35,289.35,drift|obstacle,combined_match,Everything at once (match-realistic mix),3,0,0.6691,1,0
odometry_pods+distance_sensors,distance_sensors_3|odometry_pods,odometry pods + 3 ToF sensors,2,2,289.35,289.35,drift|obstacle,combined_match,Everything at once (match-realistic mix),4,0,0.668,1,0
odometry_pods+distance_sensors,distance_sensors_3|odometry_pods,odometry pods + 3 ToF sensors,2,2,289.35,289.35,drift|obstacle,combined_match,Everything at once (match-realistic mix),5,0,1.132,1,0
odometry_pods+distance_sensors,distance_sensors_3|odometry_pods,odometry pods + 3 ToF sensors,2,2,289.35,289.35,drift|obstacle,combined_match,Everything at once (match-realistic mix),6,0,1.3523,1,0
odometry_pods+distance_sensors,distance_sensors_3|odometry_pods,odometry pods + 3 ToF sensors,2,2,289.35,289.35,drift|obstacle,combined_match,Everything at once (match-realistic mix),7,0,3.6539,1,0
odometry_pods+distance_sensors,distance_sensors_3|odometry_pods,odometry pods + 3 ToF sensors,2,2,289.35,289.35,drift|obstacle,combined_match,Everything at once (match-realistic mix),8,0,1.4704,0,0
odometry_pods+distance_sensors,distance_sensors_3|odometry_pods,odometry pods + 3 ToF sensors,2,2,289.35,289.35,drift|obstacle,combined_match,Everything at once (match-realistic mix),9,0,6.9392,0,0
odometry_pods+distance_sensors,distance_sensors_3|odometry_pods,odometry pods + 3 ToF sensors,2,2,289.35,289.35,drift|obstacle,combined_match,Everything at once (match-realistic mix),10,0,1.8534,0,0
odometry_pods+distance_sensors,distance_sensors_3|odometry_pods,odometry pods + 3 ToF sensors,2,2,289.35,289.35,drift|obstacle,combined_match,Everything at once (match-realistic mix),11,0,0.6642,1,0
odometry_pods+distance_sensors,distance_sensors_3|odometry_pods,odometry pods + 3 ToF sensors,2,2,289.35,289.35,drift|obstacle,combined_match,Everything at once (match-realistic mix),12,0,2.3856,0,0
odometry_pods+distance_sensors,distance_sensors_3|odometry_pods,odometry pods + 3 ToF sensors,2,2,289.35,289.35,drift|obstacle,combined_match,Everything at once (match-realistic mix),13,0,1.7874,0,0
odometry_pods+distance_sensors,distance_sensors_3|odometry_pods,odometry pods + 3 ToF sensors,2,2,289.35,289.35,drift|obstacle,combined_match,Everything at once (match-realistic mix),14,0,0.0,1,0
odometry_pods+distance_sensors,distance_sensors_3|odometry_pods,odometry pods + 3 ToF sensors,2,2,289.35,289.35,drift|obstacle,combined_match,Everything at once (match-realistic mix),15,0,2.6531,0,0
odometry_pods+distance_sensors,distance_sensors_3|odometry_pods,odometry pods + 3 ToF sensors,2,2,289.35,289.35,drift|obstacle,combined_match,Everything at once (match-realistic mix),16,0,0.0,0,0
odometry_pods+distance_sensors,distance_sensors_3|odometry_pods,odometry pods + 3 ToF sensors,2,2,289.35,289.35,drift|obstacle,combined_match,Everything at once (match-realistic mix),17,0,0.525,1,0
odometry_pods+distance_sensors,distance_sensors_3|odometry_pods,odometry pods + 3 ToF sensors,2,2,289.35,289.35,drift|obstacle,combined_match,Everything at once (match-realistic mix),18,0,7.0957,1,0
odometry_pods+distance_sensors,distance_sensors_3|odometry_pods,odometry pods + 3 ToF sensors,2,2,289.35,289.35,drift|obstacle,combined_match,Everything at once (match-realistic mix),19,0,0.0,1,0
odometry_pods+distance_sensors,distance_sensors_3|odometry_pods,odometry pods + 3 ToF sensors,2,2,289.35,289.35,drift|obstacle,combined_match,Everything at once (match-realistic mix),20,0,0.0,1,0
odometry_pods+distance_sensors,distance_sensors_3|odometry_pods,odometry pods + 3 ToF sensors,2,2,289.35,289.35,drift|obstacle,combined_match,Everything at once (match-realistic mix),21,0,0.5396,0,0
odometry_pods+distance_sensors,distance_sensors_3|odometry_pods,odometry pods + 3 ToF sensors,2,2,289.35,289.35,drift|obstacle,combined_match,Everything at once (match-realistic mix),22,0,0.0,1,0
odometry_pods+distance_sensors,distance_sensors_3|odometry_pods,odometry pods + 3 ToF sensors,2,2,289.35,289.35,drift|obstacle,combined_match,Everything at once (match-realistic mix),23,0,1.9586,1,0
odometry_pods+distance_sensors,distance_sensors_3|odometry_pods,odometry pods + 3 ToF sensors,2,2,289.35,289.35,drift|obstacle,combined_match,Everything at once (match-realistic mix),24,0,2.48,1,0
odometry_pods+distance_sensors,distance_sensors_3|odometry_pods,odometry pods + 3 ToF sensors,2,2,289.35,289.35,drift|obstacle,corridor,"Tight corridor, mixed deviation",0,0,6.4095,0,0
odometry_pods+distance_sensors,distance_sensors_3|odometry_pods,odometry pods + 3 ToF sensors,2,2,289.35,289.35,drift|obstacle,corridor,"Tight corridor, mixed deviation",1,0,4.0682,0,0
odometry_pods+distance_sensors,distance_sensors_3|odometry_pods,odometry pods + 3 ToF sensors,2,2,289.35,289.35,drift|obstacle,corridor,"Tight corridor, mixed deviation",2,0,0.0,1,0
odometry_pods+distance_sensors,distance_sensors_3|odometry_pods,odometry pods + 3 ToF sensors,2,2,289.35,289.35,drift|obstacle,corridor,"Tight corridor, mixed deviation",3,0,3.4574,0,0
odometry_pods+distance_sensors,distance_sensors_3|odometry_pods,odometry pods + 3 ToF sensors,2,2,289.35,289.35,drift|obstacle,corridor,"Tight corridor, mixed deviation",4,0,3.9141,0,0
odometry_pods+distance_sensors,distance_sensors_3|odometry_pods,odometry pods + 3 ToF sensors,2,2,289.35,289.35,drift|obstacle,corridor,"Tight corridor, mixed deviation",5,0,8.3993,0,0
odometry_pods+distance_sensors,distance_sensors_3|odometry_pods,odometry pods + 3 ToF sensors,2,2,289.35,289.35,drift|obstacle,corridor,"Tight corridor, mixed deviation",6,0,7.8755,0,0
odometry_pods+distance_sensors,distance_sensors_3|odometry_pods,odometry pods + 3 ToF sensors,2,2,289.35,289.35,drift|obstacle,corridor,"Tight corridor, mixed deviation",7,0,4.883,1,0
odometry_pods+distance_sensors,distance_sensors_3|odometry_pods,odometry pods + 3 ToF sensors,2,2,289.35,289.35,drift|obstacle,corridor,"Tight corridor, mixed deviation",8,0,6.9574,0,0
odometry_pods+distance_sensors,distance_sensors_3|odometry_pods,odometry pods + 3 ToF sensors,2,2,289.35,289.35,drift|obstacle,corridor,"Tight corridor, mixed deviation",9,0,0.5951,1,0
odometry_pods+distance_sensors,distance_sensors_3|odometry_pods,odometry pods + 3 ToF sensors,2,2,289.35,289.35,drift|obstacle,corridor,"Tight corridor, mixed deviation",10,0,5.4258,1,0
odometry_pods+distance_sensors,distance_sensors_3|odometry_pods,odometry pods + 3 ToF sensors,2,2,289.35,289.35,drift|obstacle,corridor,"Tight corridor, mixed deviation",11,0,0.9711,0,0
odometry_pods+distance_sensors,distance_sensors_3|odometry_pods,odometry pods + 3 ToF sensors,2,2,289.35,289.35,drift|obstacle,corridor,"Tight corridor, mixed deviation",12,0,7.7113,0,0
odometry_pods+distance_sensors,distance_sensors_3|odometry_pods,odometry pods + 3 ToF sensors,2,2,289.35,289.35,drift|obstacle,corridor,"Tight corridor, mixed deviation",13,0,5.4438,0,0
odometry_pods+distance_sensors,distance_sensors_3|odometry_pods,odometry pods + 3 ToF sensors,2,2,289.35,289.35,drift|obstacle,corridor,"Tight corridor, mixed deviation",14,0,1.3523,0,0
odometry_pods+distance_sensors,distance_sensors_3|odometry_pods,odometry pods + 3 ToF sensors,2,2,289.35,289.35,drift|obstacle,corridor,"Tight corridor, mixed deviation",15,0,6.1636,0,0
odometry_pods+distance_sensors,distance_sensors_3|odometry_pods,odometry pods + 3 ToF sensors,2,2,289.35,289.35,drift|obstacle,corridor,"Tight corridor, mixed deviation",16,0,1.7265,1,0
odometry_pods+distance_sensors,distance_sensors_3|odometry_pods,odometry pods + 3 ToF sensors,2,2,289.35,289.35,drift|obstacle,corridor,"Tight corridor, mixed deviation",17,1,3.2961,0,0
odometry_pods+distance_sensors,distance_sensors_3|odometry_pods,odometry pods + 3 ToF sensors,2,2,289.35,289.35,drift|obstacle,corridor,"Tight corridor, mixed deviation",18,0,3.3069,1,0
odometry_pods+distance_sensors,distance_sensors_3|odometry_pods,odometry pods + 3 ToF sensors,2,2,289.35,289.35,drift|obstacle,corridor,"Tight corridor, mixed deviation",19,0,2.2361,0,0
odometry_pods+distance_sensors,distance_sensors_3|odometry_pods,odometry pods + 3 ToF sensors,2,2,289.35,289.35,drift|obstacle,corridor,"Tight corridor, mixed deviation",20,1,7.2205,0,0
odometry_pods+distance_sensors,distance_sensors_3|odometry_pods,odometry pods + 3 ToF sensors,2,2,289.35,289.35,drift|obstacle,corridor,"Tight corridor, mixed deviation",21,0,4.0852,0,0
odometry_pods+distance_sensors,distance_sensors_3|odometry_pods,odometry pods + 3 ToF sensors,2,2,289.35,289.35,drift|obstacle,corridor,"Tight corridor, mixed deviation",22,0,3.3917,0,0
odometry_pods+distance_sensors,distance_sensors_3|odometry_pods,odometry pods + 3 ToF sensors,2,2,289.35,289.35,drift|obstacle,corridor,"Tight corridor, mixed deviation",23,0,0.0,0,0
odometry_pods+distance_sensors,distance_sensors_3|odometry_pods,odometry pods + 3 ToF sensors,2,2,289.35,289.35,drift|obstacle,corridor,"Tight corridor, mixed deviation",24,0,0.0,0,0
odometry_pods+apriltag,camera_front|odometry_pods,odometry pods + front camera,2,2,219.85,219.85,drift|pose,pose_drift_match,Heavy pose drift (map also off),0,0,0.683,1,0
odometry_pods+apriltag,camera_front|odometry_pods,odometry pods + front camera,2,2,219.85,219.85,drift|pose,pose_drift_match,Heavy pose drift (map also off),1,0,0.0,1,0
odometry_pods+apriltag,camera_front|odometry_pods,odometry pods + front camera,2,2,219.85,219.85,drift|pose,pose_drift_match,Heavy pose drift (map also off),2,0,1.1835,1,0
odometry_pods+apriltag,camera_front|odometry_pods,odometry pods + front camera,2,2,219.85,219.85,drift|pose,pose_drift_match,Heavy pose drift (map also off),3,0,1.1518,1,0
odometry_pods+apriltag,camera_front|odometry_pods,odometry pods + front camera,2,2,219.85,219.85,drift|pose,pose_drift_match,Heavy pose drift (map also off),4,0,2.5508,1,0
odometry_pods+apriltag,camera_front|odometry_pods,odometry pods + front camera,2,2,219.85,219.85,drift|pose,pose_drift_match,Heavy pose drift (map also off),5,1,12.5185,0,0
odometry_pods+apriltag,camera_front|odometry_pods,odometry pods + front camera,2,2,219.85,219.85,drift|pose,pose_drift_match,Heavy pose drift (map also off),6,0,1.95,1,0
odometry_pods+apriltag,camera_front|odometry_pods,odometry pods + front camera,2,2,219.85,219.85,drift|pose,pose_drift_match,Heavy pose drift (map also off),7,0,0.8887,1,0
odometry_pods+apriltag,camera_front|odometry_pods,odometry pods + front camera,2,2,219.85,219.85,drift|pose,pose_drift_match,Heavy pose drift (map also off),8,1,2.9394,0,0
odometry_pods+apriltag,camera_front|odometry_pods,odometry pods + front camera,2,2,219.85,219.85,drift|pose,pose_drift_match,Heavy pose drift (map also off),9,0,0.4508,1,0
odometry_pods+apriltag,camera_front|odometry_pods,odometry pods + front camera,2,2,219.85,219.85,drift|pose,pose_drift_match,Heavy pose drift (map also off),10,1,0.9016,0,0
odometry_pods+apriltag,camera_front|odometry_pods,odometry pods + front camera,2,2,219.85,219.85,drift|pose,pose_drift_match,Heavy pose drift (map also off),11,0,0.0,1,0
odometry_pods+apriltag,camera_front|odometry_pods,odometry pods + front camera,2,2,219.85,219.85,drift|pose,pose_drift_match,Heavy pose drift (map also off),12,0,8.0147,1,0
odometry_pods+apriltag,camera_front|odometry_pods,odometry pods + front camera,2,2,219.85,219.85,drift|pose,pose_drift_match,Heavy pose drift (map also off),13,0,1.7345,0,0
odometry_pods+apriltag,camera_front|odometry_pods,odometry pods + front camera,2,2,219.85,219.85,drift|pose,pose_drift_match,Heavy pose drift (map also off),14,1,3.9542,0,0
odometry_pods+apriltag,camera_front|odometry_pods,odometry pods + front camera,2,2,219.85,219.85,drift|pose,pose_drift_match,Heavy pose drift (map also off),15,0,0.8896,1,0
odometry_pods+apriltag,camera_front|odometry_pods,odometry pods + front camera,2,2,219.85,219.85,drift|pose,pose_drift_match,Heavy pose drift (map also off),16,0,7.1456,1,0
odometry_pods+apriltag,camera_front|odometry_pods,odometry pods + front camera,2,2,219.85,219.85,drift|pose,pose_drift_match,Heavy pose drift (map also off),17,0,1.4588,1,0
odometry_pods+apriltag,camera_front|odometry_pods,odometry pods + front camera,2,2,219.85,219.85,drift|pose,pose_drift_match,Heavy pose drift (map also off),18,0,0.0,1,0
odometry_pods+apriltag,camera_front|odometry_pods,odometry pods + front camera,2,2,219.85,219.85,drift|pose,pose_drift_match,Heavy pose drift (map also off),19,1,9.2588,0,0
odometry_pods+apriltag,camera_front|odometry_pods,odometry pods + front camera,2,2,219.85,219.85,drift|pose,pose_drift_match,Heavy pose drift (map also off),20,0,5.9075,0,0
odometry_pods+apriltag,camera_front|odometry_pods,odometry pods + front camera,2,2,219.85,219.85,drift|pose,pose_drift_match,Heavy pose drift (map also off),21,0,2.509,1,0
odometry_pods+apriltag,camera_front|odometry_pods,odometry pods + front camera,2,2,219.85,219.85,drift|pose,pose_drift_match,Heavy pose drift (map also off),22,0,0.0,1,0
odometry_pods+apriltag,camera_front|odometry_pods,odometry pods + front camera,2,2,219.85,219.85,drift|pose,pose_drift_match,Heavy pose drift (map also off),23,0,1.967,1,0
odometry_pods+apriltag,camera_front|odometry_pods,odometry pods + front camera,2,2,219.85,219.85,drift|pose,pose_drift_match,Heavy pose drift (map also off),24,0,4.7923,1,0
odometry_pods+apriltag,camera_front|odometry_pods,odometry pods + front camera,2,2,219.85,219.85,drift|pose,map_error_match,Field doesn't match the map (also drifting),0,1,3.9052,0,0
odometry_pods+apriltag,camera_front|odometry_pods,odometry pods + front camera,2,2,219.85,219.85,drift|pose,map_error_match,Field doesn't match the map (also drifting),1,0,0.0,1,0
odometry_pods+apriltag,camera_front|odometry_pods,odometry pods + front camera,2,2,219.85,219.85,drift|pose,map_error_match,Field doesn't match the map (also drifting),2,0,8.4186,1,0
odometry_pods+apriltag,camera_front|odometry_pods,odometry pods + front camera,2,2,219.85,219.85,drift|pose,map_error_match,Field doesn't match the map (also drifting),3,0,1.1278,1,0
odometry_pods+apriltag,camera_front|odometry_pods,odometry pods + front camera,2,2,219.85,219.85,drift|pose,map_error_match,Field doesn't match the map (also drifting),4,0,4.7881,1,0
odometry_pods+apriltag,camera_front|odometry_pods,odometry pods + front camera,2,2,219.85,219.85,drift|pose,map_error_match,Field doesn't match the map (also drifting),5,1,12.0778,0,0
odometry_pods+apriltag,camera_front|odometry_pods,odometry pods + front camera,2,2,219.85,219.85,drift|pose,map_error_match,Field doesn't match the map (also drifting),6,0,1.3523,1,0
odometry_pods+apriltag,camera_front|odometry_pods,odometry pods + front camera,2,2,219.85,219.85,drift|pose,map_error_match,Field doesn't match the map (also drifting),7,0,5.921,1,0
odometry_pods+apriltag,camera_front|odometry_pods,odometry pods + front camera,2,2,219.85,219.85,drift|pose,map_error_match,Field doesn't match the map (also drifting),8,0,1.4704,0,0
odometry_pods+apriltag,camera_front|odometry_pods,odometry pods + front camera,2,2,219.85,219.85,drift|pose,map_error_match,Field doesn't match the map (also drifting),9,0,7.1392,0,0
odometry_pods+apriltag,camera_front|odometry_pods,odometry pods + front camera,2,2,219.85,219.85,drift|pose,map_error_match,Field doesn't match the map (also drifting),10,0,1.885,0,0
odometry_pods+apriltag,camera_front|odometry_pods,odometry pods + front camera,2,2,219.85,219.85,drift|pose,map_error_match,Field doesn't match the map (also drifting),11,0,4.8276,1,0
odometry_pods+apriltag,camera_front|odometry_pods,odometry pods + front camera,2,2,219.85,219.85,drift|pose,map_error_match,Field doesn't match the map (also drifting),12,0,8.0147,1,0
odometry_pods+apriltag,camera_front|odometry_pods,odometry pods + front camera,2,2,219.85,219.85,drift|pose,map_error_match,Field doesn't match the map (also drifting),13,0,1.7874,0,0
odometry_pods+apriltag,camera_front|odometry_pods,odometry pods + front camera,2,2,219.85,219.85,drift|pose,map_error_match,Field doesn't match the map (also drifting),14,1,4.3737,0,0
odometry_pods+apriltag,camera_front|odometry_pods,odometry pods + front camera,2,2,219.85,219.85,drift|pose,map_error_match,Field doesn't match the map (also drifting),15,0,9.0865,1,0
odometry_pods+apriltag,camera_front|odometry_pods,odometry pods + front camera,2,2,219.85,219.85,drift|pose,map_error_match,Field doesn't match the map (also drifting),16,0,0.7216,1,0
odometry_pods+apriltag,camera_front|odometry_pods,odometry pods + front camera,2,2,219.85,219.85,drift|pose,map_error_match,Field doesn't match the map (also drifting),17,0,1.4266,1,0
odometry_pods+apriltag,camera_front|odometry_pods,odometry pods + front camera,2,2,219.85,219.85,drift|pose,map_error_match,Field doesn't match the map (also drifting),18,1,10.8268,0,0
odometry_pods+apriltag,camera_front|odometry_pods,odometry pods + front camera,2,2,219.85,219.85,drift|pose,map_error_match,Field doesn't match the map (also drifting),19,1,8.7737,0,0
odometry_pods+apriltag,camera_front|odometry_pods,odometry pods + front camera,2,2,219.85,219.85,drift|pose,map_error_match,Field doesn't match the map (also drifting),20,0,0.0,1,0
odometry_pods+apriltag,camera_front|odometry_pods,odometry pods + front camera,2,2,219.85,219.85,drift|pose,map_error_match,Field doesn't match the map (also drifting),21,0,0.7749,1,0
odometry_pods+apriltag,camera_front|odometry_pods,odometry pods + front camera,2,2,219.85,219.85,drift|pose,map_error_match,Field doesn't match the map (also drifting),22,0,1.7197,1,0
odometry_pods+apriltag,camera_front|odometry_pods,odometry pods + front camera,2,2,219.85,219.85,drift|pose,map_error_match,Field doesn't match the map (also drifting),23,0,1.9586,1,0
odometry_pods+apriltag,camera_front|odometry_pods,odometry pods + front camera,2,2,219.85,219.85,drift|pose,map_error_match,Field doesn't match the map (also drifting),24,0,4.3646,1,0
odometry_pods+apriltag,camera_front|odometry_pods,odometry pods + front camera,2,2,219.85,219.85,drift|pose,opponent_match,Opponent parks in the route (also drifting),0,1,3.8546,0,0
odometry_pods+apriltag,camera_front|odometry_pods,odometry pods + front camera,2,2,219.85,219.85,drift|pose,opponent_match,Opponent parks in the route (also drifting),1,0,2.1,1,0
odometry_pods+apriltag,camera_front|odometry_pods,odometry pods + front camera,2,2,219.85,219.85,drift|pose,opponent_match,Opponent parks in the route (also drifting),2,0,4.3271,1,0
odometry_pods+apriltag,camera_front|odometry_pods,odometry pods + front camera,2,2,219.85,219.85,drift|pose,opponent_match,Opponent parks in the route (also drifting),3,0,1.1518,1,0
odometry_pods+apriltag,camera_front|odometry_pods,odometry pods + front camera,2,2,219.85,219.85,drift|pose,opponent_match,Opponent parks in the route (also drifting),4,0,2.9866,1,0
odometry_pods+apriltag,camera_front|odometry_pods,odometry pods + front camera,2,2,219.85,219.85,drift|pose,opponent_match,Opponent parks in the route (also drifting),5,0,2.0452,1,0
odometry_pods+apriltag,camera_front|odometry_pods,odometry pods + front camera,2,2,219.85,219.85,drift|pose,opponent_match,Opponent parks in the route (also drifting),6,0,0.5327,1,0
odometry_pods+apriltag,camera_front|odometry_pods,odometry pods + front camera,2,2,219.85,219.85,drift|pose,opponent_match,Opponent parks in the route (also drifting),7,0,12.2515,1,0
odometry_pods+apriltag,camera_front|odometry_pods,odometry pods + front camera,2,2,219.85,219.85,drift|pose,opponent_match,Opponent parks in the route (also drifting),8,1,1.9031,0,0
odometry_pods+apriltag,camera_front|odometry_pods,odometry pods + front camera,2,2,219.85,219.85,drift|pose,opponent_match,Opponent parks in the route (also drifting),9,0,7.1317,0,0
odometry_pods+apriltag,camera_front|odometry_pods,odometry pods + front camera,2,2,219.85,219.85,drift|pose,opponent_match,Opponent parks in the route (also drifting),10,0,0.4508,1,0
odometry_pods+apriltag,camera_front|odometry_pods,odometry pods + front camera,2,2,219.85,219.85,drift|pose,opponent_match,Opponent parks in the route (also drifting),11,0,4.8558,1,0
odometry_pods+apriltag,camera_front|odometry_pods,odometry pods + front camera,2,2,219.85,219.85,drift|pose,opponent_match,Opponent parks in the route (also drifting),12,0,4.5078,1,0
odometry_pods+apriltag,camera_front|odometry_pods,odometry pods + front camera,2,2,219.85,219.85,drift|pose,opponent_match,Opponent parks in the route (also drifting),13,0,0.9016,1,0
odometry_pods+apriltag,camera_front|odometry_pods,odometry pods + front camera,2,2,219.85,219.85,drift|pose,opponent_match,Opponent parks in the route (also drifting),14,0,1.0734,1,0
odometry_pods+apriltag,camera_front|odometry_pods,odometry pods + front camera,2,2,219.85,219.85,drift|pose,opponent_match,Opponent parks in the route (also drifting),15,0,6.7799,1,0
odometry_pods+apriltag,camera_front|odometry_pods,odometry pods + front camera,2,2,219.85,219.85,drift|pose,opponent_match,Opponent parks in the route (also drifting),16,0,4.336,1,0
odometry_pods+apriltag,camera_front|odometry_pods,odometry pods + front camera,2,2,219.85,219.85,drift|pose,opponent_match,Opponent parks in the route (also drifting),17,0,8.3769,1,0
odometry_pods+apriltag,camera_front|odometry_pods,odometry pods + front camera,2,2,219.85,219.85,drift|pose,opponent_match,Opponent parks in the route (also drifting),18,1,10.8268,0,0
odometry_pods+apriltag,camera_front|odometry_pods,odometry pods + front camera,2,2,219.85,219.85,drift|pose,opponent_match,Opponent parks in the route (also drifting),19,0,2.6281,1,0
odometry_pods+apriltag,camera_front|odometry_pods,odometry pods + front camera,2,2,219.85,219.85,drift|pose,opponent_match,Opponent parks in the route (also drifting),20,1,4.9362,0,0
odometry_pods+apriltag,camera_front|odometry_pods,odometry pods + front camera,2,2,219.85,219.85,drift|pose,opponent_match,Opponent parks in the route (also drifting),21,0,0.7722,1,0
odometry_pods+apriltag,camera_front|odometry_pods,odometry pods + front camera,2,2,219.85,219.85,drift|pose,opponent_match,Opponent parks in the route (also drifting),22,0,3.5408,1,0
odometry_pods+apriltag,camera_front|odometry_pods,odometry pods + front camera,2,2,219.85,219.85,drift|pose,opponent_match,Opponent parks in the route (also drifting),23,0,1.9586,1,0
odometry_pods+apriltag,camera_front|odometry_pods,odometry pods + front camera,2,2,219.85,219.85,drift|pose,opponent_match,Opponent parks in the route (also drifting),24,0,1.1639,1,0
odometry_pods+apriltag,camera_front|odometry_pods,odometry pods + front camera,2,2,219.85,219.85,drift|pose,combined_match,Everything at once (match-realistic mix),0,1,3.9052,0,0
odometry_pods+apriltag,camera_front|odometry_pods,odometry pods + front camera,2,2,219.85,219.85,drift|pose,combined_match,Everything at once (match-realistic mix),1,0,0.0,1,0
odometry_pods+apriltag,camera_front|odometry_pods,odometry pods + front camera,2,2,219.85,219.85,drift|pose,combined_match,Everything at once (match-realistic mix),2,0,1.1889,1,0
odometry_pods+apriltag,camera_front|odometry_pods,odometry pods + front camera,2,2,219.85,219.85,drift|pose,combined_match,Everything at once (match-realistic mix),3,0,2.5201,1,0
odometry_pods+apriltag,camera_front|odometry_pods,odometry pods + front camera,2,2,219.85,219.85,drift|pose,combined_match,Everything at once (match-realistic mix),4,0,2.9866,1,0
odometry_pods+apriltag,camera_front|odometry_pods,odometry pods + front camera,2,2,219.85,219.85,drift|pose,combined_match,Everything at once (match-realistic mix),5,0,4.3219,1,0
odometry_pods+apriltag,camera_front|odometry_pods,odometry pods + front camera,2,2,219.85,219.85,drift|pose,combined_match,Everything at once (match-realistic mix),6,0,1.3523,1,0
odometry_pods+apriltag,camera_front|odometry_pods,odometry pods + front camera,2,2,219.85,219.85,drift|pose,combined_match,Everything at once (match-realistic mix),7,0,5.921,1,0
odometry_pods+apriltag,camera_front|odometry_pods,odometry pods + front camera,2,2,219.85,219.85,drift|pose,combined_match,Everything at once (match-realistic mix),8,0,1.4704,0,0
odometry_pods+apriltag,camera_front|odometry_pods,odometry pods + front camera,2,2,219.85,219.85,drift|pose,combined_match,Everything at once (match-realistic mix),9,0,7.1392,0,0
odometry_pods+apriltag,camera_front|odometry_pods,odometry pods + front camera,2,2,219.85,219.85,drift|pose,combined_match,Everything at once (match-realistic mix),10,0,1.8534,0,0
odometry_pods+apriltag,camera_front|odometry_pods,odometry pods + front camera,2,2,219.85,219.85,drift|pose,combined_match,Everything at once (match-realistic mix),11,0,0.0,1,0
odometry_pods+apriltag,camera_front|odometry_pods,odometry pods + front camera,2,2,219.85,219.85,drift|pose,combined_match,Everything at once (match-realistic mix),12,0,8.0147,1,0
odometry_pods+apriltag,camera_front|odometry_pods,odometry pods + front camera,2,2,219.85,219.85,drift|pose,combined_match,Everything at once (match-realistic mix),13,0,1.7874,0,0
odometry_pods+apriltag,camera_front|odometry_pods,odometry pods + front camera,2,2,219.85,219.85,drift|pose,combined_match,Everything at once (match-realistic mix),14,1,3.9542,0,0
odometry_pods+apriltag,camera_front|odometry_pods,odometry pods + front camera,2,2,219.85,219.85,drift|pose,combined_match,Everything at once (match-realistic mix),15,0,3.59,1,0
odometry_pods+apriltag,camera_front|odometry_pods,odometry pods + front camera,2,2,219.85,219.85,drift|pose,combined_match,Everything at once (match-realistic mix),16,0,0.7216,1,0
odometry_pods+apriltag,camera_front|odometry_pods,odometry pods + front camera,2,2,219.85,219.85,drift|pose,combined_match,Everything at once (match-realistic mix),17,0,1.4266,1,0
odometry_pods+apriltag,camera_front|odometry_pods,odometry pods + front camera,2,2,219.85,219.85,drift|pose,combined_match,Everything at once (match-realistic mix),18,0,8.6531,1,0
odometry_pods+apriltag,camera_front|odometry_pods,odometry pods + front camera,2,2,219.85,219.85,drift|pose,combined_match,Everything at once (match-realistic mix),19,0,8.1149,1,0
odometry_pods+apriltag,camera_front|odometry_pods,odometry pods + front camera,2,2,219.85,219.85,drift|pose,combined_match,Everything at once (match-realistic mix),20,0,0.0,1,0
odometry_pods+apriltag,camera_front|odometry_pods,odometry pods + front camera,2,2,219.85,219.85,drift|pose,combined_match,Everything at once (match-realistic mix),21,0,0.7749,1,0
odometry_pods+apriltag,camera_front|odometry_pods,odometry pods + front camera,2,2,219.85,219.85,drift|pose,combined_match,Everything at once (match-realistic mix),22,0,1.7197,1,0
odometry_pods+apriltag,camera_front|odometry_pods,odometry pods + front camera,2,2,219.85,219.85,drift|pose,combined_match,Everything at once (match-realistic mix),23,0,1.9586,1,0
odometry_pods+apriltag,camera_front|odometry_pods,odometry pods + front camera,2,2,219.85,219.85,drift|pose,combined_match,Everything at once (match-realistic mix),24,0,4.3646,1,0
odometry_pods+apriltag,camera_front|odometry_pods,odometry pods + front camera,2,2,219.85,219.85,drift|pose,corridor,"Tight corridor, mixed deviation",0,1,6.4234,0,0
odometry_pods+apriltag,camera_front|odometry_pods,odometry pods + front camera,2,2,219.85,219.85,drift|pose,corridor,"Tight corridor, mixed deviation",1,0,4.6682,0,0
odometry_pods+apriltag,camera_front|odometry_pods,odometry pods + front camera,2,2,219.85,219.85,drift|pose,corridor,"Tight corridor, mixed deviation",2,0,7.7784,1,0
odometry_pods+apriltag,camera_front|odometry_pods,odometry pods + front camera,2,2,219.85,219.85,drift|pose,corridor,"Tight corridor, mixed deviation",3,0,1.3337,1,0
odometry_pods+apriltag,camera_front|odometry_pods,odometry pods + front camera,2,2,219.85,219.85,drift|pose,corridor,"Tight corridor, mixed deviation",4,0,4.1141,0,0
odometry_pods+apriltag,camera_front|odometry_pods,odometry pods + front camera,2,2,219.85,219.85,drift|pose,corridor,"Tight corridor, mixed deviation",5,1,8.264,0,0
odometry_pods+apriltag,camera_front|odometry_pods,odometry pods + front camera,2,2,219.85,219.85,drift|pose,corridor,"Tight corridor, mixed deviation",6,1,7.8,0,0
odometry_pods+apriltag,camera_front|odometry_pods,odometry pods + front camera,2,2,219.85,219.85,drift|pose,corridor,"Tight corridor, mixed deviation",7,1,13.3777,0,0
odometry_pods+apriltag,camera_front|odometry_pods,odometry pods + front camera,2,2,219.85,219.85,drift|pose,corridor,"Tight corridor, mixed deviation",8,1,7.5312,0,0
odometry_pods+apriltag,camera_front|odometry_pods,odometry pods + front camera,2,2,219.85,219.85,drift|pose,corridor,"Tight corridor, mixed deviation",9,1,6.3999,0,0
odometry_pods+apriltag,camera_front|odometry_pods,odometry pods + front camera,2,2,219.85,219.85,drift|pose,corridor,"Tight corridor, mixed deviation",10,1,6.8838,0,0
odometry_pods+apriltag,camera_front|odometry_pods,odometry pods + front camera,2,2,219.85,219.85,drift|pose,corridor,"Tight corridor, mixed deviation",11,1,6.9149,0,0
odometry_pods+apriltag,camera_front|odometry_pods,odometry pods + front camera,2,2,219.85,219.85,drift|pose,corridor,"Tight corridor, mixed deviation",12,1,8.7053,0,0
odometry_pods+apriltag,camera_front|odometry_pods,odometry pods + front camera,2,2,219.85,219.85,drift|pose,corridor,"Tight corridor, mixed deviation",13,0,4.207,1,0
odometry_pods+apriltag,camera_front|odometry_pods,odometry pods + front camera,2,2,219.85,219.85,drift|pose,corridor,"Tight corridor, mixed deviation",14,0,2.1229,0,0
odometry_pods+apriltag,camera_front|odometry_pods,odometry pods + front camera,2,2,219.85,219.85,drift|pose,corridor,"Tight corridor, mixed deviation",15,1,7.4643,0,0
odometry_pods+apriltag,camera_front|odometry_pods,odometry pods + front camera,2,2,219.85,219.85,drift|pose,corridor,"Tight corridor, mixed deviation",16,1,11.8507,0,0
odometry_pods+apriltag,camera_front|odometry_pods,odometry pods + front camera,2,2,219.85,219.85,drift|pose,corridor,"Tight corridor, mixed deviation",17,0,2.5234,1,0
odometry_pods+apriltag,camera_front|odometry_pods,odometry pods + front camera,2,2,219.85,219.85,drift|pose,corridor,"Tight corridor, mixed deviation",18,1,14.0679,0,0
odometry_pods+apriltag,camera_front|odometry_pods,odometry pods + front camera,2,2,219.85,219.85,drift|pose,corridor,"Tight corridor, mixed deviation",19,0,2.3113,0,0
odometry_pods+apriltag,camera_front|odometry_pods,odometry pods + front camera,2,2,219.85,219.85,drift|pose,corridor,"Tight corridor, mixed deviation",20,1,7.9205,0,0
odometry_pods+apriltag,camera_front|odometry_pods,odometry pods + front camera,2,2,219.85,219.85,drift|pose,corridor,"Tight corridor, mixed deviation",21,1,4.6705,0,0
odometry_pods+apriltag,camera_front|odometry_pods,odometry pods + front camera,2,2,219.85,219.85,drift|pose,corridor,"Tight corridor, mixed deviation",22,0,3.1917,0,0
odometry_pods+apriltag,camera_front|odometry_pods,odometry pods + front camera,2,2,219.85,219.85,drift|pose,corridor,"Tight corridor, mixed deviation",23,0,3.6038,1,0
odometry_pods+apriltag,camera_front|odometry_pods,odometry pods + front camera,2,2,219.85,219.85,drift|pose,corridor,"Tight corridor, mixed deviation",24,1,7.2549,0,0
odometry_pods+imu,imu|odometry_pods,odometry pods + IMU,2,2,194.85,194.85,drift|heading,pose_drift_match,Heavy pose drift (map also off),0,0,0.633,1,0
odometry_pods+imu,imu|odometry_pods,odometry pods + IMU,2,2,194.85,194.85,drift|heading,pose_drift_match,Heavy pose drift (map also off),1,0,0.0,1,0
odometry_pods+imu,imu|odometry_pods,odometry pods + IMU,2,2,194.85,194.85,drift|heading,pose_drift_match,Heavy pose drift (map also off),2,0,1.1835,1,0
odometry_pods+imu,imu|odometry_pods,odometry pods + IMU,2,2,194.85,194.85,drift|heading,pose_drift_match,Heavy pose drift (map also off),3,0,1.1518,1,0
odometry_pods+imu,imu|odometry_pods,odometry pods + IMU,2,2,194.85,194.85,drift|heading,pose_drift_match,Heavy pose drift (map also off),4,0,2.5508,1,0
odometry_pods+imu,imu|odometry_pods,odometry pods + IMU,2,2,194.85,194.85,drift|heading,pose_drift_match,Heavy pose drift (map also off),5,0,2.0125,1,0
odometry_pods+imu,imu|odometry_pods,odometry pods + IMU,2,2,194.85,194.85,drift|heading,pose_drift_match,Heavy pose drift (map also off),6,0,1.4147,1,0
odometry_pods+imu,imu|odometry_pods,odometry pods + IMU,2,2,194.85,194.85,drift|heading,pose_drift_match,Heavy pose drift (map also off),7,0,0.8887,1,0
odometry_pods+imu,imu|odometry_pods,odometry pods + IMU,2,2,194.85,194.85,drift|heading,pose_drift_match,Heavy pose drift (map also off),8,0,1.4026,0,0
odometry_pods+imu,imu|odometry_pods,odometry pods + IMU,2,2,194.85,194.85,drift|heading,pose_drift_match,Heavy pose drift (map also off),9,0,0.4508,1,0
odometry_pods+imu,imu|odometry_pods,odometry pods + IMU,2,2,194.85,194.85,drift|heading,pose_drift_match,Heavy pose drift (map also off),10,1,0.9016,0,0
odometry_pods+imu,imu|odometry_pods,odometry pods + IMU,2,2,194.85,194.85,drift|heading,pose_drift_match,Heavy pose drift (map also off),11,0,0.0,1,0
odometry_pods+imu,imu|odometry_pods,odometry pods + IMU,2,2,194.85,194.85,drift|heading,pose_drift_match,Heavy pose drift (map also off),12,0,8.0147,1,0
odometry_pods+imu,imu|odometry_pods,odometry pods + IMU,2,2,194.85,194.85,drift|heading,pose_drift_match,Heavy pose drift (map also off),13,0,1.7345,0,0
odometry_pods+imu,imu|odometry_pods,odometry pods + IMU,2,2,194.85,194.85,drift|heading,pose_drift_match,Heavy pose drift (map also off),14,1,3.9542,0,0
odometry_pods+imu,imu|odometry_pods,odometry pods + IMU,2,2,194.85,194.85,drift|heading,pose_drift_match,Heavy pose drift (map also off),15,0,0.8896,1,0
odometry_pods+imu,imu|odometry_pods,odometry pods + IMU,2,2,194.85,194.85,drift|heading,pose_drift_match,Heavy pose drift (map also off),16,0,0.6657,1,0
odometry_pods+imu,imu|odometry_pods,odometry pods + IMU,2,2,194.85,194.85,drift|heading,pose_drift_match,Heavy pose drift (map also off),17,0,1.4588,1,0
odometry_pods+imu,imu|odometry_pods,odometry pods + IMU,2,2,194.85,194.85,drift|heading,pose_drift_match,Heavy pose drift (map also off),18,0,0.0,1,0
odometry_pods+imu,imu|odometry_pods,odometry pods + IMU,2,2,194.85,194.85,drift|heading,pose_drift_match,Heavy pose drift (map also off),19,0,1.6266,1,0
odometry_pods+imu,imu|odometry_pods,odometry pods + IMU,2,2,194.85,194.85,drift|heading,pose_drift_match,Heavy pose drift (map also off),20,0,5.4075,0,0
odometry_pods+imu,imu|odometry_pods,odometry pods + IMU,2,2,194.85,194.85,drift|heading,pose_drift_match,Heavy pose drift (map also off),21,0,2.459,1,0
odometry_pods+imu,imu|odometry_pods,odometry pods + IMU,2,2,194.85,194.85,drift|heading,pose_drift_match,Heavy pose drift (map also off),22,0,0.0,1,0
odometry_pods+imu,imu|odometry_pods,odometry pods + IMU,2,2,194.85,194.85,drift|heading,pose_drift_match,Heavy pose drift (map also off),23,0,1.967,1,0
odometry_pods+imu,imu|odometry_pods,odometry pods + IMU,2,2,194.85,194.85,drift|heading,pose_drift_match,Heavy pose drift (map also off),24,0,1.1016,1,0
odometry_pods+imu,imu|odometry_pods,odometry pods + IMU,2,2,194.85,194.85,drift|heading,map_error_match,Field doesn't match the map (also drifting),0,1,3.6552,0,0
odometry_pods+imu,imu|odometry_pods,odometry pods + IMU,2,2,194.85,194.85,drift|heading,map_error_match,Field doesn't match the map (also drifting),1,0,0.0,1,0
odometry_pods+imu,imu|odometry_pods,odometry pods + IMU,2,2,194.85,194.85,drift|heading,map_error_match,Field doesn't match the map (also drifting),2,0,1.1724,1,0
odometry_pods+imu,imu|odometry_pods,odometry pods + IMU,2,2,194.85,194.85,drift|heading,map_error_match,Field doesn't match the map (also drifting),3,0,1.1278,1,0
odometry_pods+imu,imu|odometry_pods,odometry pods + IMU,2,2,194.85,194.85,drift|heading,map_error_match,Field doesn't match the map (also drifting),4,0,4.7881,1,0
odometry_pods+imu,imu|odometry_pods,odometry pods + IMU,2,2,194.85,194.85,drift|heading,map_error_match,Field doesn't match the map (also drifting),5,0,2.0227,1,0
odometry_pods+imu,imu|odometry_pods,odometry pods + IMU,2,2,194.85,194.85,drift|heading,map_error_match,Field doesn't match the map (also drifting),6,0,1.3523,1,0
odometry_pods+imu,imu|odometry_pods,odometry pods + IMU,2,2,194.85,194.85,drift|heading,map_error_match,Field doesn't match the map (also drifting),7,0,5.871,1,0
odometry_pods+imu,imu|odometry_pods,odometry pods + IMU,2,2,194.85,194.85,drift|heading,map_error_match,Field doesn't match the map (also drifting),8,0,1.4704,0,0
odometry_pods+imu,imu|odometry_pods,odometry pods + IMU,2,2,194.85,194.85,drift|heading,map_error_match,Field doesn't match the map (also drifting),9,0,7.1392,0,0
odometry_pods+imu,imu|odometry_pods,odometry pods + IMU,2,2,194.85,194.85,drift|heading,map_error_match,Field doesn't match the map (also drifting),10,0,1.885,0,0
odometry_pods+imu,imu|odometry_pods,odometry pods + IMU,2,2,194.85,194.85,drift|heading,map_error_match,Field doesn't match the map (also drifting),11,0,4.8276,1,0
odometry_pods+imu,imu|odometry_pods,odometry pods + IMU,2,2,194.85,194.85,drift|heading,map_error_match,Field doesn't match the map (also drifting),12,0,8.0147,1,0
odometry_pods+imu,imu|odometry_pods,odometry pods + IMU,2,2,194.85,194.85,drift|heading,map_error_match,Field doesn't match the map (also drifting),13,0,1.7874,0,0
odometry_pods+imu,imu|odometry_pods,odometry pods + IMU,2,2,194.85,194.85,drift|heading,map_error_match,Field doesn't match the map (also drifting),14,0,3.9884,0,0
odometry_pods+imu,imu|odometry_pods,odometry pods + IMU,2,2,194.85,194.85,drift|heading,map_error_match,Field doesn't match the map (also drifting),15,0,9.0865,1,0
odometry_pods+imu,imu|odometry_pods,odometry pods + IMU,2,2,194.85,194.85,drift|heading,map_error_match,Field doesn't match the map (also drifting),16,0,0.7216,1,0
odometry_pods+imu,imu|odometry_pods,odometry pods + IMU,2,2,194.85,194.85,drift|heading,map_error_match,Field doesn't match the map (also drifting),17,0,1.4266,1,0
odometry_pods+imu,imu|odometry_pods,odometry pods + IMU,2,2,194.85,194.85,drift|heading,map_error_match,Field doesn't match the map (also drifting),18,0,6.7662,1,0
odometry_pods+imu,imu|odometry_pods,odometry pods + IMU,2,2,194.85,194.85,drift|heading,map_error_match,Field doesn't match the map (also drifting),19,0,1.6422,1,0
odometry_pods+imu,imu|odometry_pods,odometry pods + IMU,2,2,194.85,194.85,drift|heading,map_error_match,Field doesn't match the map (also drifting),20,0,0.0,1,0
odometry_pods+imu,imu|odometry_pods,odometry pods + IMU,2,2,194.85,194.85,drift|heading,map_error_match,Field doesn't match the map (also drifting),21,0,0.7749,1,0
odometry_pods+imu,imu|odometry_pods,odometry pods + IMU,2,2,194.85,194.85,drift|heading,map_error_match,Field doesn't match the map (also drifting),22,0,1.7197,1,0
odometry_pods+imu,imu|odometry_pods,odometry pods + IMU,2,2,194.85,194.85,drift|heading,map_error_match,Field doesn't match the map (also drifting),23,0,1.9586,1,0
odometry_pods+imu,imu|odometry_pods,odometry pods + IMU,2,2,194.85,194.85,drift|heading,map_error_match,Field doesn't match the map (also drifting),24,0,1.1246,1,0
odometry_pods+imu,imu|odometry_pods,odometry pods + IMU,2,2,194.85,194.85,drift|heading,opponent_match,Opponent parks in the route (also drifting),0,0,0.6999,1,0
odometry_pods+imu,imu|odometry_pods,odometry pods + IMU,2,2,194.85,194.85,drift|heading,opponent_match,Opponent parks in the route (also drifting),1,0,2.1,1,0
odometry_pods+imu,imu|odometry_pods,odometry pods + IMU,2,2,194.85,194.85,drift|heading,opponent_match,Opponent parks in the route (also drifting),2,0,1.1724,1,0
odometry_pods+imu,imu|odometry_pods,odometry pods + IMU,2,2,194.85,194.85,drift|heading,opponent_match,Opponent parks in the route (also drifting),3,0,1.1518,1,0
odometry_pods+imu,imu|odometry_pods,odometry pods + IMU,2,2,194.85,194.85,drift|heading,opponent_match,Opponent parks in the route (also drifting),4,0,2.9866,1,0
odometry_pods+imu,imu|odometry_pods,odometry pods + IMU,2,2,194.85,194.85,drift|heading,opponent_match,Opponent parks in the route (also drifting),5,0,2.0452,1,0
odometry_pods+imu,imu|odometry_pods,odometry pods + IMU,2,2,194.85,194.85,drift|heading,opponent_match,Opponent parks in the route (also drifting),6,0,0.5327,1,0
odometry_pods+imu,imu|odometry_pods,odometry pods + IMU,2,2,194.85,194.85,drift|heading,opponent_match,Opponent parks in the route (also drifting),7,0,12.5833,0,0
odometry_pods+imu,imu|odometry_pods,odometry pods + IMU,2,2,194.85,194.85,drift|heading,opponent_match,Opponent parks in the route (also drifting),8,0,1.3523,0,0
odometry_pods+imu,imu|odometry_pods,odometry pods + IMU,2,2,194.85,194.85,drift|heading,opponent_match,Opponent parks in the route (also drifting),9,0,7.1317,0,0
odometry_pods+imu,imu|odometry_pods,odometry pods + IMU,2,2,194.85,194.85,drift|heading,opponent_match,Opponent parks in the route (also drifting),10,0,0.4508,1,0
odometry_pods+imu,imu|odometry_pods,odometry pods + IMU,2,2,194.85,194.85,drift|heading,opponent_match,Opponent parks in the route (also drifting),11,0,4.8558,1,0
odometry_pods+imu,imu|odometry_pods,odometry pods + IMU,2,2,194.85,194.85,drift|heading,opponent_match,Opponent parks in the route (also drifting),12,0,4.5078,1,0
odometry_pods+imu,imu|odometry_pods,odometry pods + IMU,2,2,194.85,194.85,drift|heading,opponent_match,Opponent parks in the route (also drifting),13,0,0.9016,1,0
odometry_pods+imu,imu|odometry_pods,odometry pods + IMU,2,2,194.85,194.85,drift|heading,opponent_match,Opponent parks in the route (also drifting),14,0,1.0734,1,0
odometry_pods+imu,imu|odometry_pods,odometry pods + IMU,2,2,194.85,194.85,drift|heading,opponent_match,Opponent parks in the route (also drifting),15,0,6.7799,1,0
odometry_pods+imu,imu|odometry_pods,odometry pods + IMU,2,2,194.85,194.85,drift|heading,opponent_match,Opponent parks in the route (also drifting),16,0,0.6953,1,0
odometry_pods+imu,imu|odometry_pods,odometry pods + IMU,2,2,194.85,194.85,drift|heading,opponent_match,Opponent parks in the route (also drifting),17,0,8.3769,1,0
odometry_pods+imu,imu|odometry_pods,odometry pods + IMU,2,2,194.85,194.85,drift|heading,opponent_match,Opponent parks in the route (also drifting),18,0,6.7662,1,0
odometry_pods+imu,imu|odometry_pods,odometry pods + IMU,2,2,194.85,194.85,drift|heading,opponent_match,Opponent parks in the route (also drifting),19,0,1.6266,1,0
odometry_pods+imu,imu|odometry_pods,odometry pods + IMU,2,2,194.85,194.85,drift|heading,opponent_match,Opponent parks in the route (also drifting),20,1,4.9362,0,0
odometry_pods+imu,imu|odometry_pods,odometry pods + IMU,2,2,194.85,194.85,drift|heading,opponent_match,Opponent parks in the route (also drifting),21,0,0.7722,1,0
odometry_pods+imu,imu|odometry_pods,odometry pods + IMU,2,2,194.85,194.85,drift|heading,opponent_match,Opponent parks in the route (also drifting),22,0,3.5408,1,0
odometry_pods+imu,imu|odometry_pods,odometry pods + IMU,2,2,194.85,194.85,drift|heading,opponent_match,Opponent parks in the route (also drifting),23,0,1.9586,1,0
odometry_pods+imu,imu|odometry_pods,odometry pods + IMU,2,2,194.85,194.85,drift|heading,opponent_match,Opponent parks in the route (also drifting),24,0,1.1639,1,0
odometry_pods+imu,imu|odometry_pods,odometry pods + IMU,2,2,194.85,194.85,drift|heading,combined_match,Everything at once (match-realistic mix),0,1,3.6552,0,0
odometry_pods+imu,imu|odometry_pods,odometry pods + IMU,2,2,194.85,194.85,drift|heading,combined_match,Everything at once (match-realistic mix),1,0,0.0,1,0
odometry_pods+imu,imu|odometry_pods,odometry pods + IMU,2,2,194.85,194.85,drift|heading,combined_match,Everything at once (match-realistic mix),2,0,1.1889,1,0
odometry_pods+imu,imu|odometry_pods,odometry pods + IMU,2,2,194.85,194.85,drift|heading,combined_match,Everything at once (match-realistic mix),3,0,2.5201,1,0
odometry_pods+imu,imu|odometry_pods,odometry pods + IMU,2,2,194.85,194.85,drift|heading,combined_match,Everything at once (match-realistic mix),4,0,2.9866,1,0
odometry_pods+imu,imu|odometry_pods,odometry pods + IMU,2,2,194.85,194.85,drift|heading,combined_match,Everything at once (match-realistic mix),5,0,4.3219,1,0
odometry_pods+imu,imu|odometry_pods,odometry pods + IMU,2,2,194.85,194.85,drift|heading,combined_match,Everything at once (match-realistic mix),6,0,1.3523,1,0
odometry_pods+imu,imu|odometry_pods,odometry pods + IMU,2,2,194.85,194.85,drift|heading,combined_match,Everything at once (match-realistic mix),7,0,5.871,1,0
odometry_pods+imu,imu|odometry_pods,odometry pods + IMU,2,2,194.85,194.85,drift|heading,combined_match,Everything at once (match-realistic mix),8,0,1.4704,0,0
odometry_pods+imu,imu|odometry_pods,odometry pods + IMU,2,2,194.85,194.85,drift|heading,combined_match,Everything at once (match-realistic mix),9,0,7.1392,0,0
odometry_pods+imu,imu|odometry_pods,odometry pods + IMU,2,2,194.85,194.85,drift|heading,combined_match,Everything at once (match-realistic mix),10,0,1.8534,0,0
odometry_pods+imu,imu|odometry_pods,odometry pods + IMU,2,2,194.85,194.85,drift|heading,combined_match,Everything at once (match-realistic mix),11,0,0.0,1,0
odometry_pods+imu,imu|odometry_pods,odometry pods + IMU,2,2,194.85,194.85,drift|heading,combined_match,Everything at once (match-realistic mix),12,0,8.0147,1,0
odometry_pods+imu,imu|odometry_pods,odometry pods + IMU,2,2,194.85,194.85,drift|heading,combined_match,Everything at once (match-realistic mix),13,0,1.7874,0,0
odometry_pods+imu,imu|odometry_pods,odometry pods + IMU,2,2,194.85,194.85,drift|heading,combined_match,Everything at once (match-realistic mix),14,1,3.9542,0,0
odometry_pods+imu,imu|odometry_pods,odometry pods + IMU,2,2,194.85,194.85,drift|heading,combined_match,Everything at once (match-realistic mix),15,0,3.59,1,0
odometry_pods+imu,imu|odometry_pods,odometry pods + IMU,2,2,194.85,194.85,drift|heading,combined_match,Everything at once (match-realistic mix),16,0,0.7216,1,0
odometry_pods+imu,imu|odometry_pods,odometry pods + IMU,2,2,194.85,194.85,drift|heading,combined_match,Everything at once (match-realistic mix),17,0,1.4266,1,0
odometry_pods+imu,imu|odometry_pods,odometry pods + IMU,2,2,194.85,194.85,drift|heading,combined_match,Everything at once (match-realistic mix),18,0,6.7662,1,0
odometry_pods+imu,imu|odometry_pods,odometry pods + IMU,2,2,194.85,194.85,drift|heading,combined_match,Everything at once (match-realistic mix),19,0,1.6343,1,0
odometry_pods+imu,imu|odometry_pods,odometry pods + IMU,2,2,194.85,194.85,drift|heading,combined_match,Everything at once (match-realistic mix),20,0,0.0,1,0
odometry_pods+imu,imu|odometry_pods,odometry pods + IMU,2,2,194.85,194.85,drift|heading,combined_match,Everything at once (match-realistic mix),21,0,0.7749,1,0
odometry_pods+imu,imu|odometry_pods,odometry pods + IMU,2,2,194.85,194.85,drift|heading,combined_match,Everything at once (match-realistic mix),22,0,1.7197,1,0
odometry_pods+imu,imu|odometry_pods,odometry pods + IMU,2,2,194.85,194.85,drift|heading,combined_match,Everything at once (match-realistic mix),23,0,1.9586,1,0
odometry_pods+imu,imu|odometry_pods,odometry pods + IMU,2,2,194.85,194.85,drift|heading,combined_match,Everything at once (match-realistic mix),24,0,1.1246,1,0
odometry_pods+imu,imu|odometry_pods,odometry pods + IMU,2,2,194.85,194.85,drift|heading,corridor,"Tight corridor, mixed deviation",0,0,6.4095,0,0
odometry_pods+imu,imu|odometry_pods,odometry pods + IMU,2,2,194.85,194.85,drift|heading,corridor,"Tight corridor, mixed deviation",1,0,4.6682,0,0
odometry_pods+imu,imu|odometry_pods,odometry pods + IMU,2,2,194.85,194.85,drift|heading,corridor,"Tight corridor, mixed deviation",2,0,7.3784,1,0
odometry_pods+imu,imu|odometry_pods,odometry pods + IMU,2,2,194.85,194.85,drift|heading,corridor,"Tight corridor, mixed deviation",3,0,3.8574,0,0
odometry_pods+imu,imu|odometry_pods,odometry pods + IMU,2,2,194.85,194.85,drift|heading,corridor,"Tight corridor, mixed deviation",4,0,4.1141,0,0
odometry_pods+imu,imu|odometry_pods,odometry pods + IMU,2,2,194.85,194.85,drift|heading,corridor,"Tight corridor, mixed deviation",5,0,8.3993,0,0
odometry_pods+imu,imu|odometry_pods,odometry pods + IMU,2,2,194.85,194.85,drift|heading,corridor,"Tight corridor, mixed deviation",6,1,7.85,0,0
odometry_pods+imu,imu|odometry_pods,odometry pods + IMU,2,2,194.85,194.85,drift|heading,corridor,"Tight corridor, mixed deviation",7,0,12.3769,0,0
odometry_pods+imu,imu|odometry_pods,odometry pods + IMU,2,2,194.85,194.85,drift|heading,corridor,"Tight corridor, mixed deviation",8,0,6.8157,0,0
odometry_pods+imu,imu|odometry_pods,odometry pods + IMU,2,2,194.85,194.85,drift|heading,corridor,"Tight corridor, mixed deviation",9,1,6.0999,0,0
odometry_pods+imu,imu|odometry_pods,odometry pods + IMU,2,2,194.85,194.85,drift|heading,corridor,"Tight corridor, mixed deviation",10,1,6.9838,0,0
odometry_pods+imu,imu|odometry_pods,odometry pods + IMU,2,2,194.85,194.85,drift|heading,corridor,"Tight corridor, mixed deviation",11,1,6.3649,0,0
odometry_pods+imu,imu|odometry_pods,odometry pods + IMU,2,2,194.85,194.85,drift|heading,corridor,"Tight corridor, mixed deviation",12,0,8.2406,0,0
odometry_pods+imu,imu|odometry_pods,odometry pods + IMU,2,2,194.85,194.85,drift|heading,corridor,"Tight corridor, mixed deviation",13,0,4.057,1,0
odometry_pods+imu,imu|odometry_pods,odometry pods + IMU,2,2,194.85,194.85,drift|heading,corridor,"Tight corridor, mixed deviation",14,0,2.1229,0,0
odometry_pods+imu,imu|odometry_pods,odometry pods + IMU,2,2,194.85,194.85,drift|heading,corridor,"Tight corridor, mixed deviation",15,0,6.3636,0,0
odometry_pods+imu,imu|odometry_pods,odometry pods + IMU,2,2,194.85,194.85,drift|heading,corridor,"Tight corridor, mixed deviation",16,0,3.8796,1,0
odometry_pods+imu,imu|odometry_pods,odometry pods + IMU,2,2,194.85,194.85,drift|heading,corridor,"Tight corridor, mixed deviation",17,0,2.5234,1,0
odometry_pods+imu,imu|odometry_pods,odometry pods + IMU,2,2,194.85,194.85,drift|heading,corridor,"Tight corridor, mixed deviation",18,0,13.4326,0,0
odometry_pods+imu,imu|odometry_pods,odometry pods + IMU,2,2,194.85,194.85,drift|heading,corridor,"Tight corridor, mixed deviation",19,0,2.3113,0,0
odometry_pods+imu,imu|odometry_pods,odometry pods + IMU,2,2,194.85,194.85,drift|heading,corridor,"Tight corridor, mixed deviation",20,0,5.2174,1,0
odometry_pods+imu,imu|odometry_pods,odometry pods + IMU,2,2,194.85,194.85,drift|heading,corridor,"Tight corridor, mixed deviation",21,0,4.0852,0,0
odometry_pods+imu,imu|odometry_pods,odometry pods + IMU,2,2,194.85,194.85,drift|heading,corridor,"Tight corridor, mixed deviation",22,0,3.1917,0,0
odometry_pods+imu,imu|odometry_pods,odometry pods + IMU,2,2,194.85,194.85,drift|heading,corridor,"Tight corridor, mixed deviation",23,0,3.6038,1,0
odometry_pods+imu,imu|odometry_pods,odometry pods + IMU,2,2,194.85,194.85,drift|heading,corridor,"Tight corridor, mixed deviation",24,0,6.4541,1,0
odometry_pods+dual_camera_apriltag,camera_front|camera_rear|odometry_pods,odometry pods + front camera + rear camera,2,3,244.85,244.85,drift|pose,pose_drift_match,Heavy pose drift (map also off),0,0,0.683,1,0
odometry_pods+dual_camera_apriltag,camera_front|camera_rear|odometry_pods,odometry pods + front camera + rear camera,2,3,244.85,244.85,drift|pose,pose_drift_match,Heavy pose drift (map also off),1,0,0.0,1,0
odometry_pods+dual_camera_apriltag,camera_front|camera_rear|odometry_pods,odometry pods + front camera + rear camera,2,3,244.85,244.85,drift|pose,pose_drift_match,Heavy pose drift (map also off),2,0,1.1835,1,0
odometry_pods+dual_camera_apriltag,camera_front|camera_rear|odometry_pods,odometry pods + front camera + rear camera,2,3,244.85,244.85,drift|pose,pose_drift_match,Heavy pose drift (map also off),3,0,1.1518,1,0
odometry_pods+dual_camera_apriltag,camera_front|camera_rear|odometry_pods,odometry pods + front camera + rear camera,2,3,244.85,244.85,drift|pose,pose_drift_match,Heavy pose drift (map also off),4,0,2.5508,1,0
odometry_pods+dual_camera_apriltag,camera_front|camera_rear|odometry_pods,odometry pods + front camera + rear camera,2,3,244.85,244.85,drift|pose,pose_drift_match,Heavy pose drift (map also off),5,1,12.5185,0,0
odometry_pods+dual_camera_apriltag,camera_front|camera_rear|odometry_pods,odometry pods + front camera + rear camera,2,3,244.85,244.85,drift|pose,pose_drift_match,Heavy pose drift (map also off),6,0,1.95,1,0
odometry_pods+dual_camera_apriltag,camera_front|camera_rear|odometry_pods,odometry pods + front camera + rear camera,2,3,244.85,244.85,drift|pose,pose_drift_match,Heavy pose drift (map also off),7,0,0.8887,1,0
odometry_pods+dual_camera_apriltag,camera_front|camera_rear|odometry_pods,odometry pods + front camera + rear camera,2,3,244.85,244.85,drift|pose,pose_drift_match,Heavy pose drift (map also off),8,1,2.9394,0,0
odometry_pods+dual_camera_apriltag,camera_front|camera_rear|odometry_pods,odometry pods + front camera + rear camera,2,3,244.85,244.85,drift|pose,pose_drift_match,Heavy pose drift (map also off),9,0,0.4508,1,0
odometry_pods+dual_camera_apriltag,camera_front|camera_rear|odometry_pods,odometry pods + front camera + rear camera,2,3,244.85,244.85,drift|pose,pose_drift_match,Heavy pose drift (map also off),10,1,0.9016,0,0
odometry_pods+dual_camera_apriltag,camera_front|camera_rear|odometry_pods,odometry pods + front camera + rear camera,2,3,244.85,244.85,drift|pose,pose_drift_match,Heavy pose drift (map also off),11,0,0.0,1,0
odometry_pods+dual_camera_apriltag,camera_front|camera_rear|odometry_pods,odometry pods + front camera + rear camera,2,3,244.85,244.85,drift|pose,pose_drift_match,Heavy pose drift (map also off),12,0,8.0147,1,0
odometry_pods+dual_camera_apriltag,camera_front|camera_rear|odometry_pods,odometry pods + front camera + rear camera,2,3,244.85,244.85,drift|pose,pose_drift_match,Heavy pose drift (map also off),13,0,1.7345,0,0
odometry_pods+dual_camera_apriltag,camera_front|camera_rear|odometry_pods,odometry pods + front camera + rear camera,2,3,244.85,244.85,drift|pose,pose_drift_match,Heavy pose drift (map also off),14,1,3.9542,0,0
odometry_pods+dual_camera_apriltag,camera_front|camera_rear|odometry_pods,odometry pods + front camera + rear camera,2,3,244.85,244.85,drift|pose,pose_drift_match,Heavy pose drift (map also off),15,0,0.8896,1,0
odometry_pods+dual_camera_apriltag,camera_front|camera_rear|odometry_pods,odometry pods + front camera + rear camera,2,3,244.85,244.85,drift|pose,pose_drift_match,Heavy pose drift (map also off),16,0,7.1456,1,0
odometry_pods+dual_camera_apriltag,camera_front|camera_rear|odometry_pods,odometry pods + front camera + rear camera,2,3,244.85,244.85,drift|pose,pose_drift_match,Heavy pose drift (map also off),17,0,1.4588,1,0
odometry_pods+dual_camera_apriltag,camera_front|camera_rear|odometry_pods,odometry pods + front camera + rear camera,2,3,244.85,244.85,drift|pose,pose_drift_match,Heavy pose drift (map also off),18,0,0.0,1,0
odometry_pods+dual_camera_apriltag,camera_front|camera_rear|odometry_pods,odometry pods + front camera + rear camera,2,3,244.85,244.85,drift|pose,pose_drift_match,Heavy pose drift (map also off),19,1,9.2588,0,0
odometry_pods+dual_camera_apriltag,camera_front|camera_rear|odometry_pods,odometry pods + front camera + rear camera,2,3,244.85,244.85,drift|pose,pose_drift_match,Heavy pose drift (map also off),20,0,5.9075,0,0
odometry_pods+dual_camera_apriltag,camera_front|camera_rear|odometry_pods,odometry pods + front camera + rear camera,2,3,244.85,244.85,drift|pose,pose_drift_match,Heavy pose drift (map also off),21,0,2.509,1,0
odometry_pods+dual_camera_apriltag,camera_front|camera_rear|odometry_pods,odometry pods + front camera + rear camera,2,3,244.85,244.85,drift|pose,pose_drift_match,Heavy pose drift (map also off),22,0,0.0,1,0
odometry_pods+dual_camera_apriltag,camera_front|camera_rear|odometry_pods,odometry pods + front camera + rear camera,2,3,244.85,244.85,drift|pose,pose_drift_match,Heavy pose drift (map also off),23,0,1.967,1,0
odometry_pods+dual_camera_apriltag,camera_front|camera_rear|odometry_pods,odometry pods + front camera + rear camera,2,3,244.85,244.85,drift|pose,pose_drift_match,Heavy pose drift (map also off),24,0,4.7923,1,0
odometry_pods+dual_camera_apriltag,camera_front|camera_rear|odometry_pods,odometry pods + front camera + rear camera,2,3,244.85,244.85,drift|pose,map_error_match,Field doesn't match the map (also drifting),0,1,3.9052,0,0
odometry_pods+dual_camera_apriltag,camera_front|camera_rear|odometry_pods,odometry pods + front camera + rear camera,2,3,244.85,244.85,drift|pose,map_error_match,Field doesn't match the map (also drifting),1,0,0.0,1,0
odometry_pods+dual_camera_apriltag,camera_front|camera_rear|odometry_pods,odometry pods + front camera + rear camera,2,3,244.85,244.85,drift|pose,map_error_match,Field doesn't match the map (also drifting),2,0,8.4186,1,0
odometry_pods+dual_camera_apriltag,camera_front|camera_rear|odometry_pods,odometry pods + front camera + rear camera,2,3,244.85,244.85,drift|pose,map_error_match,Field doesn't match the map (also drifting),3,0,1.1278,1,0
odometry_pods+dual_camera_apriltag,camera_front|camera_rear|odometry_pods,odometry pods + front camera + rear camera,2,3,244.85,244.85,drift|pose,map_error_match,Field doesn't match the map (also drifting),4,0,4.7881,1,0
odometry_pods+dual_camera_apriltag,camera_front|camera_rear|odometry_pods,odometry pods + front camera + rear camera,2,3,244.85,244.85,drift|pose,map_error_match,Field doesn't match the map (also drifting),5,1,12.0778,0,0
odometry_pods+dual_camera_apriltag,camera_front|camera_rear|odometry_pods,odometry pods + front camera + rear camera,2,3,244.85,244.85,drift|pose,map_error_match,Field doesn't match the map (also drifting),6,0,1.3523,1,0
odometry_pods+dual_camera_apriltag,camera_front|camera_rear|odometry_pods,odometry pods + front camera + rear camera,2,3,244.85,244.85,drift|pose,map_error_match,Field doesn't match the map (also drifting),7,0,5.921,1,0
odometry_pods+dual_camera_apriltag,camera_front|camera_rear|odometry_pods,odometry pods + front camera + rear camera,2,3,244.85,244.85,drift|pose,map_error_match,Field doesn't match the map (also drifting),8,0,1.4704,0,0
odometry_pods+dual_camera_apriltag,camera_front|camera_rear|odometry_pods,odometry pods + front camera + rear camera,2,3,244.85,244.85,drift|pose,map_error_match,Field doesn't match the map (also drifting),9,0,7.1392,0,0
odometry_pods+dual_camera_apriltag,camera_front|camera_rear|odometry_pods,odometry pods + front camera + rear camera,2,3,244.85,244.85,drift|pose,map_error_match,Field doesn't match the map (also drifting),10,0,1.885,0,0
odometry_pods+dual_camera_apriltag,camera_front|camera_rear|odometry_pods,odometry pods + front camera + rear camera,2,3,244.85,244.85,drift|pose,map_error_match,Field doesn't match the map (also drifting),11,0,4.8276,1,0
odometry_pods+dual_camera_apriltag,camera_front|camera_rear|odometry_pods,odometry pods + front camera + rear camera,2,3,244.85,244.85,drift|pose,map_error_match,Field doesn't match the map (also drifting),12,0,8.0147,1,0
odometry_pods+dual_camera_apriltag,camera_front|camera_rear|odometry_pods,odometry pods + front camera + rear camera,2,3,244.85,244.85,drift|pose,map_error_match,Field doesn't match the map (also drifting),13,0,1.7874,0,0
odometry_pods+dual_camera_apriltag,camera_front|camera_rear|odometry_pods,odometry pods + front camera + rear camera,2,3,244.85,244.85,drift|pose,map_error_match,Field doesn't match the map (also drifting),14,1,4.3737,0,0
odometry_pods+dual_camera_apriltag,camera_front|camera_rear|odometry_pods,odometry pods + front camera + rear camera,2,3,244.85,244.85,drift|pose,map_error_match,Field doesn't match the map (also drifting),15,0,9.0865,1,0
odometry_pods+dual_camera_apriltag,camera_front|camera_rear|odometry_pods,odometry pods + front camera + rear camera,2,3,244.85,244.85,drift|pose,map_error_match,Field doesn't match the map (also drifting),16,0,0.7216,1,0
odometry_pods+dual_camera_apriltag,camera_front|camera_rear|odometry_pods,odometry pods + front camera + rear camera,2,3,244.85,244.85,drift|pose,map_error_match,Field doesn't match the map (also drifting),17,0,1.4266,1,0
odometry_pods+dual_camera_apriltag,camera_front|camera_rear|odometry_pods,odometry pods + front camera + rear camera,2,3,244.85,244.85,drift|pose,map_error_match,Field doesn't match the map (also drifting),18,1,10.8268,0,0
odometry_pods+dual_camera_apriltag,camera_front|camera_rear|odometry_pods,odometry pods + front camera + rear camera,2,3,244.85,244.85,drift|pose,map_error_match,Field doesn't match the map (also drifting),19,1,8.7737,0,0
odometry_pods+dual_camera_apriltag,camera_front|camera_rear|odometry_pods,odometry pods + front camera + rear camera,2,3,244.85,244.85,drift|pose,map_error_match,Field doesn't match the map (also drifting),20,0,0.0,1,0
odometry_pods+dual_camera_apriltag,camera_front|camera_rear|odometry_pods,odometry pods + front camera + rear camera,2,3,244.85,244.85,drift|pose,map_error_match,Field doesn't match the map (also drifting),21,0,0.7749,1,0
odometry_pods+dual_camera_apriltag,camera_front|camera_rear|odometry_pods,odometry pods + front camera + rear camera,2,3,244.85,244.85,drift|pose,map_error_match,Field doesn't match the map (also drifting),22,0,1.7197,1,0
odometry_pods+dual_camera_apriltag,camera_front|camera_rear|odometry_pods,odometry pods + front camera + rear camera,2,3,244.85,244.85,drift|pose,map_error_match,Field doesn't match the map (also drifting),23,0,1.9586,1,0
odometry_pods+dual_camera_apriltag,camera_front|camera_rear|odometry_pods,odometry pods + front camera + rear camera,2,3,244.85,244.85,drift|pose,map_error_match,Field doesn't match the map (also drifting),24,0,4.3646,1,0
odometry_pods+dual_camera_apriltag,camera_front|camera_rear|odometry_pods,odometry pods + front camera + rear camera,2,3,244.85,244.85,drift|pose,opponent_match,Opponent parks in the route (also drifting),0,1,3.8546,0,0
odometry_pods+dual_camera_apriltag,camera_front|camera_rear|odometry_pods,odometry pods + front camera + rear camera,2,3,244.85,244.85,drift|pose,opponent_match,Opponent parks in the route (also drifting),1,0,2.1,1,0
odometry_pods+dual_camera_apriltag,camera_front|camera_rear|odometry_pods,odometry pods + front camera + rear camera,2,3,244.85,244.85,drift|pose,opponent_match,Opponent parks in the route (also drifting),2,0,4.3271,1,0
odometry_pods+dual_camera_apriltag,camera_front|camera_rear|odometry_pods,odometry pods + front camera + rear camera,2,3,244.85,244.85,drift|pose,opponent_match,Opponent parks in the route (also drifting),3,0,1.1518,1,0
odometry_pods+dual_camera_apriltag,camera_front|camera_rear|odometry_pods,odometry pods + front camera + rear camera,2,3,244.85,244.85,drift|pose,opponent_match,Opponent parks in the route (also drifting),4,0,2.9866,1,0
odometry_pods+dual_camera_apriltag,camera_front|camera_rear|odometry_pods,odometry pods + front camera + rear camera,2,3,244.85,244.85,drift|pose,opponent_match,Opponent parks in the route (also drifting),5,0,2.0452,1,0
odometry_pods+dual_camera_apriltag,camera_front|camera_rear|odometry_pods,odometry pods + front camera + rear camera,2,3,244.85,244.85,drift|pose,opponent_match,Opponent parks in the route (also drifting),6,0,0.5327,1,0
odometry_pods+dual_camera_apriltag,camera_front|camera_rear|odometry_pods,odometry pods + front camera + rear camera,2,3,244.85,244.85,drift|pose,opponent_match,Opponent parks in the route (also drifting),7,0,12.2515,1,0
odometry_pods+dual_camera_apriltag,camera_front|camera_rear|odometry_pods,odometry pods + front camera + rear camera,2,3,244.85,244.85,drift|pose,opponent_match,Opponent parks in the route (also drifting),8,1,1.9031,0,0
odometry_pods+dual_camera_apriltag,camera_front|camera_rear|odometry_pods,odometry pods + front camera + rear camera,2,3,244.85,244.85,drift|pose,opponent_match,Opponent parks in the route (also drifting),9,0,7.1317,0,0
odometry_pods+dual_camera_apriltag,camera_front|camera_rear|odometry_pods,odometry pods + front camera + rear camera,2,3,244.85,244.85,drift|pose,opponent_match,Opponent parks in the route (also drifting),10,0,0.4508,1,0
odometry_pods+dual_camera_apriltag,camera_front|camera_rear|odometry_pods,odometry pods + front camera + rear camera,2,3,244.85,244.85,drift|pose,opponent_match,Opponent parks in the route (also drifting),11,0,4.8558,1,0
odometry_pods+dual_camera_apriltag,camera_front|camera_rear|odometry_pods,odometry pods + front camera + rear camera,2,3,244.85,244.85,drift|pose,opponent_match,Opponent parks in the route (also drifting),12,0,4.5078,1,0
odometry_pods+dual_camera_apriltag,camera_front|camera_rear|odometry_pods,odometry pods + front camera + rear camera,2,3,244.85,244.85,drift|pose,opponent_match,Opponent parks in the route (also drifting),13,0,0.9016,1,0
odometry_pods+dual_camera_apriltag,camera_front|camera_rear|odometry_pods,odometry pods + front camera + rear camera,2,3,244.85,244.85,drift|pose,opponent_match,Opponent parks in the route (also drifting),14,0,1.0734,1,0
odometry_pods+dual_camera_apriltag,camera_front|camera_rear|odometry_pods,odometry pods + front camera + rear camera,2,3,244.85,244.85,drift|pose,opponent_match,Opponent parks in the route (also drifting),15,0,6.7799,1,0
odometry_pods+dual_camera_apriltag,camera_front|camera_rear|odometry_pods,odometry pods + front camera + rear camera,2,3,244.85,244.85,drift|pose,opponent_match,Opponent parks in the route (also drifting),16,0,4.336,1,0
odometry_pods+dual_camera_apriltag,camera_front|camera_rear|odometry_pods,odometry pods + front camera + rear camera,2,3,244.85,244.85,drift|pose,opponent_match,Opponent parks in the route (also drifting),17,0,8.3769,1,0
odometry_pods+dual_camera_apriltag,camera_front|camera_rear|odometry_pods,odometry pods + front camera + rear camera,2,3,244.85,244.85,drift|pose,opponent_match,Opponent parks in the route (also drifting),18,1,10.8268,0,0
odometry_pods+dual_camera_apriltag,camera_front|camera_rear|odometry_pods,odometry pods + front camera + rear camera,2,3,244.85,244.85,drift|pose,opponent_match,Opponent parks in the route (also drifting),19,0,2.6281,1,0
odometry_pods+dual_camera_apriltag,camera_front|camera_rear|odometry_pods,odometry pods + front camera + rear camera,2,3,244.85,244.85,drift|pose,opponent_match,Opponent parks in the route (also drifting),20,1,4.9362,0,0
odometry_pods+dual_camera_apriltag,camera_front|camera_rear|odometry_pods,odometry pods + front camera + rear camera,2,3,244.85,244.85,drift|pose,opponent_match,Opponent parks in the route (also drifting),21,0,0.7722,1,0
odometry_pods+dual_camera_apriltag,camera_front|camera_rear|odometry_pods,odometry pods + front camera + rear camera,2,3,244.85,244.85,drift|pose,opponent_match,Opponent parks in the route (also drifting),22,0,3.5408,1,0
odometry_pods+dual_camera_apriltag,camera_front|camera_rear|odometry_pods,odometry pods + front camera + rear camera,2,3,244.85,244.85,drift|pose,opponent_match,Opponent parks in the route (also drifting),23,0,1.9586,1,0
odometry_pods+dual_camera_apriltag,camera_front|camera_rear|odometry_pods,odometry pods + front camera + rear camera,2,3,244.85,244.85,drift|pose,opponent_match,Opponent parks in the route (also drifting),24,0,1.1639,1,0
odometry_pods+dual_camera_apriltag,camera_front|camera_rear|odometry_pods,odometry pods + front camera + rear camera,2,3,244.85,244.85,drift|pose,combined_match,Everything at once (match-realistic mix),0,1,3.9052,0,0
odometry_pods+dual_camera_apriltag,camera_front|camera_rear|odometry_pods,odometry pods + front camera + rear camera,2,3,244.85,244.85,drift|pose,combined_match,Everything at once (match-realistic mix),1,0,0.0,1,0
odometry_pods+dual_camera_apriltag,camera_front|camera_rear|odometry_pods,odometry pods + front camera + rear camera,2,3,244.85,244.85,drift|pose,combined_match,Everything at once (match-realistic mix),2,0,1.1889,1,0
odometry_pods+dual_camera_apriltag,camera_front|camera_rear|odometry_pods,odometry pods + front camera + rear camera,2,3,244.85,244.85,drift|pose,combined_match,Everything at once (match-realistic mix),3,0,2.5201,1,0
odometry_pods+dual_camera_apriltag,camera_front|camera_rear|odometry_pods,odometry pods + front camera + rear camera,2,3,244.85,244.85,drift|pose,combined_match,Everything at once (match-realistic mix),4,0,2.9866,1,0
odometry_pods+dual_camera_apriltag,camera_front|camera_rear|odometry_pods,odometry pods + front camera + rear camera,2,3,244.85,244.85,drift|pose,combined_match,Everything at once (match-realistic mix),5,0,4.3219,1,0
odometry_pods+dual_camera_apriltag,camera_front|camera_rear|odometry_pods,odometry pods + front camera + rear camera,2,3,244.85,244.85,drift|pose,combined_match,Everything at once (match-realistic mix),6,0,1.3523,1,0
odometry_pods+dual_camera_apriltag,camera_front|camera_rear|odometry_pods,odometry pods + front camera + rear camera,2,3,244.85,244.85,drift|pose,combined_match,Everything at once (match-realistic mix),7,0,5.921,1,0
odometry_pods+dual_camera_apriltag,camera_front|camera_rear|odometry_pods,odometry pods + front camera + rear camera,2,3,244.85,244.85,drift|pose,combined_match,Everything at once (match-realistic mix),8,0,1.4704,0,0
odometry_pods+dual_camera_apriltag,camera_front|camera_rear|odometry_pods,odometry pods + front camera + rear camera,2,3,244.85,244.85,drift|pose,combined_match,Everything at once (match-realistic mix),9,0,7.1392,0,0
odometry_pods+dual_camera_apriltag,camera_front|camera_rear|odometry_pods,odometry pods + front camera + rear camera,2,3,244.85,244.85,drift|pose,combined_match,Everything at once (match-realistic mix),10,0,1.8534,0,0
odometry_pods+dual_camera_apriltag,camera_front|camera_rear|odometry_pods,odometry pods + front camera + rear camera,2,3,244.85,244.85,drift|pose,combined_match,Everything at once (match-realistic mix),11,0,0.0,1,0
odometry_pods+dual_camera_apriltag,camera_front|camera_rear|odometry_pods,odometry pods + front camera + rear camera,2,3,244.85,244.85,drift|pose,combined_match,Everything at once (match-realistic mix),12,0,8.0147,1,0
odometry_pods+dual_camera_apriltag,camera_front|camera_rear|odometry_pods,odometry pods + front camera + rear camera,2,3,244.85,244.85,drift|pose,combined_match,Everything at once (match-realistic mix),13,0,1.7874,0,0
odometry_pods+dual_camera_apriltag,camera_front|camera_rear|odometry_pods,odometry pods + front camera + rear camera,2,3,244.85,244.85,drift|pose,combined_match,Everything at once (match-realistic mix),14,1,3.9542,0,0
odometry_pods+dual_camera_apriltag,camera_front|camera_rear|odometry_pods,odometry pods + front camera + rear camera,2,3,244.85,244.85,drift|pose,combined_match,Everything at once (match-realistic mix),15,0,3.59,1,0
odometry_pods+dual_camera_apriltag,camera_front|camera_rear|odometry_pods,odometry pods + front camera + rear camera,2,3,244.85,244.85,drift|pose,combined_match,Everything at once (match-realistic mix),16,0,0.7216,1,0
odometry_pods+dual_camera_apriltag,camera_front|camera_rear|odometry_pods,odometry pods + front camera + rear camera,2,3,244.85,244.85,drift|pose,combined_match,Everything at once (match-realistic mix),17,0,1.4266,1,0
odometry_pods+dual_camera_apriltag,camera_front|camera_rear|odometry_pods,odometry pods + front camera + rear camera,2,3,244.85,244.85,drift|pose,combined_match,Everything at once (match-realistic mix),18,0,8.6531,1,0
odometry_pods+dual_camera_apriltag,camera_front|camera_rear|odometry_pods,odometry pods + front camera + rear camera,2,3,244.85,244.85,drift|pose,combined_match,Everything at once (match-realistic mix),19,0,8.1149,1,0
odometry_pods+dual_camera_apriltag,camera_front|camera_rear|odometry_pods,odometry pods + front camera + rear camera,2,3,244.85,244.85,drift|pose,combined_match,Everything at once (match-realistic mix),20,0,0.0,1,0
odometry_pods+dual_camera_apriltag,camera_front|camera_rear|odometry_pods,odometry pods + front camera + rear camera,2,3,244.85,244.85,drift|pose,combined_match,Everything at once (match-realistic mix),21,0,0.7749,1,0
odometry_pods+dual_camera_apriltag,camera_front|camera_rear|odometry_pods,odometry pods + front camera + rear camera,2,3,244.85,244.85,drift|pose,combined_match,Everything at once (match-realistic mix),22,0,1.7197,1,0
odometry_pods+dual_camera_apriltag,camera_front|camera_rear|odometry_pods,odometry pods + front camera + rear camera,2,3,244.85,244.85,drift|pose,combined_match,Everything at once (match-realistic mix),23,0,1.9586,1,0
odometry_pods+dual_camera_apriltag,camera_front|camera_rear|odometry_pods,odometry pods + front camera + rear camera,2,3,244.85,244.85,drift|pose,combined_match,Everything at once (match-realistic mix),24,0,4.3646,1,0
odometry_pods+dual_camera_apriltag,camera_front|camera_rear|odometry_pods,odometry pods + front camera + rear camera,2,3,244.85,244.85,drift|pose,corridor,"Tight corridor, mixed deviation",0,1,6.4234,0,0
odometry_pods+dual_camera_apriltag,camera_front|camera_rear|odometry_pods,odometry pods + front camera + rear camera,2,3,244.85,244.85,drift|pose,corridor,"Tight corridor, mixed deviation",1,0,4.6682,0,0
odometry_pods+dual_camera_apriltag,camera_front|camera_rear|odometry_pods,odometry pods + front camera + rear camera,2,3,244.85,244.85,drift|pose,corridor,"Tight corridor, mixed deviation",2,0,7.7784,1,0
odometry_pods+dual_camera_apriltag,camera_front|camera_rear|odometry_pods,odometry pods + front camera + rear camera,2,3,244.85,244.85,drift|pose,corridor,"Tight corridor, mixed deviation",3,0,1.3337,1,0
odometry_pods+dual_camera_apriltag,camera_front|camera_rear|odometry_pods,odometry pods + front camera + rear camera,2,3,244.85,244.85,drift|pose,corridor,"Tight corridor, mixed deviation",4,0,4.1141,0,0
odometry_pods+dual_camera_apriltag,camera_front|camera_rear|odometry_pods,odometry pods + front camera + rear camera,2,3,244.85,244.85,drift|pose,corridor,"Tight corridor, mixed deviation",5,1,8.264,0,0
odometry_pods+dual_camera_apriltag,camera_front|camera_rear|odometry_pods,odometry pods + front camera + rear camera,2,3,244.85,244.85,drift|pose,corridor,"Tight corridor, mixed deviation",6,1,7.8,0,0
odometry_pods+dual_camera_apriltag,camera_front|camera_rear|odometry_pods,odometry pods + front camera + rear camera,2,3,244.85,244.85,drift|pose,corridor,"Tight corridor, mixed deviation",7,1,13.3777,0,0
odometry_pods+dual_camera_apriltag,camera_front|camera_rear|odometry_pods,odometry pods + front camera + rear camera,2,3,244.85,244.85,drift|pose,corridor,"Tight corridor, mixed deviation",8,1,7.5312,0,0
odometry_pods+dual_camera_apriltag,camera_front|camera_rear|odometry_pods,odometry pods + front camera + rear camera,2,3,244.85,244.85,drift|pose,corridor,"Tight corridor, mixed deviation",9,1,6.3999,0,0
odometry_pods+dual_camera_apriltag,camera_front|camera_rear|odometry_pods,odometry pods + front camera + rear camera,2,3,244.85,244.85,drift|pose,corridor,"Tight corridor, mixed deviation",10,1,6.8838,0,0
odometry_pods+dual_camera_apriltag,camera_front|camera_rear|odometry_pods,odometry pods + front camera + rear camera,2,3,244.85,244.85,drift|pose,corridor,"Tight corridor, mixed deviation",11,1,6.9149,0,0
odometry_pods+dual_camera_apriltag,camera_front|camera_rear|odometry_pods,odometry pods + front camera + rear camera,2,3,244.85,244.85,drift|pose,corridor,"Tight corridor, mixed deviation",12,1,8.7053,0,0
odometry_pods+dual_camera_apriltag,camera_front|camera_rear|odometry_pods,odometry pods + front camera + rear camera,2,3,244.85,244.85,drift|pose,corridor,"Tight corridor, mixed deviation",13,0,4.207,1,0
odometry_pods+dual_camera_apriltag,camera_front|camera_rear|odometry_pods,odometry pods + front camera + rear camera,2,3,244.85,244.85,drift|pose,corridor,"Tight corridor, mixed deviation",14,0,2.1229,0,0
odometry_pods+dual_camera_apriltag,camera_front|camera_rear|odometry_pods,odometry pods + front camera + rear camera,2,3,244.85,244.85,drift|pose,corridor,"Tight corridor, mixed deviation",15,1,7.4643,0,0
odometry_pods+dual_camera_apriltag,camera_front|camera_rear|odometry_pods,odometry pods + front camera + rear camera,2,3,244.85,244.85,drift|pose,corridor,"Tight corridor, mixed deviation",16,1,11.8507,0,0
odometry_pods+dual_camera_apriltag,camera_front|camera_rear|odometry_pods,odometry pods + front camera + rear camera,2,3,244.85,244.85,drift|pose,corridor,"Tight corridor, mixed deviation",17,0,2.5234,1,0
odometry_pods+dual_camera_apriltag,camera_front|camera_rear|odometry_pods,odometry pods + front camera + rear camera,2,3,244.85,244.85,drift|pose,corridor,"Tight corridor, mixed deviation",18,1,14.0679,0,0
odometry_pods+dual_camera_apriltag,camera_front|camera_rear|odometry_pods,odometry pods + front camera + rear camera,2,3,244.85,244.85,drift|pose,corridor,"Tight corridor, mixed deviation",19,0,2.3113,0,0
odometry_pods+dual_camera_apriltag,camera_front|camera_rear|odometry_pods,odometry pods + front camera + rear camera,2,3,244.85,244.85,drift|pose,corridor,"Tight corridor, mixed deviation",20,1,7.9205,0,0
odometry_pods+dual_camera_apriltag,camera_front|camera_rear|odometry_pods,odometry pods + front camera + rear camera,2,3,244.85,244.85,drift|pose,corridor,"Tight corridor, mixed deviation",21,1,4.6705,0,0
odometry_pods+dual_camera_apriltag,camera_front|camera_rear|odometry_pods,odometry pods + front camera + rear camera,2,3,244.85,244.85,drift|pose,corridor,"Tight corridor, mixed deviation",22,0,3.1917,0,0
odometry_pods+dual_camera_apriltag,camera_front|camera_rear|odometry_pods,odometry pods + front camera + rear camera,2,3,244.85,244.85,drift|pose,corridor,"Tight corridor, mixed deviation",23,0,3.6038,1,0
odometry_pods+dual_camera_apriltag,camera_front|camera_rear|odometry_pods,odometry pods + front camera + rear camera,2,3,244.85,244.85,drift|pose,corridor,"Tight corridor, mixed deviation",24,1,7.2549,0,0
odometry_pods+apriltag_imu,camera_front|imu|odometry_pods,odometry pods + IMU + front camera,2,3,219.85,219.85,drift|heading|pose,pose_drift_match,Heavy pose drift (map also off),0,0,0.683,1,0
odometry_pods+apriltag_imu,camera_front|imu|odometry_pods,odometry pods + IMU + front camera,2,3,219.85,219.85,drift|heading|pose,pose_drift_match,Heavy pose drift (map also off),1,0,0.0,1,0
odometry_pods+apriltag_imu,camera_front|imu|odometry_pods,odometry pods + IMU + front camera,2,3,219.85,219.85,drift|heading|pose,pose_drift_match,Heavy pose drift (map also off),2,0,1.1835,1,0
odometry_pods+apriltag_imu,camera_front|imu|odometry_pods,odometry pods + IMU + front camera,2,3,219.85,219.85,drift|heading|pose,pose_drift_match,Heavy pose drift (map also off),3,0,1.1518,1,0
odometry_pods+apriltag_imu,camera_front|imu|odometry_pods,odometry pods + IMU + front camera,2,3,219.85,219.85,drift|heading|pose,pose_drift_match,Heavy pose drift (map also off),4,0,2.5508,1,0
odometry_pods+apriltag_imu,camera_front|imu|odometry_pods,odometry pods + IMU + front camera,2,3,219.85,219.85,drift|heading|pose,pose_drift_match,Heavy pose drift (map also off),5,1,12.5185,0,0
odometry_pods+apriltag_imu,camera_front|imu|odometry_pods,odometry pods + IMU + front camera,2,3,219.85,219.85,drift|heading|pose,pose_drift_match,Heavy pose drift (map also off),6,0,1.95,1,0
odometry_pods+apriltag_imu,camera_front|imu|odometry_pods,odometry pods + IMU + front camera,2,3,219.85,219.85,drift|heading|pose,pose_drift_match,Heavy pose drift (map also off),7,0,0.8887,1,0
odometry_pods+apriltag_imu,camera_front|imu|odometry_pods,odometry pods + IMU + front camera,2,3,219.85,219.85,drift|heading|pose,pose_drift_match,Heavy pose drift (map also off),8,1,2.9394,0,0
odometry_pods+apriltag_imu,camera_front|imu|odometry_pods,odometry pods + IMU + front camera,2,3,219.85,219.85,drift|heading|pose,pose_drift_match,Heavy pose drift (map also off),9,0,0.4508,1,0
odometry_pods+apriltag_imu,camera_front|imu|odometry_pods,odometry pods + IMU + front camera,2,3,219.85,219.85,drift|heading|pose,pose_drift_match,Heavy pose drift (map also off),10,1,0.9016,0,0
odometry_pods+apriltag_imu,camera_front|imu|odometry_pods,odometry pods + IMU + front camera,2,3,219.85,219.85,drift|heading|pose,pose_drift_match,Heavy pose drift (map also off),11,0,0.0,1,0
odometry_pods+apriltag_imu,camera_front|imu|odometry_pods,odometry pods + IMU + front camera,2,3,219.85,219.85,drift|heading|pose,pose_drift_match,Heavy pose drift (map also off),12,0,8.0147,1,0
odometry_pods+apriltag_imu,camera_front|imu|odometry_pods,odometry pods + IMU + front camera,2,3,219.85,219.85,drift|heading|pose,pose_drift_match,Heavy pose drift (map also off),13,0,1.7345,0,0
odometry_pods+apriltag_imu,camera_front|imu|odometry_pods,odometry pods + IMU + front camera,2,3,219.85,219.85,drift|heading|pose,pose_drift_match,Heavy pose drift (map also off),14,1,3.9542,0,0
odometry_pods+apriltag_imu,camera_front|imu|odometry_pods,odometry pods + IMU + front camera,2,3,219.85,219.85,drift|heading|pose,pose_drift_match,Heavy pose drift (map also off),15,0,0.8896,1,0
odometry_pods+apriltag_imu,camera_front|imu|odometry_pods,odometry pods + IMU + front camera,2,3,219.85,219.85,drift|heading|pose,pose_drift_match,Heavy pose drift (map also off),16,0,7.1456,1,0
odometry_pods+apriltag_imu,camera_front|imu|odometry_pods,odometry pods + IMU + front camera,2,3,219.85,219.85,drift|heading|pose,pose_drift_match,Heavy pose drift (map also off),17,0,1.4588,1,0
odometry_pods+apriltag_imu,camera_front|imu|odometry_pods,odometry pods + IMU + front camera,2,3,219.85,219.85,drift|heading|pose,pose_drift_match,Heavy pose drift (map also off),18,0,0.0,1,0
odometry_pods+apriltag_imu,camera_front|imu|odometry_pods,odometry pods + IMU + front camera,2,3,219.85,219.85,drift|heading|pose,pose_drift_match,Heavy pose drift (map also off),19,1,9.2588,0,0
odometry_pods+apriltag_imu,camera_front|imu|odometry_pods,odometry pods + IMU + front camera,2,3,219.85,219.85,drift|heading|pose,pose_drift_match,Heavy pose drift (map also off),20,0,5.9075,0,0
odometry_pods+apriltag_imu,camera_front|imu|odometry_pods,odometry pods + IMU + front camera,2,3,219.85,219.85,drift|heading|pose,pose_drift_match,Heavy pose drift (map also off),21,0,2.509,1,0
odometry_pods+apriltag_imu,camera_front|imu|odometry_pods,odometry pods + IMU + front camera,2,3,219.85,219.85,drift|heading|pose,pose_drift_match,Heavy pose drift (map also off),22,0,0.0,1,0
odometry_pods+apriltag_imu,camera_front|imu|odometry_pods,odometry pods + IMU + front camera,2,3,219.85,219.85,drift|heading|pose,pose_drift_match,Heavy pose drift (map also off),23,0,1.967,1,0
odometry_pods+apriltag_imu,camera_front|imu|odometry_pods,odometry pods + IMU + front camera,2,3,219.85,219.85,drift|heading|pose,pose_drift_match,Heavy pose drift (map also off),24,0,4.7923,1,0
odometry_pods+apriltag_imu,camera_front|imu|odometry_pods,odometry pods + IMU + front camera,2,3,219.85,219.85,drift|heading|pose,map_error_match,Field doesn't match the map (also drifting),0,1,3.9052,0,0
odometry_pods+apriltag_imu,camera_front|imu|odometry_pods,odometry pods + IMU + front camera,2,3,219.85,219.85,drift|heading|pose,map_error_match,Field doesn't match the map (also drifting),1,0,0.0,1,0
odometry_pods+apriltag_imu,camera_front|imu|odometry_pods,odometry pods + IMU + front camera,2,3,219.85,219.85,drift|heading|pose,map_error_match,Field doesn't match the map (also drifting),2,0,8.4186,1,0
odometry_pods+apriltag_imu,camera_front|imu|odometry_pods,odometry pods + IMU + front camera,2,3,219.85,219.85,drift|heading|pose,map_error_match,Field doesn't match the map (also drifting),3,0,1.1278,1,0
odometry_pods+apriltag_imu,camera_front|imu|odometry_pods,odometry pods + IMU + front camera,2,3,219.85,219.85,drift|heading|pose,map_error_match,Field doesn't match the map (also drifting),4,0,4.7881,1,0
odometry_pods+apriltag_imu,camera_front|imu|odometry_pods,odometry pods + IMU + front camera,2,3,219.85,219.85,drift|heading|pose,map_error_match,Field doesn't match the map (also drifting),5,1,12.0778,0,0
odometry_pods+apriltag_imu,camera_front|imu|odometry_pods,odometry pods + IMU + front camera,2,3,219.85,219.85,drift|heading|pose,map_error_match,Field doesn't match the map (also drifting),6,0,1.3523,1,0
odometry_pods+apriltag_imu,camera_front|imu|odometry_pods,odometry pods + IMU + front camera,2,3,219.85,219.85,drift|heading|pose,map_error_match,Field doesn't match the map (also drifting),7,0,5.921,1,0
odometry_pods+apriltag_imu,camera_front|imu|odometry_pods,odometry pods + IMU + front camera,2,3,219.85,219.85,drift|heading|pose,map_error_match,Field doesn't match the map (also drifting),8,0,1.4704,0,0
odometry_pods+apriltag_imu,camera_front|imu|odometry_pods,odometry pods + IMU + front camera,2,3,219.85,219.85,drift|heading|pose,map_error_match,Field doesn't match the map (also drifting),9,0,7.1392,0,0
odometry_pods+apriltag_imu,camera_front|imu|odometry_pods,odometry pods + IMU + front camera,2,3,219.85,219.85,drift|heading|pose,map_error_match,Field doesn't match the map (also drifting),10,0,1.885,0,0
odometry_pods+apriltag_imu,camera_front|imu|odometry_pods,odometry pods + IMU + front camera,2,3,219.85,219.85,drift|heading|pose,map_error_match,Field doesn't match the map (also drifting),11,0,4.8276,1,0
odometry_pods+apriltag_imu,camera_front|imu|odometry_pods,odometry pods + IMU + front camera,2,3,219.85,219.85,drift|heading|pose,map_error_match,Field doesn't match the map (also drifting),12,0,8.0147,1,0
odometry_pods+apriltag_imu,camera_front|imu|odometry_pods,odometry pods + IMU + front camera,2,3,219.85,219.85,drift|heading|pose,map_error_match,Field doesn't match the map (also drifting),13,0,1.7874,0,0
odometry_pods+apriltag_imu,camera_front|imu|odometry_pods,odometry pods + IMU + front camera,2,3,219.85,219.85,drift|heading|pose,map_error_match,Field doesn't match the map (also drifting),14,1,4.3737,0,0
odometry_pods+apriltag_imu,camera_front|imu|odometry_pods,odometry pods + IMU + front camera,2,3,219.85,219.85,drift|heading|pose,map_error_match,Field doesn't match the map (also drifting),15,0,9.0865,1,0
odometry_pods+apriltag_imu,camera_front|imu|odometry_pods,odometry pods + IMU + front camera,2,3,219.85,219.85,drift|heading|pose,map_error_match,Field doesn't match the map (also drifting),16,0,0.7216,1,0
odometry_pods+apriltag_imu,camera_front|imu|odometry_pods,odometry pods + IMU + front camera,2,3,219.85,219.85,drift|heading|pose,map_error_match,Field doesn't match the map (also drifting),17,0,1.4266,1,0
odometry_pods+apriltag_imu,camera_front|imu|odometry_pods,odometry pods + IMU + front camera,2,3,219.85,219.85,drift|heading|pose,map_error_match,Field doesn't match the map (also drifting),18,1,10.8268,0,0
odometry_pods+apriltag_imu,camera_front|imu|odometry_pods,odometry pods + IMU + front camera,2,3,219.85,219.85,drift|heading|pose,map_error_match,Field doesn't match the map (also drifting),19,1,8.7737,0,0
odometry_pods+apriltag_imu,camera_front|imu|odometry_pods,odometry pods + IMU + front camera,2,3,219.85,219.85,drift|heading|pose,map_error_match,Field doesn't match the map (also drifting),20,0,0.0,1,0
odometry_pods+apriltag_imu,camera_front|imu|odometry_pods,odometry pods + IMU + front camera,2,3,219.85,219.85,drift|heading|pose,map_error_match,Field doesn't match the map (also drifting),21,0,0.7749,1,0
odometry_pods+apriltag_imu,camera_front|imu|odometry_pods,odometry pods + IMU + front camera,2,3,219.85,219.85,drift|heading|pose,map_error_match,Field doesn't match the map (also drifting),22,0,1.7197,1,0
odometry_pods+apriltag_imu,camera_front|imu|odometry_pods,odometry pods + IMU + front camera,2,3,219.85,219.85,drift|heading|pose,map_error_match,Field doesn't match the map (also drifting),23,0,1.9586,1,0
odometry_pods+apriltag_imu,camera_front|imu|odometry_pods,odometry pods + IMU + front camera,2,3,219.85,219.85,drift|heading|pose,map_error_match,Field doesn't match the map (also drifting),24,0,4.3646,1,0
odometry_pods+apriltag_imu,camera_front|imu|odometry_pods,odometry pods + IMU + front camera,2,3,219.85,219.85,drift|heading|pose,opponent_match,Opponent parks in the route (also drifting),0,1,3.8546,0,0
odometry_pods+apriltag_imu,camera_front|imu|odometry_pods,odometry pods + IMU + front camera,2,3,219.85,219.85,drift|heading|pose,opponent_match,Opponent parks in the route (also drifting),1,0,2.1,1,0
odometry_pods+apriltag_imu,camera_front|imu|odometry_pods,odometry pods + IMU + front camera,2,3,219.85,219.85,drift|heading|pose,opponent_match,Opponent parks in the route (also drifting),2,0,4.3271,1,0
odometry_pods+apriltag_imu,camera_front|imu|odometry_pods,odometry pods + IMU + front camera,2,3,219.85,219.85,drift|heading|pose,opponent_match,Opponent parks in the route (also drifting),3,0,1.1518,1,0
odometry_pods+apriltag_imu,camera_front|imu|odometry_pods,odometry pods + IMU + front camera,2,3,219.85,219.85,drift|heading|pose,opponent_match,Opponent parks in the route (also drifting),4,0,2.9866,1,0
odometry_pods+apriltag_imu,camera_front|imu|odometry_pods,odometry pods + IMU + front camera,2,3,219.85,219.85,drift|heading|pose,opponent_match,Opponent parks in the route (also drifting),5,0,2.0452,1,0
odometry_pods+apriltag_imu,camera_front|imu|odometry_pods,odometry pods + IMU + front camera,2,3,219.85,219.85,drift|heading|pose,opponent_match,Opponent parks in the route (also drifting),6,0,0.5327,1,0
odometry_pods+apriltag_imu,camera_front|imu|odometry_pods,odometry pods + IMU + front camera,2,3,219.85,219.85,drift|heading|pose,opponent_match,Opponent parks in the route (also drifting),7,0,12.2515,1,0
odometry_pods+apriltag_imu,camera_front|imu|odometry_pods,odometry pods + IMU + front camera,2,3,219.85,219.85,drift|heading|pose,opponent_match,Opponent parks in the route (also drifting),8,1,1.9031,0,0
odometry_pods+apriltag_imu,camera_front|imu|odometry_pods,odometry pods + IMU + front camera,2,3,219.85,219.85,drift|heading|pose,opponent_match,Opponent parks in the route (also drifting),9,0,7.1317,0,0
odometry_pods+apriltag_imu,camera_front|imu|odometry_pods,odometry pods + IMU + front camera,2,3,219.85,219.85,drift|heading|pose,opponent_match,Opponent parks in the route (also drifting),10,0,0.4508,1,0
odometry_pods+apriltag_imu,camera_front|imu|odometry_pods,odometry pods + IMU + front camera,2,3,219.85,219.85,drift|heading|pose,opponent_match,Opponent parks in the route (also drifting),11,0,4.8558,1,0
odometry_pods+apriltag_imu,camera_front|imu|odometry_pods,odometry pods + IMU + front camera,2,3,219.85,219.85,drift|heading|pose,opponent_match,Opponent parks in the route (also drifting),12,0,4.5078,1,0
odometry_pods+apriltag_imu,camera_front|imu|odometry_pods,odometry pods + IMU + front camera,2,3,219.85,219.85,drift|heading|pose,opponent_match,Opponent parks in the route (also drifting),13,0,0.9016,1,0
odometry_pods+apriltag_imu,camera_front|imu|odometry_pods,odometry pods + IMU + front camera,2,3,219.85,219.85,drift|heading|pose,opponent_match,Opponent parks in the route (also drifting),14,0,1.0734,1,0
odometry_pods+apriltag_imu,camera_front|imu|odometry_pods,odometry pods + IMU + front camera,2,3,219.85,219.85,drift|heading|pose,opponent_match,Opponent parks in the route (also drifting),15,0,6.7799,1,0
odometry_pods+apriltag_imu,camera_front|imu|odometry_pods,odometry pods + IMU + front camera,2,3,219.85,219.85,drift|heading|pose,opponent_match,Opponent parks in the route (also drifting),16,0,4.336,1,0
odometry_pods+apriltag_imu,camera_front|imu|odometry_pods,odometry pods + IMU + front camera,2,3,219.85,219.85,drift|heading|pose,opponent_match,Opponent parks in the route (also drifting),17,0,8.3769,1,0
odometry_pods+apriltag_imu,camera_front|imu|odometry_pods,odometry pods + IMU + front camera,2,3,219.85,219.85,drift|heading|pose,opponent_match,Opponent parks in the route (also drifting),18,1,10.8268,0,0
odometry_pods+apriltag_imu,camera_front|imu|odometry_pods,odometry pods + IMU + front camera,2,3,219.85,219.85,drift|heading|pose,opponent_match,Opponent parks in the route (also drifting),19,0,2.6281,1,0
odometry_pods+apriltag_imu,camera_front|imu|odometry_pods,odometry pods + IMU + front camera,2,3,219.85,219.85,drift|heading|pose,opponent_match,Opponent parks in the route (also drifting),20,1,4.9362,0,0
odometry_pods+apriltag_imu,camera_front|imu|odometry_pods,odometry pods + IMU + front camera,2,3,219.85,219.85,drift|heading|pose,opponent_match,Opponent parks in the route (also drifting),21,0,0.7722,1,0
odometry_pods+apriltag_imu,camera_front|imu|odometry_pods,odometry pods + IMU + front camera,2,3,219.85,219.85,drift|heading|pose,opponent_match,Opponent parks in the route (also drifting),22,0,3.5408,1,0
odometry_pods+apriltag_imu,camera_front|imu|odometry_pods,odometry pods + IMU + front camera,2,3,219.85,219.85,drift|heading|pose,opponent_match,Opponent parks in the route (also drifting),23,0,1.9586,1,0
odometry_pods+apriltag_imu,camera_front|imu|odometry_pods,odometry pods + IMU + front camera,2,3,219.85,219.85,drift|heading|pose,opponent_match,Opponent parks in the route (also drifting),24,0,1.1639,1,0
odometry_pods+apriltag_imu,camera_front|imu|odometry_pods,odometry pods + IMU + front camera,2,3,219.85,219.85,drift|heading|pose,combined_match,Everything at once (match-realistic mix),0,1,3.9052,0,0
odometry_pods+apriltag_imu,camera_front|imu|odometry_pods,odometry pods + IMU + front camera,2,3,219.85,219.85,drift|heading|pose,combined_match,Everything at once (match-realistic mix),1,0,0.0,1,0
odometry_pods+apriltag_imu,camera_front|imu|odometry_pods,odometry pods + IMU + front camera,2,3,219.85,219.85,drift|heading|pose,combined_match,Everything at once (match-realistic mix),2,0,1.1889,1,0
odometry_pods+apriltag_imu,camera_front|imu|odometry_pods,odometry pods + IMU + front camera,2,3,219.85,219.85,drift|heading|pose,combined_match,Everything at once (match-realistic mix),3,0,2.5201,1,0
odometry_pods+apriltag_imu,camera_front|imu|odometry_pods,odometry pods + IMU + front camera,2,3,219.85,219.85,drift|heading|pose,combined_match,Everything at once (match-realistic mix),4,0,2.9866,1,0
odometry_pods+apriltag_imu,camera_front|imu|odometry_pods,odometry pods + IMU + front camera,2,3,219.85,219.85,drift|heading|pose,combined_match,Everything at once (match-realistic mix),5,0,4.3219,1,0
odometry_pods+apriltag_imu,camera_front|imu|odometry_pods,odometry pods + IMU + front camera,2,3,219.85,219.85,drift|heading|pose,combined_match,Everything at once (match-realistic mix),6,0,1.3523,1,0
odometry_pods+apriltag_imu,camera_front|imu|odometry_pods,odometry pods + IMU + front camera,2,3,219.85,219.85,drift|heading|pose,combined_match,Everything at once (match-realistic mix),7,0,5.921,1,0
odometry_pods+apriltag_imu,camera_front|imu|odometry_pods,odometry pods + IMU + front camera,2,3,219.85,219.85,drift|heading|pose,combined_match,Everything at once (match-realistic mix),8,0,1.4704,0,0
odometry_pods+apriltag_imu,camera_front|imu|odometry_pods,odometry pods + IMU + front camera,2,3,219.85,219.85,drift|heading|pose,combined_match,Everything at once (match-realistic mix),9,0,7.1392,0,0
odometry_pods+apriltag_imu,camera_front|imu|odometry_pods,odometry pods + IMU + front camera,2,3,219.85,219.85,drift|heading|pose,combined_match,Everything at once (match-realistic mix),10,0,1.8534,0,0
odometry_pods+apriltag_imu,camera_front|imu|odometry_pods,odometry pods + IMU + front camera,2,3,219.85,219.85,drift|heading|pose,combined_match,Everything at once (match-realistic mix),11,0,0.0,1,0
odometry_pods+apriltag_imu,camera_front|imu|odometry_pods,odometry pods + IMU + front camera,2,3,219.85,219.85,drift|heading|pose,combined_match,Everything at once (match-realistic mix),12,0,8.0147,1,0
odometry_pods+apriltag_imu,camera_front|imu|odometry_pods,odometry pods + IMU + front camera,2,3,219.85,219.85,drift|heading|pose,combined_match,Everything at once (match-realistic mix),13,0,1.7874,0,0
odometry_pods+apriltag_imu,camera_front|imu|odometry_pods,odometry pods + IMU + front camera,2,3,219.85,219.85,drift|heading|pose,combined_match,Everything at once (match-realistic mix),14,1,3.9542,0,0
odometry_pods+apriltag_imu,camera_front|imu|odometry_pods,odometry pods + IMU + front camera,2,3,219.85,219.85,drift|heading|pose,combined_match,Everything at once (match-realistic mix),15,0,3.59,1,0
odometry_pods+apriltag_imu,camera_front|imu|odometry_pods,odometry pods + IMU + front camera,2,3,219.85,219.85,drift|heading|pose,combined_match,Everything at once (match-realistic mix),16,0,0.7216,1,0
odometry_pods+apriltag_imu,camera_front|imu|odometry_pods,odometry pods + IMU + front camera,2,3,219.85,219.85,drift|heading|pose,combined_match,Everything at once (match-realistic mix),17,0,1.4266,1,0
odometry_pods+apriltag_imu,camera_front|imu|odometry_pods,odometry pods + IMU + front camera,2,3,219.85,219.85,drift|heading|pose,combined_match,Everything at once (match-realistic mix),18,0,8.6531,1,0
odometry_pods+apriltag_imu,camera_front|imu|odometry_pods,odometry pods + IMU + front camera,2,3,219.85,219.85,drift|heading|pose,combined_match,Everything at once (match-realistic mix),19,0,8.1149,1,0
odometry_pods+apriltag_imu,camera_front|imu|odometry_pods,odometry pods + IMU + front camera,2,3,219.85,219.85,drift|heading|pose,combined_match,Everything at once (match-realistic mix),20,0,0.0,1,0
odometry_pods+apriltag_imu,camera_front|imu|odometry_pods,odometry pods + IMU + front camera,2,3,219.85,219.85,drift|heading|pose,combined_match,Everything at once (match-realistic mix),21,0,0.7749,1,0
odometry_pods+apriltag_imu,camera_front|imu|odometry_pods,odometry pods + IMU + front camera,2,3,219.85,219.85,drift|heading|pose,combined_match,Everything at once (match-realistic mix),22,0,1.7197,1,0
odometry_pods+apriltag_imu,camera_front|imu|odometry_pods,odometry pods + IMU + front camera,2,3,219.85,219.85,drift|heading|pose,combined_match,Everything at once (match-realistic mix),23,0,1.9586,1,0
odometry_pods+apriltag_imu,camera_front|imu|odometry_pods,odometry pods + IMU + front camera,2,3,219.85,219.85,drift|heading|pose,combined_match,Everything at once (match-realistic mix),24,0,4.3646,1,0
odometry_pods+apriltag_imu,camera_front|imu|odometry_pods,odometry pods + IMU + front camera,2,3,219.85,219.85,drift|heading|pose,corridor,"Tight corridor, mixed deviation",0,1,6.4234,0,0
odometry_pods+apriltag_imu,camera_front|imu|odometry_pods,odometry pods + IMU + front camera,2,3,219.85,219.85,drift|heading|pose,corridor,"Tight corridor, mixed deviation",1,0,4.6682,0,0
odometry_pods+apriltag_imu,camera_front|imu|odometry_pods,odometry pods + IMU + front camera,2,3,219.85,219.85,drift|heading|pose,corridor,"Tight corridor, mixed deviation",2,0,7.7784,1,0
odometry_pods+apriltag_imu,camera_front|imu|odometry_pods,odometry pods + IMU + front camera,2,3,219.85,219.85,drift|heading|pose,corridor,"Tight corridor, mixed deviation",3,0,1.3337,1,0
odometry_pods+apriltag_imu,camera_front|imu|odometry_pods,odometry pods + IMU + front camera,2,3,219.85,219.85,drift|heading|pose,corridor,"Tight corridor, mixed deviation",4,0,4.1141,0,0
odometry_pods+apriltag_imu,camera_front|imu|odometry_pods,odometry pods + IMU + front camera,2,3,219.85,219.85,drift|heading|pose,corridor,"Tight corridor, mixed deviation",5,1,8.264,0,0
odometry_pods+apriltag_imu,camera_front|imu|odometry_pods,odometry pods + IMU + front camera,2,3,219.85,219.85,drift|heading|pose,corridor,"Tight corridor, mixed deviation",6,1,7.8,0,0
odometry_pods+apriltag_imu,camera_front|imu|odometry_pods,odometry pods + IMU + front camera,2,3,219.85,219.85,drift|heading|pose,corridor,"Tight corridor, mixed deviation",7,1,13.3777,0,0
odometry_pods+apriltag_imu,camera_front|imu|odometry_pods,odometry pods + IMU + front camera,2,3,219.85,219.85,drift|heading|pose,corridor,"Tight corridor, mixed deviation",8,1,7.5312,0,0
odometry_pods+apriltag_imu,camera_front|imu|odometry_pods,odometry pods + IMU + front camera,2,3,219.85,219.85,drift|heading|pose,corridor,"Tight corridor, mixed deviation",9,1,6.3999,0,0
odometry_pods+apriltag_imu,camera_front|imu|odometry_pods,odometry pods + IMU + front camera,2,3,219.85,219.85,drift|heading|pose,corridor,"Tight corridor, mixed deviation",10,1,6.8838,0,0
odometry_pods+apriltag_imu,camera_front|imu|odometry_pods,odometry pods + IMU + front camera,2,3,219.85,219.85,drift|heading|pose,corridor,"Tight corridor, mixed deviation",11,1,6.9149,0,0
odometry_pods+apriltag_imu,camera_front|imu|odometry_pods,odometry pods + IMU + front camera,2,3,219.85,219.85,drift|heading|pose,corridor,"Tight corridor, mixed deviation",12,1,8.7053,0,0
odometry_pods+apriltag_imu,camera_front|imu|odometry_pods,odometry pods + IMU + front camera,2,3,219.85,219.85,drift|heading|pose,corridor,"Tight corridor, mixed deviation",13,0,4.207,1,0
odometry_pods+apriltag_imu,camera_front|imu|odometry_pods,odometry pods + IMU + front camera,2,3,219.85,219.85,drift|heading|pose,corridor,"Tight corridor, mixed deviation",14,0,2.1229,0,0
odometry_pods+apriltag_imu,camera_front|imu|odometry_pods,odometry pods + IMU + front camera,2,3,219.85,219.85,drift|heading|pose,corridor,"Tight corridor, mixed deviation",15,1,7.4643,0,0
odometry_pods+apriltag_imu,camera_front|imu|odometry_pods,odometry pods + IMU + front camera,2,3,219.85,219.85,drift|heading|pose,corridor,"Tight corridor, mixed deviation",16,1,11.8507,0,0
odometry_pods+apriltag_imu,camera_front|imu|odometry_pods,odometry pods + IMU + front camera,2,3,219.85,219.85,drift|heading|pose,corridor,"Tight corridor, mixed deviation",17,0,2.5234,1,0
odometry_pods+apriltag_imu,camera_front|imu|odometry_pods,odometry pods + IMU + front camera,2,3,219.85,219.85,drift|heading|pose,corridor,"Tight corridor, mixed deviation",18,1,14.0679,0,0
odometry_pods+apriltag_imu,camera_front|imu|odometry_pods,odometry pods + IMU + front camera,2,3,219.85,219.85,drift|heading|pose,corridor,"Tight corridor, mixed deviation",19,0,2.3113,0,0
odometry_pods+apriltag_imu,camera_front|imu|odometry_pods,odometry pods + IMU + front camera,2,3,219.85,219.85,drift|heading|pose,corridor,"Tight corridor, mixed deviation",20,1,7.9205,0,0
odometry_pods+apriltag_imu,camera_front|imu|odometry_pods,odometry pods + IMU + front camera,2,3,219.85,219.85,drift|heading|pose,corridor,"Tight corridor, mixed deviation",21,1,4.6705,0,0
odometry_pods+apriltag_imu,camera_front|imu|odometry_pods,odometry pods + IMU + front camera,2,3,219.85,219.85,drift|heading|pose,corridor,"Tight corridor, mixed deviation",22,0,3.1917,0,0
odometry_pods+apriltag_imu,camera_front|imu|odometry_pods,odometry pods + IMU + front camera,2,3,219.85,219.85,drift|heading|pose,corridor,"Tight corridor, mixed deviation",23,0,3.6038,1,0
odometry_pods+apriltag_imu,camera_front|imu|odometry_pods,odometry pods + IMU + front camera,2,3,219.85,219.85,drift|heading|pose,corridor,"Tight corridor, mixed deviation",24,1,7.2549,0,0
distance_sensors+apriltag,camera_front|distance_sensors_3,front camera + 3 ToF sensors,2,2,119.5,119.5,obstacle|pose,pose_drift_match,Heavy pose drift (map also off),0,0,9.9822,1,0
distance_sensors+apriltag,camera_front|distance_sensors_3,front camera + 3 ToF sensors,2,2,119.5,119.5,obstacle|pose,pose_drift_match,Heavy pose drift (map also off),1,0,0.0,1,0
distance_sensors+apriltag,camera_front|distance_sensors_3,front camera + 3 ToF sensors,2,2,119.5,119.5,obstacle|pose,pose_drift_match,Heavy pose drift (map also off),2,0,0.0,1,0
distance_sensors+apriltag,camera_front|distance_sensors_3,front camera + 3 ToF sensors,2,2,119.5,119.5,obstacle|pose,pose_drift_match,Heavy pose drift (map also off),3,0,0.6005,1,0
distance_sensors+apriltag,camera_front|distance_sensors_3,front camera + 3 ToF sensors,2,2,119.5,119.5,obstacle|pose,pose_drift_match,Heavy pose drift (map also off),4,0,0.683,1,0
distance_sensors+apriltag,camera_front|distance_sensors_3,front camera + 3 ToF sensors,2,2,119.5,119.5,obstacle|pose,pose_drift_match,Heavy pose drift (map also off),5,0,1.5929,1,0
distance_sensors+apriltag,camera_front|distance_sensors_3,front camera + 3 ToF sensors,2,2,119.5,119.5,obstacle|pose,pose_drift_match,Heavy pose drift (map also off),6,0,1.9655,0,0
distance_sensors+apriltag,camera_front|distance_sensors_3,front camera + 3 ToF sensors,2,2,119.5,119.5,obstacle|pose,pose_drift_match,Heavy pose drift (map also off),7,0,1.3136,1,0
distance_sensors+apriltag,camera_front|distance_sensors_3,front camera + 3 ToF sensors,2,2,119.5,119.5,obstacle|pose,pose_drift_match,Heavy pose drift (map also off),8,1,2.9394,0,0
distance_sensors+apriltag,camera_front|distance_sensors_3,front camera + 3 ToF sensors,2,2,119.5,119.5,obstacle|pose,pose_drift_match,Heavy pose drift (map also off),9,0,0.0,1,0
distance_sensors+apriltag,camera_front|distance_sensors_3,front camera + 3 ToF sensors,2,2,119.5,119.5,obstacle|pose,pose_drift_match,Heavy pose drift (map also off),10,1,0.9016,0,0
distance_sensors+apriltag,camera_front|distance_sensors_3,front camera + 3 ToF sensors,2,2,119.5,119.5,obstacle|pose,pose_drift_match,Heavy pose drift (map also off),11,0,0.6762,1,0
distance_sensors+apriltag,camera_front|distance_sensors_3,front camera + 3 ToF sensors,2,2,119.5,119.5,obstacle|pose,pose_drift_match,Heavy pose drift (map also off),12,0,2.3856,0,0
distance_sensors+apriltag,camera_front|distance_sensors_3,front camera + 3 ToF sensors,2,2,119.5,119.5,obstacle|pose,pose_drift_match,Heavy pose drift (map also off),13,0,1.7345,0,0
distance_sensors+apriltag,camera_front|distance_sensors_3,front camera + 3 ToF sensors,2,2,119.5,119.5,obstacle|pose,pose_drift_match,Heavy pose drift (map also off),14,0,0.0,1,0
distance_sensors+apriltag,camera_front|distance_sensors_3,front camera + 3 ToF sensors,2,2,119.5,119.5,obstacle|pose,pose_drift_match,Heavy pose drift (map also off),15,0,5.3525,1,0
distance_sensors+apriltag,camera_front|distance_sensors_3,front camera + 3 ToF sensors,2,2,119.5,119.5,obstacle|pose,pose_drift_match,Heavy pose drift (map also off),16,0,0.7157,1,0
distance_sensors+apriltag,camera_front|distance_sensors_3,front camera + 3 ToF sensors,2,2,119.5,119.5,obstacle|pose,pose_drift_match,Heavy pose drift (map also off),17,0,1.3933,1,0
distance_sensors+apriltag,camera_front|distance_sensors_3,front camera + 3 ToF sensors,2,2,119.5,119.5,obstacle|pose,pose_drift_match,Heavy pose drift (map also off),18,0,0.0,1,0
distance_sensors+apriltag,camera_front|distance_sensors_3,front camera + 3 ToF sensors,2,2,119.5,119.5,obstacle|pose,pose_drift_match,Heavy pose drift (map also off),19,0,0.0,1,0
distance_sensors+apriltag,camera_front|distance_sensors_3,front camera + 3 ToF sensors,2,2,119.5,119.5,obstacle|pose,pose_drift_match,Heavy pose drift (map also off),20,0,3.1691,1,0
distance_sensors+apriltag,camera_front|distance_sensors_3,front camera + 3 ToF sensors,2,2,119.5,119.5,obstacle|pose,pose_drift_match,Heavy pose drift (map also off),21,0,1.6876,1,0
distance_sensors+apriltag,camera_front|distance_sensors_3,front camera + 3 ToF sensors,2,2,119.5,119.5,obstacle|pose,pose_drift_match,Heavy pose drift (map also off),22,0,2.767,1,0
distance_sensors+apriltag,camera_front|distance_sensors_3,front camera + 3 ToF sensors,2,2,119.5,119.5,obstacle|pose,pose_drift_match,Heavy pose drift (map also off),23,0,1.967,1,0
distance_sensors+apriltag,camera_front|distance_sensors_3,front camera + 3 ToF sensors,2,2,119.5,119.5,obstacle|pose,pose_drift_match,Heavy pose drift (map also off),24,0,3.9554,1,0
distance_sensors+apriltag,camera_front|distance_sensors_3,front camera + 3 ToF sensors,2,2,119.5,119.5,obstacle|pose,map_error_match,Field doesn't match the map (also drifting),0,0,0.0,0,0
distance_sensors+apriltag,camera_front|distance_sensors_3,front camera + 3 ToF sensors,2,2,119.5,119.5,obstacle|pose,map_error_match,Field doesn't match the map (also drifting),1,0,2.4508,1,0
distance_sensors+apriltag,camera_front|distance_sensors_3,front camera + 3 ToF sensors,2,2,119.5,119.5,obstacle|pose,map_error_match,Field doesn't match the map (also drifting),2,0,0.0,1,0
distance_sensors+apriltag,camera_front|distance_sensors_3,front camera + 3 ToF sensors,2,2,119.5,119.5,obstacle|pose,map_error_match,Field doesn't match the map (also drifting),3,0,0.0,1,0
distance_sensors+apriltag,camera_front|distance_sensors_3,front camera + 3 ToF sensors,2,2,119.5,119.5,obstacle|pose,map_error_match,Field doesn't match the map (also drifting),4,0,1.6834,1,0
distance_sensors+apriltag,camera_front|distance_sensors_3,front camera + 3 ToF sensors,2,2,119.5,119.5,obstacle|pose,map_error_match,Field doesn't match the map (also drifting),5,0,1.5828,1,0
distance_sensors+apriltag,camera_front|distance_sensors_3,front camera + 3 ToF sensors,2,2,119.5,119.5,obstacle|pose,map_error_match,Field doesn't match the map (also drifting),6,0,1.3523,1,0
distance_sensors+apriltag,camera_front|distance_sensors_3,front camera + 3 ToF sensors,2,2,119.5,119.5,obstacle|pose,map_error_match,Field doesn't match the map (also drifting),7,0,1.931,1,0
distance_sensors+apriltag,camera_front|distance_sensors_3,front camera + 3 ToF sensors,2,2,119.5,119.5,obstacle|pose,map_error_match,Field doesn't match the map (also drifting),8,0,1.4704,0,0
distance_sensors+apriltag,camera_front|distance_sensors_3,front camera + 3 ToF sensors,2,2,119.5,119.5,obstacle|pose,map_error_match,Field doesn't match the map (also drifting),9,0,8.2245,0,0
distance_sensors+apriltag,camera_front|distance_sensors_3,front camera + 3 ToF sensors,2,2,119.5,119.5,obstacle|pose,map_error_match,Field doesn't match the map (also drifting),10,0,1.885,0,0
distance_sensors+apriltag,camera_front|distance_sensors_3,front camera + 3 ToF sensors,2,2,119.5,119.5,obstacle|pose,map_error_match,Field doesn't match the map (also drifting),11,0,0.6508,1,0
distance_sensors+apriltag,camera_front|distance_sensors_3,front camera + 3 ToF sensors,2,2,119.5,119.5,obstacle|pose,map_error_match,Field doesn't match the map (also drifting),12,0,2.3856,0,0
distance_sensors+apriltag,camera_front|distance_sensors_3,front camera + 3 ToF sensors,2,2,119.5,119.5,obstacle|pose,map_error_match,Field doesn't match the map (also drifting),13,0,1.7874,0,0
distance_sensors+apriltag,camera_front|distance_sensors_3,front camera + 3 ToF sensors,2,2,119.5,119.5,obstacle|pose,map_error_match,Field doesn't match the map (also drifting),14,0,0.0,1,0
distance_sensors+apriltag,camera_front|distance_sensors_3,front camera + 3 ToF sensors,2,2,119.5,119.5,obstacle|pose,map_error_match,Field doesn't match the map (also drifting),15,0,1.9058,0,0
distance_sensors+apriltag,camera_front|distance_sensors_3,front camera + 3 ToF sensors,2,2,119.5,119.5,obstacle|pose,map_error_match,Field doesn't match the map (also drifting),16,0,0.0,0,0
distance_sensors+apriltag,camera_front|distance_sensors_3,front camera + 3 ToF sensors,2,2,119.5,119.5,obstacle|pose,map_error_match,Field doesn't match the map (also drifting),17,0,0.525,1,0
distance_sensors+apriltag,camera_front|distance_sensors_3,front camera + 3 ToF sensors,2,2,119.5,119.5,obstacle|pose,map_error_match,Field doesn't match the map (also drifting),18,0,2.1879,1,0
distance_sensors+apriltag,camera_front|distance_sensors_3,front camera + 3 ToF sensors,2,2,119.5,119.5,obstacle|pose,map_error_match,Field doesn't match the map (also drifting),19,0,0.0,1,0
distance_sensors+apriltag,camera_front|distance_sensors_3,front camera + 3 ToF sensors,2,2,119.5,119.5,obstacle|pose,map_error_match,Field doesn't match the map (also drifting),20,0,0.0,1,0
distance_sensors+apriltag,camera_front|distance_sensors_3,front camera + 3 ToF sensors,2,2,119.5,119.5,obstacle|pose,map_error_match,Field doesn't match the map (also drifting),21,0,0.5396,0,0
distance_sensors+apriltag,camera_front|distance_sensors_3,front camera + 3 ToF sensors,2,2,119.5,119.5,obstacle|pose,map_error_match,Field doesn't match the map (also drifting),22,0,0.0,1,0
distance_sensors+apriltag,camera_front|distance_sensors_3,front camera + 3 ToF sensors,2,2,119.5,119.5,obstacle|pose,map_error_match,Field doesn't match the map (also drifting),23,0,1.9586,1,0
distance_sensors+apriltag,camera_front|distance_sensors_3,front camera + 3 ToF sensors,2,2,119.5,119.5,obstacle|pose,map_error_match,Field doesn't match the map (also drifting),24,0,2.9808,1,0
distance_sensors+apriltag,camera_front|distance_sensors_3,front camera + 3 ToF sensors,2,2,119.5,119.5,obstacle|pose,opponent_match,Opponent parks in the route (also drifting),0,0,0.0,0,0
distance_sensors+apriltag,camera_front|distance_sensors_3,front camera + 3 ToF sensors,2,2,119.5,119.5,obstacle|pose,opponent_match,Opponent parks in the route (also drifting),1,0,4.6593,1,0
distance_sensors+apriltag,camera_front|distance_sensors_3,front camera + 3 ToF sensors,2,2,119.5,119.5,obstacle|pose,opponent_match,Opponent parks in the route (also drifting),2,0,0.0,1,0
distance_sensors+apriltag,camera_front|distance_sensors_3,front camera + 3 ToF sensors,2,2,119.5,119.5,obstacle|pose,opponent_match,Opponent parks in the route (also drifting),3,0,0.6005,1,0
distance_sensors+apriltag,camera_front|distance_sensors_3,front camera + 3 ToF sensors,2,2,119.5,119.5,obstacle|pose,opponent_match,Opponent parks in the route (also drifting),4,0,0.668,1,0
distance_sensors+apriltag,camera_front|distance_sensors_3,front camera + 3 ToF sensors,2,2,119.5,119.5,obstacle|pose,opponent_match,Opponent parks in the route (also drifting),5,0,1.1436,1,0
distance_sensors+apriltag,camera_front|distance_sensors_3,front camera + 3 ToF sensors,2,2,119.5,119.5,obstacle|pose,opponent_match,Opponent parks in the route (also drifting),6,1,2.735,0,0
distance_sensors+apriltag,camera_front|distance_sensors_3,front camera + 3 ToF sensors,2,2,119.5,119.5,obstacle|pose,opponent_match,Opponent parks in the route (also drifting),7,0,1.9273,1,0
distance_sensors+apriltag,camera_front|distance_sensors_3,front camera + 3 ToF sensors,2,2,119.5,119.5,obstacle|pose,opponent_match,Opponent parks in the route (also drifting),8,1,1.9031,0,0
distance_sensors+apriltag,camera_front|distance_sensors_3,front camera + 3 ToF sensors,2,2,119.5,119.5,obstacle|pose,opponent_match,Opponent parks in the route (also drifting),9,0,3.2402,1,0
distance_sensors+apriltag,camera_front|distance_sensors_3,front camera + 3 ToF sensors,2,2,119.5,119.5,obstacle|pose,opponent_match,Opponent parks in the route (also drifting),10,0,2.5737,0,0
distance_sensors+apriltag,camera_front|distance_sensors_3,front camera + 3 ToF sensors,2,2,119.5,119.5,obstacle|pose,opponent_match,Opponent parks in the route (also drifting),11,0,1.4087,0,0
distance_sensors+apriltag,camera_front|distance_sensors_3,front camera + 3 ToF sensors,2,2,119.5,119.5,obstacle|pose,opponent_match,Opponent parks in the route (also drifting),12,0,2.3039,0,0
distance_sensors+apriltag,camera_front|distance_sensors_3,front camera + 3 ToF sensors,2,2,119.5,119.5,obstacle|pose,opponent_match,Opponent parks in the route (also drifting),13,0,0.9016,1,0
distance_sensors+apriltag,camera_front|distance_sensors_3,front camera + 3 ToF sensors,2,2,119.5,119.5,obstacle|pose,opponent_match,Opponent parks in the route (also drifting),14,0,0.0,1,0
distance_sensors+apriltag,camera_front|distance_sensors_3,front camera + 3 ToF sensors,2,2,119.5,119.5,obstacle|pose,opponent_match,Opponent parks in the route (also drifting),15,0,2.6531,0,0
distance_sensors+apriltag,camera_front|distance_sensors_3,front camera + 3 ToF sensors,2,2,119.5,119.5,obstacle|pose,opponent_match,Opponent parks in the route (also drifting),16,0,4.211,1,0
distance_sensors+apriltag,camera_front|distance_sensors_3,front camera + 3 ToF sensors,2,2,119.5,119.5,obstacle|pose,opponent_match,Opponent parks in the route (also drifting),17,0,7.0562,0,0
distance_sensors+apriltag,camera_front|distance_sensors_3,front camera + 3 ToF sensors,2,2,119.5,119.5,obstacle|pose,opponent_match,Opponent parks in the route (also drifting),18,0,2.1879,1,0
distance_sensors+apriltag,camera_front|distance_sensors_3,front camera + 3 ToF sensors,2,2,119.5,119.5,obstacle|pose,opponent_match,Opponent parks in the route (also drifting),19,0,0.0,1,0
distance_sensors+apriltag,camera_front|distance_sensors_3,front camera + 3 ToF sensors,2,2,119.5,119.5,obstacle|pose,opponent_match,Opponent parks in the route (also drifting),20,0,2.8805,1,0
distance_sensors+apriltag,camera_front|distance_sensors_3,front camera + 3 ToF sensors,2,2,119.5,119.5,obstacle|pose,opponent_match,Opponent parks in the route (also drifting),21,0,1.4385,1,0
distance_sensors+apriltag,camera_front|distance_sensors_3,front camera + 3 ToF sensors,2,2,119.5,119.5,obstacle|pose,opponent_match,Opponent parks in the route (also drifting),22,0,5.3659,1,0
distance_sensors+apriltag,camera_front|distance_sensors_3,front camera + 3 ToF sensors,2,2,119.5,119.5,obstacle|pose,opponent_match,Opponent parks in the route (also drifting),23,0,1.9586,1,0
distance_sensors+apriltag,camera_front|distance_sensors_3,front camera + 3 ToF sensors,2,2,119.5,119.5,obstacle|pose,opponent_match,Opponent parks in the route (also drifting),24,0,0.0,1,0
distance_sensors+apriltag,camera_front|distance_sensors_3,front camera + 3 ToF sensors,2,2,119.5,119.5,obstacle|pose,combined_match,Everything at once (match-realistic mix),0,0,0.0,0,0
distance_sensors+apriltag,camera_front|distance_sensors_3,front camera + 3 ToF sensors,2,2,119.5,119.5,obstacle|pose,combined_match,Everything at once (match-realistic mix),1,0,2.4508,1,0
distance_sensors+apriltag,camera_front|distance_sensors_3,front camera + 3 ToF sensors,2,2,119.5,119.5,obstacle|pose,combined_match,Everything at once (match-realistic mix),2,0,1.915,1,0
distance_sensors+apriltag,camera_front|distance_sensors_3,front camera + 3 ToF sensors,2,2,119.5,119.5,obstacle|pose,combined_match,Everything at once (match-realistic mix),3,0,0.6691,1,0
distance_sensors+apriltag,camera_front|distance_sensors_3,front camera + 3 ToF sensors,2,2,119.5,119.5,obstacle|pose,combined_match,Everything at once (match-realistic mix),4,0,0.668,1,0
distance_sensors+apriltag,camera_front|distance_sensors_3,front camera + 3 ToF sensors,2,2,119.5,119.5,obstacle|pose,combined_match,Everything at once (match-realistic mix),5,0,1.132,1,0
distance_sensors+apriltag,camera_front|distance_sensors_3,front camera + 3 ToF sensors,2,2,119.5,119.5,obstacle|pose,combined_match,Everything at once (match-realistic mix),6,0,1.3523,1,0
distance_sensors+apriltag,camera_front|distance_sensors_3,front camera + 3 ToF sensors,2,2,119.5,119.5,obstacle|pose,combined_match,Everything at once (match-realistic mix),7,0,1.931,1,0
distance_sensors+apriltag,camera_front|distance_sensors_3,front camera + 3 ToF sensors,2,2,119.5,119.5,obstacle|pose,combined_match,Everything at once (match-realistic mix),8,0,1.4704,0,0
distance_sensors+apriltag,camera_front|distance_sensors_3,front camera + 3 ToF sensors,2,2,119.5,119.5,obstacle|pose,combined_match,Everything at once (match-realistic mix),9,0,8.2245,0,0
distance_sensors+apriltag,camera_front|distance_sensors_3,front camera + 3 ToF sensors,2,2,119.5,119.5,obstacle|pose,combined_match,Everything at once (match-realistic mix),10,0,1.8534,0,0
distance_sensors+apriltag,camera_front|distance_sensors_3,front camera + 3 ToF sensors,2,2,119.5,119.5,obstacle|pose,combined_match,Everything at once (match-realistic mix),11,0,0.6642,1,0
distance_sensors+apriltag,camera_front|distance_sensors_3,front camera + 3 ToF sensors,2,2,119.5,119.5,obstacle|pose,combined_match,Everything at once (match-realistic mix),12,0,2.3856,0,0
distance_sensors+apriltag,camera_front|distance_sensors_3,front camera + 3 ToF sensors,2,2,119.5,119.5,obstacle|pose,combined_match,Everything at once (match-realistic mix),13,0,1.7874,0,0
distance_sensors+apriltag,camera_front|distance_sensors_3,front camera + 3 ToF sensors,2,2,119.5,119.5,obstacle|pose,combined_match,Everything at once (match-realistic mix),14,0,0.0,1,0
distance_sensors+apriltag,camera_front|distance_sensors_3,front camera + 3 ToF sensors,2,2,119.5,119.5,obstacle|pose,combined_match,Everything at once (match-realistic mix),15,0,2.6531,0,0
distance_sensors+apriltag,camera_front|distance_sensors_3,front camera + 3 ToF sensors,2,2,119.5,119.5,obstacle|pose,combined_match,Everything at once (match-realistic mix),16,0,0.0,0,0
distance_sensors+apriltag,camera_front|distance_sensors_3,front camera + 3 ToF sensors,2,2,119.5,119.5,obstacle|pose,combined_match,Everything at once (match-realistic mix),17,0,0.525,1,0
distance_sensors+apriltag,camera_front|distance_sensors_3,front camera + 3 ToF sensors,2,2,119.5,119.5,obstacle|pose,combined_match,Everything at once (match-realistic mix),18,0,2.1879,1,0
distance_sensors+apriltag,camera_front|distance_sensors_3,front camera + 3 ToF sensors,2,2,119.5,119.5,obstacle|pose,combined_match,Everything at once (match-realistic mix),19,0,0.0,1,0
distance_sensors+apriltag,camera_front|distance_sensors_3,front camera + 3 ToF sensors,2,2,119.5,119.5,obstacle|pose,combined_match,Everything at once (match-realistic mix),20,0,0.0,1,0
distance_sensors+apriltag,camera_front|distance_sensors_3,front camera + 3 ToF sensors,2,2,119.5,119.5,obstacle|pose,combined_match,Everything at once (match-realistic mix),21,0,0.5396,0,0
distance_sensors+apriltag,camera_front|distance_sensors_3,front camera + 3 ToF sensors,2,2,119.5,119.5,obstacle|pose,combined_match,Everything at once (match-realistic mix),22,0,0.0,1,0
distance_sensors+apriltag,camera_front|distance_sensors_3,front camera + 3 ToF sensors,2,2,119.5,119.5,obstacle|pose,combined_match,Everything at once (match-realistic mix),23,0,1.9586,1,0
distance_sensors+apriltag,camera_front|distance_sensors_3,front camera + 3 ToF sensors,2,2,119.5,119.5,obstacle|pose,combined_match,Everything at once (match-realistic mix),24,0,2.9808,1,0
distance_sensors+apriltag,camera_front|distance_sensors_3,front camera + 3 ToF sensors,2,2,119.5,119.5,obstacle|pose,corridor,"Tight corridor, mixed deviation",0,0,1.0227,1,0
distance_sensors+apriltag,camera_front|distance_sensors_3,front camera + 3 ToF sensors,2,2,119.5,119.5,obstacle|pose,corridor,"Tight corridor, mixed deviation",1,0,5.0387,0,0
distance_sensors+apriltag,camera_front|distance_sensors_3,front camera + 3 ToF sensors,2,2,119.5,119.5,obstacle|pose,corridor,"Tight corridor, mixed deviation",2,0,0.0,1,0
distance_sensors+apriltag,camera_front|distance_sensors_3,front camera + 3 ToF sensors,2,2,119.5,119.5,obstacle|pose,corridor,"Tight corridor, mixed deviation",3,0,4.3096,0,0
distance_sensors+apriltag,camera_front|distance_sensors_3,front camera + 3 ToF sensors,2,2,119.5,119.5,obstacle|pose,corridor,"Tight corridor, mixed deviation",4,0,3.9141,0,0
distance_sensors+apriltag,camera_front|distance_sensors_3,front camera + 3 ToF sensors,2,2,119.5,119.5,obstacle|pose,corridor,"Tight corridor, mixed deviation",5,1,8.264,0,0
distance_sensors+apriltag,camera_front|distance_sensors_3,front camera + 3 ToF sensors,2,2,119.5,119.5,obstacle|pose,corridor,"Tight corridor, mixed deviation",6,0,8.5114,0,0
distance_sensors+apriltag,camera_front|distance_sensors_3,front camera + 3 ToF sensors,2,2,119.5,119.5,obstacle|pose,corridor,"Tight corridor, mixed deviation",7,0,4.0555,1,0
distance_sensors+apriltag,camera_front|distance_sensors_3,front camera + 3 ToF sensors,2,2,119.5,119.5,obstacle|pose,corridor,"Tight corridor, mixed deviation",8,1,7.7229,0,0
distance_sensors+apriltag,camera_front|distance_sensors_3,front camera + 3 ToF sensors,2,2,119.5,119.5,obstacle|pose,corridor,"Tight corridor, mixed deviation",9,0,6.9646,0,0
distance_sensors+apriltag,camera_front|distance_sensors_3,front camera + 3 ToF sensors,2,2,119.5,119.5,obstacle|pose,corridor,"Tight corridor, mixed deviation",10,0,5.7258,1,0
distance_sensors+apriltag,camera_front|distance_sensors_3,front camera + 3 ToF sensors,2,2,119.5,119.5,obstacle|pose,corridor,"Tight corridor, mixed deviation",11,1,6.8649,0,0
distance_sensors+apriltag,camera_front|distance_sensors_3,front camera + 3 ToF sensors,2,2,119.5,119.5,obstacle|pose,corridor,"Tight corridor, mixed deviation",12,0,3.7444,1,0
distance_sensors+apriltag,camera_front|distance_sensors_3,front camera + 3 ToF sensors,2,2,119.5,119.5,obstacle|pose,corridor,"Tight corridor, mixed deviation",13,0,4.207,1,0
distance_sensors+apriltag,camera_front|distance_sensors_3,front camera + 3 ToF sensors,2,2,119.5,119.5,obstacle|pose,corridor,"Tight corridor, mixed deviation",14,0,1.3523,0,0
distance_sensors+apriltag,camera_front|distance_sensors_3,front camera + 3 ToF sensors,2,2,119.5,119.5,obstacle|pose,corridor,"Tight corridor, mixed deviation",15,1,7.2643,0,0
distance_sensors+apriltag,camera_front|distance_sensors_3,front camera + 3 ToF sensors,2,2,119.5,119.5,obstacle|pose,corridor,"Tight corridor, mixed deviation",16,0,2.4126,1,0
distance_sensors+apriltag,camera_front|distance_sensors_3,front camera + 3 ToF sensors,2,2,119.5,119.5,obstacle|pose,corridor,"Tight corridor, mixed deviation",17,0,3.6108,0,0
distance_sensors+apriltag,camera_front|distance_sensors_3,front camera + 3 ToF sensors,2,2,119.5,119.5,obstacle|pose,corridor,"Tight corridor, mixed deviation",18,0,3.4936,1,0
distance_sensors+apriltag,camera_front|distance_sensors_3,front camera + 3 ToF sensors,2,2,119.5,119.5,obstacle|pose,corridor,"Tight corridor, mixed deviation",19,0,2.2361,0,0
distance_sensors+apriltag,camera_front|distance_sensors_3,front camera + 3 ToF sensors,2,2,119.5,119.5,obstacle|pose,corridor,"Tight corridor, mixed deviation",20,0,8.4213,0,0
distance_sensors+apriltag,camera_front|distance_sensors_3,front camera + 3 ToF sensors,2,2,119.5,119.5,obstacle|pose,corridor,"Tight corridor, mixed deviation",21,0,4.9558,0,0
distance_sensors+apriltag,camera_front|distance_sensors_3,front camera + 3 ToF sensors,2,2,119.5,119.5,obstacle|pose,corridor,"Tight corridor, mixed deviation",22,0,3.3917,0,0
distance_sensors+apriltag,camera_front|distance_sensors_3,front camera + 3 ToF sensors,2,2,119.5,119.5,obstacle|pose,corridor,"Tight corridor, mixed deviation",23,0,0.0,0,0
distance_sensors+apriltag,camera_front|distance_sensors_3,front camera + 3 ToF sensors,2,2,119.5,119.5,obstacle|pose,corridor,"Tight corridor, mixed deviation",24,0,0.0,0,0
distance_sensors+imu,distance_sensors_3|imu,IMU + 3 ToF sensors,2,2,94.5,94.5,heading|obstacle,pose_drift_match,Heavy pose drift (map also off),0,1,5.0954,0,0
distance_sensors+imu,distance_sensors_3|imu,IMU + 3 ToF sensors,2,2,94.5,94.5,heading|obstacle,pose_drift_match,Heavy pose drift (map also off),1,0,0.0,1,0
distance_sensors+imu,distance_sensors_3|imu,IMU + 3 ToF sensors,2,2,94.5,94.5,heading|obstacle,pose_drift_match,Heavy pose drift (map also off),2,0,0.0,1,0
distance_sensors+imu,distance_sensors_3|imu,IMU + 3 ToF sensors,2,2,94.5,94.5,heading|obstacle,pose_drift_match,Heavy pose drift (map also off),3,0,0.6005,1,0
distance_sensors+imu,distance_sensors_3|imu,IMU + 3 ToF sensors,2,2,94.5,94.5,heading|obstacle,pose_drift_match,Heavy pose drift (map also off),4,0,0.683,1,0
distance_sensors+imu,distance_sensors_3|imu,IMU + 3 ToF sensors,2,2,94.5,94.5,heading|obstacle,pose_drift_match,Heavy pose drift (map also off),5,0,1.5429,1,0
distance_sensors+imu,distance_sensors_3|imu,IMU + 3 ToF sensors,2,2,94.5,94.5,heading|obstacle,pose_drift_match,Heavy pose drift (map also off),6,0,1.4147,1,0
distance_sensors+imu,distance_sensors_3|imu,IMU + 3 ToF sensors,2,2,94.5,94.5,heading|obstacle,pose_drift_match,Heavy pose drift (map also off),7,0,1.3136,1,0
distance_sensors+imu,distance_sensors_3|imu,IMU + 3 ToF sensors,2,2,94.5,94.5,heading|obstacle,pose_drift_match,Heavy pose drift (map also off),8,0,1.4026,0,0
distance_sensors+imu,distance_sensors_3|imu,IMU + 3 ToF sensors,2,2,94.5,94.5,heading|obstacle,pose_drift_match,Heavy pose drift (map also off),9,0,0.0,1,0
distance_sensors+imu,distance_sensors_3|imu,IMU + 3 ToF sensors,2,2,94.5,94.5,heading|obstacle,pose_drift_match,Heavy pose drift (map also off),10,1,0.9016,0,0
distance_sensors+imu,distance_sensors_3|imu,IMU + 3 ToF sensors,2,2,94.5,94.5,heading|obstacle,pose_drift_match,Heavy pose drift (map also off),11,0,0.6762,1,0
distance_sensors+imu,distance_sensors_3|imu,IMU + 3 ToF sensors,2,2,94.5,94.5,heading|obstacle,pose_drift_match,Heavy pose drift (map also off),12,0,2.3856,0,0
distance_sensors+imu,distance_sensors_3|imu,IMU + 3 ToF sensors,2,2,94.5,94.5,heading|obstacle,pose_drift_match,Heavy pose drift (map also off),13,0,1.7345,0,0
distance_sensors+imu,distance_sensors_3|imu,IMU + 3 ToF sensors,2,2,94.5,94.5,heading|obstacle,pose_drift_match,Heavy pose drift (map also off),14,0,0.0,1,0
distance_sensors+imu,distance_sensors_3|imu,IMU + 3 ToF sensors,2,2,94.5,94.5,heading|obstacle,pose_drift_match,Heavy pose drift (map also off),15,0,5.3525,1,0
distance_sensors+imu,distance_sensors_3|imu,IMU + 3 ToF sensors,2,2,94.5,94.5,heading|obstacle,pose_drift_match,Heavy pose drift (map also off),16,0,0.0,1,0
distance_sensors+imu,distance_sensors_3|imu,IMU + 3 ToF sensors,2,2,94.5,94.5,heading|obstacle,pose_drift_match,Heavy pose drift (map also off),17,0,1.3933,1,0
distance_sensors+imu,distance_sensors_3|imu,IMU + 3 ToF sensors,2,2,94.5,94.5,heading|obstacle,pose_drift_match,Heavy pose drift (map also off),18,0,0.0,1,0
distance_sensors+imu,distance_sensors_3|imu,IMU + 3 ToF sensors,2,2,94.5,94.5,heading|obstacle,pose_drift_match,Heavy pose drift (map also off),19,0,0.0,1,0
distance_sensors+imu,distance_sensors_3|imu,IMU + 3 ToF sensors,2,2,94.5,94.5,heading|obstacle,pose_drift_match,Heavy pose drift (map also off),20,0,3.1691,1,0
distance_sensors+imu,distance_sensors_3|imu,IMU + 3 ToF sensors,2,2,94.5,94.5,heading|obstacle,pose_drift_match,Heavy pose drift (map also off),21,0,1.6876,1,0
distance_sensors+imu,distance_sensors_3|imu,IMU + 3 ToF sensors,2,2,94.5,94.5,heading|obstacle,pose_drift_match,Heavy pose drift (map also off),22,0,2.767,1,0
distance_sensors+imu,distance_sensors_3|imu,IMU + 3 ToF sensors,2,2,94.5,94.5,heading|obstacle,pose_drift_match,Heavy pose drift (map also off),23,0,1.967,1,0
distance_sensors+imu,distance_sensors_3|imu,IMU + 3 ToF sensors,2,2,94.5,94.5,heading|obstacle,pose_drift_match,Heavy pose drift (map also off),24,0,2.9539,1,0
distance_sensors+imu,distance_sensors_3|imu,IMU + 3 ToF sensors,2,2,94.5,94.5,heading|obstacle,map_error_match,Field doesn't match the map (also drifting),0,0,0.0,0,0
distance_sensors+imu,distance_sensors_3|imu,IMU + 3 ToF sensors,2,2,94.5,94.5,heading|obstacle,map_error_match,Field doesn't match the map (also drifting),1,0,2.4008,1,0
distance_sensors+imu,distance_sensors_3|imu,IMU + 3 ToF sensors,2,2,94.5,94.5,heading|obstacle,map_error_match,Field doesn't match the map (also drifting),2,0,0.0,1,0
distance_sensors+imu,distance_sensors_3|imu,IMU + 3 ToF sensors,2,2,94.5,94.5,heading|obstacle,map_error_match,Field doesn't match the map (also drifting),3,0,0.0,1,0
distance_sensors+imu,distance_sensors_3|imu,IMU + 3 ToF sensors,2,2,94.5,94.5,heading|obstacle,map_error_match,Field doesn't match the map (also drifting),4,0,1.6834,1,0
distance_sensors+imu,distance_sensors_3|imu,IMU + 3 ToF sensors,2,2,94.5,94.5,heading|obstacle,map_error_match,Field doesn't match the map (also drifting),5,0,1.5328,1,0
distance_sensors+imu,distance_sensors_3|imu,IMU + 3 ToF sensors,2,2,94.5,94.5,heading|obstacle,map_error_match,Field doesn't match the map (also drifting),6,0,1.3523,1,0
distance_sensors+imu,distance_sensors_3|imu,IMU + 3 ToF sensors,2,2,94.5,94.5,heading|obstacle,map_error_match,Field doesn't match the map (also drifting),7,0,1.931,1,0
distance_sensors+imu,distance_sensors_3|imu,IMU + 3 ToF sensors,2,2,94.5,94.5,heading|obstacle,map_error_match,Field doesn't match the map (also drifting),8,0,1.4704,0,0
distance_sensors+imu,distance_sensors_3|imu,IMU + 3 ToF sensors,2,2,94.5,94.5,heading|obstacle,map_error_match,Field doesn't match the map (also drifting),9,0,8.2245,0,0
distance_sensors+imu,distance_sensors_3|imu,IMU + 3 ToF sensors,2,2,94.5,94.5,heading|obstacle,map_error_match,Field doesn't match the map (also drifting),10,0,1.885,0,0
distance_sensors+imu,distance_sensors_3|imu,IMU + 3 ToF sensors,2,2,94.5,94.5,heading|obstacle,map_error_match,Field doesn't match the map (also drifting),11,0,0.6508,1,0
distance_sensors+imu,distance_sensors_3|imu,IMU + 3 ToF sensors,2,2,94.5,94.5,heading|obstacle,map_error_match,Field doesn't match the map (also drifting),12,0,2.3856,0,0
distance_sensors+imu,distance_sensors_3|imu,IMU + 3 ToF sensors,2,2,94.5,94.5,heading|obstacle,map_error_match,Field doesn't match the map (also drifting),13,0,1.7874,0,0
distance_sensors+imu,distance_sensors_3|imu,IMU + 3 ToF sensors,2,2,94.5,94.5,heading|obstacle,map_error_match,Field doesn't match the map (also drifting),14,0,0.0,1,0
distance_sensors+imu,distance_sensors_3|imu,IMU + 3 ToF sensors,2,2,94.5,94.5,heading|obstacle,map_error_match,Field doesn't match the map (also drifting),15,0,1.9058,0,0
distance_sensors+imu,distance_sensors_3|imu,IMU + 3 ToF sensors,2,2,94.5,94.5,heading|obstacle,map_error_match,Field doesn't match the map (also drifting),16,0,0.0,0,0
distance_sensors+imu,distance_sensors_3|imu,IMU + 3 ToF sensors,2,2,94.5,94.5,heading|obstacle,map_error_match,Field doesn't match the map (also drifting),17,0,0.525,1,0
distance_sensors+imu,distance_sensors_3|imu,IMU + 3 ToF sensors,2,2,94.5,94.5,heading|obstacle,map_error_match,Field doesn't match the map (also drifting),18,0,2.1879,1,0
distance_sensors+imu,distance_sensors_3|imu,IMU + 3 ToF sensors,2,2,94.5,94.5,heading|obstacle,map_error_match,Field doesn't match the map (also drifting),19,0,0.0,1,0
distance_sensors+imu,distance_sensors_3|imu,IMU + 3 ToF sensors,2,2,94.5,94.5,heading|obstacle,map_error_match,Field doesn't match the map (also drifting),20,0,0.0,1,0
distance_sensors+imu,distance_sensors_3|imu,IMU + 3 ToF sensors,2,2,94.5,94.5,heading|obstacle,map_error_match,Field doesn't match the map (also drifting),21,0,0.5396,0,0
distance_sensors+imu,distance_sensors_3|imu,IMU + 3 ToF sensors,2,2,94.5,94.5,heading|obstacle,map_error_match,Field doesn't match the map (also drifting),22,0,0.0,1,0
distance_sensors+imu,distance_sensors_3|imu,IMU + 3 ToF sensors,2,2,94.5,94.5,heading|obstacle,map_error_match,Field doesn't match the map (also drifting),23,0,1.9586,1,0
distance_sensors+imu,distance_sensors_3|imu,IMU + 3 ToF sensors,2,2,94.5,94.5,heading|obstacle,map_error_match,Field doesn't match the map (also drifting),24,0,2.48,1,0
distance_sensors+imu,distance_sensors_3|imu,IMU + 3 ToF sensors,2,2,94.5,94.5,heading|obstacle,opponent_match,Opponent parks in the route (also drifting),0,0,0.0,0,0
distance_sensors+imu,distance_sensors_3|imu,IMU + 3 ToF sensors,2,2,94.5,94.5,heading|obstacle,opponent_match,Opponent parks in the route (also drifting),1,0,2.457,1,0
distance_sensors+imu,distance_sensors_3|imu,IMU + 3 ToF sensors,2,2,94.5,94.5,heading|obstacle,opponent_match,Opponent parks in the route (also drifting),2,0,0.0,1,0
distance_sensors+imu,distance_sensors_3|imu,IMU + 3 ToF sensors,2,2,94.5,94.5,heading|obstacle,opponent_match,Opponent parks in the route (also drifting),3,0,0.6005,1,0
distance_sensors+imu,distance_sensors_3|imu,IMU + 3 ToF sensors,2,2,94.5,94.5,heading|obstacle,opponent_match,Opponent parks in the route (also drifting),4,0,0.668,1,0
distance_sensors+imu,distance_sensors_3|imu,IMU + 3 ToF sensors,2,2,94.5,94.5,heading|obstacle,opponent_match,Opponent parks in the route (also drifting),5,0,1.1436,1,0
distance_sensors+imu,distance_sensors_3|imu,IMU + 3 ToF sensors,2,2,94.5,94.5,heading|obstacle,opponent_match,Opponent parks in the route (also drifting),6,1,2.735,0,0
distance_sensors+imu,distance_sensors_3|imu,IMU + 3 ToF sensors,2,2,94.5,94.5,heading|obstacle,opponent_match,Opponent parks in the route (also drifting),7,0,1.9273,1,0
distance_sensors+imu,distance_sensors_3|imu,IMU + 3 ToF sensors,2,2,94.5,94.5,heading|obstacle,opponent_match,Opponent parks in the route (also drifting),8,0,1.3523,0,0
distance_sensors+imu,distance_sensors_3|imu,IMU + 3 ToF sensors,2,2,94.5,94.5,heading|obstacle,opponent_match,Opponent parks in the route (also drifting),9,0,3.2402,1,0
distance_sensors+imu,distance_sensors_3|imu,IMU + 3 ToF sensors,2,2,94.5,94.5,heading|obstacle,opponent_match,Opponent parks in the route (also drifting),10,0,2.5737,0,0
distance_sensors+imu,distance_sensors_3|imu,IMU + 3 ToF sensors,2,2,94.5,94.5,heading|obstacle,opponent_match,Opponent parks in the route (also drifting),11,0,1.4087,0,0
distance_sensors+imu,distance_sensors_3|imu,IMU + 3 ToF sensors,2,2,94.5,94.5,heading|obstacle,opponent_match,Opponent parks in the route (also drifting),12,0,2.3039,0,0
distance_sensors+imu,distance_sensors_3|imu,IMU + 3 ToF sensors,2,2,94.5,94.5,heading|obstacle,opponent_match,Opponent parks in the route (also drifting),13,0,0.9016,1,0
distance_sensors+imu,distance_sensors_3|imu,IMU + 3 ToF sensors,2,2,94.5,94.5,heading|obstacle,opponent_match,Opponent parks in the route (also drifting),14,0,0.0,1,0
distance_sensors+imu,distance_sensors_3|imu,IMU + 3 ToF sensors,2,2,94.5,94.5,heading|obstacle,opponent_match,Opponent parks in the route (also drifting),15,0,2.6531,0,0
distance_sensors+imu,distance_sensors_3|imu,IMU + 3 ToF sensors,2,2,94.5,94.5,heading|obstacle,opponent_match,Opponent parks in the route (also drifting),16,0,2.4086,1,0
distance_sensors+imu,distance_sensors_3|imu,IMU + 3 ToF sensors,2,2,94.5,94.5,heading|obstacle,opponent_match,Opponent parks in the route (also drifting),17,0,7.0562,0,0
distance_sensors+imu,distance_sensors_3|imu,IMU + 3 ToF sensors,2,2,94.5,94.5,heading|obstacle,opponent_match,Opponent parks in the route (also drifting),18,0,2.1879,1,0
distance_sensors+imu,distance_sensors_3|imu,IMU + 3 ToF sensors,2,2,94.5,94.5,heading|obstacle,opponent_match,Opponent parks in the route (also drifting),19,0,0.0,1,0
distance_sensors+imu,distance_sensors_3|imu,IMU + 3 ToF sensors,2,2,94.5,94.5,heading|obstacle,opponent_match,Opponent parks in the route (also drifting),20,0,2.8805,1,0
distance_sensors+imu,distance_sensors_3|imu,IMU + 3 ToF sensors,2,2,94.5,94.5,heading|obstacle,opponent_match,Opponent parks in the route (also drifting),21,0,1.4385,1,0
distance_sensors+imu,distance_sensors_3|imu,IMU + 3 ToF sensors,2,2,94.5,94.5,heading|obstacle,opponent_match,Opponent parks in the route (also drifting),22,0,7.7057,1,0
distance_sensors+imu,distance_sensors_3|imu,IMU + 3 ToF sensors,2,2,94.5,94.5,heading|obstacle,opponent_match,Opponent parks in the route (also drifting),23,0,1.9586,1,0
distance_sensors+imu,distance_sensors_3|imu,IMU + 3 ToF sensors,2,2,94.5,94.5,heading|obstacle,opponent_match,Opponent parks in the route (also drifting),24,0,0.0,1,0
distance_sensors+imu,distance_sensors_3|imu,IMU + 3 ToF sensors,2,2,94.5,94.5,heading|obstacle,combined_match,Everything at once (match-realistic mix),0,0,0.0,0,0
distance_sensors+imu,distance_sensors_3|imu,IMU + 3 ToF sensors,2,2,94.5,94.5,heading|obstacle,combined_match,Everything at once (match-realistic mix),1,0,2.4008,1,0
distance_sensors+imu,distance_sensors_3|imu,IMU + 3 ToF sensors,2,2,94.5,94.5,heading|obstacle,combined_match,Everything at once (match-realistic mix),2,0,1.915,1,0
distance_sensors+imu,distance_sensors_3|imu,IMU + 3 ToF sensors,2,2,94.5,94.5,heading|obstacle,combined_match,Everything at once (match-realistic mix),3,0,0.6691,1,0
distance_sensors+imu,distance_sensors_3|imu,IMU + 3 ToF sensors,2,2,94.5,94.5,heading|obstacle,combined_match,Everything at once (match-realistic mix),4,0,0.668,1,0
distance_sensors+imu,distance_sensors_3|imu,IMU + 3 ToF sensors,2,2,94.5,94.5,heading|obstacle,combined_match,Everything at once (match-realistic mix),5,0,1.132,1,0
distance_sensors+imu,distance_sensors_3|imu,IMU + 3 ToF sensors,2,2,94.5,94.5,heading|obstacle,combined_match,Everything at once (match-realistic mix),6,0,1.3523,1,0
distance_sensors+imu,distance_sensors_3|imu,IMU + 3 ToF sensors,2,2,94.5,94.5,heading|obstacle,combined_match,Everything at once (match-realistic mix),7,0,1.931,1,0
distance_sensors+imu,distance_sensors_3|imu,IMU + 3 ToF sensors,2,2,94.5,94.5,heading|obstacle,combined_match,Everything at once (match-realistic mix),8,0,1.4704,0,0
distance_sensors+imu,distance_sensors_3|imu,IMU + 3 ToF sensors,2,2,94.5,94.5,heading|obstacle,combined_match,Everything at once (match-realistic mix),9,0,8.2245,0,0
distance_sensors+imu,distance_sensors_3|imu,IMU + 3 ToF sensors,2,2,94.5,94.5,heading|obstacle,combined_match,Everything at once (match-realistic mix),10,0,1.8534,0,0
distance_sensors+imu,distance_sensors_3|imu,IMU + 3 ToF sensors,2,2,94.5,94.5,heading|obstacle,combined_match,Everything at once (match-realistic mix),11,0,0.6642,1,0
distance_sensors+imu,distance_sensors_3|imu,IMU + 3 ToF sensors,2,2,94.5,94.5,heading|obstacle,combined_match,Everything at once (match-realistic mix),12,0,2.3856,0,0
distance_sensors+imu,distance_sensors_3|imu,IMU + 3 ToF sensors,2,2,94.5,94.5,heading|obstacle,combined_match,Everything at once (match-realistic mix),13,0,1.7874,0,0
distance_sensors+imu,distance_sensors_3|imu,IMU + 3 ToF sensors,2,2,94.5,94.5,heading|obstacle,combined_match,Everything at once (match-realistic mix),14,0,0.0,1,0
distance_sensors+imu,distance_sensors_3|imu,IMU + 3 ToF sensors,2,2,94.5,94.5,heading|obstacle,combined_match,Everything at once (match-realistic mix),15,0,2.6531,0,0
distance_sensors+imu,distance_sensors_3|imu,IMU + 3 ToF sensors,2,2,94.5,94.5,heading|obstacle,combined_match,Everything at once (match-realistic mix),16,0,0.0,0,0
distance_sensors+imu,distance_sensors_3|imu,IMU + 3 ToF sensors,2,2,94.5,94.5,heading|obstacle,combined_match,Everything at once (match-realistic mix),17,0,0.525,1,0
distance_sensors+imu,distance_sensors_3|imu,IMU + 3 ToF sensors,2,2,94.5,94.5,heading|obstacle,combined_match,Everything at once (match-realistic mix),18,0,2.1879,1,0
distance_sensors+imu,distance_sensors_3|imu,IMU + 3 ToF sensors,2,2,94.5,94.5,heading|obstacle,combined_match,Everything at once (match-realistic mix),19,0,0.0,1,0
distance_sensors+imu,distance_sensors_3|imu,IMU + 3 ToF sensors,2,2,94.5,94.5,heading|obstacle,combined_match,Everything at once (match-realistic mix),20,0,0.0,1,0
distance_sensors+imu,distance_sensors_3|imu,IMU + 3 ToF sensors,2,2,94.5,94.5,heading|obstacle,combined_match,Everything at once (match-realistic mix),21,0,0.5396,0,0
distance_sensors+imu,distance_sensors_3|imu,IMU + 3 ToF sensors,2,2,94.5,94.5,heading|obstacle,combined_match,Everything at once (match-realistic mix),22,0,0.0,1,0
distance_sensors+imu,distance_sensors_3|imu,IMU + 3 ToF sensors,2,2,94.5,94.5,heading|obstacle,combined_match,Everything at once (match-realistic mix),23,0,1.9586,1,0
distance_sensors+imu,distance_sensors_3|imu,IMU + 3 ToF sensors,2,2,94.5,94.5,heading|obstacle,combined_match,Everything at once (match-realistic mix),24,0,2.48,1,0
distance_sensors+imu,distance_sensors_3|imu,IMU + 3 ToF sensors,2,2,94.5,94.5,heading|obstacle,corridor,"Tight corridor, mixed deviation",0,0,6.5962,0,0
distance_sensors+imu,distance_sensors_3|imu,IMU + 3 ToF sensors,2,2,94.5,94.5,heading|obstacle,corridor,"Tight corridor, mixed deviation",1,0,5.0387,0,0
distance_sensors+imu,distance_sensors_3|imu,IMU + 3 ToF sensors,2,2,94.5,94.5,heading|obstacle,corridor,"Tight corridor, mixed deviation",2,0,0.0,1,0
distance_sensors+imu,distance_sensors_3|imu,IMU + 3 ToF sensors,2,2,94.5,94.5,heading|obstacle,corridor,"Tight corridor, mixed deviation",3,0,3.4574,0,0
distance_sensors+imu,distance_sensors_3|imu,IMU + 3 ToF sensors,2,2,94.5,94.5,heading|obstacle,corridor,"Tight corridor, mixed deviation",4,0,3.9141,0,0
distance_sensors+imu,distance_sensors_3|imu,IMU + 3 ToF sensors,2,2,94.5,94.5,heading|obstacle,corridor,"Tight corridor, mixed deviation",5,0,8.6192,0,0
distance_sensors+imu,distance_sensors_3|imu,IMU + 3 ToF sensors,2,2,94.5,94.5,heading|obstacle,corridor,"Tight corridor, mixed deviation",6,0,8.5475,0,0
distance_sensors+imu,distance_sensors_3|imu,IMU + 3 ToF sensors,2,2,94.5,94.5,heading|obstacle,corridor,"Tight corridor, mixed deviation",7,0,4.0555,1,0
distance_sensors+imu,distance_sensors_3|imu,IMU + 3 ToF sensors,2,2,94.5,94.5,heading|obstacle,corridor,"Tight corridor, mixed deviation",8,0,4.7837,1,0
distance_sensors+imu,distance_sensors_3|imu,IMU + 3 ToF sensors,2,2,94.5,94.5,heading|obstacle,corridor,"Tight corridor, mixed deviation",9,0,0.5951,1,0
distance_sensors+imu,distance_sensors_3|imu,IMU + 3 ToF sensors,2,2,94.5,94.5,heading|obstacle,corridor,"Tight corridor, mixed deviation",10,0,5.4258,1,0
distance_sensors+imu,distance_sensors_3|imu,IMU + 3 ToF sensors,2,2,94.5,94.5,heading|obstacle,corridor,"Tight corridor, mixed deviation",11,0,0.9711,0,0
distance_sensors+imu,distance_sensors_3|imu,IMU + 3 ToF sensors,2,2,94.5,94.5,heading|obstacle,corridor,"Tight corridor, mixed deviation",12,0,4.1805,1,0
distance_sensors+imu,distance_sensors_3|imu,IMU + 3 ToF sensors,2,2,94.5,94.5,heading|obstacle,corridor,"Tight corridor, mixed deviation",13,0,5.4438,0,0
distance_sensors+imu,distance_sensors_3|imu,IMU + 3 ToF sensors,2,2,94.5,94.5,heading|obstacle,corridor,"Tight corridor, mixed deviation",14,0,1.3523,0,0
distance_sensors+imu,distance_sensors_3|imu,IMU + 3 ToF sensors,2,2,94.5,94.5,heading|obstacle,corridor,"Tight corridor, mixed deviation",15,0,6.1636,0,0
distance_sensors+imu,distance_sensors_3|imu,IMU + 3 ToF sensors,2,2,94.5,94.5,heading|obstacle,corridor,"Tight corridor, mixed deviation",16,0,1.7265,1,0
distance_sensors+imu,distance_sensors_3|imu,IMU + 3 ToF sensors,2,2,94.5,94.5,heading|obstacle,corridor,"Tight corridor, mixed deviation",17,0,3.6108,0,0
distance_sensors+imu,distance_sensors_3|imu,IMU + 3 ToF sensors,2,2,94.5,94.5,heading|obstacle,corridor,"Tight corridor, mixed deviation",18,0,3.4936,1,0
distance_sensors+imu,distance_sensors_3|imu,IMU + 3 ToF sensors,2,2,94.5,94.5,heading|obstacle,corridor,"Tight corridor, mixed deviation",19,0,2.2361,0,0
distance_sensors+imu,distance_sensors_3|imu,IMU + 3 ToF sensors,2,2,94.5,94.5,heading|obstacle,corridor,"Tight corridor, mixed deviation",20,0,5.434,1,0
distance_sensors+imu,distance_sensors_3|imu,IMU + 3 ToF sensors,2,2,94.5,94.5,heading|obstacle,corridor,"Tight corridor, mixed deviation",21,1,4.5705,0,0
distance_sensors+imu,distance_sensors_3|imu,IMU + 3 ToF sensors,2,2,94.5,94.5,heading|obstacle,corridor,"Tight corridor, mixed deviation",22,0,3.3917,0,0
distance_sensors+imu,distance_sensors_3|imu,IMU + 3 ToF sensors,2,2,94.5,94.5,heading|obstacle,corridor,"Tight corridor, mixed deviation",23,0,0.0,0,0
distance_sensors+imu,distance_sensors_3|imu,IMU + 3 ToF sensors,2,2,94.5,94.5,heading|obstacle,corridor,"Tight corridor, mixed deviation",24,0,0.0,0,0
distance_sensors+dual_camera_apriltag,camera_front|camera_rear|distance_sensors_3,front camera + rear camera + 3 ToF sensors,2,3,144.5,144.5,obstacle|pose,pose_drift_match,Heavy pose drift (map also off),0,0,9.9822,1,0
distance_sensors+dual_camera_apriltag,camera_front|camera_rear|distance_sensors_3,front camera + rear camera + 3 ToF sensors,2,3,144.5,144.5,obstacle|pose,pose_drift_match,Heavy pose drift (map also off),1,0,0.0,1,0
distance_sensors+dual_camera_apriltag,camera_front|camera_rear|distance_sensors_3,front camera + rear camera + 3 ToF sensors,2,3,144.5,144.5,obstacle|pose,pose_drift_match,Heavy pose drift (map also off),2,0,0.0,1,0
distance_sensors+dual_camera_apriltag,camera_front|camera_rear|distance_sensors_3,front camera + rear camera + 3 ToF sensors,2,3,144.5,144.5,obstacle|pose,pose_drift_match,Heavy pose drift (map also off),3,0,0.6005,1,0
distance_sensors+dual_camera_apriltag,camera_front|camera_rear|distance_sensors_3,front camera + rear camera + 3 ToF sensors,2,3,144.5,144.5,obstacle|pose,pose_drift_match,Heavy pose drift (map also off),4,0,0.683,1,0
distance_sensors+dual_camera_apriltag,camera_front|camera_rear|distance_sensors_3,front camera + rear camera + 3 ToF sensors,2,3,144.5,144.5,obstacle|pose,pose_drift_match,Heavy pose drift (map also off),5,0,1.5929,1,0
distance_sensors+dual_camera_apriltag,camera_front|camera_rear|distance_sensors_3,front camera + rear camera + 3 ToF sensors,2,3,144.5,144.5,obstacle|pose,pose_drift_match,Heavy pose drift (map also off),6,0,1.9655,0,0
distance_sensors+dual_camera_apriltag,camera_front|camera_rear|distance_sensors_3,front camera + rear camera + 3 ToF sensors,2,3,144.5,144.5,obstacle|pose,pose_drift_match,Heavy pose drift (map also off),7,0,1.3136,1,0
distance_sensors+dual_camera_apriltag,camera_front|camera_rear|distance_sensors_3,front camera + rear camera + 3 ToF sensors,2,3,144.5,144.5,obstacle|pose,pose_drift_match,Heavy pose drift (map also off),8,1,2.9394,0,0
distance_sensors+dual_camera_apriltag,camera_front|camera_rear|distance_sensors_3,front camera + rear camera + 3 ToF sensors,2,3,144.5,144.5,obstacle|pose,pose_drift_match,Heavy pose drift (map also off),9,0,0.0,1,0
distance_sensors+dual_camera_apriltag,camera_front|camera_rear|distance_sensors_3,front camera + rear camera + 3 ToF sensors,2,3,144.5,144.5,obstacle|pose,pose_drift_match,Heavy pose drift (map also off),10,1,0.9016,0,0
distance_sensors+dual_camera_apriltag,camera_front|camera_rear|distance_sensors_3,front camera + rear camera + 3 ToF sensors,2,3,144.5,144.5,obstacle|pose,pose_drift_match,Heavy pose drift (map also off),11,0,0.6762,1,0
distance_sensors+dual_camera_apriltag,camera_front|camera_rear|distance_sensors_3,front camera + rear camera + 3 ToF sensors,2,3,144.5,144.5,obstacle|pose,pose_drift_match,Heavy pose drift (map also off),12,0,2.3856,0,0
distance_sensors+dual_camera_apriltag,camera_front|camera_rear|distance_sensors_3,front camera + rear camera + 3 ToF sensors,2,3,144.5,144.5,obstacle|pose,pose_drift_match,Heavy pose drift (map also off),13,0,1.7345,0,0
distance_sensors+dual_camera_apriltag,camera_front|camera_rear|distance_sensors_3,front camera + rear camera + 3 ToF sensors,2,3,144.5,144.5,obstacle|pose,pose_drift_match,Heavy pose drift (map also off),14,0,0.0,1,0
distance_sensors+dual_camera_apriltag,camera_front|camera_rear|distance_sensors_3,front camera + rear camera + 3 ToF sensors,2,3,144.5,144.5,obstacle|pose,pose_drift_match,Heavy pose drift (map also off),15,0,5.3525,1,0
distance_sensors+dual_camera_apriltag,camera_front|camera_rear|distance_sensors_3,front camera + rear camera + 3 ToF sensors,2,3,144.5,144.5,obstacle|pose,pose_drift_match,Heavy pose drift (map also off),16,0,0.7157,1,0
distance_sensors+dual_camera_apriltag,camera_front|camera_rear|distance_sensors_3,front camera + rear camera + 3 ToF sensors,2,3,144.5,144.5,obstacle|pose,pose_drift_match,Heavy pose drift (map also off),17,0,1.3933,1,0
distance_sensors+dual_camera_apriltag,camera_front|camera_rear|distance_sensors_3,front camera + rear camera + 3 ToF sensors,2,3,144.5,144.5,obstacle|pose,pose_drift_match,Heavy pose drift (map also off),18,0,0.0,1,0
distance_sensors+dual_camera_apriltag,camera_front|camera_rear|distance_sensors_3,front camera + rear camera + 3 ToF sensors,2,3,144.5,144.5,obstacle|pose,pose_drift_match,Heavy pose drift (map also off),19,0,0.0,1,0
distance_sensors+dual_camera_apriltag,camera_front|camera_rear|distance_sensors_3,front camera + rear camera + 3 ToF sensors,2,3,144.5,144.5,obstacle|pose,pose_drift_match,Heavy pose drift (map also off),20,0,3.1691,1,0
distance_sensors+dual_camera_apriltag,camera_front|camera_rear|distance_sensors_3,front camera + rear camera + 3 ToF sensors,2,3,144.5,144.5,obstacle|pose,pose_drift_match,Heavy pose drift (map also off),21,0,1.6876,1,0
distance_sensors+dual_camera_apriltag,camera_front|camera_rear|distance_sensors_3,front camera + rear camera + 3 ToF sensors,2,3,144.5,144.5,obstacle|pose,pose_drift_match,Heavy pose drift (map also off),22,0,2.767,1,0
distance_sensors+dual_camera_apriltag,camera_front|camera_rear|distance_sensors_3,front camera + rear camera + 3 ToF sensors,2,3,144.5,144.5,obstacle|pose,pose_drift_match,Heavy pose drift (map also off),23,0,1.967,1,0
distance_sensors+dual_camera_apriltag,camera_front|camera_rear|distance_sensors_3,front camera + rear camera + 3 ToF sensors,2,3,144.5,144.5,obstacle|pose,pose_drift_match,Heavy pose drift (map also off),24,0,3.9554,1,0
distance_sensors+dual_camera_apriltag,camera_front|camera_rear|distance_sensors_3,front camera + rear camera + 3 ToF sensors,2,3,144.5,144.5,obstacle|pose,map_error_match,Field doesn't match the map (also drifting),0,0,0.0,0,0
distance_sensors+dual_camera_apriltag,camera_front|camera_rear|distance_sensors_3,front camera + rear camera + 3 ToF sensors,2,3,144.5,144.5,obstacle|pose,map_error_match,Field doesn't match the map (also drifting),1,0,2.4508,1,0
distance_sensors+dual_camera_apriltag,camera_front|camera_rear|distance_sensors_3,front camera + rear camera + 3 ToF sensors,2,3,144.5,144.5,obstacle|pose,map_error_match,Field doesn't match the map (also drifting),2,0,0.0,1,0
distance_sensors+dual_camera_apriltag,camera_front|camera_rear|distance_sensors_3,front camera + rear camera + 3 ToF sensors,2,3,144.5,144.5,obstacle|pose,map_error_match,Field doesn't match the map (also drifting),3,0,0.0,1,0
distance_sensors+dual_camera_apriltag,camera_front|camera_rear|distance_sensors_3,front camera + rear camera + 3 ToF sensors,2,3,144.5,144.5,obstacle|pose,map_error_match,Field doesn't match the map (also drifting),4,0,1.6834,1,0
distance_sensors+dual_camera_apriltag,camera_front|camera_rear|distance_sensors_3,front camera + rear camera + 3 ToF sensors,2,3,144.5,144.5,obstacle|pose,map_error_match,Field doesn't match the map (also drifting),5,0,1.5828,1,0
distance_sensors+dual_camera_apriltag,camera_front|camera_rear|distance_sensors_3,front camera + rear camera + 3 ToF sensors,2,3,144.5,144.5,obstacle|pose,map_error_match,Field doesn't match the map (also drifting),6,0,1.3523,1,0
distance_sensors+dual_camera_apriltag,camera_front|camera_rear|distance_sensors_3,front camera + rear camera + 3 ToF sensors,2,3,144.5,144.5,obstacle|pose,map_error_match,Field doesn't match the map (also drifting),7,0,1.931,1,0
distance_sensors+dual_camera_apriltag,camera_front|camera_rear|distance_sensors_3,front camera + rear camera + 3 ToF sensors,2,3,144.5,144.5,obstacle|pose,map_error_match,Field doesn't match the map (also drifting),8,0,1.4704,0,0
distance_sensors+dual_camera_apriltag,camera_front|camera_rear|distance_sensors_3,front camera + rear camera + 3 ToF sensors,2,3,144.5,144.5,obstacle|pose,map_error_match,Field doesn't match the map (also drifting),9,0,8.2245,0,0
distance_sensors+dual_camera_apriltag,camera_front|camera_rear|distance_sensors_3,front camera + rear camera + 3 ToF sensors,2,3,144.5,144.5,obstacle|pose,map_error_match,Field doesn't match the map (also drifting),10,0,1.885,0,0
distance_sensors+dual_camera_apriltag,camera_front|camera_rear|distance_sensors_3,front camera + rear camera + 3 ToF sensors,2,3,144.5,144.5,obstacle|pose,map_error_match,Field doesn't match the map (also drifting),11,0,0.6508,1,0
distance_sensors+dual_camera_apriltag,camera_front|camera_rear|distance_sensors_3,front camera + rear camera + 3 ToF sensors,2,3,144.5,144.5,obstacle|pose,map_error_match,Field doesn't match the map (also drifting),12,0,2.3856,0,0
distance_sensors+dual_camera_apriltag,camera_front|camera_rear|distance_sensors_3,front camera + rear camera + 3 ToF sensors,2,3,144.5,144.5,obstacle|pose,map_error_match,Field doesn't match the map (also drifting),13,0,1.7874,0,0
distance_sensors+dual_camera_apriltag,camera_front|camera_rear|distance_sensors_3,front camera + rear camera + 3 ToF sensors,2,3,144.5,144.5,obstacle|pose,map_error_match,Field doesn't match the map (also drifting),14,0,0.0,1,0
distance_sensors+dual_camera_apriltag,camera_front|camera_rear|distance_sensors_3,front camera + rear camera + 3 ToF sensors,2,3,144.5,144.5,obstacle|pose,map_error_match,Field doesn't match the map (also drifting),15,0,1.9058,0,0
distance_sensors+dual_camera_apriltag,camera_front|camera_rear|distance_sensors_3,front camera + rear camera + 3 ToF sensors,2,3,144.5,144.5,obstacle|pose,map_error_match,Field doesn't match the map (also drifting),16,0,0.0,0,0
distance_sensors+dual_camera_apriltag,camera_front|camera_rear|distance_sensors_3,front camera + rear camera + 3 ToF sensors,2,3,144.5,144.5,obstacle|pose,map_error_match,Field doesn't match the map (also drifting),17,0,0.525,1,0
distance_sensors+dual_camera_apriltag,camera_front|camera_rear|distance_sensors_3,front camera + rear camera + 3 ToF sensors,2,3,144.5,144.5,obstacle|pose,map_error_match,Field doesn't match the map (also drifting),18,0,2.1879,1,0
distance_sensors+dual_camera_apriltag,camera_front|camera_rear|distance_sensors_3,front camera + rear camera + 3 ToF sensors,2,3,144.5,144.5,obstacle|pose,map_error_match,Field doesn't match the map (also drifting),19,0,0.0,1,0
distance_sensors+dual_camera_apriltag,camera_front|camera_rear|distance_sensors_3,front camera + rear camera + 3 ToF sensors,2,3,144.5,144.5,obstacle|pose,map_error_match,Field doesn't match the map (also drifting),20,0,0.0,1,0
distance_sensors+dual_camera_apriltag,camera_front|camera_rear|distance_sensors_3,front camera + rear camera + 3 ToF sensors,2,3,144.5,144.5,obstacle|pose,map_error_match,Field doesn't match the map (also drifting),21,0,0.5396,0,0
distance_sensors+dual_camera_apriltag,camera_front|camera_rear|distance_sensors_3,front camera + rear camera + 3 ToF sensors,2,3,144.5,144.5,obstacle|pose,map_error_match,Field doesn't match the map (also drifting),22,0,0.0,1,0
distance_sensors+dual_camera_apriltag,camera_front|camera_rear|distance_sensors_3,front camera + rear camera + 3 ToF sensors,2,3,144.5,144.5,obstacle|pose,map_error_match,Field doesn't match the map (also drifting),23,0,1.9586,1,0
distance_sensors+dual_camera_apriltag,camera_front|camera_rear|distance_sensors_3,front camera + rear camera + 3 ToF sensors,2,3,144.5,144.5,obstacle|pose,map_error_match,Field doesn't match the map (also drifting),24,0,2.9808,1,0
distance_sensors+dual_camera_apriltag,camera_front|camera_rear|distance_sensors_3,front camera + rear camera + 3 ToF sensors,2,3,144.5,144.5,obstacle|pose,opponent_match,Opponent parks in the route (also drifting),0,0,0.0,0,0
distance_sensors+dual_camera_apriltag,camera_front|camera_rear|distance_sensors_3,front camera + rear camera + 3 ToF sensors,2,3,144.5,144.5,obstacle|pose,opponent_match,Opponent parks in the route (also drifting),1,0,4.6593,1,0
distance_sensors+dual_camera_apriltag,camera_front|camera_rear|distance_sensors_3,front camera + rear camera + 3 ToF sensors,2,3,144.5,144.5,obstacle|pose,opponent_match,Opponent parks in the route (also drifting),2,0,0.0,1,0
distance_sensors+dual_camera_apriltag,camera_front|camera_rear|distance_sensors_3,front camera + rear camera + 3 ToF sensors,2,3,144.5,144.5,obstacle|pose,opponent_match,Opponent parks in the route (also drifting),3,0,0.6005,1,0
distance_sensors+dual_camera_apriltag,camera_front|camera_rear|distance_sensors_3,front camera + rear camera + 3 ToF sensors,2,3,144.5,144.5,obstacle|pose,opponent_match,Opponent parks in the route (also drifting),4,0,0.668,1,0
distance_sensors+dual_camera_apriltag,camera_front|camera_rear|distance_sensors_3,front camera + rear camera + 3 ToF sensors,2,3,144.5,144.5,obstacle|pose,opponent_match,Opponent parks in the route (also drifting),5,0,1.1436,1,0
distance_sensors+dual_camera_apriltag,camera_front|camera_rear|distance_sensors_3,front camera + rear camera + 3 ToF sensors,2,3,144.5,144.5,obstacle|pose,opponent_match,Opponent parks in the route (also drifting),6,1,2.735,0,0
distance_sensors+dual_camera_apriltag,camera_front|camera_rear|distance_sensors_3,front camera + rear camera + 3 ToF sensors,2,3,144.5,144.5,obstacle|pose,opponent_match,Opponent parks in the route (also drifting),7,0,1.9273,1,0
distance_sensors+dual_camera_apriltag,camera_front|camera_rear|distance_sensors_3,front camera + rear camera + 3 ToF sensors,2,3,144.5,144.5,obstacle|pose,opponent_match,Opponent parks in the route (also drifting),8,1,1.9031,0,0
distance_sensors+dual_camera_apriltag,camera_front|camera_rear|distance_sensors_3,front camera + rear camera + 3 ToF sensors,2,3,144.5,144.5,obstacle|pose,opponent_match,Opponent parks in the route (also drifting),9,0,3.2402,1,0
distance_sensors+dual_camera_apriltag,camera_front|camera_rear|distance_sensors_3,front camera + rear camera + 3 ToF sensors,2,3,144.5,144.5,obstacle|pose,opponent_match,Opponent parks in the route (also drifting),10,0,2.5737,0,0
distance_sensors+dual_camera_apriltag,camera_front|camera_rear|distance_sensors_3,front camera + rear camera + 3 ToF sensors,2,3,144.5,144.5,obstacle|pose,opponent_match,Opponent parks in the route (also drifting),11,0,1.4087,0,0
distance_sensors+dual_camera_apriltag,camera_front|camera_rear|distance_sensors_3,front camera + rear camera + 3 ToF sensors,2,3,144.5,144.5,obstacle|pose,opponent_match,Opponent parks in the route (also drifting),12,0,2.3039,0,0
distance_sensors+dual_camera_apriltag,camera_front|camera_rear|distance_sensors_3,front camera + rear camera + 3 ToF sensors,2,3,144.5,144.5,obstacle|pose,opponent_match,Opponent parks in the route (also drifting),13,0,0.9016,1,0
distance_sensors+dual_camera_apriltag,camera_front|camera_rear|distance_sensors_3,front camera + rear camera + 3 ToF sensors,2,3,144.5,144.5,obstacle|pose,opponent_match,Opponent parks in the route (also drifting),14,0,0.0,1,0
distance_sensors+dual_camera_apriltag,camera_front|camera_rear|distance_sensors_3,front camera + rear camera + 3 ToF sensors,2,3,144.5,144.5,obstacle|pose,opponent_match,Opponent parks in the route (also drifting),15,0,2.6531,0,0
distance_sensors+dual_camera_apriltag,camera_front|camera_rear|distance_sensors_3,front camera + rear camera + 3 ToF sensors,2,3,144.5,144.5,obstacle|pose,opponent_match,Opponent parks in the route (also drifting),16,0,4.211,1,0
distance_sensors+dual_camera_apriltag,camera_front|camera_rear|distance_sensors_3,front camera + rear camera + 3 ToF sensors,2,3,144.5,144.5,obstacle|pose,opponent_match,Opponent parks in the route (also drifting),17,0,7.0562,0,0
distance_sensors+dual_camera_apriltag,camera_front|camera_rear|distance_sensors_3,front camera + rear camera + 3 ToF sensors,2,3,144.5,144.5,obstacle|pose,opponent_match,Opponent parks in the route (also drifting),18,0,2.1879,1,0
distance_sensors+dual_camera_apriltag,camera_front|camera_rear|distance_sensors_3,front camera + rear camera + 3 ToF sensors,2,3,144.5,144.5,obstacle|pose,opponent_match,Opponent parks in the route (also drifting),19,0,0.0,1,0
distance_sensors+dual_camera_apriltag,camera_front|camera_rear|distance_sensors_3,front camera + rear camera + 3 ToF sensors,2,3,144.5,144.5,obstacle|pose,opponent_match,Opponent parks in the route (also drifting),20,0,2.8805,1,0
distance_sensors+dual_camera_apriltag,camera_front|camera_rear|distance_sensors_3,front camera + rear camera + 3 ToF sensors,2,3,144.5,144.5,obstacle|pose,opponent_match,Opponent parks in the route (also drifting),21,0,1.4385,1,0
distance_sensors+dual_camera_apriltag,camera_front|camera_rear|distance_sensors_3,front camera + rear camera + 3 ToF sensors,2,3,144.5,144.5,obstacle|pose,opponent_match,Opponent parks in the route (also drifting),22,0,5.3659,1,0
distance_sensors+dual_camera_apriltag,camera_front|camera_rear|distance_sensors_3,front camera + rear camera + 3 ToF sensors,2,3,144.5,144.5,obstacle|pose,opponent_match,Opponent parks in the route (also drifting),23,0,1.9586,1,0
distance_sensors+dual_camera_apriltag,camera_front|camera_rear|distance_sensors_3,front camera + rear camera + 3 ToF sensors,2,3,144.5,144.5,obstacle|pose,opponent_match,Opponent parks in the route (also drifting),24,0,0.0,1,0
distance_sensors+dual_camera_apriltag,camera_front|camera_rear|distance_sensors_3,front camera + rear camera + 3 ToF sensors,2,3,144.5,144.5,obstacle|pose,combined_match,Everything at once (match-realistic mix),0,0,0.0,0,0
distance_sensors+dual_camera_apriltag,camera_front|camera_rear|distance_sensors_3,front camera + rear camera + 3 ToF sensors,2,3,144.5,144.5,obstacle|pose,combined_match,Everything at once (match-realistic mix),1,0,2.4508,1,0
distance_sensors+dual_camera_apriltag,camera_front|camera_rear|distance_sensors_3,front camera + rear camera + 3 ToF sensors,2,3,144.5,144.5,obstacle|pose,combined_match,Everything at once (match-realistic mix),2,0,1.915,1,0
distance_sensors+dual_camera_apriltag,camera_front|camera_rear|distance_sensors_3,front camera + rear camera + 3 ToF sensors,2,3,144.5,144.5,obstacle|pose,combined_match,Everything at once (match-realistic mix),3,0,0.6691,1,0
distance_sensors+dual_camera_apriltag,camera_front|camera_rear|distance_sensors_3,front camera + rear camera + 3 ToF sensors,2,3,144.5,144.5,obstacle|pose,combined_match,Everything at once (match-realistic mix),4,0,0.668,1,0
distance_sensors+dual_camera_apriltag,camera_front|camera_rear|distance_sensors_3,front camera + rear camera + 3 ToF sensors,2,3,144.5,144.5,obstacle|pose,combined_match,Everything at once (match-realistic mix),5,0,1.132,1,0
distance_sensors+dual_camera_apriltag,camera_front|camera_rear|distance_sensors_3,front camera + rear camera + 3 ToF sensors,2,3,144.5,144.5,obstacle|pose,combined_match,Everything at once (match-realistic mix),6,0,1.3523,1,0
distance_sensors+dual_camera_apriltag,camera_front|camera_rear|distance_sensors_3,front camera + rear camera + 3 ToF sensors,2,3,144.5,144.5,obstacle|pose,combined_match,Everything at once (match-realistic mix),7,0,1.931,1,0
distance_sensors+dual_camera_apriltag,camera_front|camera_rear|distance_sensors_3,front camera + rear camera + 3 ToF sensors,2,3,144.5,144.5,obstacle|pose,combined_match,Everything at once (match-realistic mix),8,0,1.4704,0,0
distance_sensors+dual_camera_apriltag,camera_front|camera_rear|distance_sensors_3,front camera + rear camera + 3 ToF sensors,2,3,144.5,144.5,obstacle|pose,combined_match,Everything at once (match-realistic mix),9,0,8.2245,0,0
distance_sensors+dual_camera_apriltag,camera_front|camera_rear|distance_sensors_3,front camera + rear camera + 3 ToF sensors,2,3,144.5,144.5,obstacle|pose,combined_match,Everything at once (match-realistic mix),10,0,1.8534,0,0
distance_sensors+dual_camera_apriltag,camera_front|camera_rear|distance_sensors_3,front camera + rear camera + 3 ToF sensors,2,3,144.5,144.5,obstacle|pose,combined_match,Everything at once (match-realistic mix),11,0,0.6642,1,0
distance_sensors+dual_camera_apriltag,camera_front|camera_rear|distance_sensors_3,front camera + rear camera + 3 ToF sensors,2,3,144.5,144.5,obstacle|pose,combined_match,Everything at once (match-realistic mix),12,0,2.3856,0,0
distance_sensors+dual_camera_apriltag,camera_front|camera_rear|distance_sensors_3,front camera + rear camera + 3 ToF sensors,2,3,144.5,144.5,obstacle|pose,combined_match,Everything at once (match-realistic mix),13,0,1.7874,0,0
distance_sensors+dual_camera_apriltag,camera_front|camera_rear|distance_sensors_3,front camera + rear camera + 3 ToF sensors,2,3,144.5,144.5,obstacle|pose,combined_match,Everything at once (match-realistic mix),14,0,0.0,1,0
distance_sensors+dual_camera_apriltag,camera_front|camera_rear|distance_sensors_3,front camera + rear camera + 3 ToF sensors,2,3,144.5,144.5,obstacle|pose,combined_match,Everything at once (match-realistic mix),15,0,2.6531,0,0
distance_sensors+dual_camera_apriltag,camera_front|camera_rear|distance_sensors_3,front camera + rear camera + 3 ToF sensors,2,3,144.5,144.5,obstacle|pose,combined_match,Everything at once (match-realistic mix),16,0,0.0,0,0
distance_sensors+dual_camera_apriltag,camera_front|camera_rear|distance_sensors_3,front camera + rear camera + 3 ToF sensors,2,3,144.5,144.5,obstacle|pose,combined_match,Everything at once (match-realistic mix),17,0,0.525,1,0
distance_sensors+dual_camera_apriltag,camera_front|camera_rear|distance_sensors_3,front camera + rear camera + 3 ToF sensors,2,3,144.5,144.5,obstacle|pose,combined_match,Everything at once (match-realistic mix),18,0,2.1879,1,0
distance_sensors+dual_camera_apriltag,camera_front|camera_rear|distance_sensors_3,front camera + rear camera + 3 ToF sensors,2,3,144.5,144.5,obstacle|pose,combined_match,Everything at once (match-realistic mix),19,0,0.0,1,0
distance_sensors+dual_camera_apriltag,camera_front|camera_rear|distance_sensors_3,front camera + rear camera + 3 ToF sensors,2,3,144.5,144.5,obstacle|pose,combined_match,Everything at once (match-realistic mix),20,0,0.0,1,0
distance_sensors+dual_camera_apriltag,camera_front|camera_rear|distance_sensors_3,front camera + rear camera + 3 ToF sensors,2,3,144.5,144.5,obstacle|pose,combined_match,Everything at once (match-realistic mix),21,0,0.5396,0,0
distance_sensors+dual_camera_apriltag,camera_front|camera_rear|distance_sensors_3,front camera + rear camera + 3 ToF sensors,2,3,144.5,144.5,obstacle|pose,combined_match,Everything at once (match-realistic mix),22,0,0.0,1,0
distance_sensors+dual_camera_apriltag,camera_front|camera_rear|distance_sensors_3,front camera + rear camera + 3 ToF sensors,2,3,144.5,144.5,obstacle|pose,combined_match,Everything at once (match-realistic mix),23,0,1.9586,1,0
distance_sensors+dual_camera_apriltag,camera_front|camera_rear|distance_sensors_3,front camera + rear camera + 3 ToF sensors,2,3,144.5,144.5,obstacle|pose,combined_match,Everything at once (match-realistic mix),24,0,2.9808,1,0
distance_sensors+dual_camera_apriltag,camera_front|camera_rear|distance_sensors_3,front camera + rear camera + 3 ToF sensors,2,3,144.5,144.5,obstacle|pose,corridor,"Tight corridor, mixed deviation",0,0,1.0227,1,0
distance_sensors+dual_camera_apriltag,camera_front|camera_rear|distance_sensors_3,front camera + rear camera + 3 ToF sensors,2,3,144.5,144.5,obstacle|pose,corridor,"Tight corridor, mixed deviation",1,0,5.0387,0,0
distance_sensors+dual_camera_apriltag,camera_front|camera_rear|distance_sensors_3,front camera + rear camera + 3 ToF sensors,2,3,144.5,144.5,obstacle|pose,corridor,"Tight corridor, mixed deviation",2,0,0.0,1,0
distance_sensors+dual_camera_apriltag,camera_front|camera_rear|distance_sensors_3,front camera + rear camera + 3 ToF sensors,2,3,144.5,144.5,obstacle|pose,corridor,"Tight corridor, mixed deviation",3,0,4.3096,0,0
distance_sensors+dual_camera_apriltag,camera_front|camera_rear|distance_sensors_3,front camera + rear camera + 3 ToF sensors,2,3,144.5,144.5,obstacle|pose,corridor,"Tight corridor, mixed deviation",4,0,3.9141,0,0
distance_sensors+dual_camera_apriltag,camera_front|camera_rear|distance_sensors_3,front camera + rear camera + 3 ToF sensors,2,3,144.5,144.5,obstacle|pose,corridor,"Tight corridor, mixed deviation",5,1,8.264,0,0
distance_sensors+dual_camera_apriltag,camera_front|camera_rear|distance_sensors_3,front camera + rear camera + 3 ToF sensors,2,3,144.5,144.5,obstacle|pose,corridor,"Tight corridor, mixed deviation",6,0,8.5114,0,0
distance_sensors+dual_camera_apriltag,camera_front|camera_rear|distance_sensors_3,front camera + rear camera + 3 ToF sensors,2,3,144.5,144.5,obstacle|pose,corridor,"Tight corridor, mixed deviation",7,0,4.0555,1,0
distance_sensors+dual_camera_apriltag,camera_front|camera_rear|distance_sensors_3,front camera + rear camera + 3 ToF sensors,2,3,144.5,144.5,obstacle|pose,corridor,"Tight corridor, mixed deviation",8,1,7.7229,0,0
distance_sensors+dual_camera_apriltag,camera_front|camera_rear|distance_sensors_3,front camera + rear camera + 3 ToF sensors,2,3,144.5,144.5,obstacle|pose,corridor,"Tight corridor, mixed deviation",9,0,6.9646,0,0
distance_sensors+dual_camera_apriltag,camera_front|camera_rear|distance_sensors_3,front camera + rear camera + 3 ToF sensors,2,3,144.5,144.5,obstacle|pose,corridor,"Tight corridor, mixed deviation",10,0,5.7258,1,0
distance_sensors+dual_camera_apriltag,camera_front|camera_rear|distance_sensors_3,front camera + rear camera + 3 ToF sensors,2,3,144.5,144.5,obstacle|pose,corridor,"Tight corridor, mixed deviation",11,1,6.8649,0,0
distance_sensors+dual_camera_apriltag,camera_front|camera_rear|distance_sensors_3,front camera + rear camera + 3 ToF sensors,2,3,144.5,144.5,obstacle|pose,corridor,"Tight corridor, mixed deviation",12,0,3.7444,1,0
distance_sensors+dual_camera_apriltag,camera_front|camera_rear|distance_sensors_3,front camera + rear camera + 3 ToF sensors,2,3,144.5,144.5,obstacle|pose,corridor,"Tight corridor, mixed deviation",13,0,4.207,1,0
distance_sensors+dual_camera_apriltag,camera_front|camera_rear|distance_sensors_3,front camera + rear camera + 3 ToF sensors,2,3,144.5,144.5,obstacle|pose,corridor,"Tight corridor, mixed deviation",14,0,1.3523,0,0
distance_sensors+dual_camera_apriltag,camera_front|camera_rear|distance_sensors_3,front camera + rear camera + 3 ToF sensors,2,3,144.5,144.5,obstacle|pose,corridor,"Tight corridor, mixed deviation",15,1,7.2643,0,0
distance_sensors+dual_camera_apriltag,camera_front|camera_rear|distance_sensors_3,front camera + rear camera + 3 ToF sensors,2,3,144.5,144.5,obstacle|pose,corridor,"Tight corridor, mixed deviation",16,0,2.4126,1,0
distance_sensors+dual_camera_apriltag,camera_front|camera_rear|distance_sensors_3,front camera + rear camera + 3 ToF sensors,2,3,144.5,144.5,obstacle|pose,corridor,"Tight corridor, mixed deviation",17,0,3.6108,0,0
distance_sensors+dual_camera_apriltag,camera_front|camera_rear|distance_sensors_3,front camera + rear camera + 3 ToF sensors,2,3,144.5,144.5,obstacle|pose,corridor,"Tight corridor, mixed deviation",18,0,3.4936,1,0
distance_sensors+dual_camera_apriltag,camera_front|camera_rear|distance_sensors_3,front camera + rear camera + 3 ToF sensors,2,3,144.5,144.5,obstacle|pose,corridor,"Tight corridor, mixed deviation",19,0,2.2361,0,0
distance_sensors+dual_camera_apriltag,camera_front|camera_rear|distance_sensors_3,front camera + rear camera + 3 ToF sensors,2,3,144.5,144.5,obstacle|pose,corridor,"Tight corridor, mixed deviation",20,0,8.4213,0,0
distance_sensors+dual_camera_apriltag,camera_front|camera_rear|distance_sensors_3,front camera + rear camera + 3 ToF sensors,2,3,144.5,144.5,obstacle|pose,corridor,"Tight corridor, mixed deviation",21,0,4.9558,0,0
distance_sensors+dual_camera_apriltag,camera_front|camera_rear|distance_sensors_3,front camera + rear camera + 3 ToF sensors,2,3,144.5,144.5,obstacle|pose,corridor,"Tight corridor, mixed deviation",22,0,3.3917,0,0
distance_sensors+dual_camera_apriltag,camera_front|camera_rear|distance_sensors_3,front camera + rear camera + 3 ToF sensors,2,3,144.5,144.5,obstacle|pose,corridor,"Tight corridor, mixed deviation",23,0,0.0,0,0
distance_sensors+dual_camera_apriltag,camera_front|camera_rear|distance_sensors_3,front camera + rear camera + 3 ToF sensors,2,3,144.5,144.5,obstacle|pose,corridor,"Tight corridor, mixed deviation",24,0,0.0,0,0
distance_sensors+apriltag_imu,camera_front|distance_sensors_3|imu,IMU + front camera + 3 ToF sensors,2,3,119.5,119.5,heading|obstacle|pose,pose_drift_match,Heavy pose drift (map also off),0,0,9.9822,1,0
distance_sensors+apriltag_imu,camera_front|distance_sensors_3|imu,IMU + front camera + 3 ToF sensors,2,3,119.5,119.5,heading|obstacle|pose,pose_drift_match,Heavy pose drift (map also off),1,0,0.0,1,0
distance_sensors+apriltag_imu,camera_front|distance_sensors_3|imu,IMU + front camera + 3 ToF sensors,2,3,119.5,119.5,heading|obstacle|pose,pose_drift_match,Heavy pose drift (map also off),2,0,0.0,1,0
distance_sensors+apriltag_imu,camera_front|distance_sensors_3|imu,IMU + front camera + 3 ToF sensors,2,3,119.5,119.5,heading|obstacle|pose,pose_drift_match,Heavy pose drift (map also off),3,0,0.6005,1,0
distance_sensors+apriltag_imu,camera_front|distance_sensors_3|imu,IMU + front camera + 3 ToF sensors,2,3,119.5,119.5,heading|obstacle|pose,pose_drift_match,Heavy pose drift (map also off),4,0,0.683,1,0
distance_sensors+apriltag_imu,camera_front|distance_sensors_3|imu,IMU + front camera + 3 ToF sensors,2,3,119.5,119.5,heading|obstacle|pose,pose_drift_match,Heavy pose drift (map also off),5,0,1.5929,1,0
distance_sensors+apriltag_imu,camera_front|distance_sensors_3|imu,IMU + front camera + 3 ToF sensors,2,3,119.5,119.5,heading|obstacle|pose,pose_drift_match,Heavy pose drift (map also off),6,0,1.9655,0,0
distance_sensors+apriltag_imu,camera_front|distance_sensors_3|imu,IMU + front camera + 3 ToF sensors,2,3,119.5,119.5,heading|obstacle|pose,pose_drift_match,Heavy pose drift (map also off),7,0,1.3136,1,0
distance_sensors+apriltag_imu,camera_front|distance_sensors_3|imu,IMU + front camera + 3 ToF sensors,2,3,119.5,119.5,heading|obstacle|pose,pose_drift_match,Heavy pose drift (map also off),8,1,2.9394,0,0
distance_sensors+apriltag_imu,camera_front|distance_sensors_3|imu,IMU + front camera + 3 ToF sensors,2,3,119.5,119.5,heading|obstacle|pose,pose_drift_match,Heavy pose drift (map also off),9,0,0.0,1,0
distance_sensors+apriltag_imu,camera_front|distance_sensors_3|imu,IMU + front camera + 3 ToF sensors,2,3,119.5,119.5,heading|obstacle|pose,pose_drift_match,Heavy pose drift (map also off),10,1,0.9016,0,0
distance_sensors+apriltag_imu,camera_front|distance_sensors_3|imu,IMU + front camera + 3 ToF sensors,2,3,119.5,119.5,heading|obstacle|pose,pose_drift_match,Heavy pose drift (map also off),11,0,0.6762,1,0
distance_sensors+apriltag_imu,camera_front|distance_sensors_3|imu,IMU + front camera + 3 ToF sensors,2,3,119.5,119.5,heading|obstacle|pose,pose_drift_match,Heavy pose drift (map also off),12,0,2.3856,0,0
distance_sensors+apriltag_imu,camera_front|distance_sensors_3|imu,IMU + front camera + 3 ToF sensors,2,3,119.5,119.5,heading|obstacle|pose,pose_drift_match,Heavy pose drift (map also off),13,0,1.7345,0,0
distance_sensors+apriltag_imu,camera_front|distance_sensors_3|imu,IMU + front camera + 3 ToF sensors,2,3,119.5,119.5,heading|obstacle|pose,pose_drift_match,Heavy pose drift (map also off),14,0,0.0,1,0
distance_sensors+apriltag_imu,camera_front|distance_sensors_3|imu,IMU + front camera + 3 ToF sensors,2,3,119.5,119.5,heading|obstacle|pose,pose_drift_match,Heavy pose drift (map also off),15,0,5.3525,1,0
distance_sensors+apriltag_imu,camera_front|distance_sensors_3|imu,IMU + front camera + 3 ToF sensors,2,3,119.5,119.5,heading|obstacle|pose,pose_drift_match,Heavy pose drift (map also off),16,0,0.7157,1,0
distance_sensors+apriltag_imu,camera_front|distance_sensors_3|imu,IMU + front camera + 3 ToF sensors,2,3,119.5,119.5,heading|obstacle|pose,pose_drift_match,Heavy pose drift (map also off),17,0,1.3933,1,0
distance_sensors+apriltag_imu,camera_front|distance_sensors_3|imu,IMU + front camera + 3 ToF sensors,2,3,119.5,119.5,heading|obstacle|pose,pose_drift_match,Heavy pose drift (map also off),18,0,0.0,1,0
distance_sensors+apriltag_imu,camera_front|distance_sensors_3|imu,IMU + front camera + 3 ToF sensors,2,3,119.5,119.5,heading|obstacle|pose,pose_drift_match,Heavy pose drift (map also off),19,0,0.0,1,0
distance_sensors+apriltag_imu,camera_front|distance_sensors_3|imu,IMU + front camera + 3 ToF sensors,2,3,119.5,119.5,heading|obstacle|pose,pose_drift_match,Heavy pose drift (map also off),20,0,3.1691,1,0
distance_sensors+apriltag_imu,camera_front|distance_sensors_3|imu,IMU + front camera + 3 ToF sensors,2,3,119.5,119.5,heading|obstacle|pose,pose_drift_match,Heavy pose drift (map also off),21,0,1.6876,1,0
distance_sensors+apriltag_imu,camera_front|distance_sensors_3|imu,IMU + front camera + 3 ToF sensors,2,3,119.5,119.5,heading|obstacle|pose,pose_drift_match,Heavy pose drift (map also off),22,0,2.767,1,0
distance_sensors+apriltag_imu,camera_front|distance_sensors_3|imu,IMU + front camera + 3 ToF sensors,2,3,119.5,119.5,heading|obstacle|pose,pose_drift_match,Heavy pose drift (map also off),23,0,1.967,1,0
distance_sensors+apriltag_imu,camera_front|distance_sensors_3|imu,IMU + front camera + 3 ToF sensors,2,3,119.5,119.5,heading|obstacle|pose,pose_drift_match,Heavy pose drift (map also off),24,0,3.9554,1,0
distance_sensors+apriltag_imu,camera_front|distance_sensors_3|imu,IMU + front camera + 3 ToF sensors,2,3,119.5,119.5,heading|obstacle|pose,map_error_match,Field doesn't match the map (also drifting),0,0,0.0,0,0
distance_sensors+apriltag_imu,camera_front|distance_sensors_3|imu,IMU + front camera + 3 ToF sensors,2,3,119.5,119.5,heading|obstacle|pose,map_error_match,Field doesn't match the map (also drifting),1,0,2.4508,1,0
distance_sensors+apriltag_imu,camera_front|distance_sensors_3|imu,IMU + front camera + 3 ToF sensors,2,3,119.5,119.5,heading|obstacle|pose,map_error_match,Field doesn't match the map (also drifting),2,0,0.0,1,0
distance_sensors+apriltag_imu,camera_front|distance_sensors_3|imu,IMU + front camera + 3 ToF sensors,2,3,119.5,119.5,heading|obstacle|pose,map_error_match,Field doesn't match the map (also drifting),3,0,0.0,1,0
distance_sensors+apriltag_imu,camera_front|distance_sensors_3|imu,IMU + front camera + 3 ToF sensors,2,3,119.5,119.5,heading|obstacle|pose,map_error_match,Field doesn't match the map (also drifting),4,0,1.6834,1,0
distance_sensors+apriltag_imu,camera_front|distance_sensors_3|imu,IMU + front camera + 3 ToF sensors,2,3,119.5,119.5,heading|obstacle|pose,map_error_match,Field doesn't match the map (also drifting),5,0,1.5828,1,0
distance_sensors+apriltag_imu,camera_front|distance_sensors_3|imu,IMU + front camera + 3 ToF sensors,2,3,119.5,119.5,heading|obstacle|pose,map_error_match,Field doesn't match the map (also drifting),6,0,1.3523,1,0
distance_sensors+apriltag_imu,camera_front|distance_sensors_3|imu,IMU + front camera + 3 ToF sensors,2,3,119.5,119.5,heading|obstacle|pose,map_error_match,Field doesn't match the map (also drifting),7,0,1.931,1,0
distance_sensors+apriltag_imu,camera_front|distance_sensors_3|imu,IMU + front camera + 3 ToF sensors,2,3,119.5,119.5,heading|obstacle|pose,map_error_match,Field doesn't match the map (also drifting),8,0,1.4704,0,0
distance_sensors+apriltag_imu,camera_front|distance_sensors_3|imu,IMU + front camera + 3 ToF sensors,2,3,119.5,119.5,heading|obstacle|pose,map_error_match,Field doesn't match the map (also drifting),9,0,8.2245,0,0
distance_sensors+apriltag_imu,camera_front|distance_sensors_3|imu,IMU + front camera + 3 ToF sensors,2,3,119.5,119.5,heading|obstacle|pose,map_error_match,Field doesn't match the map (also drifting),10,0,1.885,0,0
distance_sensors+apriltag_imu,camera_front|distance_sensors_3|imu,IMU + front camera + 3 ToF sensors,2,3,119.5,119.5,heading|obstacle|pose,map_error_match,Field doesn't match the map (also drifting),11,0,0.6508,1,0
distance_sensors+apriltag_imu,camera_front|distance_sensors_3|imu,IMU + front camera + 3 ToF sensors,2,3,119.5,119.5,heading|obstacle|pose,map_error_match,Field doesn't match the map (also drifting),12,0,2.3856,0,0
distance_sensors+apriltag_imu,camera_front|distance_sensors_3|imu,IMU + front camera + 3 ToF sensors,2,3,119.5,119.5,heading|obstacle|pose,map_error_match,Field doesn't match the map (also drifting),13,0,1.7874,0,0
distance_sensors+apriltag_imu,camera_front|distance_sensors_3|imu,IMU + front camera + 3 ToF sensors,2,3,119.5,119.5,heading|obstacle|pose,map_error_match,Field doesn't match the map (also drifting),14,0,0.0,1,0
distance_sensors+apriltag_imu,camera_front|distance_sensors_3|imu,IMU + front camera + 3 ToF sensors,2,3,119.5,119.5,heading|obstacle|pose,map_error_match,Field doesn't match the map (also drifting),15,0,1.9058,0,0
distance_sensors+apriltag_imu,camera_front|distance_sensors_3|imu,IMU + front camera + 3 ToF sensors,2,3,119.5,119.5,heading|obstacle|pose,map_error_match,Field doesn't match the map (also drifting),16,0,0.0,0,0
distance_sensors+apriltag_imu,camera_front|distance_sensors_3|imu,IMU + front camera + 3 ToF sensors,2,3,119.5,119.5,heading|obstacle|pose,map_error_match,Field doesn't match the map (also drifting),17,0,0.525,1,0
distance_sensors+apriltag_imu,camera_front|distance_sensors_3|imu,IMU + front camera + 3 ToF sensors,2,3,119.5,119.5,heading|obstacle|pose,map_error_match,Field doesn't match the map (also drifting),18,0,2.1879,1,0
distance_sensors+apriltag_imu,camera_front|distance_sensors_3|imu,IMU + front camera + 3 ToF sensors,2,3,119.5,119.5,heading|obstacle|pose,map_error_match,Field doesn't match the map (also drifting),19,0,0.0,1,0
distance_sensors+apriltag_imu,camera_front|distance_sensors_3|imu,IMU + front camera + 3 ToF sensors,2,3,119.5,119.5,heading|obstacle|pose,map_error_match,Field doesn't match the map (also drifting),20,0,0.0,1,0
distance_sensors+apriltag_imu,camera_front|distance_sensors_3|imu,IMU + front camera + 3 ToF sensors,2,3,119.5,119.5,heading|obstacle|pose,map_error_match,Field doesn't match the map (also drifting),21,0,0.5396,0,0
distance_sensors+apriltag_imu,camera_front|distance_sensors_3|imu,IMU + front camera + 3 ToF sensors,2,3,119.5,119.5,heading|obstacle|pose,map_error_match,Field doesn't match the map (also drifting),22,0,0.0,1,0
distance_sensors+apriltag_imu,camera_front|distance_sensors_3|imu,IMU + front camera + 3 ToF sensors,2,3,119.5,119.5,heading|obstacle|pose,map_error_match,Field doesn't match the map (also drifting),23,0,1.9586,1,0
distance_sensors+apriltag_imu,camera_front|distance_sensors_3|imu,IMU + front camera + 3 ToF sensors,2,3,119.5,119.5,heading|obstacle|pose,map_error_match,Field doesn't match the map (also drifting),24,0,2.9808,1,0
distance_sensors+apriltag_imu,camera_front|distance_sensors_3|imu,IMU + front camera + 3 ToF sensors,2,3,119.5,119.5,heading|obstacle|pose,opponent_match,Opponent parks in the route (also drifting),0,0,0.0,0,0
distance_sensors+apriltag_imu,camera_front|distance_sensors_3|imu,IMU + front camera + 3 ToF sensors,2,3,119.5,119.5,heading|obstacle|pose,opponent_match,Opponent parks in the route (also drifting),1,0,4.6593,1,0
distance_sensors+apriltag_imu,camera_front|distance_sensors_3|imu,IMU + front camera + 3 ToF sensors,2,3,119.5,119.5,heading|obstacle|pose,opponent_match,Opponent parks in the route (also drifting),2,0,0.0,1,0
distance_sensors+apriltag_imu,camera_front|distance_sensors_3|imu,IMU + front camera + 3 ToF sensors,2,3,119.5,119.5,heading|obstacle|pose,opponent_match,Opponent parks in the route (also drifting),3,0,0.6005,1,0
distance_sensors+apriltag_imu,camera_front|distance_sensors_3|imu,IMU + front camera + 3 ToF sensors,2,3,119.5,119.5,heading|obstacle|pose,opponent_match,Opponent parks in the route (also drifting),4,0,0.668,1,0
distance_sensors+apriltag_imu,camera_front|distance_sensors_3|imu,IMU + front camera + 3 ToF sensors,2,3,119.5,119.5,heading|obstacle|pose,opponent_match,Opponent parks in the route (also drifting),5,0,1.1436,1,0
distance_sensors+apriltag_imu,camera_front|distance_sensors_3|imu,IMU + front camera + 3 ToF sensors,2,3,119.5,119.5,heading|obstacle|pose,opponent_match,Opponent parks in the route (also drifting),6,1,2.735,0,0
distance_sensors+apriltag_imu,camera_front|distance_sensors_3|imu,IMU + front camera + 3 ToF sensors,2,3,119.5,119.5,heading|obstacle|pose,opponent_match,Opponent parks in the route (also drifting),7,0,1.9273,1,0
distance_sensors+apriltag_imu,camera_front|distance_sensors_3|imu,IMU + front camera + 3 ToF sensors,2,3,119.5,119.5,heading|obstacle|pose,opponent_match,Opponent parks in the route (also drifting),8,1,1.9031,0,0
distance_sensors+apriltag_imu,camera_front|distance_sensors_3|imu,IMU + front camera + 3 ToF sensors,2,3,119.5,119.5,heading|obstacle|pose,opponent_match,Opponent parks in the route (also drifting),9,0,3.2402,1,0
distance_sensors+apriltag_imu,camera_front|distance_sensors_3|imu,IMU + front camera + 3 ToF sensors,2,3,119.5,119.5,heading|obstacle|pose,opponent_match,Opponent parks in the route (also drifting),10,0,2.5737,0,0
distance_sensors+apriltag_imu,camera_front|distance_sensors_3|imu,IMU + front camera + 3 ToF sensors,2,3,119.5,119.5,heading|obstacle|pose,opponent_match,Opponent parks in the route (also drifting),11,0,1.4087,0,0
distance_sensors+apriltag_imu,camera_front|distance_sensors_3|imu,IMU + front camera + 3 ToF sensors,2,3,119.5,119.5,heading|obstacle|pose,opponent_match,Opponent parks in the route (also drifting),12,0,2.3039,0,0
distance_sensors+apriltag_imu,camera_front|distance_sensors_3|imu,IMU + front camera + 3 ToF sensors,2,3,119.5,119.5,heading|obstacle|pose,opponent_match,Opponent parks in the route (also drifting),13,0,0.9016,1,0
distance_sensors+apriltag_imu,camera_front|distance_sensors_3|imu,IMU + front camera + 3 ToF sensors,2,3,119.5,119.5,heading|obstacle|pose,opponent_match,Opponent parks in the route (also drifting),14,0,0.0,1,0
distance_sensors+apriltag_imu,camera_front|distance_sensors_3|imu,IMU + front camera + 3 ToF sensors,2,3,119.5,119.5,heading|obstacle|pose,opponent_match,Opponent parks in the route (also drifting),15,0,2.6531,0,0
distance_sensors+apriltag_imu,camera_front|distance_sensors_3|imu,IMU + front camera + 3 ToF sensors,2,3,119.5,119.5,heading|obstacle|pose,opponent_match,Opponent parks in the route (also drifting),16,0,4.211,1,0
distance_sensors+apriltag_imu,camera_front|distance_sensors_3|imu,IMU + front camera + 3 ToF sensors,2,3,119.5,119.5,heading|obstacle|pose,opponent_match,Opponent parks in the route (also drifting),17,0,7.0562,0,0
distance_sensors+apriltag_imu,camera_front|distance_sensors_3|imu,IMU + front camera + 3 ToF sensors,2,3,119.5,119.5,heading|obstacle|pose,opponent_match,Opponent parks in the route (also drifting),18,0,2.1879,1,0
distance_sensors+apriltag_imu,camera_front|distance_sensors_3|imu,IMU + front camera + 3 ToF sensors,2,3,119.5,119.5,heading|obstacle|pose,opponent_match,Opponent parks in the route (also drifting),19,0,0.0,1,0
distance_sensors+apriltag_imu,camera_front|distance_sensors_3|imu,IMU + front camera + 3 ToF sensors,2,3,119.5,119.5,heading|obstacle|pose,opponent_match,Opponent parks in the route (also drifting),20,0,2.8805,1,0
distance_sensors+apriltag_imu,camera_front|distance_sensors_3|imu,IMU + front camera + 3 ToF sensors,2,3,119.5,119.5,heading|obstacle|pose,opponent_match,Opponent parks in the route (also drifting),21,0,1.4385,1,0
distance_sensors+apriltag_imu,camera_front|distance_sensors_3|imu,IMU + front camera + 3 ToF sensors,2,3,119.5,119.5,heading|obstacle|pose,opponent_match,Opponent parks in the route (also drifting),22,0,5.3659,1,0
distance_sensors+apriltag_imu,camera_front|distance_sensors_3|imu,IMU + front camera + 3 ToF sensors,2,3,119.5,119.5,heading|obstacle|pose,opponent_match,Opponent parks in the route (also drifting),23,0,1.9586,1,0
distance_sensors+apriltag_imu,camera_front|distance_sensors_3|imu,IMU + front camera + 3 ToF sensors,2,3,119.5,119.5,heading|obstacle|pose,opponent_match,Opponent parks in the route (also drifting),24,0,0.0,1,0
distance_sensors+apriltag_imu,camera_front|distance_sensors_3|imu,IMU + front camera + 3 ToF sensors,2,3,119.5,119.5,heading|obstacle|pose,combined_match,Everything at once (match-realistic mix),0,0,0.0,0,0
distance_sensors+apriltag_imu,camera_front|distance_sensors_3|imu,IMU + front camera + 3 ToF sensors,2,3,119.5,119.5,heading|obstacle|pose,combined_match,Everything at once (match-realistic mix),1,0,2.4508,1,0
distance_sensors+apriltag_imu,camera_front|distance_sensors_3|imu,IMU + front camera + 3 ToF sensors,2,3,119.5,119.5,heading|obstacle|pose,combined_match,Everything at once (match-realistic mix),2,0,1.915,1,0
distance_sensors+apriltag_imu,camera_front|distance_sensors_3|imu,IMU + front camera + 3 ToF sensors,2,3,119.5,119.5,heading|obstacle|pose,combined_match,Everything at once (match-realistic mix),3,0,0.6691,1,0
distance_sensors+apriltag_imu,camera_front|distance_sensors_3|imu,IMU + front camera + 3 ToF sensors,2,3,119.5,119.5,heading|obstacle|pose,combined_match,Everything at once (match-realistic mix),4,0,0.668,1,0
distance_sensors+apriltag_imu,camera_front|distance_sensors_3|imu,IMU + front camera + 3 ToF sensors,2,3,119.5,119.5,heading|obstacle|pose,combined_match,Everything at once (match-realistic mix),5,0,1.132,1,0
distance_sensors+apriltag_imu,camera_front|distance_sensors_3|imu,IMU + front camera + 3 ToF sensors,2,3,119.5,119.5,heading|obstacle|pose,combined_match,Everything at once (match-realistic mix),6,0,1.3523,1,0
distance_sensors+apriltag_imu,camera_front|distance_sensors_3|imu,IMU + front camera + 3 ToF sensors,2,3,119.5,119.5,heading|obstacle|pose,combined_match,Everything at once (match-realistic mix),7,0,1.931,1,0
distance_sensors+apriltag_imu,camera_front|distance_sensors_3|imu,IMU + front camera + 3 ToF sensors,2,3,119.5,119.5,heading|obstacle|pose,combined_match,Everything at once (match-realistic mix),8,0,1.4704,0,0
distance_sensors+apriltag_imu,camera_front|distance_sensors_3|imu,IMU + front camera + 3 ToF sensors,2,3,119.5,119.5,heading|obstacle|pose,combined_match,Everything at once (match-realistic mix),9,0,8.2245,0,0
distance_sensors+apriltag_imu,camera_front|distance_sensors_3|imu,IMU + front camera + 3 ToF sensors,2,3,119.5,119.5,heading|obstacle|pose,combined_match,Everything at once (match-realistic mix),10,0,1.8534,0,0
distance_sensors+apriltag_imu,camera_front|distance_sensors_3|imu,IMU + front camera + 3 ToF sensors,2,3,119.5,119.5,heading|obstacle|pose,combined_match,Everything at once (match-realistic mix),11,0,0.6642,1,0
distance_sensors+apriltag_imu,camera_front|distance_sensors_3|imu,IMU + front camera + 3 ToF sensors,2,3,119.5,119.5,heading|obstacle|pose,combined_match,Everything at once (match-realistic mix),12,0,2.3856,0,0
distance_sensors+apriltag_imu,camera_front|distance_sensors_3|imu,IMU + front camera + 3 ToF sensors,2,3,119.5,119.5,heading|obstacle|pose,combined_match,Everything at once (match-realistic mix),13,0,1.7874,0,0
distance_sensors+apriltag_imu,camera_front|distance_sensors_3|imu,IMU + front camera + 3 ToF sensors,2,3,119.5,119.5,heading|obstacle|pose,combined_match,Everything at once (match-realistic mix),14,0,0.0,1,0
distance_sensors+apriltag_imu,camera_front|distance_sensors_3|imu,IMU + front camera + 3 ToF sensors,2,3,119.5,119.5,heading|obstacle|pose,combined_match,Everything at once (match-realistic mix),15,0,2.6531,0,0
distance_sensors+apriltag_imu,camera_front|distance_sensors_3|imu,IMU + front camera + 3 ToF sensors,2,3,119.5,119.5,heading|obstacle|pose,combined_match,Everything at once (match-realistic mix),16,0,0.0,0,0
distance_sensors+apriltag_imu,camera_front|distance_sensors_3|imu,IMU + front camera + 3 ToF sensors,2,3,119.5,119.5,heading|obstacle|pose,combined_match,Everything at once (match-realistic mix),17,0,0.525,1,0
distance_sensors+apriltag_imu,camera_front|distance_sensors_3|imu,IMU + front camera + 3 ToF sensors,2,3,119.5,119.5,heading|obstacle|pose,combined_match,Everything at once (match-realistic mix),18,0,2.1879,1,0
distance_sensors+apriltag_imu,camera_front|distance_sensors_3|imu,IMU + front camera + 3 ToF sensors,2,3,119.5,119.5,heading|obstacle|pose,combined_match,Everything at once (match-realistic mix),19,0,0.0,1,0
distance_sensors+apriltag_imu,camera_front|distance_sensors_3|imu,IMU + front camera + 3 ToF sensors,2,3,119.5,119.5,heading|obstacle|pose,combined_match,Everything at once (match-realistic mix),20,0,0.0,1,0
distance_sensors+apriltag_imu,camera_front|distance_sensors_3|imu,IMU + front camera + 3 ToF sensors,2,3,119.5,119.5,heading|obstacle|pose,combined_match,Everything at once (match-realistic mix),21,0,0.5396,0,0
distance_sensors+apriltag_imu,camera_front|distance_sensors_3|imu,IMU + front camera + 3 ToF sensors,2,3,119.5,119.5,heading|obstacle|pose,combined_match,Everything at once (match-realistic mix),22,0,0.0,1,0
distance_sensors+apriltag_imu,camera_front|distance_sensors_3|imu,IMU + front camera + 3 ToF sensors,2,3,119.5,119.5,heading|obstacle|pose,combined_match,Everything at once (match-realistic mix),23,0,1.9586,1,0
distance_sensors+apriltag_imu,camera_front|distance_sensors_3|imu,IMU + front camera + 3 ToF sensors,2,3,119.5,119.5,heading|obstacle|pose,combined_match,Everything at once (match-realistic mix),24,0,2.9808,1,0
distance_sensors+apriltag_imu,camera_front|distance_sensors_3|imu,IMU + front camera + 3 ToF sensors,2,3,119.5,119.5,heading|obstacle|pose,corridor,"Tight corridor, mixed deviation",0,0,1.0227,1,0
distance_sensors+apriltag_imu,camera_front|distance_sensors_3|imu,IMU + front camera + 3 ToF sensors,2,3,119.5,119.5,heading|obstacle|pose,corridor,"Tight corridor, mixed deviation",1,0,5.0387,0,0
distance_sensors+apriltag_imu,camera_front|distance_sensors_3|imu,IMU + front camera + 3 ToF sensors,2,3,119.5,119.5,heading|obstacle|pose,corridor,"Tight corridor, mixed deviation",2,0,0.0,1,0
distance_sensors+apriltag_imu,camera_front|distance_sensors_3|imu,IMU + front camera + 3 ToF sensors,2,3,119.5,119.5,heading|obstacle|pose,corridor,"Tight corridor, mixed deviation",3,0,4.3096,0,0
distance_sensors+apriltag_imu,camera_front|distance_sensors_3|imu,IMU + front camera + 3 ToF sensors,2,3,119.5,119.5,heading|obstacle|pose,corridor,"Tight corridor, mixed deviation",4,0,3.9141,0,0
distance_sensors+apriltag_imu,camera_front|distance_sensors_3|imu,IMU + front camera + 3 ToF sensors,2,3,119.5,119.5,heading|obstacle|pose,corridor,"Tight corridor, mixed deviation",5,1,8.264,0,0
distance_sensors+apriltag_imu,camera_front|distance_sensors_3|imu,IMU + front camera + 3 ToF sensors,2,3,119.5,119.5,heading|obstacle|pose,corridor,"Tight corridor, mixed deviation",6,0,8.5114,0,0
distance_sensors+apriltag_imu,camera_front|distance_sensors_3|imu,IMU + front camera + 3 ToF sensors,2,3,119.5,119.5,heading|obstacle|pose,corridor,"Tight corridor, mixed deviation",7,0,4.0555,1,0
distance_sensors+apriltag_imu,camera_front|distance_sensors_3|imu,IMU + front camera + 3 ToF sensors,2,3,119.5,119.5,heading|obstacle|pose,corridor,"Tight corridor, mixed deviation",8,1,7.7229,0,0
distance_sensors+apriltag_imu,camera_front|distance_sensors_3|imu,IMU + front camera + 3 ToF sensors,2,3,119.5,119.5,heading|obstacle|pose,corridor,"Tight corridor, mixed deviation",9,0,6.9646,0,0
distance_sensors+apriltag_imu,camera_front|distance_sensors_3|imu,IMU + front camera + 3 ToF sensors,2,3,119.5,119.5,heading|obstacle|pose,corridor,"Tight corridor, mixed deviation",10,0,5.7258,1,0
distance_sensors+apriltag_imu,camera_front|distance_sensors_3|imu,IMU + front camera + 3 ToF sensors,2,3,119.5,119.5,heading|obstacle|pose,corridor,"Tight corridor, mixed deviation",11,1,6.8649,0,0
distance_sensors+apriltag_imu,camera_front|distance_sensors_3|imu,IMU + front camera + 3 ToF sensors,2,3,119.5,119.5,heading|obstacle|pose,corridor,"Tight corridor, mixed deviation",12,0,3.7444,1,0
distance_sensors+apriltag_imu,camera_front|distance_sensors_3|imu,IMU + front camera + 3 ToF sensors,2,3,119.5,119.5,heading|obstacle|pose,corridor,"Tight corridor, mixed deviation",13,0,4.207,1,0
distance_sensors+apriltag_imu,camera_front|distance_sensors_3|imu,IMU + front camera + 3 ToF sensors,2,3,119.5,119.5,heading|obstacle|pose,corridor,"Tight corridor, mixed deviation",14,0,1.3523,0,0
distance_sensors+apriltag_imu,camera_front|distance_sensors_3|imu,IMU + front camera + 3 ToF sensors,2,3,119.5,119.5,heading|obstacle|pose,corridor,"Tight corridor, mixed deviation",15,1,7.2643,0,0
distance_sensors+apriltag_imu,camera_front|distance_sensors_3|imu,IMU + front camera + 3 ToF sensors,2,3,119.5,119.5,heading|obstacle|pose,corridor,"Tight corridor, mixed deviation",16,0,2.4126,1,0
distance_sensors+apriltag_imu,camera_front|distance_sensors_3|imu,IMU + front camera + 3 ToF sensors,2,3,119.5,119.5,heading|obstacle|pose,corridor,"Tight corridor, mixed deviation",17,0,3.6108,0,0
distance_sensors+apriltag_imu,camera_front|distance_sensors_3|imu,IMU + front camera + 3 ToF sensors,2,3,119.5,119.5,heading|obstacle|pose,corridor,"Tight corridor, mixed deviation",18,0,3.4936,1,0
distance_sensors+apriltag_imu,camera_front|distance_sensors_3|imu,IMU + front camera + 3 ToF sensors,2,3,119.5,119.5,heading|obstacle|pose,corridor,"Tight corridor, mixed deviation",19,0,2.2361,0,0
distance_sensors+apriltag_imu,camera_front|distance_sensors_3|imu,IMU + front camera + 3 ToF sensors,2,3,119.5,119.5,heading|obstacle|pose,corridor,"Tight corridor, mixed deviation",20,0,8.4213,0,0
distance_sensors+apriltag_imu,camera_front|distance_sensors_3|imu,IMU + front camera + 3 ToF sensors,2,3,119.5,119.5,heading|obstacle|pose,corridor,"Tight corridor, mixed deviation",21,0,4.9558,0,0
distance_sensors+apriltag_imu,camera_front|distance_sensors_3|imu,IMU + front camera + 3 ToF sensors,2,3,119.5,119.5,heading|obstacle|pose,corridor,"Tight corridor, mixed deviation",22,0,3.3917,0,0
distance_sensors+apriltag_imu,camera_front|distance_sensors_3|imu,IMU + front camera + 3 ToF sensors,2,3,119.5,119.5,heading|obstacle|pose,corridor,"Tight corridor, mixed deviation",23,0,0.0,0,0
distance_sensors+apriltag_imu,camera_front|distance_sensors_3|imu,IMU + front camera + 3 ToF sensors,2,3,119.5,119.5,heading|obstacle|pose,corridor,"Tight corridor, mixed deviation",24,0,0.0,0,0
imu+dual_camera_apriltag,camera_front|camera_rear|imu,IMU + front camera + rear camera,2,3,50.0,50.0,heading|pose,pose_drift_match,Heavy pose drift (map also off),0,0,0.683,1,0
imu+dual_camera_apriltag,camera_front|camera_rear|imu,IMU + front camera + rear camera,2,3,50.0,50.0,heading|pose,pose_drift_match,Heavy pose drift (map also off),1,0,0.0,1,0
imu+dual_camera_apriltag,camera_front|camera_rear|imu,IMU + front camera + rear camera,2,3,50.0,50.0,heading|pose,pose_drift_match,Heavy pose drift (map also off),2,0,4.2881,1,0
imu+dual_camera_apriltag,camera_front|camera_rear|imu,IMU + front camera + rear camera,2,3,50.0,50.0,heading|pose,pose_drift_match,Heavy pose drift (map also off),3,0,1.1518,1,0
imu+dual_camera_apriltag,camera_front|camera_rear|imu,IMU + front camera + rear camera,2,3,50.0,50.0,heading|pose,pose_drift_match,Heavy pose drift (map also off),4,0,2.5508,1,0
imu+dual_camera_apriltag,camera_front|camera_rear|imu,IMU + front camera + rear camera,2,3,50.0,50.0,heading|pose,pose_drift_match,Heavy pose drift (map also off),5,0,8.9563,1,0
imu+dual_camera_apriltag,camera_front|camera_rear|imu,IMU + front camera + rear camera,2,3,50.0,50.0,heading|pose,pose_drift_match,Heavy pose drift (map also off),6,0,1.95,1,0
imu+dual_camera_apriltag,camera_front|camera_rear|imu,IMU + front camera + rear camera,2,3,50.0,50.0,heading|pose,pose_drift_match,Heavy pose drift (map also off),7,0,0.8887,1,0
imu+dual_camera_apriltag,camera_front|camera_rear|imu,IMU + front camera + rear camera,2,3,50.0,50.0,heading|pose,pose_drift_match,Heavy pose drift (map also off),8,1,2.9394,0,0
imu+dual_camera_apriltag,camera_front|camera_rear|imu,IMU + front camera + rear camera,2,3,50.0,50.0,heading|pose,pose_drift_match,Heavy pose drift (map also off),9,0,0.4508,1,0
imu+dual_camera_apriltag,camera_front|camera_rear|imu,IMU + front camera + rear camera,2,3,50.0,50.0,heading|pose,pose_drift_match,Heavy pose drift (map also off),10,1,0.9016,0,0
imu+dual_camera_apriltag,camera_front|camera_rear|imu,IMU + front camera + rear camera,2,3,50.0,50.0,heading|pose,pose_drift_match,Heavy pose drift (map also off),11,0,0.0,1,0
imu+dual_camera_apriltag,camera_front|camera_rear|imu,IMU + front camera + rear camera,2,3,50.0,50.0,heading|pose,pose_drift_match,Heavy pose drift (map also off),12,0,7.7506,1,0
imu+dual_camera_apriltag,camera_front|camera_rear|imu,IMU + front camera + rear camera,2,3,50.0,50.0,heading|pose,pose_drift_match,Heavy pose drift (map also off),13,0,1.7345,0,0
imu+dual_camera_apriltag,camera_front|camera_rear|imu,IMU + front camera + rear camera,2,3,50.0,50.0,heading|pose,pose_drift_match,Heavy pose drift (map also off),14,1,3.9542,0,0
imu+dual_camera_apriltag,camera_front|camera_rear|imu,IMU + front camera + rear camera,2,3,50.0,50.0,heading|pose,pose_drift_match,Heavy pose drift (map also off),15,0,0.8896,1,0
imu+dual_camera_apriltag,camera_front|camera_rear|imu,IMU + front camera + rear camera,2,3,50.0,50.0,heading|pose,pose_drift_match,Heavy pose drift (map also off),16,0,7.1456,1,0
imu+dual_camera_apriltag,camera_front|camera_rear|imu,IMU + front camera + rear camera,2,3,50.0,50.0,heading|pose,pose_drift_match,Heavy pose drift (map also off),17,0,1.4588,1,0
imu+dual_camera_apriltag,camera_front|camera_rear|imu,IMU + front camera + rear camera,2,3,50.0,50.0,heading|pose,pose_drift_match,Heavy pose drift (map also off),18,0,0.0,1,0
imu+dual_camera_apriltag,camera_front|camera_rear|imu,IMU + front camera + rear camera,2,3,50.0,50.0,heading|pose,pose_drift_match,Heavy pose drift (map also off),19,0,4.4657,1,0
imu+dual_camera_apriltag,camera_front|camera_rear|imu,IMU + front camera + rear camera,2,3,50.0,50.0,heading|pose,pose_drift_match,Heavy pose drift (map also off),20,0,3.1191,1,0
imu+dual_camera_apriltag,camera_front|camera_rear|imu,IMU + front camera + rear camera,2,3,50.0,50.0,heading|pose,pose_drift_match,Heavy pose drift (map also off),21,0,2.509,1,0
imu+dual_camera_apriltag,camera_front|camera_rear|imu,IMU + front camera + rear camera,2,3,50.0,50.0,heading|pose,pose_drift_match,Heavy pose drift (map also off),22,0,0.0,1,0
imu+dual_camera_apriltag,camera_front|camera_rear|imu,IMU + front camera + rear camera,2,3,50.0,50.0,heading|pose,pose_drift_match,Heavy pose drift (map also off),23,0,1.967,1,0
imu+dual_camera_apriltag,camera_front|camera_rear|imu,IMU + front camera + rear camera,2,3,50.0,50.0,heading|pose,pose_drift_match,Heavy pose drift (map also off),24,0,2.7892,1,0
imu+dual_camera_apriltag,camera_front|camera_rear|imu,IMU + front camera + rear camera,2,3,50.0,50.0,heading|pose,map_error_match,Field doesn't match the map (also drifting),0,1,3.9052,0,0
imu+dual_camera_apriltag,camera_front|camera_rear|imu,IMU + front camera + rear camera,2,3,50.0,50.0,heading|pose,map_error_match,Field doesn't match the map (also drifting),1,0,0.0,1,0
imu+dual_camera_apriltag,camera_front|camera_rear|imu,IMU + front camera + rear camera,2,3,50.0,50.0,heading|pose,map_error_match,Field doesn't match the map (also drifting),2,0,2.9748,1,0
imu+dual_camera_apriltag,camera_front|camera_rear|imu,IMU + front camera + rear camera,2,3,50.0,50.0,heading|pose,map_error_match,Field doesn't match the map (also drifting),3,0,1.1278,1,0
imu+dual_camera_apriltag,camera_front|camera_rear|imu,IMU + front camera + rear camera,2,3,50.0,50.0,heading|pose,map_error_match,Field doesn't match the map (also drifting),4,0,4.7881,1,0
imu+dual_camera_apriltag,camera_front|camera_rear|imu,IMU + front camera + rear camera,2,3,50.0,50.0,heading|pose,map_error_match,Field doesn't match the map (also drifting),5,0,2.0727,1,0
imu+dual_camera_apriltag,camera_front|camera_rear|imu,IMU + front camera + rear camera,2,3,50.0,50.0,heading|pose,map_error_match,Field doesn't match the map (also drifting),6,0,1.3523,1,0
imu+dual_camera_apriltag,camera_front|camera_rear|imu,IMU + front camera + rear camera,2,3,50.0,50.0,heading|pose,map_error_match,Field doesn't match the map (also drifting),7,0,7.9431,1,0
imu+dual_camera_apriltag,camera_front|camera_rear|imu,IMU + front camera + rear camera,2,3,50.0,50.0,heading|pose,map_error_match,Field doesn't match the map (also drifting),8,0,1.4704,0,0
imu+dual_camera_apriltag,camera_front|camera_rear|imu,IMU + front camera + rear camera,2,3,50.0,50.0,heading|pose,map_error_match,Field doesn't match the map (also drifting),9,1,6.9097,0,0
imu+dual_camera_apriltag,camera_front|camera_rear|imu,IMU + front camera + rear camera,2,3,50.0,50.0,heading|pose,map_error_match,Field doesn't match the map (also drifting),10,0,1.885,0,0
imu+dual_camera_apriltag,camera_front|camera_rear|imu,IMU + front camera + rear camera,2,3,50.0,50.0,heading|pose,map_error_match,Field doesn't match the map (also drifting),11,0,5.9151,1,0
imu+dual_camera_apriltag,camera_front|camera_rear|imu,IMU + front camera + rear camera,2,3,50.0,50.0,heading|pose,map_error_match,Field doesn't match the map (also drifting),12,0,7.7506,1,0
imu+dual_camera_apriltag,camera_front|camera_rear|imu,IMU + front camera + rear camera,2,3,50.0,50.0,heading|pose,map_error_match,Field doesn't match the map (also drifting),13,0,1.7874,0,0
imu+dual_camera_apriltag,camera_front|camera_rear|imu,IMU + front camera + rear camera,2,3,50.0,50.0,heading|pose,map_error_match,Field doesn't match the map (also drifting),14,0,4.0884,0,0
imu+dual_camera_apriltag,camera_front|camera_rear|imu,IMU + front camera + rear camera,2,3,50.0,50.0,heading|pose,map_error_match,Field doesn't match the map (also drifting),15,0,5.6965,1,0
imu+dual_camera_apriltag,camera_front|camera_rear|imu,IMU + front camera + rear camera,2,3,50.0,50.0,heading|pose,map_error_match,Field doesn't match the map (also drifting),16,0,0.7216,1,0
imu+dual_camera_apriltag,camera_front|camera_rear|imu,IMU + front camera + rear camera,2,3,50.0,50.0,heading|pose,map_error_match,Field doesn't match the map (also drifting),17,0,1.4266,1,0
imu+dual_camera_apriltag,camera_front|camera_rear|imu,IMU + front camera + rear camera,2,3,50.0,50.0,heading|pose,map_error_match,Field doesn't match the map (also drifting),18,0,1.2371,1,0
imu+dual_camera_apriltag,camera_front|camera_rear|imu,IMU + front camera + rear camera,2,3,50.0,50.0,heading|pose,map_error_match,Field doesn't match the map (also drifting),19,0,5.0689,1,0
imu+dual_camera_apriltag,camera_front|camera_rear|imu,IMU + front camera + rear camera,2,3,50.0,50.0,heading|pose,map_error_match,Field doesn't match the map (also drifting),20,0,0.0,1,0
imu+dual_camera_apriltag,camera_front|camera_rear|imu,IMU + front camera + rear camera,2,3,50.0,50.0,heading|pose,map_error_match,Field doesn't match the map (also drifting),21,0,0.7749,1,0
imu+dual_camera_apriltag,camera_front|camera_rear|imu,IMU + front camera + rear camera,2,3,50.0,50.0,heading|pose,map_error_match,Field doesn't match the map (also drifting),22,0,1.7197,1,0
imu+dual_camera_apriltag,camera_front|camera_rear|imu,IMU + front camera + rear camera,2,3,50.0,50.0,heading|pose,map_error_match,Field doesn't match the map (also drifting),23,0,1.9586,1,0
imu+dual_camera_apriltag,camera_front|camera_rear|imu,IMU + front camera + rear camera,2,3,50.0,50.0,heading|pose,map_error_match,Field doesn't match the map (also drifting),24,0,3.0123,1,0
imu+dual_camera_apriltag,camera_front|camera_rear|imu,IMU + front camera + rear camera,2,3,50.0,50.0,heading|pose,opponent_match,Opponent parks in the route (also drifting),0,1,3.8546,0,0
imu+dual_camera_apriltag,camera_front|camera_rear|imu,IMU + front camera + rear camera,2,3,50.0,50.0,heading|pose,opponent_match,Opponent parks in the route (also drifting),1,0,2.9508,1,0
imu+dual_camera_apriltag,camera_front|camera_rear|imu,IMU + front camera + rear camera,2,3,50.0,50.0,heading|pose,opponent_match,Opponent parks in the route (also drifting),2,0,2.9748,1,0
imu+dual_camera_apriltag,camera_front|camera_rear|imu,IMU + front camera + rear camera,2,3,50.0,50.0,heading|pose,opponent_match,Opponent parks in the route (also drifting),3,0,1.1518,1,0
imu+dual_camera_apriltag,camera_front|camera_rear|imu,IMU + front camera + rear camera,2,3,50.0,50.0,heading|pose,opponent_match,Opponent parks in the route (also drifting),4,0,2.9866,1,0
imu+dual_camera_apriltag,camera_front|camera_rear|imu,IMU + front camera + rear camera,2,3,50.0,50.0,heading|pose,opponent_match,Opponent parks in the route (also drifting),5,0,2.0452,1,0
imu+dual_camera_apriltag,camera_front|camera_rear|imu,IMU + front camera + rear camera,2,3,50.0,50.0,heading|pose,opponent_match,Opponent parks in the route (also drifting),6,0,0.5327,1,0
imu+dual_camera_apriltag,camera_front|camera_rear|imu,IMU + front camera + rear camera,2,3,50.0,50.0,heading|pose,opponent_match,Opponent parks in the route (also drifting),7,0,4.8297,1,0
imu+dual_camera_apriltag,camera_front|camera_rear|imu,IMU + front camera + rear camera,2,3,50.0,50.0,heading|pose,opponent_match,Opponent parks in the route (also drifting),8,1,1.9031,0,0
imu+dual_camera_apriltag,camera_front|camera_rear|imu,IMU + front camera + rear camera,2,3,50.0,50.0,heading|pose,opponent_match,Opponent parks in the route (also drifting),9,0,3.691,1,0
imu+dual_camera_apriltag,camera_front|camera_rear|imu,IMU + front camera + rear camera,2,3,50.0,50.0,heading|pose,opponent_match,Opponent parks in the route (also drifting),10,0,0.4508,1,0
imu+dual_camera_apriltag,camera_front|camera_rear|imu,IMU + front camera + rear camera,2,3,50.0,50.0,heading|pose,opponent_match,Opponent parks in the route (also drifting),11,0,5.0425,1,0
imu+dual_camera_apriltag,camera_front|camera_rear|imu,IMU + front camera + rear camera,2,3,50.0,50.0,heading|pose,opponent_match,Opponent parks in the route (also drifting),12,0,4.5078,1,0
imu+dual_camera_apriltag,camera_front|camera_rear|imu,IMU + front camera + rear camera,2,3,50.0,50.0,heading|pose,opponent_match,Opponent parks in the route (also drifting),13,0,0.9016,1,0
imu+dual_camera_apriltag,camera_front|camera_rear|imu,IMU + front camera + rear camera,2,3,50.0,50.0,heading|pose,opponent_match,Opponent parks in the route (also drifting),14,0,1.0734,1,0
imu+dual_camera_apriltag,camera_front|camera_rear|imu,IMU + front camera + rear camera,2,3,50.0,50.0,heading|pose,opponent_match,Opponent parks in the route (also drifting),15,0,6.8652,1,0
imu+dual_camera_apriltag,camera_front|camera_rear|imu,IMU + front camera + rear camera,2,3,50.0,50.0,heading|pose,opponent_match,Opponent parks in the route (also drifting),16,0,4.0719,1,0
imu+dual_camera_apriltag,camera_front|camera_rear|imu,IMU + front camera + rear camera,2,3,50.0,50.0,heading|pose,opponent_match,Opponent parks in the route (also drifting),17,0,8.6143,1,0
imu+dual_camera_apriltag,camera_front|camera_rear|imu,IMU + front camera + rear camera,2,3,50.0,50.0,heading|pose,opponent_match,Opponent parks in the route (also drifting),18,0,1.2371,1,0
imu+dual_camera_apriltag,camera_front|camera_rear|imu,IMU + front camera + rear camera,2,3,50.0,50.0,heading|pose,opponent_match,Opponent parks in the route (also drifting),19,0,2.6281,1,0
imu+dual_camera_apriltag,camera_front|camera_rear|imu,IMU + front camera + rear camera,2,3,50.0,50.0,heading|pose,opponent_match,Opponent parks in the route (also drifting),20,0,3.0986,1,0
imu+dual_camera_apriltag,camera_front|camera_rear|imu,IMU + front camera + rear camera,2,3,50.0,50.0,heading|pose,opponent_match,Opponent parks in the route (also drifting),21,0,0.7722,1,0
imu+dual_camera_apriltag,camera_front|camera_rear|imu,IMU + front camera + rear camera,2,3,50.0,50.0,heading|pose,opponent_match,Opponent parks in the route (also drifting),22,1,9.1361,0,0
imu+dual_camera_apriltag,camera_front|camera_rear|imu,IMU + front camera + rear camera,2,3,50.0,50.0,heading|pose,opponent_match,Opponent parks in the route (also drifting),23,0,1.9586,1,0
imu+dual_camera_apriltag,camera_front|camera_rear|imu,IMU + front camera + rear camera,2,3,50.0,50.0,heading|pose,opponent_match,Opponent parks in the route (also drifting),24,0,1.4492,1,0
imu+dual_camera_apriltag,camera_front|camera_rear|imu,IMU + front camera + rear camera,2,3,50.0,50.0,heading|pose,combined_match,Everything at once (match-realistic mix),0,1,3.9052,0,0
imu+dual_camera_apriltag,camera_front|camera_rear|imu,IMU + front camera + rear camera,2,3,50.0,50.0,heading|pose,combined_match,Everything at once (match-realistic mix),1,0,0.0,1,0
imu+dual_camera_apriltag,camera_front|camera_rear|imu,IMU + front camera + rear camera,2,3,50.0,50.0,heading|pose,combined_match,Everything at once (match-realistic mix),2,0,1.1889,1,0
imu+dual_camera_apriltag,camera_front|camera_rear|imu,IMU + front camera + rear camera,2,3,50.0,50.0,heading|pose,combined_match,Everything at once (match-realistic mix),3,0,1.8693,1,0
imu+dual_camera_apriltag,camera_front|camera_rear|imu,IMU + front camera + rear camera,2,3,50.0,50.0,heading|pose,combined_match,Everything at once (match-realistic mix),4,0,2.9866,1,0
imu+dual_camera_apriltag,camera_front|camera_rear|imu,IMU + front camera + rear camera,2,3,50.0,50.0,heading|pose,combined_match,Everything at once (match-realistic mix),5,0,4.3219,1,0
imu+dual_camera_apriltag,camera_front|camera_rear|imu,IMU + front camera + rear camera,2,3,50.0,50.0,heading|pose,combined_match,Everything at once (match-realistic mix),6,0,1.3523,1,0
imu+dual_camera_apriltag,camera_front|camera_rear|imu,IMU + front camera + rear camera,2,3,50.0,50.0,heading|pose,combined_match,Everything at once (match-realistic mix),7,0,7.9431,1,0
imu+dual_camera_apriltag,camera_front|camera_rear|imu,IMU + front camera + rear camera,2,3,50.0,50.0,heading|pose,combined_match,Everything at once (match-realistic mix),8,0,1.4704,0,0
imu+dual_camera_apriltag,camera_front|camera_rear|imu,IMU + front camera + rear camera,2,3,50.0,50.0,heading|pose,combined_match,Everything at once (match-realistic mix),9,0,6.1736,1,0
imu+dual_camera_apriltag,camera_front|camera_rear|imu,IMU + front camera + rear camera,2,3,50.0,50.0,heading|pose,combined_match,Everything at once (match-realistic mix),10,0,1.8534,0,0
imu+dual_camera_apriltag,camera_front|camera_rear|imu,IMU + front camera + rear camera,2,3,50.0,50.0,heading|pose,combined_match,Everything at once (match-realistic mix),11,0,0.0,1,0
imu+dual_camera_apriltag,camera_front|camera_rear|imu,IMU + front camera + rear camera,2,3,50.0,50.0,heading|pose,combined_match,Everything at once (match-realistic mix),12,0,7.7506,1,0
imu+dual_camera_apriltag,camera_front|camera_rear|imu,IMU + front camera + rear camera,2,3,50.0,50.0,heading|pose,combined_match,Everything at once (match-realistic mix),13,0,1.7874,0,0
imu+dual_camera_apriltag,camera_front|camera_rear|imu,IMU + front camera + rear camera,2,3,50.0,50.0,heading|pose,combined_match,Everything at once (match-realistic mix),14,1,3.9542,0,0
imu+dual_camera_apriltag,camera_front|camera_rear|imu,IMU + front camera + rear camera,2,3,50.0,50.0,heading|pose,combined_match,Everything at once (match-realistic mix),15,0,3.59,1,0
imu+dual_camera_apriltag,camera_front|camera_rear|imu,IMU + front camera + rear camera,2,3,50.0,50.0,heading|pose,combined_match,Everything at once (match-realistic mix),16,0,0.7216,1,0
imu+dual_camera_apriltag,camera_front|camera_rear|imu,IMU + front camera + rear camera,2,3,50.0,50.0,heading|pose,combined_match,Everything at once (match-realistic mix),17,0,1.4266,1,0
imu+dual_camera_apriltag,camera_front|camera_rear|imu,IMU + front camera + rear camera,2,3,50.0,50.0,heading|pose,combined_match,Everything at once (match-realistic mix),18,0,1.2371,1,0
imu+dual_camera_apriltag,camera_front|camera_rear|imu,IMU + front camera + rear camera,2,3,50.0,50.0,heading|pose,combined_match,Everything at once (match-realistic mix),19,0,10.3385,0,0
imu+dual_camera_apriltag,camera_front|camera_rear|imu,IMU + front camera + rear camera,2,3,50.0,50.0,heading|pose,combined_match,Everything at once (match-realistic mix),20,0,0.0,1,0
imu+dual_camera_apriltag,camera_front|camera_rear|imu,IMU + front camera + rear camera,2,3,50.0,50.0,heading|pose,combined_match,Everything at once (match-realistic mix),21,0,0.7749,1,0
imu+dual_camera_apriltag,camera_front|camera_rear|imu,IMU + front camera + rear camera,2,3,50.0,50.0,heading|pose,combined_match,Everything at once (match-realistic mix),22,0,1.7197,1,0
imu+dual_camera_apriltag,camera_front|camera_rear|imu,IMU + front camera + rear camera,2,3,50.0,50.0,heading|pose,combined_match,Everything at once (match-realistic mix),23,0,1.9586,1,0
imu+dual_camera_apriltag,camera_front|camera_rear|imu,IMU + front camera + rear camera,2,3,50.0,50.0,heading|pose,combined_match,Everything at once (match-realistic mix),24,0,3.0123,1,0
imu+dual_camera_apriltag,camera_front|camera_rear|imu,IMU + front camera + rear camera,2,3,50.0,50.0,heading|pose,corridor,"Tight corridor, mixed deviation",0,1,6.4234,0,0
imu+dual_camera_apriltag,camera_front|camera_rear|imu,IMU + front camera + rear camera,2,3,50.0,50.0,heading|pose,corridor,"Tight corridor, mixed deviation",1,0,4.6682,0,0
imu+dual_camera_apriltag,camera_front|camera_rear|imu,IMU + front camera + rear camera,2,3,50.0,50.0,heading|pose,corridor,"Tight corridor, mixed deviation",2,0,8.2378,1,0
imu+dual_camera_apriltag,camera_front|camera_rear|imu,IMU + front camera + rear camera,2,3,50.0,50.0,heading|pose,corridor,"Tight corridor, mixed deviation",3,0,1.3337,1,0
imu+dual_camera_apriltag,camera_front|camera_rear|imu,IMU + front camera + rear camera,2,3,50.0,50.0,heading|pose,corridor,"Tight corridor, mixed deviation",4,0,4.1141,0,0
imu+dual_camera_apriltag,camera_front|camera_rear|imu,IMU + front camera + rear camera,2,3,50.0,50.0,heading|pose,corridor,"Tight corridor, mixed deviation",5,1,8.264,0,0
imu+dual_camera_apriltag,camera_front|camera_rear|imu,IMU + front camera + rear camera,2,3,50.0,50.0,heading|pose,corridor,"Tight corridor, mixed deviation",6,1,8.1014,0,0
imu+dual_camera_apriltag,camera_front|camera_rear|imu,IMU + front camera + rear camera,2,3,50.0,50.0,heading|pose,corridor,"Tight corridor, mixed deviation",7,0,13.1435,1,0
imu+dual_camera_apriltag,camera_front|camera_rear|imu,IMU + front camera + rear camera,2,3,50.0,50.0,heading|pose,corridor,"Tight corridor, mixed deviation",8,1,7.7477,0,0
imu+dual_camera_apriltag,camera_front|camera_rear|imu,IMU + front camera + rear camera,2,3,50.0,50.0,heading|pose,corridor,"Tight corridor, mixed deviation",9,0,6.8198,0,0
imu+dual_camera_apriltag,camera_front|camera_rear|imu,IMU + front camera + rear camera,2,3,50.0,50.0,heading|pose,corridor,"Tight corridor, mixed deviation",10,1,6.8838,0,0
imu+dual_camera_apriltag,camera_front|camera_rear|imu,IMU + front camera + rear camera,2,3,50.0,50.0,heading|pose,corridor,"Tight corridor, mixed deviation",11,1,6.9149,0,0
imu+dual_camera_apriltag,camera_front|camera_rear|imu,IMU + front camera + rear camera,2,3,50.0,50.0,heading|pose,corridor,"Tight corridor, mixed deviation",12,1,8.7053,0,0
imu+dual_camera_apriltag,camera_front|camera_rear|imu,IMU + front camera + rear camera,2,3,50.0,50.0,heading|pose,corridor,"Tight corridor, mixed deviation",13,0,4.207,1,0
imu+dual_camera_apriltag,camera_front|camera_rear|imu,IMU + front camera + rear camera,2,3,50.0,50.0,heading|pose,corridor,"Tight corridor, mixed deviation",14,0,2.1229,0,0
imu+dual_camera_apriltag,camera_front|camera_rear|imu,IMU + front camera + rear camera,2,3,50.0,50.0,heading|pose,corridor,"Tight corridor, mixed deviation",15,1,7.4643,0,0
imu+dual_camera_apriltag,camera_front|camera_rear|imu,IMU + front camera + rear camera,2,3,50.0,50.0,heading|pose,corridor,"Tight corridor, mixed deviation",16,0,12.336,0,0
imu+dual_camera_apriltag,camera_front|camera_rear|imu,IMU + front camera + rear camera,2,3,50.0,50.0,heading|pose,corridor,"Tight corridor, mixed deviation",17,0,2.9448,0,0
imu+dual_camera_apriltag,camera_front|camera_rear|imu,IMU + front camera + rear camera,2,3,50.0,50.0,heading|pose,corridor,"Tight corridor, mixed deviation",18,0,13.4208,0,0
imu+dual_camera_apriltag,camera_front|camera_rear|imu,IMU + front camera + rear camera,2,3,50.0,50.0,heading|pose,corridor,"Tight corridor, mixed deviation",19,0,2.3113,0,0
imu+dual_camera_apriltag,camera_front|camera_rear|imu,IMU + front camera + rear camera,2,3,50.0,50.0,heading|pose,corridor,"Tight corridor, mixed deviation",20,0,8.4213,0,0
imu+dual_camera_apriltag,camera_front|camera_rear|imu,IMU + front camera + rear camera,2,3,50.0,50.0,heading|pose,corridor,"Tight corridor, mixed deviation",21,0,5.1558,0,0
imu+dual_camera_apriltag,camera_front|camera_rear|imu,IMU + front camera + rear camera,2,3,50.0,50.0,heading|pose,corridor,"Tight corridor, mixed deviation",22,0,3.1917,0,0
imu+dual_camera_apriltag,camera_front|camera_rear|imu,IMU + front camera + rear camera,2,3,50.0,50.0,heading|pose,corridor,"Tight corridor, mixed deviation",23,0,3.6038,1,0
imu+dual_camera_apriltag,camera_front|camera_rear|imu,IMU + front camera + rear camera,2,3,50.0,50.0,heading|pose,corridor,"Tight corridor, mixed deviation",24,1,7.2549,0,0
odometry_pods+distance_sensors+apriltag,camera_front|distance_sensors_3|odometry_pods,odometry pods + front camera + 3 ToF sensors,3,3,314.35,314.35,drift|obstacle|pose,pose_drift_match,Heavy pose drift (map also off),0,0,3.8578,1,0
odometry_pods+distance_sensors+apriltag,camera_front|distance_sensors_3|odometry_pods,odometry pods + front camera + 3 ToF sensors,3,3,314.35,314.35,drift|obstacle|pose,pose_drift_match,Heavy pose drift (map also off),1,0,0.0,1,0
odometry_pods+distance_sensors+apriltag,camera_front|distance_sensors_3|odometry_pods,odometry pods + front camera + 3 ToF sensors,3,3,314.35,314.35,drift|obstacle|pose,pose_drift_match,Heavy pose drift (map also off),2,0,0.0,1,0
odometry_pods+distance_sensors+apriltag,camera_front|distance_sensors_3|odometry_pods,odometry pods + front camera + 3 ToF sensors,3,3,314.35,314.35,drift|obstacle|pose,pose_drift_match,Heavy pose drift (map also off),3,0,0.6005,1,0
odometry_pods+distance_sensors+apriltag,camera_front|distance_sensors_3|odometry_pods,odometry pods + front camera + 3 ToF sensors,3,3,314.35,314.35,drift|obstacle|pose,pose_drift_match,Heavy pose drift (map also off),4,0,0.683,1,0
odometry_pods+distance_sensors+apriltag,camera_front|distance_sensors_3|odometry_pods,odometry pods + front camera + 3 ToF sensors,3,3,314.35,314.35,drift|obstacle|pose,pose_drift_match,Heavy pose drift (map also off),5,0,1.5929,1,0
odometry_pods+distance_sensors+apriltag,camera_front|distance_sensors_3|odometry_pods,odometry pods + front camera + 3 ToF sensors,3,3,314.35,314.35,drift|obstacle|pose,pose_drift_match,Heavy pose drift (map also off),6,0,1.9655,0,0
odometry_pods+distance_sensors+apriltag,camera_front|distance_sensors_3|odometry_pods,odometry pods + front camera + 3 ToF sensors,3,3,314.35,314.35,drift|obstacle|pose,pose_drift_match,Heavy pose drift (map also off),7,0,1.3136,1,0
odometry_pods+distance_sensors+apriltag,camera_front|distance_sensors_3|odometry_pods,odometry pods + front camera + 3 ToF sensors,3,3,314.35,314.35,drift|obstacle|pose,pose_drift_match,Heavy pose drift (map also off),8,1,2.9394,0,0
odometry_pods+distance_sensors+apriltag,camera_front|distance_sensors_3|odometry_pods,odometry pods + front camera + 3 ToF sensors,3,3,314.35,314.35,drift|obstacle|pose,pose_drift_match,Heavy pose drift (map also off),9,0,0.0,1,0
odometry_pods+distance_sensors+apriltag,camera_front|distance_sensors_3|odometry_pods,odometry pods + front camera + 3 ToF sensors,3,3,314.35,314.35,drift|obstacle|pose,pose_drift_match,Heavy pose drift (map also off),10,1,0.9016,0,0
odometry_pods+distance_sensors+apriltag,camera_front|distance_sensors_3|odometry_pods,odometry pods + front camera + 3 ToF sensors,3,3,314.35,314.35,drift|obstacle|pose,pose_drift_match,Heavy pose drift (map also off),11,0,0.6762,1,0
odometry_pods+distance_sensors+apriltag,camera_front|distance_sensors_3|odometry_pods,odometry pods + front camera + 3 ToF sensors,3,3,314.35,314.35,drift|obstacle|pose,pose_drift_match,Heavy pose drift (map also off),12,0,2.3856,0,0
odometry_pods+distance_sensors+apriltag,camera_front|distance_sensors_3|odometry_pods,odometry pods + front camera + 3 ToF sensors,3,3,314.35,314.35,drift|obstacle|pose,pose_drift_match,Heavy pose drift (map also off),13,0,1.7345,0,0
odometry_pods+distance_sensors+apriltag,camera_front|distance_sensors_3|odometry_pods,odometry pods + front camera + 3 ToF sensors,3,3,314.35,314.35,drift|obstacle|pose,pose_drift_match,Heavy pose drift (map also off),14,0,0.0,1,0
odometry_pods+distance_sensors+apriltag,camera_front|distance_sensors_3|odometry_pods,odometry pods + front camera + 3 ToF sensors,3,3,314.35,314.35,drift|obstacle|pose,pose_drift_match,Heavy pose drift (map also off),15,0,6.2541,1,0
odometry_pods+distance_sensors+apriltag,camera_front|distance_sensors_3|odometry_pods,odometry pods + front camera + 3 ToF sensors,3,3,314.35,314.35,drift|obstacle|pose,pose_drift_match,Heavy pose drift (map also off),16,0,0.7157,1,0
odometry_pods+distance_sensors+apriltag,camera_front|distance_sensors_3|odometry_pods,odometry pods + front camera + 3 ToF sensors,3,3,314.35,314.35,drift|obstacle|pose,pose_drift_match,Heavy pose drift (map also off),17,0,1.3933,1,0
odometry_pods+distance_sensors+apriltag,camera_front|distance_sensors_3|odometry_pods,odometry pods + front camera + 3 ToF sensors,3,3,314.35,314.35,drift|obstacle|pose,pose_drift_match,Heavy pose drift (map also off),18,0,0.0,1,0
odometry_pods+distance_sensors+apriltag,camera_front|distance_sensors_3|odometry_pods,odometry pods + front camera + 3 ToF sensors,3,3,314.35,314.35,drift|obstacle|pose,pose_drift_match,Heavy pose drift (map also off),19,0,0.0,1,0
odometry_pods+distance_sensors+apriltag,camera_front|distance_sensors_3|odometry_pods,odometry pods + front camera + 3 ToF sensors,3,3,314.35,314.35,drift|obstacle|pose,pose_drift_match,Heavy pose drift (map also off),20,1,4.4706,0,0
odometry_pods+distance_sensors+apriltag,camera_front|distance_sensors_3|odometry_pods,odometry pods + front camera + 3 ToF sensors,3,3,314.35,314.35,drift|obstacle|pose,pose_drift_match,Heavy pose drift (map also off),21,0,1.6876,1,0
odometry_pods+distance_sensors+apriltag,camera_front|distance_sensors_3|odometry_pods,odometry pods + front camera + 3 ToF sensors,3,3,314.35,314.35,drift|obstacle|pose,pose_drift_match,Heavy pose drift (map also off),22,0,5.5202,1,0
odometry_pods+distance_sensors+apriltag,camera_front|distance_sensors_3|odometry_pods,odometry pods + front camera + 3 ToF sensors,3,3,314.35,314.35,drift|obstacle|pose,pose_drift_match,Heavy pose drift (map also off),23,0,1.967,1,0
odometry_pods+distance_sensors+apriltag,camera_front|distance_sensors_3|odometry_pods,odometry pods + front camera + 3 ToF sensors,3,3,314.35,314.35,drift|obstacle|pose,pose_drift_match,Heavy pose drift (map also off),24,0,3.9554,1,0
odometry_pods+distance_sensors+apriltag,camera_front|distance_sensors_3|odometry_pods,odometry pods + front camera + 3 ToF sensors,3,3,314.35,314.35,drift|obstacle|pose,map_error_match,Field doesn't match the map (also drifting),0,0,0.0,0,0
odometry_pods+distance_sensors+apriltag,camera_front|distance_sensors_3|odometry_pods,odometry pods + front camera + 3 ToF sensors,3,3,314.35,314.35,drift|obstacle|pose,map_error_match,Field doesn't match the map (also drifting),1,0,6.2907,1,0
odometry_pods+distance_sensors+apriltag,camera_front|distance_sensors_3|odometry_pods,odometry pods + front camera + 3 ToF sensors,3,3,314.35,314.35,drift|obstacle|pose,map_error_match,Field doesn't match the map (also drifting),2,0,0.0,1,0
odometry_pods+distance_sensors+apriltag,camera_front|distance_sensors_3|odometry_pods,odometry pods + front camera + 3 ToF sensors,3,3,314.35,314.35,drift|obstacle|pose,map_error_match,Field doesn't match the map (also drifting),3,0,0.0,1,0
odometry_pods+distance_sensors+apriltag,camera_front|distance_sensors_3|odometry_pods,odometry pods + front camera + 3 ToF sensors,3,3,314.35,314.35,drift|obstacle|pose,map_error_match,Field doesn't match the map (also drifting),4,0,1.6834,1,0
odometry_pods+distance_sensors+apriltag,camera_front|distance_sensors_3|odometry_pods,odometry pods + front camera + 3 ToF sensors,3,3,314.35,314.35,drift|obstacle|pose,map_error_match,Field doesn't match the map (also drifting),5,0,1.5828,1,0
odometry_pods+distance_sensors+apriltag,camera_front|distance_sensors_3|odometry_pods,odometry pods + front camera + 3 ToF sensors,3,3,314.35,314.35,drift|obstacle|pose,map_error_match,Field doesn't match the map (also drifting),6,0,1.3523,1,0
odometry_pods+distance_sensors+apriltag,camera_front|distance_sensors_3|odometry_pods,odometry pods + front camera + 3 ToF sensors,3,3,314.35,314.35,drift|obstacle|pose,map_error_match,Field doesn't match the map (also drifting),7,1,11.4009,0,0
odometry_pods+distance_sensors+apriltag,camera_front|distance_sensors_3|odometry_pods,odometry pods + front camera + 3 ToF sensors,3,3,314.35,314.35,drift|obstacle|pose,map_error_match,Field doesn't match the map (also drifting),8,0,1.4704,0,0
odometry_pods+distance_sensors+apriltag,camera_front|distance_sensors_3|odometry_pods,odometry pods + front camera + 3 ToF sensors,3,3,314.35,314.35,drift|obstacle|pose,map_error_match,Field doesn't match the map (also drifting),9,0,6.9392,0,0
odometry_pods+distance_sensors+apriltag,camera_front|distance_sensors_3|odometry_pods,odometry pods + front camera + 3 ToF sensors,3,3,314.35,314.35,drift|obstacle|pose,map_error_match,Field doesn't match the map (also drifting),10,0,1.885,0,0
odometry_pods+distance_sensors+apriltag,camera_front|distance_sensors_3|odometry_pods,odometry pods + front camera + 3 ToF sensors,3,3,314.35,314.35,drift|obstacle|pose,map_error_match,Field doesn't match the map (also drifting),11,0,0.6508,1,0
odometry_pods+distance_sensors+apriltag,camera_front|distance_sensors_3|odometry_pods,odometry pods + front camera + 3 ToF sensors,3,3,314.35,314.35,drift|obstacle|pose,map_error_match,Field doesn't match the map (also drifting),12,0,2.3856,0,0
odometry_pods+distance_sensors+apriltag,camera_front|distance_sensors_3|odometry_pods,odometry pods + front camera + 3 ToF sensors,3,3,314.35,314.35,drift|obstacle|pose,map_error_match,Field doesn't match the map (also drifting),13,0,1.7874,0,0
odometry_pods+distance_sensors+apriltag,camera_front|distance_sensors_3|odometry_pods,odometry pods + front camera + 3 ToF sensors,3,3,314.35,314.35,drift|obstacle|pose,map_error_match,Field doesn't match the map (also drifting),14,0,0.0,1,0
odometry_pods+distance_sensors+apriltag,camera_front|distance_sensors_3|odometry_pods,odometry pods + front camera + 3 ToF sensors,3,3,314.35,314.35,drift|obstacle|pose,map_error_match,Field doesn't match the map (also drifting),15,0,1.9058,0,0
odometry_pods+distance_sensors+apriltag,camera_front|distance_sensors_3|odometry_pods,odometry pods + front camera + 3 ToF sensors,3,3,314.35,314.35,drift|obstacle|pose,map_error_match,Field doesn't match the map (also drifting),16,0,0.0,0,0
odometry_pods+distance_sensors+apriltag,camera_front|distance_sensors_3|odometry_pods,odometry pods + front camera + 3 ToF sensors,3,3,314.35,314.35,drift|obstacle|pose,map_error_match,Field doesn't match the map (also drifting),17,0,0.525,1,0
odometry_pods+distance_sensors+apriltag,camera_front|distance_sensors_3|odometry_pods,odometry pods + front camera + 3 ToF sensors,3,3,314.35,314.35,drift|obstacle|pose,map_error_match,Field doesn't match the map (also drifting),18,0,7.0957,1,0
odometry_pods+distance_sensors+apriltag,camera_front|distance_sensors_3|odometry_pods,odometry pods + front camera + 3 ToF sensors,3,3,314.35,314.35,drift|obstacle|pose,map_error_match,Field doesn't match the map (also drifting),19,0,0.0,1,0
odometry_pods+distance_sensors+apriltag,camera_front|distance_sensors_3|odometry_pods,odometry pods + front camera + 3 ToF sensors,3,3,314.35,314.35,drift|obstacle|pose,map_error_match,Field doesn't match the map (also drifting),20,0,0.0,1,0
odometry_pods+distance_sensors+apriltag,camera_front|distance_sensors_3|odometry_pods,odometry pods + front camera + 3 ToF sensors,3,3,314.35,314.35,drift|obstacle|pose,map_error_match,Field doesn't match the map (also drifting),21,0,0.5396,0,0
odometry_pods+distance_sensors+apriltag,camera_front|distance_sensors_3|odometry_pods,odometry pods + front camera + 3 ToF sensors,3,3,314.35,314.35,drift|obstacle|pose,map_error_match,Field doesn't match the map (also drifting),22,0,0.0,1,0
odometry_pods+distance_sensors+apriltag,camera_front|distance_sensors_3|odometry_pods,odometry pods + front camera + 3 ToF sensors,3,3,314.35,314.35,drift|obstacle|pose,map_error_match,Field doesn't match the map (also drifting),23,0,1.9586,1,0
odometry_pods+distance_sensors+apriltag,camera_front|distance_sensors_3|odometry_pods,odometry pods + front camera + 3 ToF sensors,3,3,314.35,314.35,drift|obstacle|pose,map_error_match,Field doesn't match the map (also drifting),24,0,2.9808,1,0
odometry_pods+distance_sensors+apriltag,camera_front|distance_sensors_3|odometry_pods,odometry pods + front camera + 3 ToF sensors,3,3,314.35,314.35,drift|obstacle|pose,opponent_match,Opponent parks in the route (also drifting),0,0,0.0,0,0
odometry_pods+distance_sensors+apriltag,camera_front|distance_sensors_3|odometry_pods,odometry pods + front camera + 3 ToF sensors,3,3,314.35,314.35,drift|obstacle|pose,opponent_match,Opponent parks in the route (also drifting),1,0,2.0062,1,0
odometry_pods+distance_sensors+apriltag,camera_front|distance_sensors_3|odometry_pods,odometry pods + front camera + 3 ToF sensors,3,3,314.35,314.35,drift|obstacle|pose,opponent_match,Opponent parks in the route (also drifting),2,0,0.0,1,0
odometry_pods+distance_sensors+apriltag,camera_front|distance_sensors_3|odometry_pods,odometry pods + front camera + 3 ToF sensors,3,3,314.35,314.35,drift|obstacle|pose,opponent_match,Opponent parks in the route (also drifting),3,0,0.6005,1,0
odometry_pods+distance_sensors+apriltag,camera_front|distance_sensors_3|odometry_pods,odometry pods + front camera + 3 ToF sensors,3,3,314.35,314.35,drift|obstacle|pose,opponent_match,Opponent parks in the route (also drifting),4,0,0.668,1,0
odometry_pods+distance_sensors+apriltag,camera_front|distance_sensors_3|odometry_pods,odometry pods + front camera + 3 ToF sensors,3,3,314.35,314.35,drift|obstacle|pose,opponent_match,Opponent parks in the route (also drifting),5,0,1.1436,1,0
odometry_pods+distance_sensors+apriltag,camera_front|distance_sensors_3|odometry_pods,odometry pods + front camera + 3 ToF sensors,3,3,314.35,314.35,drift|obstacle|pose,opponent_match,Opponent parks in the route (also drifting),6,1,2.735,0,0
odometry_pods+distance_sensors+apriltag,camera_front|distance_sensors_3|odometry_pods,odometry pods + front camera + 3 ToF sensors,3,3,314.35,314.35,drift|obstacle|pose,opponent_match,Opponent parks in the route (also drifting),7,0,4.151,1,0
odometry_pods+distance_sensors+apriltag,camera_front|distance_sensors_3|odometry_pods,odometry pods + front camera + 3 ToF sensors,3,3,314.35,314.35,drift|obstacle|pose,opponent_match,Opponent parks in the route (also drifting),8,1,1.9031,0,0
odometry_pods+distance_sensors+apriltag,camera_front|distance_sensors_3|odometry_pods,odometry pods + front camera + 3 ToF sensors,3,3,314.35,314.35,drift|obstacle|pose,opponent_match,Opponent parks in the route (also drifting),9,0,3.491,1,0
odometry_pods+distance_sensors+apriltag,camera_front|distance_sensors_3|odometry_pods,odometry pods + front camera + 3 ToF sensors,3,3,314.35,314.35,drift|obstacle|pose,opponent_match,Opponent parks in the route (also drifting),10,0,2.5737,0,0
odometry_pods+distance_sensors+apriltag,camera_front|distance_sensors_3|odometry_pods,odometry pods + front camera + 3 ToF sensors,3,3,314.35,314.35,drift|obstacle|pose,opponent_match,Opponent parks in the route (also drifting),11,0,1.4087,0,0
odometry_pods+distance_sensors+apriltag,camera_front|distance_sensors_3|odometry_pods,odometry pods + front camera + 3 ToF sensors,3,3,314.35,314.35,drift|obstacle|pose,opponent_match,Opponent parks in the route (also drifting),12,0,2.3039,0,0
odometry_pods+distance_sensors+apriltag,camera_front|distance_sensors_3|odometry_pods,odometry pods + front camera + 3 ToF sensors,3,3,314.35,314.35,drift|obstacle|pose,opponent_match,Opponent parks in the route (also drifting),13,0,0.9016,1,0
odometry_pods+distance_sensors+apriltag,camera_front|distance_sensors_3|odometry_pods,odometry pods + front camera + 3 ToF sensors,3,3,314.35,314.35,drift|obstacle|pose,opponent_match,Opponent parks in the route (also drifting),14,0,0.0,1,0
odometry_pods+distance_sensors+apriltag,camera_front|distance_sensors_3|odometry_pods,odometry pods + front camera + 3 ToF sensors,3,3,314.35,314.35,drift|obstacle|pose,opponent_match,Opponent parks in the route (also drifting),15,0,2.6531,0,0
odometry_pods+distance_sensors+apriltag,camera_front|distance_sensors_3|odometry_pods,odometry pods + front camera + 3 ToF sensors,3,3,314.35,314.35,drift|obstacle|pose,opponent_match,Opponent parks in the route (also drifting),16,0,4.211,1,0
odometry_pods+distance_sensors+apriltag,camera_front|distance_sensors_3|odometry_pods,odometry pods + front camera + 3 ToF sensors,3,3,314.35,314.35,drift|obstacle|pose,opponent_match,Opponent parks in the route (also drifting),17,0,7.3203,0,0
odometry_pods+distance_sensors+apriltag,camera_front|distance_sensors_3|odometry_pods,odometry pods + front camera + 3 ToF sensors,3,3,314.35,314.35,drift|obstacle|pose,opponent_match,Opponent parks in the route (also drifting),18,0,7.0957,1,0
odometry_pods+distance_sensors+apriltag,camera_front|distance_sensors_3|odometry_pods,odometry pods + front camera + 3 ToF sensors,3,3,314.35,314.35,drift|obstacle|pose,opponent_match,Opponent parks in the route (also drifting),19,0,0.0,1,0
odometry_pods+distance_sensors+apriltag,camera_front|distance_sensors_3|odometry_pods,odometry pods + front camera + 3 ToF sensors,3,3,314.35,314.35,drift|obstacle|pose,opponent_match,Opponent parks in the route (also drifting),20,0,2.8805,1,0
odometry_pods+distance_sensors+apriltag,camera_front|distance_sensors_3|odometry_pods,odometry pods + front camera + 3 ToF sensors,3,3,314.35,314.35,drift|obstacle|pose,opponent_match,Opponent parks in the route (also drifting),21,0,1.4385,1,0
odometry_pods+distance_sensors+apriltag,camera_front|distance_sensors_3|odometry_pods,odometry pods + front camera + 3 ToF sensors,3,3,314.35,314.35,drift|obstacle|pose,opponent_match,Opponent parks in the route (also drifting),22,0,5.58,1,0
odometry_pods+distance_sensors+apriltag,camera_front|distance_sensors_3|odometry_pods,odometry pods + front camera + 3 ToF sensors,3,3,314.35,314.35,drift|obstacle|pose,opponent_match,Opponent parks in the route (also drifting),23,0,1.9586,1,0
odometry_pods+distance_sensors+apriltag,camera_front|distance_sensors_3|odometry_pods,odometry pods + front camera + 3 ToF sensors,3,3,314.35,314.35,drift|obstacle|pose,opponent_match,Opponent parks in the route (also drifting),24,0,0.0,1,0
odometry_pods+distance_sensors+apriltag,camera_front|distance_sensors_3|odometry_pods,odometry pods + front camera + 3 ToF sensors,3,3,314.35,314.35,drift|obstacle|pose,combined_match,Everything at once (match-realistic mix),0,0,0.0,0,0
odometry_pods+distance_sensors+apriltag,camera_front|distance_sensors_3|odometry_pods,odometry pods + front camera + 3 ToF sensors,3,3,314.35,314.35,drift|obstacle|pose,combined_match,Everything at once (match-realistic mix),1,0,6.2907,1,0
odometry_pods+distance_sensors+apriltag,camera_front|distance_sensors_3|odometry_pods,odometry pods + front camera + 3 ToF sensors,3,3,314.35,314.35,drift|obstacle|pose,combined_match,Everything at once (match-realistic mix),2,0,1.915,1,0
odometry_pods+distance_sensors+apriltag,camera_front|distance_sensors_3|odometry_pods,odometry pods + front camera + 3 ToF sensors,3,3,314.35,314.35,drift|obstacle|pose,combined_match,Everything at once (match-realistic mix),3,0,0.6691,1,0
odometry_pods+distance_sensors+apriltag,camera_front|distance_sensors_3|odometry_pods,odometry pods + front camera + 3 ToF sensors,3,3,314.35,314.35,drift|obstacle|pose,combined_match,Everything at once (match-realistic mix),4,0,0.668,1,0
odometry_pods+distance_sensors+apriltag,camera_front|distance_sensors_3|odometry_pods,odometry pods + front camera + 3 ToF sensors,3,3,314.35,314.35,drift|obstacle|pose,combined_match,Everything at once (match-realistic mix),5,0,1.132,1,0
odometry_pods+distance_sensors+apriltag,camera_front|distance_sensors_3|odometry_pods,odometry pods + front camera + 3 ToF sensors,3,3,314.35,314.35,drift|obstacle|pose,combined_match,Everything at once (match-realistic mix),6,0,1.3523,1,0
odometry_pods+distance_sensors+apriltag,camera_front|distance_sensors_3|odometry_pods,odometry pods + front camera + 3 ToF sensors,3,3,314.35,314.35,drift|obstacle|pose,combined_match,Everything at once (match-realistic mix),7,1,11.4009,0,0
odometry_pods+distance_sensors+apriltag,camera_front|distance_sensors_3|odometry_pods,odometry pods + front camera + 3 ToF sensors,3,3,314.35,314.35,drift|obstacle|pose,combined_match,Everything at once (match-realistic mix),8,0,1.4704,0,0
odometry_pods+distance_sensors+apriltag,camera_front|distance_sensors_3|odometry_pods,odometry pods + front camera + 3 ToF sensors,3,3,314.35,314.35,drift|obstacle|pose,combined_match,Everything at once (match-realistic mix),9,0,6.9392,0,0
odometry_pods+distance_sensors+apriltag,camera_front|distance_sensors_3|odometry_pods,odometry pods + front camera + 3 ToF sensors,3,3,314.35,314.35,drift|obstacle|pose,combined_match,Everything at once (match-realistic mix),10,0,1.8534,0,0
odometry_pods+distance_sensors+apriltag,camera_front|distance_sensors_3|odometry_pods,odometry pods + front camera + 3 ToF sensors,3,3,314.35,314.35,drift|obstacle|pose,combined_match,Everything at once (match-realistic mix),11,0,0.6642,1,0
odometry_pods+distance_sensors+apriltag,camera_front|distance_sensors_3|odometry_pods,odometry pods + front camera + 3 ToF sensors,3,3,314.35,314.35,drift|obstacle|pose,combined_match,Everything at once (match-realistic mix),12,0,2.3856,0,0
odometry_pods+distance_sensors+apriltag,camera_front|distance_sensors_3|odometry_pods,odometry pods + front camera + 3 ToF sensors,3,3,314.35,314.35,drift|obstacle|pose,combined_match,Everything at once (match-realistic mix),13,0,1.7874,0,0
odometry_pods+distance_sensors+apriltag,camera_front|distance_sensors_3|odometry_pods,odometry pods + front camera + 3 ToF sensors,3,3,314.35,314.35,drift|obstacle|pose,combined_match,Everything at once (match-realistic mix),14,0,0.0,1,0
odometry_pods+distance_sensors+apriltag,camera_front|distance_sensors_3|odometry_pods,odometry pods + front camera + 3 ToF sensors,3,3,314.35,314.35,drift|obstacle|pose,combined_match,Everything at once (match-realistic mix),15,0,2.6531,0,0
odometry_pods+distance_sensors+apriltag,camera_front|distance_sensors_3|odometry_pods,odometry pods + front camera + 3 ToF sensors,3,3,314.35,314.35,drift|obstacle|pose,combined_match,Everything at once (match-realistic mix),16,0,0.0,0,0
odometry_pods+distance_sensors+apriltag,camera_front|distance_sensors_3|odometry_pods,odometry pods + front camera + 3 ToF sensors,3,3,314.35,314.35,drift|obstacle|pose,combined_match,Everything at once (match-realistic mix),17,0,0.525,1,0
odometry_pods+distance_sensors+apriltag,camera_front|distance_sensors_3|odometry_pods,odometry pods + front camera + 3 ToF sensors,3,3,314.35,314.35,drift|obstacle|pose,combined_match,Everything at once (match-realistic mix),18,0,7.0957,1,0
odometry_pods+distance_sensors+apriltag,camera_front|distance_sensors_3|odometry_pods,odometry pods + front camera + 3 ToF sensors,3,3,314.35,314.35,drift|obstacle|pose,combined_match,Everything at once (match-realistic mix),19,0,0.0,1,0
odometry_pods+distance_sensors+apriltag,camera_front|distance_sensors_3|odometry_pods,odometry pods + front camera + 3 ToF sensors,3,3,314.35,314.35,drift|obstacle|pose,combined_match,Everything at once (match-realistic mix),20,0,0.0,1,0
odometry_pods+distance_sensors+apriltag,camera_front|distance_sensors_3|odometry_pods,odometry pods + front camera + 3 ToF sensors,3,3,314.35,314.35,drift|obstacle|pose,combined_match,Everything at once (match-realistic mix),21,0,0.5396,0,0
odometry_pods+distance_sensors+apriltag,camera_front|distance_sensors_3|odometry_pods,odometry pods + front camera + 3 ToF sensors,3,3,314.35,314.35,drift|obstacle|pose,combined_match,Everything at once (match-realistic mix),22,0,0.0,1,0
odometry_pods+distance_sensors+apriltag,camera_front|distance_sensors_3|odometry_pods,odometry pods + front camera + 3 ToF sensors,3,3,314.35,314.35,drift|obstacle|pose,combined_match,Everything at once (match-realistic mix),23,0,1.9586,1,0
odometry_pods+distance_sensors+apriltag,camera_front|distance_sensors_3|odometry_pods,odometry pods + front camera + 3 ToF sensors,3,3,314.35,314.35,drift|obstacle|pose,combined_match,Everything at once (match-realistic mix),24,0,2.9808,1,0
odometry_pods+distance_sensors+apriltag,camera_front|distance_sensors_3|odometry_pods,odometry pods + front camera + 3 ToF sensors,3,3,314.35,314.35,drift|obstacle|pose,corridor,"Tight corridor, mixed deviation",0,0,1.0227,1,0
odometry_pods+distance_sensors+apriltag,camera_front|distance_sensors_3|odometry_pods,odometry pods + front camera + 3 ToF sensors,3,3,314.35,314.35,drift|obstacle|pose,corridor,"Tight corridor, mixed deviation",1,0,4.0682,0,0
odometry_pods+distance_sensors+apriltag,camera_front|distance_sensors_3|odometry_pods,odometry pods + front camera + 3 ToF sensors,3,3,314.35,314.35,drift|obstacle|pose,corridor,"Tight corridor, mixed deviation",2,0,0.0,1,0
odometry_pods+distance_sensors+apriltag,camera_front|distance_sensors_3|odometry_pods,odometry pods + front camera + 3 ToF sensors,3,3,314.35,314.35,drift|obstacle|pose,corridor,"Tight corridor, mixed deviation",3,1,4.0082,0,0
odometry_pods+distance_sensors+apriltag,camera_front|distance_sensors_3|odometry_pods,odometry pods + front camera + 3 ToF sensors,3,3,314.35,314.35,drift|obstacle|pose,corridor,"Tight corridor, mixed deviation",4,0,3.9141,0,0
odometry_pods+distance_sensors+apriltag,camera_front|distance_sensors_3|odometry_pods,odometry pods + front camera + 3 ToF sensors,3,3,314.35,314.35,drift|obstacle|pose,corridor,"Tight corridor, mixed deviation",5,1,8.264,0,0
odometry_pods+distance_sensors+apriltag,camera_front|distance_sensors_3|odometry_pods,odometry pods + front camera + 3 ToF sensors,3,3,314.35,314.35,drift|obstacle|pose,corridor,"Tight corridor, mixed deviation",6,1,7.5247,0,0
odometry_pods+distance_sensors+apriltag,camera_front|distance_sensors_3|odometry_pods,odometry pods + front camera + 3 ToF sensors,3,3,314.35,314.35,drift|obstacle|pose,corridor,"Tight corridor, mixed deviation",7,0,4.2322,1,0
odometry_pods+distance_sensors+apriltag,camera_front|distance_sensors_3|odometry_pods,odometry pods + front camera + 3 ToF sensors,3,3,314.35,314.35,drift|obstacle|pose,corridor,"Tight corridor, mixed deviation",8,1,7.7229,0,0
odometry_pods+distance_sensors+apriltag,camera_front|distance_sensors_3|odometry_pods,odometry pods + front camera + 3 ToF sensors,3,3,314.35,314.35,drift|obstacle|pose,corridor,"Tight corridor, mixed deviation",9,1,6.6499,0,0
odometry_pods+distance_sensors+apriltag,camera_front|distance_sensors_3|odometry_pods,odometry pods + front camera + 3 ToF sensors,3,3,314.35,314.35,drift|obstacle|pose,corridor,"Tight corridor, mixed deviation",10,0,5.7258,1,0
odometry_pods+distance_sensors+apriltag,camera_front|distance_sensors_3|odometry_pods,odometry pods + front camera + 3 ToF sensors,3,3,314.35,314.35,drift|obstacle|pose,corridor,"Tight corridor, mixed deviation",11,1,6.6649,0,0
odometry_pods+distance_sensors+apriltag,camera_front|distance_sensors_3|odometry_pods,odometry pods + front camera + 3 ToF sensors,3,3,314.35,314.35,drift|obstacle|pose,corridor,"Tight corridor, mixed deviation",12,0,3.7139,1,0
odometry_pods+distance_sensors+apriltag,camera_front|distance_sensors_3|odometry_pods,odometry pods + front camera + 3 ToF sensors,3,3,314.35,314.35,drift|obstacle|pose,corridor,"Tight corridor, mixed deviation",13,0,4.207,1,0
odometry_pods+distance_sensors+apriltag,camera_front|distance_sensors_3|odometry_pods,odometry pods + front camera + 3 ToF sensors,3,3,314.35,314.35,drift|obstacle|pose,corridor,"Tight corridor, mixed deviation",14,0,1.3523,0,0
odometry_pods+distance_sensors+apriltag,camera_front|distance_sensors_3|odometry_pods,odometry pods + front camera + 3 ToF sensors,3,3,314.35,314.35,drift|obstacle|pose,corridor,"Tight corridor, mixed deviation",15,1,7.2643,0,0
odometry_pods+distance_sensors+apriltag,camera_front|distance_sensors_3|odometry_pods,odometry pods + front camera + 3 ToF sensors,3,3,314.35,314.35,drift|obstacle|pose,corridor,"Tight corridor, mixed deviation",16,0,2.4126,1,0
odometry_pods+distance_sensors+apriltag,camera_front|distance_sensors_3|odometry_pods,odometry pods + front camera + 3 ToF sensors,3,3,314.35,314.35,drift|obstacle|pose,corridor,"Tight corridor, mixed deviation",17,1,3.2961,0,0
odometry_pods+distance_sensors+apriltag,camera_front|distance_sensors_3|odometry_pods,odometry pods + front camera + 3 ToF sensors,3,3,314.35,314.35,drift|obstacle|pose,corridor,"Tight corridor, mixed deviation",18,0,3.3069,1,0
odometry_pods+distance_sensors+apriltag,camera_front|distance_sensors_3|odometry_pods,odometry pods + front camera + 3 ToF sensors,3,3,314.35,314.35,drift|obstacle|pose,corridor,"Tight corridor, mixed deviation",19,0,2.2361,0,0
odometry_pods+distance_sensors+apriltag,camera_front|distance_sensors_3|odometry_pods,odometry pods + front camera + 3 ToF sensors,3,3,314.35,314.35,drift|obstacle|pose,corridor,"Tight corridor, mixed deviation",20,1,8.2911,0,0
odometry_pods+distance_sensors+apriltag,camera_front|distance_sensors_3|odometry_pods,odometry pods + front camera + 3 ToF sensors,3,3,314.35,314.35,drift|obstacle|pose,corridor,"Tight corridor, mixed deviation",21,1,4.4705,0,0
odometry_pods+distance_sensors+apriltag,camera_front|distance_sensors_3|odometry_pods,odometry pods + front camera + 3 ToF sensors,3,3,314.35,314.35,drift|obstacle|pose,corridor,"Tight corridor, mixed deviation",22,0,3.3917,0,0
odometry_pods+distance_sensors+apriltag,camera_front|distance_sensors_3|odometry_pods,odometry pods + front camera + 3 ToF sensors,3,3,314.35,314.35,drift|obstacle|pose,corridor,"Tight corridor, mixed deviation",23,0,0.0,0,0
odometry_pods+distance_sensors+apriltag,camera_front|distance_sensors_3|odometry_pods,odometry pods + front camera + 3 ToF sensors,3,3,314.35,314.35,drift|obstacle|pose,corridor,"Tight corridor, mixed deviation",24,0,0.0,0,0
odometry_pods+distance_sensors+imu,distance_sensors_3|imu|odometry_pods,odometry pods + IMU + 3 ToF sensors,3,3,289.35,289.35,drift|heading|obstacle,pose_drift_match,Heavy pose drift (map also off),0,1,5.0954,0,0
odometry_pods+distance_sensors+imu,distance_sensors_3|imu|odometry_pods,odometry pods + IMU + 3 ToF sensors,3,3,289.35,289.35,drift|heading|obstacle,pose_drift_match,Heavy pose drift (map also off),1,0,0.0,1,0
odometry_pods+distance_sensors+imu,distance_sensors_3|imu|odometry_pods,odometry pods + IMU + 3 ToF sensors,3,3,289.35,289.35,drift|heading|obstacle,pose_drift_match,Heavy pose drift (map also off),2,0,0.0,1,0
odometry_pods+distance_sensors+imu,distance_sensors_3|imu|odometry_pods,odometry pods + IMU + 3 ToF sensors,3,3,289.35,289.35,drift|heading|obstacle,pose_drift_match,Heavy pose drift (map also off),3,0,0.6005,1,0
odometry_pods+distance_sensors+imu,distance_sensors_3|imu|odometry_pods,odometry pods + IMU + 3 ToF sensors,3,3,289.35,289.35,drift|heading|obstacle,pose_drift_match,Heavy pose drift (map also off),4,0,0.683,1,0
odometry_pods+distance_sensors+imu,distance_sensors_3|imu|odometry_pods,odometry pods + IMU + 3 ToF sensors,3,3,289.35,289.35,drift|heading|obstacle,pose_drift_match,Heavy pose drift (map also off),5,0,1.5429,1,0
odometry_pods+distance_sensors+imu,distance_sensors_3|imu|odometry_pods,odometry pods + IMU + 3 ToF sensors,3,3,289.35,289.35,drift|heading|obstacle,pose_drift_match,Heavy pose drift (map also off),6,0,1.4147,1,0
odometry_pods+distance_sensors+imu,distance_sensors_3|imu|odometry_pods,odometry pods + IMU + 3 ToF sensors,3,3,289.35,289.35,drift|heading|obstacle,pose_drift_match,Heavy pose drift (map also off),7,0,1.3136,1,0
odometry_pods+distance_sensors+imu,distance_sensors_3|imu|odometry_pods,odometry pods + IMU + 3 ToF sensors,3,3,289.35,289.35,drift|heading|obstacle,pose_drift_match,Heavy pose drift (map also off),8,0,1.4026,0,0
odometry_pods+distance_sensors+imu,distance_sensors_3|imu|odometry_pods,odometry pods + IMU + 3 ToF sensors,3,3,289.35,289.35,drift|heading|obstacle,pose_drift_match,Heavy pose drift (map also off),9,0,0.0,1,0
odometry_pods+distance_sensors+imu,distance_sensors_3|imu|odometry_pods,odometry pods + IMU + 3 ToF sensors,3,3,289.35,289.35,drift|heading|obstacle,pose_drift_match,Heavy pose drift (map also off),10,1,0.9016,0,0
odometry_pods+distance_sensors+imu,distance_sensors_3|imu|odometry_pods,odometry pods + IMU + 3 ToF sensors,3,3,289.35,289.35,drift|heading|obstacle,pose_drift_match,Heavy pose drift (map also off),11,0,0.6762,1,0
odometry_pods+distance_sensors+imu,distance_sensors_3|imu|odometry_pods,odometry pods + IMU + 3 ToF sensors,3,3,289.35,289.35,drift|heading|obstacle,pose_drift_match,Heavy pose drift (map also off),12,0,2.3856,0,0
odometry_pods+distance_sensors+imu,distance_sensors_3|imu|odometry_pods,odometry pods + IMU + 3 ToF sensors,3,3,289.35,289.35,drift|heading|obstacle,pose_drift_match,Heavy pose drift (map also off),13,0,1.7345,0,0
odometry_pods+distance_sensors+imu,distance_sensors_3|imu|odometry_pods,odometry pods + IMU + 3 ToF sensors,3,3,289.35,289.35,drift|heading|obstacle,pose_drift_match,Heavy pose drift (map also off),14,0,0.0,1,0
odometry_pods+distance_sensors+imu,distance_sensors_3|imu|odometry_pods,odometry pods + IMU + 3 ToF sensors,3,3,289.35,289.35,drift|heading|obstacle,pose_drift_match,Heavy pose drift (map also off),15,0,6.2541,1,0
odometry_pods+distance_sensors+imu,distance_sensors_3|imu|odometry_pods,odometry pods + IMU + 3 ToF sensors,3,3,289.35,289.35,drift|heading|obstacle,pose_drift_match,Heavy pose drift (map also off),16,0,0.0,1,0
odometry_pods+distance_sensors+imu,distance_sensors_3|imu|odometry_pods,odometry pods + IMU + 3 ToF sensors,3,3,289.35,289.35,drift|heading|obstacle,pose_drift_match,Heavy pose drift (map also off),17,0,1.3933,1,0
odometry_pods+distance_sensors+imu,distance_sensors_3|imu|odometry_pods,odometry pods + IMU + 3 ToF sensors,3,3,289.35,289.35,drift|heading|obstacle,pose_drift_match,Heavy pose drift (map also off),18,0,0.0,1,0
odometry_pods+distance_sensors+imu,distance_sensors_3|imu|odometry_pods,odometry pods + IMU + 3 ToF sensors,3,3,289.35,289.35,drift|heading|obstacle,pose_drift_match,Heavy pose drift (map also off),19,0,0.0,1,0
odometry_pods+distance_sensors+imu,distance_sensors_3|imu|odometry_pods,odometry pods + IMU + 3 ToF sensors,3,3,289.35,289.35,drift|heading|obstacle,pose_drift_match,Heavy pose drift (map also off),20,1,4.4706,0,0
odometry_pods+distance_sensors+imu,distance_sensors_3|imu|odometry_pods,odometry pods + IMU + 3 ToF sensors,3,3,289.35,289.35,drift|heading|obstacle,pose_drift_match,Heavy pose drift (map also off),21,0,1.6876,1,0
odometry_pods+distance_sensors+imu,distance_sensors_3|imu|odometry_pods,odometry pods + IMU + 3 ToF sensors,3,3,289.35,289.35,drift|heading|obstacle,pose_drift_match,Heavy pose drift (map also off),22,0,6.2931,0,0
odometry_pods+distance_sensors+imu,distance_sensors_3|imu|odometry_pods,odometry pods + IMU + 3 ToF sensors,3,3,289.35,289.35,drift|heading|obstacle,pose_drift_match,Heavy pose drift (map also off),23,0,1.967,1,0
odometry_pods+distance_sensors+imu,distance_sensors_3|imu|odometry_pods,odometry pods + IMU + 3 ToF sensors,3,3,289.35,289.35,drift|heading|obstacle,pose_drift_match,Heavy pose drift (map also off),24,0,2.9539,1,0
odometry_pods+distance_sensors+imu,distance_sensors_3|imu|odometry_pods,odometry pods + IMU + 3 ToF sensors,3,3,289.35,289.35,drift|heading|obstacle,map_error_match,Field doesn't match the map (also drifting),0,0,0.0,0,0
odometry_pods+distance_sensors+imu,distance_sensors_3|imu|odometry_pods,odometry pods + IMU + 3 ToF sensors,3,3,289.35,289.35,drift|heading|obstacle,map_error_match,Field doesn't match the map (also drifting),1,0,4.9752,1,0
odometry_pods+distance_sensors+imu,distance_sensors_3|imu|odometry_pods,odometry pods + IMU + 3 ToF sensors,3,3,289.35,289.35,drift|heading|obstacle,map_error_match,Field doesn't match the map (also drifting),2,0,0.0,1,0
odometry_pods+distance_sensors+imu,distance_sensors_3|imu|odometry_pods,odometry pods + IMU + 3 ToF sensors,3,3,289.35,289.35,drift|heading|obstacle,map_error_match,Field doesn't match the map (also drifting),3,0,0.0,1,0
odometry_pods+distance_sensors+imu,distance_sensors_3|imu|odometry_pods,odometry pods + IMU + 3 ToF sensors,3,3,289.35,289.35,drift|heading|obstacle,map_error_match,Field doesn't match the map (also drifting),4,0,1.6834,1,0
odometry_pods+distance_sensors+imu,distance_sensors_3|imu|odometry_pods,odometry pods + IMU + 3 ToF sensors,3,3,289.35,289.35,drift|heading|obstacle,map_error_match,Field doesn't match the map (also drifting),5,0,1.5328,1,0
odometry_pods+distance_sensors+imu,distance_sensors_3|imu|odometry_pods,odometry pods + IMU + 3 ToF sensors,3,3,289.35,289.35,drift|heading|obstacle,map_error_match,Field doesn't match the map (also drifting),6,0,1.3523,1,0
odometry_pods+distance_sensors+imu,distance_sensors_3|imu|odometry_pods,odometry pods + IMU + 3 ToF sensors,3,3,289.35,289.35,drift|heading|obstacle,map_error_match,Field doesn't match the map (also drifting),7,0,3.6539,1,0
odometry_pods+distance_sensors+imu,distance_sensors_3|imu|odometry_pods,odometry pods + IMU + 3 ToF sensors,3,3,289.35,289.35,drift|heading|obstacle,map_error_match,Field doesn't match the map (also drifting),8,0,1.4704,0,0
odometry_pods+distance_sensors+imu,distance_sensors_3|imu|odometry_pods,odometry pods + IMU + 3 ToF sensors,3,3,289.35,289.35,drift|heading|obstacle,map_error_match,Field doesn't match the map (also drifting),9,0,6.9392,0,0
odometry_pods+distance_sensors+imu,distance_sensors_3|imu|odometry_pods,odometry pods + IMU + 3 ToF sensors,3,3,289.35,289.35,drift|heading|obstacle,map_error_match,Field doesn't match the map (also drifting),10,0,1.885,0,0
odometry_pods+distance_sensors+imu,distance_sensors_3|imu|odometry_pods,odometry pods + IMU + 3 ToF sensors,3,3,289.35,289.35,drift|heading|obstacle,map_error_match,Field doesn't match the map (also drifting),11,0,0.6508,1,0
odometry_pods+distance_sensors+imu,distance_sensors_3|imu|odometry_pods,odometry pods + IMU + 3 ToF sensors,3,3,289.35,289.35,drift|heading|obstacle,map_error_match,Field doesn't match the map (also drifting),12,0,2.3856,0,0
odometry_pods+distance_sensors+imu,distance_sensors_3|imu|odometry_pods,odometry pods + IMU + 3 ToF sensors,3,3,289.35,289.35,drift|heading|obstacle,map_error_match,Field doesn't match the map (also drifting),13,0,1.7874,0,0
odometry_pods+distance_sensors+imu,distance_sensors_3|imu|odometry_pods,odometry pods + IMU + 3 ToF sensors,3,3,289.35,289.35,drift|heading|obstacle,map_error_match,Field doesn't match the map (also drifting),14,0,0.0,1,0
odometry_pods+distance_sensors+imu,distance_sensors_3|imu|odometry_pods,odometry pods + IMU + 3 ToF sensors,3,3,289.35,289.35,drift|heading|obstacle,map_error_match,Field doesn't match the map (also drifting),15,0,1.9058,0,0
odometry_pods+distance_sensors+imu,distance_sensors_3|imu|odometry_pods,odometry pods + IMU + 3 ToF sensors,3,3,289.35,289.35,drift|heading|obstacle,map_error_match,Field doesn't match the map (also drifting),16,0,0.0,0,0
odometry_pods+distance_sensors+imu,distance_sensors_3|imu|odometry_pods,odometry pods + IMU + 3 ToF sensors,3,3,289.35,289.35,drift|heading|obstacle,map_error_match,Field doesn't match the map (also drifting),17,0,0.525,1,0
odometry_pods+distance_sensors+imu,distance_sensors_3|imu|odometry_pods,odometry pods + IMU + 3 ToF sensors,3,3,289.35,289.35,drift|heading|obstacle,map_error_match,Field doesn't match the map (also drifting),18,0,7.0957,1,0
odometry_pods+distance_sensors+imu,distance_sensors_3|imu|odometry_pods,odometry pods + IMU + 3 ToF sensors,3,3,289.35,289.35,drift|heading|obstacle,map_error_match,Field doesn't match the map (also drifting),19,0,0.0,1,0
odometry_pods+distance_sensors+imu,distance_sensors_3|imu|odometry_pods,odometry pods + IMU + 3 ToF sensors,3,3,289.35,289.35,drift|heading|obstacle,map_error_match,Field doesn't match the map (also drifting),20,0,0.0,1,0
odometry_pods+distance_sensors+imu,distance_sensors_3|imu|odometry_pods,odometry pods + IMU + 3 ToF sensors,3,3,289.35,289.35,drift|heading|obstacle,map_error_match,Field doesn't match the map (also drifting),21,0,0.5396,0,0
odometry_pods+distance_sensors+imu,distance_sensors_3|imu|odometry_pods,odometry pods + IMU + 3 ToF sensors,3,3,289.35,289.35,drift|heading|obstacle,map_error_match,Field doesn't match the map (also drifting),22,0,0.0,1,0
odometry_pods+distance_sensors+imu,distance_sensors_3|imu|odometry_pods,odometry pods + IMU + 3 ToF sensors,3,3,289.35,289.35,drift|heading|obstacle,map_error_match,Field doesn't match the map (also drifting),23,0,1.9586,1,0
odometry_pods+distance_sensors+imu,distance_sensors_3|imu|odometry_pods,odometry pods + IMU + 3 ToF sensors,3,3,289.35,289.35,drift|heading|obstacle,map_error_match,Field doesn't match the map (also drifting),24,0,2.48,1,0
odometry_pods+distance_sensors+imu,distance_sensors_3|imu|odometry_pods,odometry pods + IMU + 3 ToF sensors,3,3,289.35,289.35,drift|heading|obstacle,opponent_match,Opponent parks in the route (also drifting),0,0,0.0,0,0
odometry_pods+distance_sensors+imu,distance_sensors_3|imu|odometry_pods,odometry pods + IMU + 3 ToF sensors,3,3,289.35,289.35,drift|heading|obstacle,opponent_match,Opponent parks in the route (also drifting),1,0,4.5807,1,0
odometry_pods+distance_sensors+imu,distance_sensors_3|imu|odometry_pods,odometry pods + IMU + 3 ToF sensors,3,3,289.35,289.35,drift|heading|obstacle,opponent_match,Opponent parks in the route (also drifting),2,0,0.0,1,0
odometry_pods+distance_sensors+imu,distance_sensors_3|imu|odometry_pods,odometry pods + IMU + 3 ToF sensors,3,3,289.35,289.35,drift|heading|obstacle,opponent_match,Opponent parks in the route (also drifting),3,0,0.6005,1,0
odometry_pods+distance_sensors+imu,distance_sensors_3|imu|odometry_pods,odometry pods + IMU + 3 ToF sensors,3,3,289.35,289.35,drift|heading|obstacle,opponent_match,Opponent parks in the route (also drifting),4,0,0.668,1,0
odometry_pods+distance_sensors+imu,distance_sensors_3|imu|odometry_pods,odometry pods + IMU + 3 ToF sensors,3,3,289.35,289.35,drift|heading|obstacle,opponent_match,Opponent parks in the route (also drifting),5,0,1.1436,1,0
odometry_pods+distance_sensors+imu,distance_sensors_3|imu|odometry_pods,odometry pods + IMU + 3 ToF sensors,3,3,289.35,289.35,drift|heading|obstacle,opponent_match,Opponent parks in the route (also drifting),6,1,2.735,0,0
odometry_pods+distance_sensors+imu,distance_sensors_3|imu|odometry_pods,odometry pods + IMU + 3 ToF sensors,3,3,289.35,289.35,drift|heading|obstacle,opponent_match,Opponent parks in the route (also drifting),7,0,4.101,1,0
odometry_pods+distance_sensors+imu,distance_sensors_3|imu|odometry_pods,odometry pods + IMU + 3 ToF sensors,3,3,289.35,289.35,drift|heading|obstacle,opponent_match,Opponent parks in the route (also drifting),8,0,1.3523,0,0
odometry_pods+distance_sensors+imu,distance_sensors_3|imu|odometry_pods,odometry pods + IMU + 3 ToF sensors,3,3,289.35,289.35,drift|heading|obstacle,opponent_match,Opponent parks in the route (also drifting),9,0,3.491,1,0
odometry_pods+distance_sensors+imu,distance_sensors_3|imu|odometry_pods,odometry pods + IMU + 3 ToF sensors,3,3,289.35,289.35,drift|heading|obstacle,opponent_match,Opponent parks in the route (also drifting),10,0,2.5737,0,0
odometry_pods+distance_sensors+imu,distance_sensors_3|imu|odometry_pods,odometry pods + IMU + 3 ToF sensors,3,3,289.35,289.35,drift|heading|obstacle,opponent_match,Opponent parks in the route (also drifting),11,0,1.4087,0,0
odometry_pods+distance_sensors+imu,distance_sensors_3|imu|odometry_pods,odometry pods + IMU + 3 ToF sensors,3,3,289.35,289.35,drift|heading|obstacle,opponent_match,Opponent parks in the route (also drifting),12,0,2.3039,0,0
odometry_pods+distance_sensors+imu,distance_sensors_3|imu|odometry_pods,odometry pods + IMU + 3 ToF sensors,3,3,289.35,289.35,drift|heading|obstacle,opponent_match,Opponent parks in the route (also drifting),13,0,0.9016,1,0
odometry_pods+distance_sensors+imu,distance_sensors_3|imu|odometry_pods,odometry pods + IMU + 3 ToF sensors,3,3,289.35,289.35,drift|heading|obstacle,opponent_match,Opponent parks in the route (also drifting),14,0,0.0,1,0
odometry_pods+distance_sensors+imu,distance_sensors_3|imu|odometry_pods,odometry pods + IMU + 3 ToF sensors,3,3,289.35,289.35,drift|heading|obstacle,opponent_match,Opponent parks in the route (also drifting),15,0,2.6531,0,0
odometry_pods+distance_sensors+imu,distance_sensors_3|imu|odometry_pods,odometry pods + IMU + 3 ToF sensors,3,3,289.35,289.35,drift|heading|obstacle,opponent_match,Opponent parks in the route (also drifting),16,0,2.4086,1,0
odometry_pods+distance_sensors+imu,distance_sensors_3|imu|odometry_pods,odometry pods + IMU + 3 ToF sensors,3,3,289.35,289.35,drift|heading|obstacle,opponent_match,Opponent parks in the route (also drifting),17,0,7.3203,0,0
odometry_pods+distance_sensors+imu,distance_sensors_3|imu|odometry_pods,odometry pods + IMU + 3 ToF sensors,3,3,289.35,289.35,drift|heading|obstacle,opponent_match,Opponent parks in the route (also drifting),18,0,7.0957,1,0
odometry_pods+distance_sensors+imu,distance_sensors_3|imu|odometry_pods,odometry pods + IMU + 3 ToF sensors,3,3,289.35,289.35,drift|heading|obstacle,opponent_match,Opponent parks in the route (also drifting),19,0,0.0,1,0
odometry_pods+distance_sensors+imu,distance_sensors_3|imu|odometry_pods,odometry pods + IMU + 3 ToF sensors,3,3,289.35,289.35,drift|heading|obstacle,opponent_match,Opponent parks in the route (also drifting),20,0,2.8805,1,0
odometry_pods+distance_sensors+imu,distance_sensors_3|imu|odometry_pods,odometry pods + IMU + 3 ToF sensors,3,3,289.35,289.35,drift|heading|obstacle,opponent_match,Opponent parks in the route (also drifting),21,0,1.4385,1,0
odometry_pods+distance_sensors+imu,distance_sensors_3|imu|odometry_pods,odometry pods + IMU + 3 ToF sensors,3,3,289.35,289.35,drift|heading|obstacle,opponent_match,Opponent parks in the route (also drifting),22,0,5.0792,1,0
odometry_pods+distance_sensors+imu,distance_sensors_3|imu|odometry_pods,odometry pods + IMU + 3 ToF sensors,3,3,289.35,289.35,drift|heading|obstacle,opponent_match,Opponent parks in the route (also drifting),23,0,1.9586,1,0
odometry_pods+distance_sensors+imu,distance_sensors_3|imu|odometry_pods,odometry pods + IMU + 3 ToF sensors,3,3,289.35,289.35,drift|heading|obstacle,opponent_match,Opponent parks in the route (also drifting),24,0,0.0,1,0
odometry_pods+distance_sensors+imu,distance_sensors_3|imu|odometry_pods,odometry pods + IMU + 3 ToF sensors,3,3,289.35,289.35,drift|heading|obstacle,combined_match,Everything at once (match-realistic mix),0,0,0.0,0,0
odometry_pods+distance_sensors+imu,distance_sensors_3|imu|odometry_pods,odometry pods + IMU + 3 ToF sensors,3,3,289.35,289.35,drift|heading|obstacle,combined_match,Everything at once (match-realistic mix),1,0,4.9752,1,0
odometry_pods+distance_sensors+imu,distance_sensors_3|imu|odometry_pods,odometry pods + IMU + 3 ToF sensors,3,3,289.35,289.35,drift|heading|obstacle,combined_match,Everything at once (match-realistic mix),2,0,1.915,1,0
odometry_pods+distance_sensors+imu,distance_sensors_3|imu|odometry_pods,odometry pods + IMU + 3 ToF sensors,3,3,289.35,289.35,drift|heading|obstacle,combined_match,Everything at once (match-realistic mix),3,0,0.6691,1,0
odometry_pods+distance_sensors+imu,distance_sensors_3|imu|odometry_pods,odometry pods + IMU + 3 ToF sensors,3,3,289.35,289.35,drift|heading|obstacle,combined_match,Everything at once (match-realistic mix),4,0,0.668,1,0
odometry_pods+distance_sensors+imu,distance_sensors_3|imu|odometry_pods,odometry pods + IMU + 3 ToF sensors,3,3,289.35,289.35,drift|heading|obstacle,combined_match,Everything at once (match-realistic mix),5,0,1.132,1,0
odometry_pods+distance_sensors+imu,distance_sensors_3|imu|odometry_pods,odometry pods + IMU + 3 ToF sensors,3,3,289.35,289.35,drift|heading|obstacle,combined_match,Everything at once (match-realistic mix),6,0,1.3523,1,0
odometry_pods+distance_sensors+imu,distance_sensors_3|imu|odometry_pods,odometry pods + IMU + 3 ToF sensors,3,3,289.35,289.35,drift|heading|obstacle,combined_match,Everything at once (match-realistic mix),7,0,3.6539,1,0
odometry_pods+distance_sensors+imu,distance_sensors_3|imu|odometry_pods,odometry pods + IMU + 3 ToF sensors,3,3,289.35,289.35,drift|heading|obstacle,combined_match,Everything at once (match-realistic mix),8,0,1.4704,0,0
odometry_pods+distance_sensors+imu,distance_sensors_3|imu|odometry_pods,odometry pods + IMU + 3 ToF sensors,3,3,289.35,289.35,drift|heading|obstacle,combined_match,Everything at once (match-realistic mix),9,0,6.9392,0,0
odometry_pods+distance_sensors+imu,distance_sensors_3|imu|odometry_pods,odometry pods + IMU + 3 ToF sensors,3,3,289.35,289.35,drift|heading|obstacle,combined_match,Everything at once (match-realistic mix),10,0,1.8534,0,0
odometry_pods+distance_sensors+imu,distance_sensors_3|imu|odometry_pods,odometry pods + IMU + 3 ToF sensors,3,3,289.35,289.35,drift|heading|obstacle,combined_match,Everything at once (match-realistic mix),11,0,0.6642,1,0
odometry_pods+distance_sensors+imu,distance_sensors_3|imu|odometry_pods,odometry pods + IMU + 3 ToF sensors,3,3,289.35,289.35,drift|heading|obstacle,combined_match,Everything at once (match-realistic mix),12,0,2.3856,0,0
odometry_pods+distance_sensors+imu,distance_sensors_3|imu|odometry_pods,odometry pods + IMU + 3 ToF sensors,3,3,289.35,289.35,drift|heading|obstacle,combined_match,Everything at once (match-realistic mix),13,0,1.7874,0,0
odometry_pods+distance_sensors+imu,distance_sensors_3|imu|odometry_pods,odometry pods + IMU + 3 ToF sensors,3,3,289.35,289.35,drift|heading|obstacle,combined_match,Everything at once (match-realistic mix),14,0,0.0,1,0
odometry_pods+distance_sensors+imu,distance_sensors_3|imu|odometry_pods,odometry pods + IMU + 3 ToF sensors,3,3,289.35,289.35,drift|heading|obstacle,combined_match,Everything at once (match-realistic mix),15,0,2.6531,0,0
odometry_pods+distance_sensors+imu,distance_sensors_3|imu|odometry_pods,odometry pods + IMU + 3 ToF sensors,3,3,289.35,289.35,drift|heading|obstacle,combined_match,Everything at once (match-realistic mix),16,0,0.0,0,0
odometry_pods+distance_sensors+imu,distance_sensors_3|imu|odometry_pods,odometry pods + IMU + 3 ToF sensors,3,3,289.35,289.35,drift|heading|obstacle,combined_match,Everything at once (match-realistic mix),17,0,0.525,1,0
odometry_pods+distance_sensors+imu,distance_sensors_3|imu|odometry_pods,odometry pods + IMU + 3 ToF sensors,3,3,289.35,289.35,drift|heading|obstacle,combined_match,Everything at once (match-realistic mix),18,0,7.0957,1,0
odometry_pods+distance_sensors+imu,distance_sensors_3|imu|odometry_pods,odometry pods + IMU + 3 ToF sensors,3,3,289.35,289.35,drift|heading|obstacle,combined_match,Everything at once (match-realistic mix),19,0,0.0,1,0
odometry_pods+distance_sensors+imu,distance_sensors_3|imu|odometry_pods,odometry pods + IMU + 3 ToF sensors,3,3,289.35,289.35,drift|heading|obstacle,combined_match,Everything at once (match-realistic mix),20,0,0.0,1,0
odometry_pods+distance_sensors+imu,distance_sensors_3|imu|odometry_pods,odometry pods + IMU + 3 ToF sensors,3,3,289.35,289.35,drift|heading|obstacle,combined_match,Everything at once (match-realistic mix),21,0,0.5396,0,0
odometry_pods+distance_sensors+imu,distance_sensors_3|imu|odometry_pods,odometry pods + IMU + 3 ToF sensors,3,3,289.35,289.35,drift|heading|obstacle,combined_match,Everything at once (match-realistic mix),22,0,0.0,1,0
odometry_pods+distance_sensors+imu,distance_sensors_3|imu|odometry_pods,odometry pods + IMU + 3 ToF sensors,3,3,289.35,289.35,drift|heading|obstacle,combined_match,Everything at once (match-realistic mix),23,0,1.9586,1,0
odometry_pods+distance_sensors+imu,distance_sensors_3|imu|odometry_pods,odometry pods + IMU + 3 ToF sensors,3,3,289.35,289.35,drift|heading|obstacle,combined_match,Everything at once (match-realistic mix),24,0,2.48,1,0
odometry_pods+distance_sensors+imu,distance_sensors_3|imu|odometry_pods,odometry pods + IMU + 3 ToF sensors,3,3,289.35,289.35,drift|heading|obstacle,corridor,"Tight corridor, mixed deviation",0,0,6.4095,0,0
odometry_pods+distance_sensors+imu,distance_sensors_3|imu|odometry_pods,odometry pods + IMU + 3 ToF sensors,3,3,289.35,289.35,drift|heading|obstacle,corridor,"Tight corridor, mixed deviation",1,0,4.0682,0,0
odometry_pods+distance_sensors+imu,distance_sensors_3|imu|odometry_pods,odometry pods + IMU + 3 ToF sensors,3,3,289.35,289.35,drift|heading|obstacle,corridor,"Tight corridor, mixed deviation",2,0,0.0,1,0
odometry_pods+distance_sensors+imu,distance_sensors_3|imu|odometry_pods,odometry pods + IMU + 3 ToF sensors,3,3,289.35,289.35,drift|heading|obstacle,corridor,"Tight corridor, mixed deviation",3,0,3.4574,0,0
odometry_pods+distance_sensors+imu,distance_sensors_3|imu|odometry_pods,odometry pods + IMU + 3 ToF sensors,3,3,289.35,289.35,drift|heading|obstacle,corridor,"Tight corridor, mixed deviation",4,0,3.9141,0,0
odometry_pods+distance_sensors+imu,distance_sensors_3|imu|odometry_pods,odometry pods + IMU + 3 ToF sensors,3,3,289.35,289.35,drift|heading|obstacle,corridor,"Tight corridor, mixed deviation",5,0,8.3993,0,0
odometry_pods+distance_sensors+imu,distance_sensors_3|imu|odometry_pods,odometry pods + IMU + 3 ToF sensors,3,3,289.35,289.35,drift|heading|obstacle,corridor,"Tight corridor, mixed deviation",6,0,7.8755,0,0
odometry_pods+distance_sensors+imu,distance_sensors_3|imu|odometry_pods,odometry pods + IMU + 3 ToF sensors,3,3,289.35,289.35,drift|heading|obstacle,corridor,"Tight corridor, mixed deviation",7,0,4.883,1,0
odometry_pods+distance_sensors+imu,distance_sensors_3|imu|odometry_pods,odometry pods + IMU + 3 ToF sensors,3,3,289.35,289.35,drift|heading|obstacle,corridor,"Tight corridor, mixed deviation",8,0,6.9574,0,0
odometry_pods+distance_sensors+imu,distance_sensors_3|imu|odometry_pods,odometry pods + IMU + 3 ToF sensors,3,3,289.35,289.35,drift|heading|obstacle,corridor,"Tight corridor, mixed deviation",9,0,0.5951,1,0
odometry_pods+distance_sensors+imu,distance_sensors_3|imu|odometry_pods,odometry pods + IMU + 3 ToF sensors,3,3,289.35,289.35,drift|heading|obstacle,corridor,"Tight corridor, mixed deviation",10,0,5.4258,1,0
odometry_pods+distance_sensors+imu,distance_sensors_3|imu|odometry_pods,odometry pods + IMU + 3 ToF sensors,3,3,289.35,289.35,drift|heading|obstacle,corridor,"Tight corridor, mixed deviation",11,0,0.9711,0,0
odometry_pods+distance_sensors+imu,distance_sensors_3|imu|odometry_pods,odometry pods + IMU + 3 ToF sensors,3,3,289.35,289.35,drift|heading|obstacle,corridor,"Tight corridor, mixed deviation",12,0,7.7113,0,0
odometry_pods+distance_sensors+imu,distance_sensors_3|imu|odometry_pods,odometry pods + IMU + 3 ToF sensors,3,3,289.35,289.35,drift|heading|obstacle,corridor,"Tight corridor, mixed deviation",13,0,5.4438,0,0
odometry_pods+distance_sensors+imu,distance_sensors_3|imu|odometry_pods,odometry pods + IMU + 3 ToF sensors,3,3,289.35,289.35,drift|heading|obstacle,corridor,"Tight corridor, mixed deviation",14,0,1.3523,0,0
odometry_pods+distance_sensors+imu,distance_sensors_3|imu|odometry_pods,odometry pods + IMU + 3 ToF sensors,3,3,289.35,289.35,drift|heading|obstacle,corridor,"Tight corridor, mixed deviation",15,0,6.1636,0,0
odometry_pods+distance_sensors+imu,distance_sensors_3|imu|odometry_pods,odometry pods + IMU + 3 ToF sensors,3,3,289.35,289.35,drift|heading|obstacle,corridor,"Tight corridor, mixed deviation",16,0,1.7265,1,0
odometry_pods+distance_sensors+imu,distance_sensors_3|imu|odometry_pods,odometry pods + IMU + 3 ToF sensors,3,3,289.35,289.35,drift|heading|obstacle,corridor,"Tight corridor, mixed deviation",17,1,3.2961,0,0
odometry_pods+distance_sensors+imu,distance_sensors_3|imu|odometry_pods,odometry pods + IMU + 3 ToF sensors,3,3,289.35,289.35,drift|heading|obstacle,corridor,"Tight corridor, mixed deviation",18,0,3.3069,1,0
odometry_pods+distance_sensors+imu,distance_sensors_3|imu|odometry_pods,odometry pods + IMU + 3 ToF sensors,3,3,289.35,289.35,drift|heading|obstacle,corridor,"Tight corridor, mixed deviation",19,0,2.2361,0,0
odometry_pods+distance_sensors+imu,distance_sensors_3|imu|odometry_pods,odometry pods + IMU + 3 ToF sensors,3,3,289.35,289.35,drift|heading|obstacle,corridor,"Tight corridor, mixed deviation",20,1,7.2205,0,0
odometry_pods+distance_sensors+imu,distance_sensors_3|imu|odometry_pods,odometry pods + IMU + 3 ToF sensors,3,3,289.35,289.35,drift|heading|obstacle,corridor,"Tight corridor, mixed deviation",21,0,4.0852,0,0
odometry_pods+distance_sensors+imu,distance_sensors_3|imu|odometry_pods,odometry pods + IMU + 3 ToF sensors,3,3,289.35,289.35,drift|heading|obstacle,corridor,"Tight corridor, mixed deviation",22,0,3.3917,0,0
odometry_pods+distance_sensors+imu,distance_sensors_3|imu|odometry_pods,odometry pods + IMU + 3 ToF sensors,3,3,289.35,289.35,drift|heading|obstacle,corridor,"Tight corridor, mixed deviation",23,0,0.0,0,0
odometry_pods+distance_sensors+imu,distance_sensors_3|imu|odometry_pods,odometry pods + IMU + 3 ToF sensors,3,3,289.35,289.35,drift|heading|obstacle,corridor,"Tight corridor, mixed deviation",24,0,0.0,0,0
odometry_pods+distance_sensors+dual_camera_apriltag,camera_front|camera_rear|distance_sensors_3|odometry_pods,odometry pods + front camera + rear camera + 3 ToF sensors,3,4,339.35,339.35,drift|obstacle|pose,pose_drift_match,Heavy pose drift (map also off),0,0,3.8578,1,0
odometry_pods+distance_sensors+dual_camera_apriltag,camera_front|camera_rear|distance_sensors_3|odometry_pods,odometry pods + front camera + rear camera + 3 ToF sensors,3,4,339.35,339.35,drift|obstacle|pose,pose_drift_match,Heavy pose drift (map also off),1,0,0.0,1,0
odometry_pods+distance_sensors+dual_camera_apriltag,camera_front|camera_rear|distance_sensors_3|odometry_pods,odometry pods + front camera + rear camera + 3 ToF sensors,3,4,339.35,339.35,drift|obstacle|pose,pose_drift_match,Heavy pose drift (map also off),2,0,0.0,1,0
odometry_pods+distance_sensors+dual_camera_apriltag,camera_front|camera_rear|distance_sensors_3|odometry_pods,odometry pods + front camera + rear camera + 3 ToF sensors,3,4,339.35,339.35,drift|obstacle|pose,pose_drift_match,Heavy pose drift (map also off),3,0,0.6005,1,0
odometry_pods+distance_sensors+dual_camera_apriltag,camera_front|camera_rear|distance_sensors_3|odometry_pods,odometry pods + front camera + rear camera + 3 ToF sensors,3,4,339.35,339.35,drift|obstacle|pose,pose_drift_match,Heavy pose drift (map also off),4,0,0.683,1,0
odometry_pods+distance_sensors+dual_camera_apriltag,camera_front|camera_rear|distance_sensors_3|odometry_pods,odometry pods + front camera + rear camera + 3 ToF sensors,3,4,339.35,339.35,drift|obstacle|pose,pose_drift_match,Heavy pose drift (map also off),5,0,1.5929,1,0
odometry_pods+distance_sensors+dual_camera_apriltag,camera_front|camera_rear|distance_sensors_3|odometry_pods,odometry pods + front camera + rear camera + 3 ToF sensors,3,4,339.35,339.35,drift|obstacle|pose,pose_drift_match,Heavy pose drift (map also off),6,0,1.9655,0,0
odometry_pods+distance_sensors+dual_camera_apriltag,camera_front|camera_rear|distance_sensors_3|odometry_pods,odometry pods + front camera + rear camera + 3 ToF sensors,3,4,339.35,339.35,drift|obstacle|pose,pose_drift_match,Heavy pose drift (map also off),7,0,1.3136,1,0
odometry_pods+distance_sensors+dual_camera_apriltag,camera_front|camera_rear|distance_sensors_3|odometry_pods,odometry pods + front camera + rear camera + 3 ToF sensors,3,4,339.35,339.35,drift|obstacle|pose,pose_drift_match,Heavy pose drift (map also off),8,1,2.9394,0,0
odometry_pods+distance_sensors+dual_camera_apriltag,camera_front|camera_rear|distance_sensors_3|odometry_pods,odometry pods + front camera + rear camera + 3 ToF sensors,3,4,339.35,339.35,drift|obstacle|pose,pose_drift_match,Heavy pose drift (map also off),9,0,0.0,1,0
odometry_pods+distance_sensors+dual_camera_apriltag,camera_front|camera_rear|distance_sensors_3|odometry_pods,odometry pods + front camera + rear camera + 3 ToF sensors,3,4,339.35,339.35,drift|obstacle|pose,pose_drift_match,Heavy pose drift (map also off),10,1,0.9016,0,0
odometry_pods+distance_sensors+dual_camera_apriltag,camera_front|camera_rear|distance_sensors_3|odometry_pods,odometry pods + front camera + rear camera + 3 ToF sensors,3,4,339.35,339.35,drift|obstacle|pose,pose_drift_match,Heavy pose drift (map also off),11,0,0.6762,1,0
odometry_pods+distance_sensors+dual_camera_apriltag,camera_front|camera_rear|distance_sensors_3|odometry_pods,odometry pods + front camera + rear camera + 3 ToF sensors,3,4,339.35,339.35,drift|obstacle|pose,pose_drift_match,Heavy pose drift (map also off),12,0,2.3856,0,0
odometry_pods+distance_sensors+dual_camera_apriltag,camera_front|camera_rear|distance_sensors_3|odometry_pods,odometry pods + front camera + rear camera + 3 ToF sensors,3,4,339.35,339.35,drift|obstacle|pose,pose_drift_match,Heavy pose drift (map also off),13,0,1.7345,0,0
odometry_pods+distance_sensors+dual_camera_apriltag,camera_front|camera_rear|distance_sensors_3|odometry_pods,odometry pods + front camera + rear camera + 3 ToF sensors,3,4,339.35,339.35,drift|obstacle|pose,pose_drift_match,Heavy pose drift (map also off),14,0,0.0,1,0
odometry_pods+distance_sensors+dual_camera_apriltag,camera_front|camera_rear|distance_sensors_3|odometry_pods,odometry pods + front camera + rear camera + 3 ToF sensors,3,4,339.35,339.35,drift|obstacle|pose,pose_drift_match,Heavy pose drift (map also off),15,0,6.2541,1,0
odometry_pods+distance_sensors+dual_camera_apriltag,camera_front|camera_rear|distance_sensors_3|odometry_pods,odometry pods + front camera + rear camera + 3 ToF sensors,3,4,339.35,339.35,drift|obstacle|pose,pose_drift_match,Heavy pose drift (map also off),16,0,0.7157,1,0
odometry_pods+distance_sensors+dual_camera_apriltag,camera_front|camera_rear|distance_sensors_3|odometry_pods,odometry pods + front camera + rear camera + 3 ToF sensors,3,4,339.35,339.35,drift|obstacle|pose,pose_drift_match,Heavy pose drift (map also off),17,0,1.3933,1,0
odometry_pods+distance_sensors+dual_camera_apriltag,camera_front|camera_rear|distance_sensors_3|odometry_pods,odometry pods + front camera + rear camera + 3 ToF sensors,3,4,339.35,339.35,drift|obstacle|pose,pose_drift_match,Heavy pose drift (map also off),18,0,0.0,1,0
odometry_pods+distance_sensors+dual_camera_apriltag,camera_front|camera_rear|distance_sensors_3|odometry_pods,odometry pods + front camera + rear camera + 3 ToF sensors,3,4,339.35,339.35,drift|obstacle|pose,pose_drift_match,Heavy pose drift (map also off),19,0,0.0,1,0
odometry_pods+distance_sensors+dual_camera_apriltag,camera_front|camera_rear|distance_sensors_3|odometry_pods,odometry pods + front camera + rear camera + 3 ToF sensors,3,4,339.35,339.35,drift|obstacle|pose,pose_drift_match,Heavy pose drift (map also off),20,1,4.4706,0,0
odometry_pods+distance_sensors+dual_camera_apriltag,camera_front|camera_rear|distance_sensors_3|odometry_pods,odometry pods + front camera + rear camera + 3 ToF sensors,3,4,339.35,339.35,drift|obstacle|pose,pose_drift_match,Heavy pose drift (map also off),21,0,1.6876,1,0
odometry_pods+distance_sensors+dual_camera_apriltag,camera_front|camera_rear|distance_sensors_3|odometry_pods,odometry pods + front camera + rear camera + 3 ToF sensors,3,4,339.35,339.35,drift|obstacle|pose,pose_drift_match,Heavy pose drift (map also off),22,0,5.5202,1,0
odometry_pods+distance_sensors+dual_camera_apriltag,camera_front|camera_rear|distance_sensors_3|odometry_pods,odometry pods + front camera + rear camera + 3 ToF sensors,3,4,339.35,339.35,drift|obstacle|pose,pose_drift_match,Heavy pose drift (map also off),23,0,1.967,1,0
odometry_pods+distance_sensors+dual_camera_apriltag,camera_front|camera_rear|distance_sensors_3|odometry_pods,odometry pods + front camera + rear camera + 3 ToF sensors,3,4,339.35,339.35,drift|obstacle|pose,pose_drift_match,Heavy pose drift (map also off),24,0,3.9554,1,0
odometry_pods+distance_sensors+dual_camera_apriltag,camera_front|camera_rear|distance_sensors_3|odometry_pods,odometry pods + front camera + rear camera + 3 ToF sensors,3,4,339.35,339.35,drift|obstacle|pose,map_error_match,Field doesn't match the map (also drifting),0,0,0.0,0,0
odometry_pods+distance_sensors+dual_camera_apriltag,camera_front|camera_rear|distance_sensors_3|odometry_pods,odometry pods + front camera + rear camera + 3 ToF sensors,3,4,339.35,339.35,drift|obstacle|pose,map_error_match,Field doesn't match the map (also drifting),1,0,6.2907,1,0
odometry_pods+distance_sensors+dual_camera_apriltag,camera_front|camera_rear|distance_sensors_3|odometry_pods,odometry pods + front camera + rear camera + 3 ToF sensors,3,4,339.35,339.35,drift|obstacle|pose,map_error_match,Field doesn't match the map (also drifting),2,0,0.0,1,0
odometry_pods+distance_sensors+dual_camera_apriltag,camera_front|camera_rear|distance_sensors_3|odometry_pods,odometry pods + front camera + rear camera + 3 ToF sensors,3,4,339.35,339.35,drift|obstacle|pose,map_error_match,Field doesn't match the map (also drifting),3,0,0.0,1,0
odometry_pods+distance_sensors+dual_camera_apriltag,camera_front|camera_rear|distance_sensors_3|odometry_pods,odometry pods + front camera + rear camera + 3 ToF sensors,3,4,339.35,339.35,drift|obstacle|pose,map_error_match,Field doesn't match the map (also drifting),4,0,1.6834,1,0
odometry_pods+distance_sensors+dual_camera_apriltag,camera_front|camera_rear|distance_sensors_3|odometry_pods,odometry pods + front camera + rear camera + 3 ToF sensors,3,4,339.35,339.35,drift|obstacle|pose,map_error_match,Field doesn't match the map (also drifting),5,0,1.5828,1,0
odometry_pods+distance_sensors+dual_camera_apriltag,camera_front|camera_rear|distance_sensors_3|odometry_pods,odometry pods + front camera + rear camera + 3 ToF sensors,3,4,339.35,339.35,drift|obstacle|pose,map_error_match,Field doesn't match the map (also drifting),6,0,1.3523,1,0
odometry_pods+distance_sensors+dual_camera_apriltag,camera_front|camera_rear|distance_sensors_3|odometry_pods,odometry pods + front camera + rear camera + 3 ToF sensors,3,4,339.35,339.35,drift|obstacle|pose,map_error_match,Field doesn't match the map (also drifting),7,1,11.4009,0,0
odometry_pods+distance_sensors+dual_camera_apriltag,camera_front|camera_rear|distance_sensors_3|odometry_pods,odometry pods + front camera + rear camera + 3 ToF sensors,3,4,339.35,339.35,drift|obstacle|pose,map_error_match,Field doesn't match the map (also drifting),8,0,1.4704,0,0
odometry_pods+distance_sensors+dual_camera_apriltag,camera_front|camera_rear|distance_sensors_3|odometry_pods,odometry pods + front camera + rear camera + 3 ToF sensors,3,4,339.35,339.35,drift|obstacle|pose,map_error_match,Field doesn't match the map (also drifting),9,0,6.9392,0,0
odometry_pods+distance_sensors+dual_camera_apriltag,camera_front|camera_rear|distance_sensors_3|odometry_pods,odometry pods + front camera + rear camera + 3 ToF sensors,3,4,339.35,339.35,drift|obstacle|pose,map_error_match,Field doesn't match the map (also drifting),10,0,1.885,0,0
odometry_pods+distance_sensors+dual_camera_apriltag,camera_front|camera_rear|distance_sensors_3|odometry_pods,odometry pods + front camera + rear camera + 3 ToF sensors,3,4,339.35,339.35,drift|obstacle|pose,map_error_match,Field doesn't match the map (also drifting),11,0,0.6508,1,0
odometry_pods+distance_sensors+dual_camera_apriltag,camera_front|camera_rear|distance_sensors_3|odometry_pods,odometry pods + front camera + rear camera + 3 ToF sensors,3,4,339.35,339.35,drift|obstacle|pose,map_error_match,Field doesn't match the map (also drifting),12,0,2.3856,0,0
odometry_pods+distance_sensors+dual_camera_apriltag,camera_front|camera_rear|distance_sensors_3|odometry_pods,odometry pods + front camera + rear camera + 3 ToF sensors,3,4,339.35,339.35,drift|obstacle|pose,map_error_match,Field doesn't match the map (also drifting),13,0,1.7874,0,0
odometry_pods+distance_sensors+dual_camera_apriltag,camera_front|camera_rear|distance_sensors_3|odometry_pods,odometry pods + front camera + rear camera + 3 ToF sensors,3,4,339.35,339.35,drift|obstacle|pose,map_error_match,Field doesn't match the map (also drifting),14,0,0.0,1,0
odometry_pods+distance_sensors+dual_camera_apriltag,camera_front|camera_rear|distance_sensors_3|odometry_pods,odometry pods + front camera + rear camera + 3 ToF sensors,3,4,339.35,339.35,drift|obstacle|pose,map_error_match,Field doesn't match the map (also drifting),15,0,1.9058,0,0
odometry_pods+distance_sensors+dual_camera_apriltag,camera_front|camera_rear|distance_sensors_3|odometry_pods,odometry pods + front camera + rear camera + 3 ToF sensors,3,4,339.35,339.35,drift|obstacle|pose,map_error_match,Field doesn't match the map (also drifting),16,0,0.0,0,0
odometry_pods+distance_sensors+dual_camera_apriltag,camera_front|camera_rear|distance_sensors_3|odometry_pods,odometry pods + front camera + rear camera + 3 ToF sensors,3,4,339.35,339.35,drift|obstacle|pose,map_error_match,Field doesn't match the map (also drifting),17,0,0.525,1,0
odometry_pods+distance_sensors+dual_camera_apriltag,camera_front|camera_rear|distance_sensors_3|odometry_pods,odometry pods + front camera + rear camera + 3 ToF sensors,3,4,339.35,339.35,drift|obstacle|pose,map_error_match,Field doesn't match the map (also drifting),18,0,7.0957,1,0
odometry_pods+distance_sensors+dual_camera_apriltag,camera_front|camera_rear|distance_sensors_3|odometry_pods,odometry pods + front camera + rear camera + 3 ToF sensors,3,4,339.35,339.35,drift|obstacle|pose,map_error_match,Field doesn't match the map (also drifting),19,0,0.0,1,0
odometry_pods+distance_sensors+dual_camera_apriltag,camera_front|camera_rear|distance_sensors_3|odometry_pods,odometry pods + front camera + rear camera + 3 ToF sensors,3,4,339.35,339.35,drift|obstacle|pose,map_error_match,Field doesn't match the map (also drifting),20,0,0.0,1,0
odometry_pods+distance_sensors+dual_camera_apriltag,camera_front|camera_rear|distance_sensors_3|odometry_pods,odometry pods + front camera + rear camera + 3 ToF sensors,3,4,339.35,339.35,drift|obstacle|pose,map_error_match,Field doesn't match the map (also drifting),21,0,0.5396,0,0
odometry_pods+distance_sensors+dual_camera_apriltag,camera_front|camera_rear|distance_sensors_3|odometry_pods,odometry pods + front camera + rear camera + 3 ToF sensors,3,4,339.35,339.35,drift|obstacle|pose,map_error_match,Field doesn't match the map (also drifting),22,0,0.0,1,0
odometry_pods+distance_sensors+dual_camera_apriltag,camera_front|camera_rear|distance_sensors_3|odometry_pods,odometry pods + front camera + rear camera + 3 ToF sensors,3,4,339.35,339.35,drift|obstacle|pose,map_error_match,Field doesn't match the map (also drifting),23,0,1.9586,1,0
odometry_pods+distance_sensors+dual_camera_apriltag,camera_front|camera_rear|distance_sensors_3|odometry_pods,odometry pods + front camera + rear camera + 3 ToF sensors,3,4,339.35,339.35,drift|obstacle|pose,map_error_match,Field doesn't match the map (also drifting),24,0,2.9808,1,0
odometry_pods+distance_sensors+dual_camera_apriltag,camera_front|camera_rear|distance_sensors_3|odometry_pods,odometry pods + front camera + rear camera + 3 ToF sensors,3,4,339.35,339.35,drift|obstacle|pose,opponent_match,Opponent parks in the route (also drifting),0,0,0.0,0,0
odometry_pods+distance_sensors+dual_camera_apriltag,camera_front|camera_rear|distance_sensors_3|odometry_pods,odometry pods + front camera + rear camera + 3 ToF sensors,3,4,339.35,339.35,drift|obstacle|pose,opponent_match,Opponent parks in the route (also drifting),1,0,2.0062,1,0
odometry_pods+distance_sensors+dual_camera_apriltag,camera_front|camera_rear|distance_sensors_3|odometry_pods,odometry pods + front camera + rear camera + 3 ToF sensors,3,4,339.35,339.35,drift|obstacle|pose,opponent_match,Opponent parks in the route (also drifting),2,0,0.0,1,0
odometry_pods+distance_sensors+dual_camera_apriltag,camera_front|camera_rear|distance_sensors_3|odometry_pods,odometry pods + front camera + rear camera + 3 ToF sensors,3,4,339.35,339.35,drift|obstacle|pose,opponent_match,Opponent parks in the route (also drifting),3,0,0.6005,1,0
odometry_pods+distance_sensors+dual_camera_apriltag,camera_front|camera_rear|distance_sensors_3|odometry_pods,odometry pods + front camera + rear camera + 3 ToF sensors,3,4,339.35,339.35,drift|obstacle|pose,opponent_match,Opponent parks in the route (also drifting),4,0,0.668,1,0
odometry_pods+distance_sensors+dual_camera_apriltag,camera_front|camera_rear|distance_sensors_3|odometry_pods,odometry pods + front camera + rear camera + 3 ToF sensors,3,4,339.35,339.35,drift|obstacle|pose,opponent_match,Opponent parks in the route (also drifting),5,0,1.1436,1,0
odometry_pods+distance_sensors+dual_camera_apriltag,camera_front|camera_rear|distance_sensors_3|odometry_pods,odometry pods + front camera + rear camera + 3 ToF sensors,3,4,339.35,339.35,drift|obstacle|pose,opponent_match,Opponent parks in the route (also drifting),6,1,2.735,0,0
odometry_pods+distance_sensors+dual_camera_apriltag,camera_front|camera_rear|distance_sensors_3|odometry_pods,odometry pods + front camera + rear camera + 3 ToF sensors,3,4,339.35,339.35,drift|obstacle|pose,opponent_match,Opponent parks in the route (also drifting),7,0,4.151,1,0
odometry_pods+distance_sensors+dual_camera_apriltag,camera_front|camera_rear|distance_sensors_3|odometry_pods,odometry pods + front camera + rear camera + 3 ToF sensors,3,4,339.35,339.35,drift|obstacle|pose,opponent_match,Opponent parks in the route (also drifting),8,1,1.9031,0,0
odometry_pods+distance_sensors+dual_camera_apriltag,camera_front|camera_rear|distance_sensors_3|odometry_pods,odometry pods + front camera + rear camera + 3 ToF sensors,3,4,339.35,339.35,drift|obstacle|pose,opponent_match,Opponent parks in the route (also drifting),9,0,3.491,1,0
odometry_pods+distance_sensors+dual_camera_apriltag,camera_front|camera_rear|distance_sensors_3|odometry_pods,odometry pods + front camera + rear camera + 3 ToF sensors,3,4,339.35,339.35,drift|obstacle|pose,opponent_match,Opponent parks in the route (also drifting),10,0,2.5737,0,0
odometry_pods+distance_sensors+dual_camera_apriltag,camera_front|camera_rear|distance_sensors_3|odometry_pods,odometry pods + front camera + rear camera + 3 ToF sensors,3,4,339.35,339.35,drift|obstacle|pose,opponent_match,Opponent parks in the route (also drifting),11,0,1.4087,0,0
odometry_pods+distance_sensors+dual_camera_apriltag,camera_front|camera_rear|distance_sensors_3|odometry_pods,odometry pods + front camera + rear camera + 3 ToF sensors,3,4,339.35,339.35,drift|obstacle|pose,opponent_match,Opponent parks in the route (also drifting),12,0,2.3039,0,0
odometry_pods+distance_sensors+dual_camera_apriltag,camera_front|camera_rear|distance_sensors_3|odometry_pods,odometry pods + front camera + rear camera + 3 ToF sensors,3,4,339.35,339.35,drift|obstacle|pose,opponent_match,Opponent parks in the route (also drifting),13,0,0.9016,1,0
odometry_pods+distance_sensors+dual_camera_apriltag,camera_front|camera_rear|distance_sensors_3|odometry_pods,odometry pods + front camera + rear camera + 3 ToF sensors,3,4,339.35,339.35,drift|obstacle|pose,opponent_match,Opponent parks in the route (also drifting),14,0,0.0,1,0
odometry_pods+distance_sensors+dual_camera_apriltag,camera_front|camera_rear|distance_sensors_3|odometry_pods,odometry pods + front camera + rear camera + 3 ToF sensors,3,4,339.35,339.35,drift|obstacle|pose,opponent_match,Opponent parks in the route (also drifting),15,0,2.6531,0,0
odometry_pods+distance_sensors+dual_camera_apriltag,camera_front|camera_rear|distance_sensors_3|odometry_pods,odometry pods + front camera + rear camera + 3 ToF sensors,3,4,339.35,339.35,drift|obstacle|pose,opponent_match,Opponent parks in the route (also drifting),16,0,4.211,1,0
odometry_pods+distance_sensors+dual_camera_apriltag,camera_front|camera_rear|distance_sensors_3|odometry_pods,odometry pods + front camera + rear camera + 3 ToF sensors,3,4,339.35,339.35,drift|obstacle|pose,opponent_match,Opponent parks in the route (also drifting),17,0,7.3203,0,0
odometry_pods+distance_sensors+dual_camera_apriltag,camera_front|camera_rear|distance_sensors_3|odometry_pods,odometry pods + front camera + rear camera + 3 ToF sensors,3,4,339.35,339.35,drift|obstacle|pose,opponent_match,Opponent parks in the route (also drifting),18,0,7.0957,1,0
odometry_pods+distance_sensors+dual_camera_apriltag,camera_front|camera_rear|distance_sensors_3|odometry_pods,odometry pods + front camera + rear camera + 3 ToF sensors,3,4,339.35,339.35,drift|obstacle|pose,opponent_match,Opponent parks in the route (also drifting),19,0,0.0,1,0
odometry_pods+distance_sensors+dual_camera_apriltag,camera_front|camera_rear|distance_sensors_3|odometry_pods,odometry pods + front camera + rear camera + 3 ToF sensors,3,4,339.35,339.35,drift|obstacle|pose,opponent_match,Opponent parks in the route (also drifting),20,0,2.8805,1,0
odometry_pods+distance_sensors+dual_camera_apriltag,camera_front|camera_rear|distance_sensors_3|odometry_pods,odometry pods + front camera + rear camera + 3 ToF sensors,3,4,339.35,339.35,drift|obstacle|pose,opponent_match,Opponent parks in the route (also drifting),21,0,1.4385,1,0
odometry_pods+distance_sensors+dual_camera_apriltag,camera_front|camera_rear|distance_sensors_3|odometry_pods,odometry pods + front camera + rear camera + 3 ToF sensors,3,4,339.35,339.35,drift|obstacle|pose,opponent_match,Opponent parks in the route (also drifting),22,0,5.58,1,0
odometry_pods+distance_sensors+dual_camera_apriltag,camera_front|camera_rear|distance_sensors_3|odometry_pods,odometry pods + front camera + rear camera + 3 ToF sensors,3,4,339.35,339.35,drift|obstacle|pose,opponent_match,Opponent parks in the route (also drifting),23,0,1.9586,1,0
odometry_pods+distance_sensors+dual_camera_apriltag,camera_front|camera_rear|distance_sensors_3|odometry_pods,odometry pods + front camera + rear camera + 3 ToF sensors,3,4,339.35,339.35,drift|obstacle|pose,opponent_match,Opponent parks in the route (also drifting),24,0,0.0,1,0
odometry_pods+distance_sensors+dual_camera_apriltag,camera_front|camera_rear|distance_sensors_3|odometry_pods,odometry pods + front camera + rear camera + 3 ToF sensors,3,4,339.35,339.35,drift|obstacle|pose,combined_match,Everything at once (match-realistic mix),0,0,0.0,0,0
odometry_pods+distance_sensors+dual_camera_apriltag,camera_front|camera_rear|distance_sensors_3|odometry_pods,odometry pods + front camera + rear camera + 3 ToF sensors,3,4,339.35,339.35,drift|obstacle|pose,combined_match,Everything at once (match-realistic mix),1,0,6.2907,1,0
odometry_pods+distance_sensors+dual_camera_apriltag,camera_front|camera_rear|distance_sensors_3|odometry_pods,odometry pods + front camera + rear camera + 3 ToF sensors,3,4,339.35,339.35,drift|obstacle|pose,combined_match,Everything at once (match-realistic mix),2,0,1.915,1,0
odometry_pods+distance_sensors+dual_camera_apriltag,camera_front|camera_rear|distance_sensors_3|odometry_pods,odometry pods + front camera + rear camera + 3 ToF sensors,3,4,339.35,339.35,drift|obstacle|pose,combined_match,Everything at once (match-realistic mix),3,0,0.6691,1,0
odometry_pods+distance_sensors+dual_camera_apriltag,camera_front|camera_rear|distance_sensors_3|odometry_pods,odometry pods + front camera + rear camera + 3 ToF sensors,3,4,339.35,339.35,drift|obstacle|pose,combined_match,Everything at once (match-realistic mix),4,0,0.668,1,0
odometry_pods+distance_sensors+dual_camera_apriltag,camera_front|camera_rear|distance_sensors_3|odometry_pods,odometry pods + front camera + rear camera + 3 ToF sensors,3,4,339.35,339.35,drift|obstacle|pose,combined_match,Everything at once (match-realistic mix),5,0,1.132,1,0
odometry_pods+distance_sensors+dual_camera_apriltag,camera_front|camera_rear|distance_sensors_3|odometry_pods,odometry pods + front camera + rear camera + 3 ToF sensors,3,4,339.35,339.35,drift|obstacle|pose,combined_match,Everything at once (match-realistic mix),6,0,1.3523,1,0
odometry_pods+distance_sensors+dual_camera_apriltag,camera_front|camera_rear|distance_sensors_3|odometry_pods,odometry pods + front camera + rear camera + 3 ToF sensors,3,4,339.35,339.35,drift|obstacle|pose,combined_match,Everything at once (match-realistic mix),7,1,11.4009,0,0
odometry_pods+distance_sensors+dual_camera_apriltag,camera_front|camera_rear|distance_sensors_3|odometry_pods,odometry pods + front camera + rear camera + 3 ToF sensors,3,4,339.35,339.35,drift|obstacle|pose,combined_match,Everything at once (match-realistic mix),8,0,1.4704,0,0
odometry_pods+distance_sensors+dual_camera_apriltag,camera_front|camera_rear|distance_sensors_3|odometry_pods,odometry pods + front camera + rear camera + 3 ToF sensors,3,4,339.35,339.35,drift|obstacle|pose,combined_match,Everything at once (match-realistic mix),9,0,6.9392,0,0
odometry_pods+distance_sensors+dual_camera_apriltag,camera_front|camera_rear|distance_sensors_3|odometry_pods,odometry pods + front camera + rear camera + 3 ToF sensors,3,4,339.35,339.35,drift|obstacle|pose,combined_match,Everything at once (match-realistic mix),10,0,1.8534,0,0
odometry_pods+distance_sensors+dual_camera_apriltag,camera_front|camera_rear|distance_sensors_3|odometry_pods,odometry pods + front camera + rear camera + 3 ToF sensors,3,4,339.35,339.35,drift|obstacle|pose,combined_match,Everything at once (match-realistic mix),11,0,0.6642,1,0
odometry_pods+distance_sensors+dual_camera_apriltag,camera_front|camera_rear|distance_sensors_3|odometry_pods,odometry pods + front camera + rear camera + 3 ToF sensors,3,4,339.35,339.35,drift|obstacle|pose,combined_match,Everything at once (match-realistic mix),12,0,2.3856,0,0
odometry_pods+distance_sensors+dual_camera_apriltag,camera_front|camera_rear|distance_sensors_3|odometry_pods,odometry pods + front camera + rear camera + 3 ToF sensors,3,4,339.35,339.35,drift|obstacle|pose,combined_match,Everything at once (match-realistic mix),13,0,1.7874,0,0
odometry_pods+distance_sensors+dual_camera_apriltag,camera_front|camera_rear|distance_sensors_3|odometry_pods,odometry pods + front camera + rear camera + 3 ToF sensors,3,4,339.35,339.35,drift|obstacle|pose,combined_match,Everything at once (match-realistic mix),14,0,0.0,1,0
odometry_pods+distance_sensors+dual_camera_apriltag,camera_front|camera_rear|distance_sensors_3|odometry_pods,odometry pods + front camera + rear camera + 3 ToF sensors,3,4,339.35,339.35,drift|obstacle|pose,combined_match,Everything at once (match-realistic mix),15,0,2.6531,0,0
odometry_pods+distance_sensors+dual_camera_apriltag,camera_front|camera_rear|distance_sensors_3|odometry_pods,odometry pods + front camera + rear camera + 3 ToF sensors,3,4,339.35,339.35,drift|obstacle|pose,combined_match,Everything at once (match-realistic mix),16,0,0.0,0,0
odometry_pods+distance_sensors+dual_camera_apriltag,camera_front|camera_rear|distance_sensors_3|odometry_pods,odometry pods + front camera + rear camera + 3 ToF sensors,3,4,339.35,339.35,drift|obstacle|pose,combined_match,Everything at once (match-realistic mix),17,0,0.525,1,0
odometry_pods+distance_sensors+dual_camera_apriltag,camera_front|camera_rear|distance_sensors_3|odometry_pods,odometry pods + front camera + rear camera + 3 ToF sensors,3,4,339.35,339.35,drift|obstacle|pose,combined_match,Everything at once (match-realistic mix),18,0,7.0957,1,0
odometry_pods+distance_sensors+dual_camera_apriltag,camera_front|camera_rear|distance_sensors_3|odometry_pods,odometry pods + front camera + rear camera + 3 ToF sensors,3,4,339.35,339.35,drift|obstacle|pose,combined_match,Everything at once (match-realistic mix),19,0,0.0,1,0
odometry_pods+distance_sensors+dual_camera_apriltag,camera_front|camera_rear|distance_sensors_3|odometry_pods,odometry pods + front camera + rear camera + 3 ToF sensors,3,4,339.35,339.35,drift|obstacle|pose,combined_match,Everything at once (match-realistic mix),20,0,0.0,1,0
odometry_pods+distance_sensors+dual_camera_apriltag,camera_front|camera_rear|distance_sensors_3|odometry_pods,odometry pods + front camera + rear camera + 3 ToF sensors,3,4,339.35,339.35,drift|obstacle|pose,combined_match,Everything at once (match-realistic mix),21,0,0.5396,0,0
odometry_pods+distance_sensors+dual_camera_apriltag,camera_front|camera_rear|distance_sensors_3|odometry_pods,odometry pods + front camera + rear camera + 3 ToF sensors,3,4,339.35,339.35,drift|obstacle|pose,combined_match,Everything at once (match-realistic mix),22,0,0.0,1,0
odometry_pods+distance_sensors+dual_camera_apriltag,camera_front|camera_rear|distance_sensors_3|odometry_pods,odometry pods + front camera + rear camera + 3 ToF sensors,3,4,339.35,339.35,drift|obstacle|pose,combined_match,Everything at once (match-realistic mix),23,0,1.9586,1,0
odometry_pods+distance_sensors+dual_camera_apriltag,camera_front|camera_rear|distance_sensors_3|odometry_pods,odometry pods + front camera + rear camera + 3 ToF sensors,3,4,339.35,339.35,drift|obstacle|pose,combined_match,Everything at once (match-realistic mix),24,0,2.9808,1,0
odometry_pods+distance_sensors+dual_camera_apriltag,camera_front|camera_rear|distance_sensors_3|odometry_pods,odometry pods + front camera + rear camera + 3 ToF sensors,3,4,339.35,339.35,drift|obstacle|pose,corridor,"Tight corridor, mixed deviation",0,0,1.0227,1,0
odometry_pods+distance_sensors+dual_camera_apriltag,camera_front|camera_rear|distance_sensors_3|odometry_pods,odometry pods + front camera + rear camera + 3 ToF sensors,3,4,339.35,339.35,drift|obstacle|pose,corridor,"Tight corridor, mixed deviation",1,0,4.0682,0,0
odometry_pods+distance_sensors+dual_camera_apriltag,camera_front|camera_rear|distance_sensors_3|odometry_pods,odometry pods + front camera + rear camera + 3 ToF sensors,3,4,339.35,339.35,drift|obstacle|pose,corridor,"Tight corridor, mixed deviation",2,0,0.0,1,0
odometry_pods+distance_sensors+dual_camera_apriltag,camera_front|camera_rear|distance_sensors_3|odometry_pods,odometry pods + front camera + rear camera + 3 ToF sensors,3,4,339.35,339.35,drift|obstacle|pose,corridor,"Tight corridor, mixed deviation",3,1,4.0082,0,0
odometry_pods+distance_sensors+dual_camera_apriltag,camera_front|camera_rear|distance_sensors_3|odometry_pods,odometry pods + front camera + rear camera + 3 ToF sensors,3,4,339.35,339.35,drift|obstacle|pose,corridor,"Tight corridor, mixed deviation",4,0,3.9141,0,0
odometry_pods+distance_sensors+dual_camera_apriltag,camera_front|camera_rear|distance_sensors_3|odometry_pods,odometry pods + front camera + rear camera + 3 ToF sensors,3,4,339.35,339.35,drift|obstacle|pose,corridor,"Tight corridor, mixed deviation",5,1,8.264,0,0
odometry_pods+distance_sensors+dual_camera_apriltag,camera_front|camera_rear|distance_sensors_3|odometry_pods,odometry pods + front camera + rear camera + 3 ToF sensors,3,4,339.35,339.35,drift|obstacle|pose,corridor,"Tight corridor, mixed deviation",6,1,7.5247,0,0
odometry_pods+distance_sensors+dual_camera_apriltag,camera_front|camera_rear|distance_sensors_3|odometry_pods,odometry pods + front camera + rear camera + 3 ToF sensors,3,4,339.35,339.35,drift|obstacle|pose,corridor,"Tight corridor, mixed deviation",7,0,4.2322,1,0
odometry_pods+distance_sensors+dual_camera_apriltag,camera_front|camera_rear|distance_sensors_3|odometry_pods,odometry pods + front camera + rear camera + 3 ToF sensors,3,4,339.35,339.35,drift|obstacle|pose,corridor,"Tight corridor, mixed deviation",8,1,7.7229,0,0
odometry_pods+distance_sensors+dual_camera_apriltag,camera_front|camera_rear|distance_sensors_3|odometry_pods,odometry pods + front camera + rear camera + 3 ToF sensors,3,4,339.35,339.35,drift|obstacle|pose,corridor,"Tight corridor, mixed deviation",9,1,6.6499,0,0
odometry_pods+distance_sensors+dual_camera_apriltag,camera_front|camera_rear|distance_sensors_3|odometry_pods,odometry pods + front camera + rear camera + 3 ToF sensors,3,4,339.35,339.35,drift|obstacle|pose,corridor,"Tight corridor, mixed deviation",10,0,5.7258,1,0
odometry_pods+distance_sensors+dual_camera_apriltag,camera_front|camera_rear|distance_sensors_3|odometry_pods,odometry pods + front camera + rear camera + 3 ToF sensors,3,4,339.35,339.35,drift|obstacle|pose,corridor,"Tight corridor, mixed deviation",11,1,6.6649,0,0
odometry_pods+distance_sensors+dual_camera_apriltag,camera_front|camera_rear|distance_sensors_3|odometry_pods,odometry pods + front camera + rear camera + 3 ToF sensors,3,4,339.35,339.35,drift|obstacle|pose,corridor,"Tight corridor, mixed deviation",12,0,3.7139,1,0
odometry_pods+distance_sensors+dual_camera_apriltag,camera_front|camera_rear|distance_sensors_3|odometry_pods,odometry pods + front camera + rear camera + 3 ToF sensors,3,4,339.35,339.35,drift|obstacle|pose,corridor,"Tight corridor, mixed deviation",13,0,4.207,1,0
odometry_pods+distance_sensors+dual_camera_apriltag,camera_front|camera_rear|distance_sensors_3|odometry_pods,odometry pods + front camera + rear camera + 3 ToF sensors,3,4,339.35,339.35,drift|obstacle|pose,corridor,"Tight corridor, mixed deviation",14,0,1.3523,0,0
odometry_pods+distance_sensors+dual_camera_apriltag,camera_front|camera_rear|distance_sensors_3|odometry_pods,odometry pods + front camera + rear camera + 3 ToF sensors,3,4,339.35,339.35,drift|obstacle|pose,corridor,"Tight corridor, mixed deviation",15,1,7.2643,0,0
odometry_pods+distance_sensors+dual_camera_apriltag,camera_front|camera_rear|distance_sensors_3|odometry_pods,odometry pods + front camera + rear camera + 3 ToF sensors,3,4,339.35,339.35,drift|obstacle|pose,corridor,"Tight corridor, mixed deviation",16,0,2.4126,1,0
odometry_pods+distance_sensors+dual_camera_apriltag,camera_front|camera_rear|distance_sensors_3|odometry_pods,odometry pods + front camera + rear camera + 3 ToF sensors,3,4,339.35,339.35,drift|obstacle|pose,corridor,"Tight corridor, mixed deviation",17,1,3.2961,0,0
odometry_pods+distance_sensors+dual_camera_apriltag,camera_front|camera_rear|distance_sensors_3|odometry_pods,odometry pods + front camera + rear camera + 3 ToF sensors,3,4,339.35,339.35,drift|obstacle|pose,corridor,"Tight corridor, mixed deviation",18,0,3.3069,1,0
odometry_pods+distance_sensors+dual_camera_apriltag,camera_front|camera_rear|distance_sensors_3|odometry_pods,odometry pods + front camera + rear camera + 3 ToF sensors,3,4,339.35,339.35,drift|obstacle|pose,corridor,"Tight corridor, mixed deviation",19,0,2.2361,0,0
odometry_pods+distance_sensors+dual_camera_apriltag,camera_front|camera_rear|distance_sensors_3|odometry_pods,odometry pods + front camera + rear camera + 3 ToF sensors,3,4,339.35,339.35,drift|obstacle|pose,corridor,"Tight corridor, mixed deviation",20,1,8.2911,0,0
odometry_pods+distance_sensors+dual_camera_apriltag,camera_front|camera_rear|distance_sensors_3|odometry_pods,odometry pods + front camera + rear camera + 3 ToF sensors,3,4,339.35,339.35,drift|obstacle|pose,corridor,"Tight corridor, mixed deviation",21,1,4.4705,0,0
odometry_pods+distance_sensors+dual_camera_apriltag,camera_front|camera_rear|distance_sensors_3|odometry_pods,odometry pods + front camera + rear camera + 3 ToF sensors,3,4,339.35,339.35,drift|obstacle|pose,corridor,"Tight corridor, mixed deviation",22,0,3.3917,0,0
odometry_pods+distance_sensors+dual_camera_apriltag,camera_front|camera_rear|distance_sensors_3|odometry_pods,odometry pods + front camera + rear camera + 3 ToF sensors,3,4,339.35,339.35,drift|obstacle|pose,corridor,"Tight corridor, mixed deviation",23,0,0.0,0,0
odometry_pods+distance_sensors+dual_camera_apriltag,camera_front|camera_rear|distance_sensors_3|odometry_pods,odometry pods + front camera + rear camera + 3 ToF sensors,3,4,339.35,339.35,drift|obstacle|pose,corridor,"Tight corridor, mixed deviation",24,0,0.0,0,0
odometry_pods+distance_sensors+apriltag_imu,camera_front|distance_sensors_3|imu|odometry_pods,odometry pods + IMU + front camera + 3 ToF sensors,3,4,314.35,314.35,drift|heading|obstacle|pose,pose_drift_match,Heavy pose drift (map also off),0,0,3.8578,1,0
odometry_pods+distance_sensors+apriltag_imu,camera_front|distance_sensors_3|imu|odometry_pods,odometry pods + IMU + front camera + 3 ToF sensors,3,4,314.35,314.35,drift|heading|obstacle|pose,pose_drift_match,Heavy pose drift (map also off),1,0,0.0,1,0
odometry_pods+distance_sensors+apriltag_imu,camera_front|distance_sensors_3|imu|odometry_pods,odometry pods + IMU + front camera + 3 ToF sensors,3,4,314.35,314.35,drift|heading|obstacle|pose,pose_drift_match,Heavy pose drift (map also off),2,0,0.0,1,0
odometry_pods+distance_sensors+apriltag_imu,camera_front|distance_sensors_3|imu|odometry_pods,odometry pods + IMU + front camera + 3 ToF sensors,3,4,314.35,314.35,drift|heading|obstacle|pose,pose_drift_match,Heavy pose drift (map also off),3,0,0.6005,1,0
odometry_pods+distance_sensors+apriltag_imu,camera_front|distance_sensors_3|imu|odometry_pods,odometry pods + IMU + front camera + 3 ToF sensors,3,4,314.35,314.35,drift|heading|obstacle|pose,pose_drift_match,Heavy pose drift (map also off),4,0,0.683,1,0
odometry_pods+distance_sensors+apriltag_imu,camera_front|distance_sensors_3|imu|odometry_pods,odometry pods + IMU + front camera + 3 ToF sensors,3,4,314.35,314.35,drift|heading|obstacle|pose,pose_drift_match,Heavy pose drift (map also off),5,0,1.5929,1,0
odometry_pods+distance_sensors+apriltag_imu,camera_front|distance_sensors_3|imu|odometry_pods,odometry pods + IMU + front camera + 3 ToF sensors,3,4,314.35,314.35,drift|heading|obstacle|pose,pose_drift_match,Heavy pose drift (map also off),6,0,1.9655,0,0
odometry_pods+distance_sensors+apriltag_imu,camera_front|distance_sensors_3|imu|odometry_pods,odometry pods + IMU + front camera + 3 ToF sensors,3,4,314.35,314.35,drift|heading|obstacle|pose,pose_drift_match,Heavy pose drift (map also off),7,0,1.3136,1,0
odometry_pods+distance_sensors+apriltag_imu,camera_front|distance_sensors_3|imu|odometry_pods,odometry pods + IMU + front camera + 3 ToF sensors,3,4,314.35,314.35,drift|heading|obstacle|pose,pose_drift_match,Heavy pose drift (map also off),8,1,2.9394,0,0
odometry_pods+distance_sensors+apriltag_imu,camera_front|distance_sensors_3|imu|odometry_pods,odometry pods + IMU + front camera + 3 ToF sensors,3,4,314.35,314.35,drift|heading|obstacle|pose,pose_drift_match,Heavy pose drift (map also off),9,0,0.0,1,0
odometry_pods+distance_sensors+apriltag_imu,camera_front|distance_sensors_3|imu|odometry_pods,odometry pods + IMU + front camera + 3 ToF sensors,3,4,314.35,314.35,drift|heading|obstacle|pose,pose_drift_match,Heavy pose drift (map also off),10,1,0.9016,0,0
odometry_pods+distance_sensors+apriltag_imu,camera_front|distance_sensors_3|imu|odometry_pods,odometry pods + IMU + front camera + 3 ToF sensors,3,4,314.35,314.35,drift|heading|obstacle|pose,pose_drift_match,Heavy pose drift (map also off),11,0,0.6762,1,0
odometry_pods+distance_sensors+apriltag_imu,camera_front|distance_sensors_3|imu|odometry_pods,odometry pods + IMU + front camera + 3 ToF sensors,3,4,314.35,314.35,drift|heading|obstacle|pose,pose_drift_match,Heavy pose drift (map also off),12,0,2.3856,0,0
odometry_pods+distance_sensors+apriltag_imu,camera_front|distance_sensors_3|imu|odometry_pods,odometry pods + IMU + front camera + 3 ToF sensors,3,4,314.35,314.35,drift|heading|obstacle|pose,pose_drift_match,Heavy pose drift (map also off),13,0,1.7345,0,0
odometry_pods+distance_sensors+apriltag_imu,camera_front|distance_sensors_3|imu|odometry_pods,odometry pods + IMU + front camera + 3 ToF sensors,3,4,314.35,314.35,drift|heading|obstacle|pose,pose_drift_match,Heavy pose drift (map also off),14,0,0.0,1,0
odometry_pods+distance_sensors+apriltag_imu,camera_front|distance_sensors_3|imu|odometry_pods,odometry pods + IMU + front camera + 3 ToF sensors,3,4,314.35,314.35,drift|heading|obstacle|pose,pose_drift_match,Heavy pose drift (map also off),15,0,6.2541,1,0
odometry_pods+distance_sensors+apriltag_imu,camera_front|distance_sensors_3|imu|odometry_pods,odometry pods + IMU + front camera + 3 ToF sensors,3,4,314.35,314.35,drift|heading|obstacle|pose,pose_drift_match,Heavy pose drift (map also off),16,0,0.7157,1,0
odometry_pods+distance_sensors+apriltag_imu,camera_front|distance_sensors_3|imu|odometry_pods,odometry pods + IMU + front camera + 3 ToF sensors,3,4,314.35,314.35,drift|heading|obstacle|pose,pose_drift_match,Heavy pose drift (map also off),17,0,1.3933,1,0
odometry_pods+distance_sensors+apriltag_imu,camera_front|distance_sensors_3|imu|odometry_pods,odometry pods + IMU + front camera + 3 ToF sensors,3,4,314.35,314.35,drift|heading|obstacle|pose,pose_drift_match,Heavy pose drift (map also off),18,0,0.0,1,0
odometry_pods+distance_sensors+apriltag_imu,camera_front|distance_sensors_3|imu|odometry_pods,odometry pods + IMU + front camera + 3 ToF sensors,3,4,314.35,314.35,drift|heading|obstacle|pose,pose_drift_match,Heavy pose drift (map also off),19,0,0.0,1,0
odometry_pods+distance_sensors+apriltag_imu,camera_front|distance_sensors_3|imu|odometry_pods,odometry pods + IMU + front camera + 3 ToF sensors,3,4,314.35,314.35,drift|heading|obstacle|pose,pose_drift_match,Heavy pose drift (map also off),20,1,4.4706,0,0
odometry_pods+distance_sensors+apriltag_imu,camera_front|distance_sensors_3|imu|odometry_pods,odometry pods + IMU + front camera + 3 ToF sensors,3,4,314.35,314.35,drift|heading|obstacle|pose,pose_drift_match,Heavy pose drift (map also off),21,0,1.6876,1,0
odometry_pods+distance_sensors+apriltag_imu,camera_front|distance_sensors_3|imu|odometry_pods,odometry pods + IMU + front camera + 3 ToF sensors,3,4,314.35,314.35,drift|heading|obstacle|pose,pose_drift_match,Heavy pose drift (map also off),22,0,5.5202,1,0
odometry_pods+distance_sensors+apriltag_imu,camera_front|distance_sensors_3|imu|odometry_pods,odometry pods + IMU + front camera + 3 ToF sensors,3,4,314.35,314.35,drift|heading|obstacle|pose,pose_drift_match,Heavy pose drift (map also off),23,0,1.967,1,0
odometry_pods+distance_sensors+apriltag_imu,camera_front|distance_sensors_3|imu|odometry_pods,odometry pods + IMU + front camera + 3 ToF sensors,3,4,314.35,314.35,drift|heading|obstacle|pose,pose_drift_match,Heavy pose drift (map also off),24,0,3.9554,1,0
odometry_pods+distance_sensors+apriltag_imu,camera_front|distance_sensors_3|imu|odometry_pods,odometry pods + IMU + front camera + 3 ToF sensors,3,4,314.35,314.35,drift|heading|obstacle|pose,map_error_match,Field doesn't match the map (also drifting),0,0,0.0,0,0
odometry_pods+distance_sensors+apriltag_imu,camera_front|distance_sensors_3|imu|odometry_pods,odometry pods + IMU + front camera + 3 ToF sensors,3,4,314.35,314.35,drift|heading|obstacle|pose,map_error_match,Field doesn't match the map (also drifting),1,0,6.2907,1,0
odometry_pods+distance_sensors+apriltag_imu,camera_front|distance_sensors_3|imu|odometry_pods,odometry pods + IMU + front camera + 3 ToF sensors,3,4,314.35,314.35,drift|heading|obstacle|pose,map_error_match,Field doesn't match the map (also drifting),2,0,0.0,1,0
odometry_pods+distance_sensors+apriltag_imu,camera_front|distance_sensors_3|imu|odometry_pods,odometry pods + IMU + front camera + 3 ToF sensors,3,4,314.35,314.35,drift|heading|obstacle|pose,map_error_match,Field doesn't match the map (also drifting),3,0,0.0,1,0
odometry_pods+distance_sensors+apriltag_imu,camera_front|distance_sensors_3|imu|odometry_pods,odometry pods + IMU + front camera + 3 ToF sensors,3,4,314.35,314.35,drift|heading|obstacle|pose,map_error_match,Field doesn't match the map (also drifting),4,0,1.6834,1,0
odometry_pods+distance_sensors+apriltag_imu,camera_front|distance_sensors_3|imu|odometry_pods,odometry pods + IMU + front camera + 3 ToF sensors,3,4,314.35,314.35,drift|heading|obstacle|pose,map_error_match,Field doesn't match the map (also drifting),5,0,1.5828,1,0
odometry_pods+distance_sensors+apriltag_imu,camera_front|distance_sensors_3|imu|odometry_pods,odometry pods + IMU + front camera + 3 ToF sensors,3,4,314.35,314.35,drift|heading|obstacle|pose,map_error_match,Field doesn't match the map (also drifting),6,0,1.3523,1,0
odometry_pods+distance_sensors+apriltag_imu,camera_front|distance_sensors_3|imu|odometry_pods,odometry pods + IMU + front camera + 3 ToF sensors,3,4,314.35,314.35,drift|heading|obstacle|pose,map_error_match,Field doesn't match the map (also drifting),7,1,11.4009,0,0
odometry_pods+distance_sensors+apriltag_imu,camera_front|distance_sensors_3|imu|odometry_pods,odometry pods + IMU + front camera + 3 ToF sensors,3,4,314.35,314.35,drift|heading|obstacle|pose,map_error_match,Field doesn't match the map (also drifting),8,0,1.4704,0,0
odometry_pods+distance_sensors+apriltag_imu,camera_front|distance_sensors_3|imu|odometry_pods,odometry pods + IMU + front camera + 3 ToF sensors,3,4,314.35,314.35,drift|heading|obstacle|pose,map_error_match,Field doesn't match the map (also drifting),9,0,6.9392,0,0
odometry_pods+distance_sensors+apriltag_imu,camera_front|distance_sensors_3|imu|odometry_pods,odometry pods + IMU + front camera + 3 ToF sensors,3,4,314.35,314.35,drift|heading|obstacle|pose,map_error_match,Field doesn't match the map (also drifting),10,0,1.885,0,0
odometry_pods+distance_sensors+apriltag_imu,camera_front|distance_sensors_3|imu|odometry_pods,odometry pods + IMU + front camera + 3 ToF sensors,3,4,314.35,314.35,drift|heading|obstacle|pose,map_error_match,Field doesn't match the map (also drifting),11,0,0.6508,1,0
odometry_pods+distance_sensors+apriltag_imu,camera_front|distance_sensors_3|imu|odometry_pods,odometry pods + IMU + front camera + 3 ToF sensors,3,4,314.35,314.35,drift|heading|obstacle|pose,map_error_match,Field doesn't match the map (also drifting),12,0,2.3856,0,0
odometry_pods+distance_sensors+apriltag_imu,camera_front|distance_sensors_3|imu|odometry_pods,odometry pods + IMU + front camera + 3 ToF sensors,3,4,314.35,314.35,drift|heading|obstacle|pose,map_error_match,Field doesn't match the map (also drifting),13,0,1.7874,0,0
odometry_pods+distance_sensors+apriltag_imu,camera_front|distance_sensors_3|imu|odometry_pods,odometry pods + IMU + front camera + 3 ToF sensors,3,4,314.35,314.35,drift|heading|obstacle|pose,map_error_match,Field doesn't match the map (also drifting),14,0,0.0,1,0
odometry_pods+distance_sensors+apriltag_imu,camera_front|distance_sensors_3|imu|odometry_pods,odometry pods + IMU + front camera + 3 ToF sensors,3,4,314.35,314.35,drift|heading|obstacle|pose,map_error_match,Field doesn't match the map (also drifting),15,0,1.9058,0,0
odometry_pods+distance_sensors+apriltag_imu,camera_front|distance_sensors_3|imu|odometry_pods,odometry pods + IMU + front camera + 3 ToF sensors,3,4,314.35,314.35,drift|heading|obstacle|pose,map_error_match,Field doesn't match the map (also drifting),16,0,0.0,0,0
odometry_pods+distance_sensors+apriltag_imu,camera_front|distance_sensors_3|imu|odometry_pods,odometry pods + IMU + front camera + 3 ToF sensors,3,4,314.35,314.35,drift|heading|obstacle|pose,map_error_match,Field doesn't match the map (also drifting),17,0,0.525,1,0
odometry_pods+distance_sensors+apriltag_imu,camera_front|distance_sensors_3|imu|odometry_pods,odometry pods + IMU + front camera + 3 ToF sensors,3,4,314.35,314.35,drift|heading|obstacle|pose,map_error_match,Field doesn't match the map (also drifting),18,0,7.0957,1,0
odometry_pods+distance_sensors+apriltag_imu,camera_front|distance_sensors_3|imu|odometry_pods,odometry pods + IMU + front camera + 3 ToF sensors,3,4,314.35,314.35,drift|heading|obstacle|pose,map_error_match,Field doesn't match the map (also drifting),19,0,0.0,1,0
odometry_pods+distance_sensors+apriltag_imu,camera_front|distance_sensors_3|imu|odometry_pods,odometry pods + IMU + front camera + 3 ToF sensors,3,4,314.35,314.35,drift|heading|obstacle|pose,map_error_match,Field doesn't match the map (also drifting),20,0,0.0,1,0
odometry_pods+distance_sensors+apriltag_imu,camera_front|distance_sensors_3|imu|odometry_pods,odometry pods + IMU + front camera + 3 ToF sensors,3,4,314.35,314.35,drift|heading|obstacle|pose,map_error_match,Field doesn't match the map (also drifting),21,0,0.5396,0,0
odometry_pods+distance_sensors+apriltag_imu,camera_front|distance_sensors_3|imu|odometry_pods,odometry pods + IMU + front camera + 3 ToF sensors,3,4,314.35,314.35,drift|heading|obstacle|pose,map_error_match,Field doesn't match the map (also drifting),22,0,0.0,1,0
odometry_pods+distance_sensors+apriltag_imu,camera_front|distance_sensors_3|imu|odometry_pods,odometry pods + IMU + front camera + 3 ToF sensors,3,4,314.35,314.35,drift|heading|obstacle|pose,map_error_match,Field doesn't match the map (also drifting),23,0,1.9586,1,0
odometry_pods+distance_sensors+apriltag_imu,camera_front|distance_sensors_3|imu|odometry_pods,odometry pods + IMU + front camera + 3 ToF sensors,3,4,314.35,314.35,drift|heading|obstacle|pose,map_error_match,Field doesn't match the map (also drifting),24,0,2.9808,1,0
odometry_pods+distance_sensors+apriltag_imu,camera_front|distance_sensors_3|imu|odometry_pods,odometry pods + IMU + front camera + 3 ToF sensors,3,4,314.35,314.35,drift|heading|obstacle|pose,opponent_match,Opponent parks in the route (also drifting),0,0,0.0,0,0
odometry_pods+distance_sensors+apriltag_imu,camera_front|distance_sensors_3|imu|odometry_pods,odometry pods + IMU + front camera + 3 ToF sensors,3,4,314.35,314.35,drift|heading|obstacle|pose,opponent_match,Opponent parks in the route (also drifting),1,0,2.0062,1,0
odometry_pods+distance_sensors+apriltag_imu,camera_front|distance_sensors_3|imu|odometry_pods,odometry pods + IMU + front camera + 3 ToF sensors,3,4,314.35,314.35,drift|heading|obstacle|pose,opponent_match,Opponent parks in the route (also drifting),2,0,0.0,1,0
odometry_pods+distance_sensors+apriltag_imu,camera_front|distance_sensors_3|imu|odometry_pods,odometry pods + IMU + front camera + 3 ToF sensors,3,4,314.35,314.35,drift|heading|obstacle|pose,opponent_match,Opponent parks in the route (also drifting),3,0,0.6005,1,0
odometry_pods+distance_sensors+apriltag_imu,camera_front|distance_sensors_3|imu|odometry_pods,odometry pods + IMU + front camera + 3 ToF sensors,3,4,314.35,314.35,drift|heading|obstacle|pose,opponent_match,Opponent parks in the route (also drifting),4,0,0.668,1,0
odometry_pods+distance_sensors+apriltag_imu,camera_front|distance_sensors_3|imu|odometry_pods,odometry pods + IMU + front camera + 3 ToF sensors,3,4,314.35,314.35,drift|heading|obstacle|pose,opponent_match,Opponent parks in the route (also drifting),5,0,1.1436,1,0
odometry_pods+distance_sensors+apriltag_imu,camera_front|distance_sensors_3|imu|odometry_pods,odometry pods + IMU + front camera + 3 ToF sensors,3,4,314.35,314.35,drift|heading|obstacle|pose,opponent_match,Opponent parks in the route (also drifting),6,1,2.735,0,0
odometry_pods+distance_sensors+apriltag_imu,camera_front|distance_sensors_3|imu|odometry_pods,odometry pods + IMU + front camera + 3 ToF sensors,3,4,314.35,314.35,drift|heading|obstacle|pose,opponent_match,Opponent parks in the route (also drifting),7,0,4.151,1,0
odometry_pods+distance_sensors+apriltag_imu,camera_front|distance_sensors_3|imu|odometry_pods,odometry pods + IMU + front camera + 3 ToF sensors,3,4,314.35,314.35,drift|heading|obstacle|pose,opponent_match,Opponent parks in the route (also drifting),8,1,1.9031,0,0
odometry_pods+distance_sensors+apriltag_imu,camera_front|distance_sensors_3|imu|odometry_pods,odometry pods + IMU + front camera + 3 ToF sensors,3,4,314.35,314.35,drift|heading|obstacle|pose,opponent_match,Opponent parks in the route (also drifting),9,0,3.491,1,0
odometry_pods+distance_sensors+apriltag_imu,camera_front|distance_sensors_3|imu|odometry_pods,odometry pods + IMU + front camera + 3 ToF sensors,3,4,314.35,314.35,drift|heading|obstacle|pose,opponent_match,Opponent parks in the route (also drifting),10,0,2.5737,0,0
odometry_pods+distance_sensors+apriltag_imu,camera_front|distance_sensors_3|imu|odometry_pods,odometry pods + IMU + front camera + 3 ToF sensors,3,4,314.35,314.35,drift|heading|obstacle|pose,opponent_match,Opponent parks in the route (also drifting),11,0,1.4087,0,0
odometry_pods+distance_sensors+apriltag_imu,camera_front|distance_sensors_3|imu|odometry_pods,odometry pods + IMU + front camera + 3 ToF sensors,3,4,314.35,314.35,drift|heading|obstacle|pose,opponent_match,Opponent parks in the route (also drifting),12,0,2.3039,0,0
odometry_pods+distance_sensors+apriltag_imu,camera_front|distance_sensors_3|imu|odometry_pods,odometry pods + IMU + front camera + 3 ToF sensors,3,4,314.35,314.35,drift|heading|obstacle|pose,opponent_match,Opponent parks in the route (also drifting),13,0,0.9016,1,0
odometry_pods+distance_sensors+apriltag_imu,camera_front|distance_sensors_3|imu|odometry_pods,odometry pods + IMU + front camera + 3 ToF sensors,3,4,314.35,314.35,drift|heading|obstacle|pose,opponent_match,Opponent parks in the route (also drifting),14,0,0.0,1,0
odometry_pods+distance_sensors+apriltag_imu,camera_front|distance_sensors_3|imu|odometry_pods,odometry pods + IMU + front camera + 3 ToF sensors,3,4,314.35,314.35,drift|heading|obstacle|pose,opponent_match,Opponent parks in the route (also drifting),15,0,2.6531,0,0
odometry_pods+distance_sensors+apriltag_imu,camera_front|distance_sensors_3|imu|odometry_pods,odometry pods + IMU + front camera + 3 ToF sensors,3,4,314.35,314.35,drift|heading|obstacle|pose,opponent_match,Opponent parks in the route (also drifting),16,0,4.211,1,0
odometry_pods+distance_sensors+apriltag_imu,camera_front|distance_sensors_3|imu|odometry_pods,odometry pods + IMU + front camera + 3 ToF sensors,3,4,314.35,314.35,drift|heading|obstacle|pose,opponent_match,Opponent parks in the route (also drifting),17,0,7.3203,0,0
odometry_pods+distance_sensors+apriltag_imu,camera_front|distance_sensors_3|imu|odometry_pods,odometry pods + IMU + front camera + 3 ToF sensors,3,4,314.35,314.35,drift|heading|obstacle|pose,opponent_match,Opponent parks in the route (also drifting),18,0,7.0957,1,0
odometry_pods+distance_sensors+apriltag_imu,camera_front|distance_sensors_3|imu|odometry_pods,odometry pods + IMU + front camera + 3 ToF sensors,3,4,314.35,314.35,drift|heading|obstacle|pose,opponent_match,Opponent parks in the route (also drifting),19,0,0.0,1,0
odometry_pods+distance_sensors+apriltag_imu,camera_front|distance_sensors_3|imu|odometry_pods,odometry pods + IMU + front camera + 3 ToF sensors,3,4,314.35,314.35,drift|heading|obstacle|pose,opponent_match,Opponent parks in the route (also drifting),20,0,2.8805,1,0
odometry_pods+distance_sensors+apriltag_imu,camera_front|distance_sensors_3|imu|odometry_pods,odometry pods + IMU + front camera + 3 ToF sensors,3,4,314.35,314.35,drift|heading|obstacle|pose,opponent_match,Opponent parks in the route (also drifting),21,0,1.4385,1,0
odometry_pods+distance_sensors+apriltag_imu,camera_front|distance_sensors_3|imu|odometry_pods,odometry pods + IMU + front camera + 3 ToF sensors,3,4,314.35,314.35,drift|heading|obstacle|pose,opponent_match,Opponent parks in the route (also drifting),22,0,5.58,1,0
odometry_pods+distance_sensors+apriltag_imu,camera_front|distance_sensors_3|imu|odometry_pods,odometry pods + IMU + front camera + 3 ToF sensors,3,4,314.35,314.35,drift|heading|obstacle|pose,opponent_match,Opponent parks in the route (also drifting),23,0,1.9586,1,0
odometry_pods+distance_sensors+apriltag_imu,camera_front|distance_sensors_3|imu|odometry_pods,odometry pods + IMU + front camera + 3 ToF sensors,3,4,314.35,314.35,drift|heading|obstacle|pose,opponent_match,Opponent parks in the route (also drifting),24,0,0.0,1,0
odometry_pods+distance_sensors+apriltag_imu,camera_front|distance_sensors_3|imu|odometry_pods,odometry pods + IMU + front camera + 3 ToF sensors,3,4,314.35,314.35,drift|heading|obstacle|pose,combined_match,Everything at once (match-realistic mix),0,0,0.0,0,0
odometry_pods+distance_sensors+apriltag_imu,camera_front|distance_sensors_3|imu|odometry_pods,odometry pods + IMU + front camera + 3 ToF sensors,3,4,314.35,314.35,drift|heading|obstacle|pose,combined_match,Everything at once (match-realistic mix),1,0,6.2907,1,0
odometry_pods+distance_sensors+apriltag_imu,camera_front|distance_sensors_3|imu|odometry_pods,odometry pods + IMU + front camera + 3 ToF sensors,3,4,314.35,314.35,drift|heading|obstacle|pose,combined_match,Everything at once (match-realistic mix),2,0,1.915,1,0
odometry_pods+distance_sensors+apriltag_imu,camera_front|distance_sensors_3|imu|odometry_pods,odometry pods + IMU + front camera + 3 ToF sensors,3,4,314.35,314.35,drift|heading|obstacle|pose,combined_match,Everything at once (match-realistic mix),3,0,0.6691,1,0
odometry_pods+distance_sensors+apriltag_imu,camera_front|distance_sensors_3|imu|odometry_pods,odometry pods + IMU + front camera + 3 ToF sensors,3,4,314.35,314.35,drift|heading|obstacle|pose,combined_match,Everything at once (match-realistic mix),4,0,0.668,1,0
odometry_pods+distance_sensors+apriltag_imu,camera_front|distance_sensors_3|imu|odometry_pods,odometry pods + IMU + front camera + 3 ToF sensors,3,4,314.35,314.35,drift|heading|obstacle|pose,combined_match,Everything at once (match-realistic mix),5,0,1.132,1,0
odometry_pods+distance_sensors+apriltag_imu,camera_front|distance_sensors_3|imu|odometry_pods,odometry pods + IMU + front camera + 3 ToF sensors,3,4,314.35,314.35,drift|heading|obstacle|pose,combined_match,Everything at once (match-realistic mix),6,0,1.3523,1,0
odometry_pods+distance_sensors+apriltag_imu,camera_front|distance_sensors_3|imu|odometry_pods,odometry pods + IMU + front camera + 3 ToF sensors,3,4,314.35,314.35,drift|heading|obstacle|pose,combined_match,Everything at once (match-realistic mix),7,1,11.4009,0,0
odometry_pods+distance_sensors+apriltag_imu,camera_front|distance_sensors_3|imu|odometry_pods,odometry pods + IMU + front camera + 3 ToF sensors,3,4,314.35,314.35,drift|heading|obstacle|pose,combined_match,Everything at once (match-realistic mix),8,0,1.4704,0,0
odometry_pods+distance_sensors+apriltag_imu,camera_front|distance_sensors_3|imu|odometry_pods,odometry pods + IMU + front camera + 3 ToF sensors,3,4,314.35,314.35,drift|heading|obstacle|pose,combined_match,Everything at once (match-realistic mix),9,0,6.9392,0,0
odometry_pods+distance_sensors+apriltag_imu,camera_front|distance_sensors_3|imu|odometry_pods,odometry pods + IMU + front camera + 3 ToF sensors,3,4,314.35,314.35,drift|heading|obstacle|pose,combined_match,Everything at once (match-realistic mix),10,0,1.8534,0,0
odometry_pods+distance_sensors+apriltag_imu,camera_front|distance_sensors_3|imu|odometry_pods,odometry pods + IMU + front camera + 3 ToF sensors,3,4,314.35,314.35,drift|heading|obstacle|pose,combined_match,Everything at once (match-realistic mix),11,0,0.6642,1,0
odometry_pods+distance_sensors+apriltag_imu,camera_front|distance_sensors_3|imu|odometry_pods,odometry pods + IMU + front camera + 3 ToF sensors,3,4,314.35,314.35,drift|heading|obstacle|pose,combined_match,Everything at once (match-realistic mix),12,0,2.3856,0,0
odometry_pods+distance_sensors+apriltag_imu,camera_front|distance_sensors_3|imu|odometry_pods,odometry pods + IMU + front camera + 3 ToF sensors,3,4,314.35,314.35,drift|heading|obstacle|pose,combined_match,Everything at once (match-realistic mix),13,0,1.7874,0,0
odometry_pods+distance_sensors+apriltag_imu,camera_front|distance_sensors_3|imu|odometry_pods,odometry pods + IMU + front camera + 3 ToF sensors,3,4,314.35,314.35,drift|heading|obstacle|pose,combined_match,Everything at once (match-realistic mix),14,0,0.0,1,0
odometry_pods+distance_sensors+apriltag_imu,camera_front|distance_sensors_3|imu|odometry_pods,odometry pods + IMU + front camera + 3 ToF sensors,3,4,314.35,314.35,drift|heading|obstacle|pose,combined_match,Everything at once (match-realistic mix),15,0,2.6531,0,0
odometry_pods+distance_sensors+apriltag_imu,camera_front|distance_sensors_3|imu|odometry_pods,odometry pods + IMU + front camera + 3 ToF sensors,3,4,314.35,314.35,drift|heading|obstacle|pose,combined_match,Everything at once (match-realistic mix),16,0,0.0,0,0
odometry_pods+distance_sensors+apriltag_imu,camera_front|distance_sensors_3|imu|odometry_pods,odometry pods + IMU + front camera + 3 ToF sensors,3,4,314.35,314.35,drift|heading|obstacle|pose,combined_match,Everything at once (match-realistic mix),17,0,0.525,1,0
odometry_pods+distance_sensors+apriltag_imu,camera_front|distance_sensors_3|imu|odometry_pods,odometry pods + IMU + front camera + 3 ToF sensors,3,4,314.35,314.35,drift|heading|obstacle|pose,combined_match,Everything at once (match-realistic mix),18,0,7.0957,1,0
odometry_pods+distance_sensors+apriltag_imu,camera_front|distance_sensors_3|imu|odometry_pods,odometry pods + IMU + front camera + 3 ToF sensors,3,4,314.35,314.35,drift|heading|obstacle|pose,combined_match,Everything at once (match-realistic mix),19,0,0.0,1,0
odometry_pods+distance_sensors+apriltag_imu,camera_front|distance_sensors_3|imu|odometry_pods,odometry pods + IMU + front camera + 3 ToF sensors,3,4,314.35,314.35,drift|heading|obstacle|pose,combined_match,Everything at once (match-realistic mix),20,0,0.0,1,0
odometry_pods+distance_sensors+apriltag_imu,camera_front|distance_sensors_3|imu|odometry_pods,odometry pods + IMU + front camera + 3 ToF sensors,3,4,314.35,314.35,drift|heading|obstacle|pose,combined_match,Everything at once (match-realistic mix),21,0,0.5396,0,0
odometry_pods+distance_sensors+apriltag_imu,camera_front|distance_sensors_3|imu|odometry_pods,odometry pods + IMU + front camera + 3 ToF sensors,3,4,314.35,314.35,drift|heading|obstacle|pose,combined_match,Everything at once (match-realistic mix),22,0,0.0,1,0
odometry_pods+distance_sensors+apriltag_imu,camera_front|distance_sensors_3|imu|odometry_pods,odometry pods + IMU + front camera + 3 ToF sensors,3,4,314.35,314.35,drift|heading|obstacle|pose,combined_match,Everything at once (match-realistic mix),23,0,1.9586,1,0
odometry_pods+distance_sensors+apriltag_imu,camera_front|distance_sensors_3|imu|odometry_pods,odometry pods + IMU + front camera + 3 ToF sensors,3,4,314.35,314.35,drift|heading|obstacle|pose,combined_match,Everything at once (match-realistic mix),24,0,2.9808,1,0
odometry_pods+distance_sensors+apriltag_imu,camera_front|distance_sensors_3|imu|odometry_pods,odometry pods + IMU + front camera + 3 ToF sensors,3,4,314.35,314.35,drift|heading|obstacle|pose,corridor,"Tight corridor, mixed deviation",0,0,1.0227,1,0
odometry_pods+distance_sensors+apriltag_imu,camera_front|distance_sensors_3|imu|odometry_pods,odometry pods + IMU + front camera + 3 ToF sensors,3,4,314.35,314.35,drift|heading|obstacle|pose,corridor,"Tight corridor, mixed deviation",1,0,4.0682,0,0
odometry_pods+distance_sensors+apriltag_imu,camera_front|distance_sensors_3|imu|odometry_pods,odometry pods + IMU + front camera + 3 ToF sensors,3,4,314.35,314.35,drift|heading|obstacle|pose,corridor,"Tight corridor, mixed deviation",2,0,0.0,1,0
odometry_pods+distance_sensors+apriltag_imu,camera_front|distance_sensors_3|imu|odometry_pods,odometry pods + IMU + front camera + 3 ToF sensors,3,4,314.35,314.35,drift|heading|obstacle|pose,corridor,"Tight corridor, mixed deviation",3,1,4.0082,0,0
odometry_pods+distance_sensors+apriltag_imu,camera_front|distance_sensors_3|imu|odometry_pods,odometry pods + IMU + front camera + 3 ToF sensors,3,4,314.35,314.35,drift|heading|obstacle|pose,corridor,"Tight corridor, mixed deviation",4,0,3.9141,0,0
odometry_pods+distance_sensors+apriltag_imu,camera_front|distance_sensors_3|imu|odometry_pods,odometry pods + IMU + front camera + 3 ToF sensors,3,4,314.35,314.35,drift|heading|obstacle|pose,corridor,"Tight corridor, mixed deviation",5,1,8.264,0,0
odometry_pods+distance_sensors+apriltag_imu,camera_front|distance_sensors_3|imu|odometry_pods,odometry pods + IMU + front camera + 3 ToF sensors,3,4,314.35,314.35,drift|heading|obstacle|pose,corridor,"Tight corridor, mixed deviation",6,1,7.5247,0,0
odometry_pods+distance_sensors+apriltag_imu,camera_front|distance_sensors_3|imu|odometry_pods,odometry pods + IMU + front camera + 3 ToF sensors,3,4,314.35,314.35,drift|heading|obstacle|pose,corridor,"Tight corridor, mixed deviation",7,0,4.2322,1,0
odometry_pods+distance_sensors+apriltag_imu,camera_front|distance_sensors_3|imu|odometry_pods,odometry pods + IMU + front camera + 3 ToF sensors,3,4,314.35,314.35,drift|heading|obstacle|pose,corridor,"Tight corridor, mixed deviation",8,1,7.7229,0,0
odometry_pods+distance_sensors+apriltag_imu,camera_front|distance_sensors_3|imu|odometry_pods,odometry pods + IMU + front camera + 3 ToF sensors,3,4,314.35,314.35,drift|heading|obstacle|pose,corridor,"Tight corridor, mixed deviation",9,1,6.6499,0,0
odometry_pods+distance_sensors+apriltag_imu,camera_front|distance_sensors_3|imu|odometry_pods,odometry pods + IMU + front camera + 3 ToF sensors,3,4,314.35,314.35,drift|heading|obstacle|pose,corridor,"Tight corridor, mixed deviation",10,0,5.7258,1,0
odometry_pods+distance_sensors+apriltag_imu,camera_front|distance_sensors_3|imu|odometry_pods,odometry pods + IMU + front camera + 3 ToF sensors,3,4,314.35,314.35,drift|heading|obstacle|pose,corridor,"Tight corridor, mixed deviation",11,1,6.6649,0,0
odometry_pods+distance_sensors+apriltag_imu,camera_front|distance_sensors_3|imu|odometry_pods,odometry pods + IMU + front camera + 3 ToF sensors,3,4,314.35,314.35,drift|heading|obstacle|pose,corridor,"Tight corridor, mixed deviation",12,0,3.7139,1,0
odometry_pods+distance_sensors+apriltag_imu,camera_front|distance_sensors_3|imu|odometry_pods,odometry pods + IMU + front camera + 3 ToF sensors,3,4,314.35,314.35,drift|heading|obstacle|pose,corridor,"Tight corridor, mixed deviation",13,0,4.207,1,0
odometry_pods+distance_sensors+apriltag_imu,camera_front|distance_sensors_3|imu|odometry_pods,odometry pods + IMU + front camera + 3 ToF sensors,3,4,314.35,314.35,drift|heading|obstacle|pose,corridor,"Tight corridor, mixed deviation",14,0,1.3523,0,0
odometry_pods+distance_sensors+apriltag_imu,camera_front|distance_sensors_3|imu|odometry_pods,odometry pods + IMU + front camera + 3 ToF sensors,3,4,314.35,314.35,drift|heading|obstacle|pose,corridor,"Tight corridor, mixed deviation",15,1,7.2643,0,0
odometry_pods+distance_sensors+apriltag_imu,camera_front|distance_sensors_3|imu|odometry_pods,odometry pods + IMU + front camera + 3 ToF sensors,3,4,314.35,314.35,drift|heading|obstacle|pose,corridor,"Tight corridor, mixed deviation",16,0,2.4126,1,0
odometry_pods+distance_sensors+apriltag_imu,camera_front|distance_sensors_3|imu|odometry_pods,odometry pods + IMU + front camera + 3 ToF sensors,3,4,314.35,314.35,drift|heading|obstacle|pose,corridor,"Tight corridor, mixed deviation",17,1,3.2961,0,0
odometry_pods+distance_sensors+apriltag_imu,camera_front|distance_sensors_3|imu|odometry_pods,odometry pods + IMU + front camera + 3 ToF sensors,3,4,314.35,314.35,drift|heading|obstacle|pose,corridor,"Tight corridor, mixed deviation",18,0,3.3069,1,0
odometry_pods+distance_sensors+apriltag_imu,camera_front|distance_sensors_3|imu|odometry_pods,odometry pods + IMU + front camera + 3 ToF sensors,3,4,314.35,314.35,drift|heading|obstacle|pose,corridor,"Tight corridor, mixed deviation",19,0,2.2361,0,0
odometry_pods+distance_sensors+apriltag_imu,camera_front|distance_sensors_3|imu|odometry_pods,odometry pods + IMU + front camera + 3 ToF sensors,3,4,314.35,314.35,drift|heading|obstacle|pose,corridor,"Tight corridor, mixed deviation",20,1,8.2911,0,0
odometry_pods+distance_sensors+apriltag_imu,camera_front|distance_sensors_3|imu|odometry_pods,odometry pods + IMU + front camera + 3 ToF sensors,3,4,314.35,314.35,drift|heading|obstacle|pose,corridor,"Tight corridor, mixed deviation",21,1,4.4705,0,0
odometry_pods+distance_sensors+apriltag_imu,camera_front|distance_sensors_3|imu|odometry_pods,odometry pods + IMU + front camera + 3 ToF sensors,3,4,314.35,314.35,drift|heading|obstacle|pose,corridor,"Tight corridor, mixed deviation",22,0,3.3917,0,0
odometry_pods+distance_sensors+apriltag_imu,camera_front|distance_sensors_3|imu|odometry_pods,odometry pods + IMU + front camera + 3 ToF sensors,3,4,314.35,314.35,drift|heading|obstacle|pose,corridor,"Tight corridor, mixed deviation",23,0,0.0,0,0
odometry_pods+distance_sensors+apriltag_imu,camera_front|distance_sensors_3|imu|odometry_pods,odometry pods + IMU + front camera + 3 ToF sensors,3,4,314.35,314.35,drift|heading|obstacle|pose,corridor,"Tight corridor, mixed deviation",24,0,0.0,0,0
odometry_pods+imu+dual_camera_apriltag,camera_front|camera_rear|imu|odometry_pods,odometry pods + IMU + front camera + rear camera,3,4,244.85,244.85,drift|heading|pose,pose_drift_match,Heavy pose drift (map also off),0,0,0.683,1,0
odometry_pods+imu+dual_camera_apriltag,camera_front|camera_rear|imu|odometry_pods,odometry pods + IMU + front camera + rear camera,3,4,244.85,244.85,drift|heading|pose,pose_drift_match,Heavy pose drift (map also off),1,0,0.0,1,0
odometry_pods+imu+dual_camera_apriltag,camera_front|camera_rear|imu|odometry_pods,odometry pods + IMU + front camera + rear camera,3,4,244.85,244.85,drift|heading|pose,pose_drift_match,Heavy pose drift (map also off),2,0,1.1835,1,0
odometry_pods+imu+dual_camera_apriltag,camera_front|camera_rear|imu|odometry_pods,odometry pods + IMU + front camera + rear camera,3,4,244.85,244.85,drift|heading|pose,pose_drift_match,Heavy pose drift (map also off),3,0,1.1518,1,0
odometry_pods+imu+dual_camera_apriltag,camera_front|camera_rear|imu|odometry_pods,odometry pods + IMU + front camera + rear camera,3,4,244.85,244.85,drift|heading|pose,pose_drift_match,Heavy pose drift (map also off),4,0,2.5508,1,0
odometry_pods+imu+dual_camera_apriltag,camera_front|camera_rear|imu|odometry_pods,odometry pods + IMU + front camera + rear camera,3,4,244.85,244.85,drift|heading|pose,pose_drift_match,Heavy pose drift (map also off),5,1,12.5185,0,0
odometry_pods+imu+dual_camera_apriltag,camera_front|camera_rear|imu|odometry_pods,odometry pods + IMU + front camera + rear camera,3,4,244.85,244.85,drift|heading|pose,pose_drift_match,Heavy pose drift (map also off),6,0,1.95,1,0
odometry_pods+imu+dual_camera_apriltag,camera_front|camera_rear|imu|odometry_pods,odometry pods + IMU + front camera + rear camera,3,4,244.85,244.85,drift|heading|pose,pose_drift_match,Heavy pose drift (map also off),7,0,0.8887,1,0
odometry_pods+imu+dual_camera_apriltag,camera_front|camera_rear|imu|odometry_pods,odometry pods + IMU + front camera + rear camera,3,4,244.85,244.85,drift|heading|pose,pose_drift_match,Heavy pose drift (map also off),8,1,2.9394,0,0
odometry_pods+imu+dual_camera_apriltag,camera_front|camera_rear|imu|odometry_pods,odometry pods + IMU + front camera + rear camera,3,4,244.85,244.85,drift|heading|pose,pose_drift_match,Heavy pose drift (map also off),9,0,0.4508,1,0
odometry_pods+imu+dual_camera_apriltag,camera_front|camera_rear|imu|odometry_pods,odometry pods + IMU + front camera + rear camera,3,4,244.85,244.85,drift|heading|pose,pose_drift_match,Heavy pose drift (map also off),10,1,0.9016,0,0
odometry_pods+imu+dual_camera_apriltag,camera_front|camera_rear|imu|odometry_pods,odometry pods + IMU + front camera + rear camera,3,4,244.85,244.85,drift|heading|pose,pose_drift_match,Heavy pose drift (map also off),11,0,0.0,1,0
odometry_pods+imu+dual_camera_apriltag,camera_front|camera_rear|imu|odometry_pods,odometry pods + IMU + front camera + rear camera,3,4,244.85,244.85,drift|heading|pose,pose_drift_match,Heavy pose drift (map also off),12,0,8.0147,1,0
odometry_pods+imu+dual_camera_apriltag,camera_front|camera_rear|imu|odometry_pods,odometry pods + IMU + front camera + rear camera,3,4,244.85,244.85,drift|heading|pose,pose_drift_match,Heavy pose drift (map also off),13,0,1.7345,0,0
odometry_pods+imu+dual_camera_apriltag,camera_front|camera_rear|imu|odometry_pods,odometry pods + IMU + front camera + rear camera,3,4,244.85,244.85,drift|heading|pose,pose_drift_match,Heavy pose drift (map also off),14,1,3.9542,0,0
odometry_pods+imu+dual_camera_apriltag,camera_front|camera_rear|imu|odometry_pods,odometry pods + IMU + front camera + rear camera,3,4,244.85,244.85,drift|heading|pose,pose_drift_match,Heavy pose drift (map also off),15,0,0.8896,1,0
odometry_pods+imu+dual_camera_apriltag,camera_front|camera_rear|imu|odometry_pods,odometry pods + IMU + front camera + rear camera,3,4,244.85,244.85,drift|heading|pose,pose_drift_match,Heavy pose drift (map also off),16,0,7.1456,1,0
odometry_pods+imu+dual_camera_apriltag,camera_front|camera_rear|imu|odometry_pods,odometry pods + IMU + front camera + rear camera,3,4,244.85,244.85,drift|heading|pose,pose_drift_match,Heavy pose drift (map also off),17,0,1.4588,1,0
odometry_pods+imu+dual_camera_apriltag,camera_front|camera_rear|imu|odometry_pods,odometry pods + IMU + front camera + rear camera,3,4,244.85,244.85,drift|heading|pose,pose_drift_match,Heavy pose drift (map also off),18,0,0.0,1,0
odometry_pods+imu+dual_camera_apriltag,camera_front|camera_rear|imu|odometry_pods,odometry pods + IMU + front camera + rear camera,3,4,244.85,244.85,drift|heading|pose,pose_drift_match,Heavy pose drift (map also off),19,1,9.2588,0,0
odometry_pods+imu+dual_camera_apriltag,camera_front|camera_rear|imu|odometry_pods,odometry pods + IMU + front camera + rear camera,3,4,244.85,244.85,drift|heading|pose,pose_drift_match,Heavy pose drift (map also off),20,0,5.9075,0,0
odometry_pods+imu+dual_camera_apriltag,camera_front|camera_rear|imu|odometry_pods,odometry pods + IMU + front camera + rear camera,3,4,244.85,244.85,drift|heading|pose,pose_drift_match,Heavy pose drift (map also off),21,0,2.509,1,0
odometry_pods+imu+dual_camera_apriltag,camera_front|camera_rear|imu|odometry_pods,odometry pods + IMU + front camera + rear camera,3,4,244.85,244.85,drift|heading|pose,pose_drift_match,Heavy pose drift (map also off),22,0,0.0,1,0
odometry_pods+imu+dual_camera_apriltag,camera_front|camera_rear|imu|odometry_pods,odometry pods + IMU + front camera + rear camera,3,4,244.85,244.85,drift|heading|pose,pose_drift_match,Heavy pose drift (map also off),23,0,1.967,1,0
odometry_pods+imu+dual_camera_apriltag,camera_front|camera_rear|imu|odometry_pods,odometry pods + IMU + front camera + rear camera,3,4,244.85,244.85,drift|heading|pose,pose_drift_match,Heavy pose drift (map also off),24,0,4.7923,1,0
odometry_pods+imu+dual_camera_apriltag,camera_front|camera_rear|imu|odometry_pods,odometry pods + IMU + front camera + rear camera,3,4,244.85,244.85,drift|heading|pose,map_error_match,Field doesn't match the map (also drifting),0,1,3.9052,0,0
odometry_pods+imu+dual_camera_apriltag,camera_front|camera_rear|imu|odometry_pods,odometry pods + IMU + front camera + rear camera,3,4,244.85,244.85,drift|heading|pose,map_error_match,Field doesn't match the map (also drifting),1,0,0.0,1,0
odometry_pods+imu+dual_camera_apriltag,camera_front|camera_rear|imu|odometry_pods,odometry pods + IMU + front camera + rear camera,3,4,244.85,244.85,drift|heading|pose,map_error_match,Field doesn't match the map (also drifting),2,0,8.4186,1,0
odometry_pods+imu+dual_camera_apriltag,camera_front|camera_rear|imu|odometry_pods,odometry pods + IMU + front camera + rear camera,3,4,244.85,244.85,drift|heading|pose,map_error_match,Field doesn't match the map (also drifting),3,0,1.1278,1,0
odometry_pods+imu+dual_camera_apriltag,camera_front|camera_rear|imu|odometry_pods,odometry pods + IMU + front camera + rear camera,3,4,244.85,244.85,drift|heading|pose,map_error_match,Field doesn't match the map (also drifting),4,0,4.7881,1,0
odometry_pods+imu+dual_camera_apriltag,camera_front|camera_rear|imu|odometry_pods,odometry pods + IMU + front camera + rear camera,3,4,244.85,244.85,drift|heading|pose,map_error_match,Field doesn't match the map (also drifting),5,1,12.0778,0,0
odometry_pods+imu+dual_camera_apriltag,camera_front|camera_rear|imu|odometry_pods,odometry pods + IMU + front camera + rear camera,3,4,244.85,244.85,drift|heading|pose,map_error_match,Field doesn't match the map (also drifting),6,0,1.3523,1,0
odometry_pods+imu+dual_camera_apriltag,camera_front|camera_rear|imu|odometry_pods,odometry pods + IMU + front camera + rear camera,3,4,244.85,244.85,drift|heading|pose,map_error_match,Field doesn't match the map (also drifting),7,0,5.921,1,0
odometry_pods+imu+dual_camera_apriltag,camera_front|camera_rear|imu|odometry_pods,odometry pods + IMU + front camera + rear camera,3,4,244.85,244.85,drift|heading|pose,map_error_match,Field doesn't match the map (also drifting),8,0,1.4704,0,0
odometry_pods+imu+dual_camera_apriltag,camera_front|camera_rear|imu|odometry_pods,odometry pods + IMU + front camera + rear camera,3,4,244.85,244.85,drift|heading|pose,map_error_match,Field doesn't match the map (also drifting),9,0,7.1392,0,0
odometry_pods+imu+dual_camera_apriltag,camera_front|camera_rear|imu|odometry_pods,odometry pods + IMU + front camera + rear camera,3,4,244.85,244.85,drift|heading|pose,map_error_match,Field doesn't match the map (also drifting),10,0,1.885,0,0
odometry_pods+imu+dual_camera_apriltag,camera_front|camera_rear|imu|odometry_pods,odometry pods + IMU + front camera + rear camera,3,4,244.85,244.85,drift|heading|pose,map_error_match,Field doesn't match the map (also drifting),11,0,4.8276,1,0
odometry_pods+imu+dual_camera_apriltag,camera_front|camera_rear|imu|odometry_pods,odometry pods + IMU + front camera + rear camera,3,4,244.85,244.85,drift|heading|pose,map_error_match,Field doesn't match the map (also drifting),12,0,8.0147,1,0
odometry_pods+imu+dual_camera_apriltag,camera_front|camera_rear|imu|odometry_pods,odometry pods + IMU + front camera + rear camera,3,4,244.85,244.85,drift|heading|pose,map_error_match,Field doesn't match the map (also drifting),13,0,1.7874,0,0
odometry_pods+imu+dual_camera_apriltag,camera_front|camera_rear|imu|odometry_pods,odometry pods + IMU + front camera + rear camera,3,4,244.85,244.85,drift|heading|pose,map_error_match,Field doesn't match the map (also drifting),14,1,4.3737,0,0
odometry_pods+imu+dual_camera_apriltag,camera_front|camera_rear|imu|odometry_pods,odometry pods + IMU + front camera + rear camera,3,4,244.85,244.85,drift|heading|pose,map_error_match,Field doesn't match the map (also drifting),15,0,9.0865,1,0
odometry_pods+imu+dual_camera_apriltag,camera_front|camera_rear|imu|odometry_pods,odometry pods + IMU + front camera + rear camera,3,4,244.85,244.85,drift|heading|pose,map_error_match,Field doesn't match the map (also drifting),16,0,0.7216,1,0
odometry_pods+imu+dual_camera_apriltag,camera_front|camera_rear|imu|odometry_pods,odometry pods + IMU + front camera + rear camera,3,4,244.85,244.85,drift|heading|pose,map_error_match,Field doesn't match the map (also drifting),17,0,1.4266,1,0
odometry_pods+imu+dual_camera_apriltag,camera_front|camera_rear|imu|odometry_pods,odometry pods + IMU + front camera + rear camera,3,4,244.85,244.85,drift|heading|pose,map_error_match,Field doesn't match the map (also drifting),18,1,10.8268,0,0
odometry_pods+imu+dual_camera_apriltag,camera_front|camera_rear|imu|odometry_pods,odometry pods + IMU + front camera + rear camera,3,4,244.85,244.85,drift|heading|pose,map_error_match,Field doesn't match the map (also drifting),19,1,8.7737,0,0
odometry_pods+imu+dual_camera_apriltag,camera_front|camera_rear|imu|odometry_pods,odometry pods + IMU + front camera + rear camera,3,4,244.85,244.85,drift|heading|pose,map_error_match,Field doesn't match the map (also drifting),20,0,0.0,1,0
odometry_pods+imu+dual_camera_apriltag,camera_front|camera_rear|imu|odometry_pods,odometry pods + IMU + front camera + rear camera,3,4,244.85,244.85,drift|heading|pose,map_error_match,Field doesn't match the map (also drifting),21,0,0.7749,1,0
odometry_pods+imu+dual_camera_apriltag,camera_front|camera_rear|imu|odometry_pods,odometry pods + IMU + front camera + rear camera,3,4,244.85,244.85,drift|heading|pose,map_error_match,Field doesn't match the map (also drifting),22,0,1.7197,1,0
odometry_pods+imu+dual_camera_apriltag,camera_front|camera_rear|imu|odometry_pods,odometry pods + IMU + front camera + rear camera,3,4,244.85,244.85,drift|heading|pose,map_error_match,Field doesn't match the map (also drifting),23,0,1.9586,1,0
odometry_pods+imu+dual_camera_apriltag,camera_front|camera_rear|imu|odometry_pods,odometry pods + IMU + front camera + rear camera,3,4,244.85,244.85,drift|heading|pose,map_error_match,Field doesn't match the map (also drifting),24,0,4.3646,1,0
odometry_pods+imu+dual_camera_apriltag,camera_front|camera_rear|imu|odometry_pods,odometry pods + IMU + front camera + rear camera,3,4,244.85,244.85,drift|heading|pose,opponent_match,Opponent parks in the route (also drifting),0,1,3.8546,0,0
odometry_pods+imu+dual_camera_apriltag,camera_front|camera_rear|imu|odometry_pods,odometry pods + IMU + front camera + rear camera,3,4,244.85,244.85,drift|heading|pose,opponent_match,Opponent parks in the route (also drifting),1,0,2.1,1,0
odometry_pods+imu+dual_camera_apriltag,camera_front|camera_rear|imu|odometry_pods,odometry pods + IMU + front camera + rear camera,3,4,244.85,244.85,drift|heading|pose,opponent_match,Opponent parks in the route (also drifting),2,0,4.3271,1,0
odometry_pods+imu+dual_camera_apriltag,camera_front|camera_rear|imu|odometry_pods,odometry pods + IMU + front camera + rear camera,3,4,244.85,244.85,drift|heading|pose,opponent_match,Opponent parks in the route (also drifting),3,0,1.1518,1,0
odometry_pods+imu+dual_camera_apriltag,camera_front|camera_rear|imu|odometry_pods,odometry pods + IMU + front camera + rear camera,3,4,244.85,244.85,drift|heading|pose,opponent_match,Opponent parks in the route (also drifting),4,0,2.9866,1,0
odometry_pods+imu+dual_camera_apriltag,camera_front|camera_rear|imu|odometry_pods,odometry pods + IMU + front camera + rear camera,3,4,244.85,244.85,drift|heading|pose,opponent_match,Opponent parks in the route (also drifting),5,0,2.0452,1,0
odometry_pods+imu+dual_camera_apriltag,camera_front|camera_rear|imu|odometry_pods,odometry pods + IMU + front camera + rear camera,3,4,244.85,244.85,drift|heading|pose,opponent_match,Opponent parks in the route (also drifting),6,0,0.5327,1,0
odometry_pods+imu+dual_camera_apriltag,camera_front|camera_rear|imu|odometry_pods,odometry pods + IMU + front camera + rear camera,3,4,244.85,244.85,drift|heading|pose,opponent_match,Opponent parks in the route (also drifting),7,0,12.2515,1,0
odometry_pods+imu+dual_camera_apriltag,camera_front|camera_rear|imu|odometry_pods,odometry pods + IMU + front camera + rear camera,3,4,244.85,244.85,drift|heading|pose,opponent_match,Opponent parks in the route (also drifting),8,1,1.9031,0,0
odometry_pods+imu+dual_camera_apriltag,camera_front|camera_rear|imu|odometry_pods,odometry pods + IMU + front camera + rear camera,3,4,244.85,244.85,drift|heading|pose,opponent_match,Opponent parks in the route (also drifting),9,0,7.1317,0,0
odometry_pods+imu+dual_camera_apriltag,camera_front|camera_rear|imu|odometry_pods,odometry pods + IMU + front camera + rear camera,3,4,244.85,244.85,drift|heading|pose,opponent_match,Opponent parks in the route (also drifting),10,0,0.4508,1,0
odometry_pods+imu+dual_camera_apriltag,camera_front|camera_rear|imu|odometry_pods,odometry pods + IMU + front camera + rear camera,3,4,244.85,244.85,drift|heading|pose,opponent_match,Opponent parks in the route (also drifting),11,0,4.8558,1,0
odometry_pods+imu+dual_camera_apriltag,camera_front|camera_rear|imu|odometry_pods,odometry pods + IMU + front camera + rear camera,3,4,244.85,244.85,drift|heading|pose,opponent_match,Opponent parks in the route (also drifting),12,0,4.5078,1,0
odometry_pods+imu+dual_camera_apriltag,camera_front|camera_rear|imu|odometry_pods,odometry pods + IMU + front camera + rear camera,3,4,244.85,244.85,drift|heading|pose,opponent_match,Opponent parks in the route (also drifting),13,0,0.9016,1,0
odometry_pods+imu+dual_camera_apriltag,camera_front|camera_rear|imu|odometry_pods,odometry pods + IMU + front camera + rear camera,3,4,244.85,244.85,drift|heading|pose,opponent_match,Opponent parks in the route (also drifting),14,0,1.0734,1,0
odometry_pods+imu+dual_camera_apriltag,camera_front|camera_rear|imu|odometry_pods,odometry pods + IMU + front camera + rear camera,3,4,244.85,244.85,drift|heading|pose,opponent_match,Opponent parks in the route (also drifting),15,0,6.7799,1,0
odometry_pods+imu+dual_camera_apriltag,camera_front|camera_rear|imu|odometry_pods,odometry pods + IMU + front camera + rear camera,3,4,244.85,244.85,drift|heading|pose,opponent_match,Opponent parks in the route (also drifting),16,0,4.336,1,0
odometry_pods+imu+dual_camera_apriltag,camera_front|camera_rear|imu|odometry_pods,odometry pods + IMU + front camera + rear camera,3,4,244.85,244.85,drift|heading|pose,opponent_match,Opponent parks in the route (also drifting),17,0,8.3769,1,0
odometry_pods+imu+dual_camera_apriltag,camera_front|camera_rear|imu|odometry_pods,odometry pods + IMU + front camera + rear camera,3,4,244.85,244.85,drift|heading|pose,opponent_match,Opponent parks in the route (also drifting),18,1,10.8268,0,0
odometry_pods+imu+dual_camera_apriltag,camera_front|camera_rear|imu|odometry_pods,odometry pods + IMU + front camera + rear camera,3,4,244.85,244.85,drift|heading|pose,opponent_match,Opponent parks in the route (also drifting),19,0,2.6281,1,0
odometry_pods+imu+dual_camera_apriltag,camera_front|camera_rear|imu|odometry_pods,odometry pods + IMU + front camera + rear camera,3,4,244.85,244.85,drift|heading|pose,opponent_match,Opponent parks in the route (also drifting),20,1,4.9362,0,0
odometry_pods+imu+dual_camera_apriltag,camera_front|camera_rear|imu|odometry_pods,odometry pods + IMU + front camera + rear camera,3,4,244.85,244.85,drift|heading|pose,opponent_match,Opponent parks in the route (also drifting),21,0,0.7722,1,0
odometry_pods+imu+dual_camera_apriltag,camera_front|camera_rear|imu|odometry_pods,odometry pods + IMU + front camera + rear camera,3,4,244.85,244.85,drift|heading|pose,opponent_match,Opponent parks in the route (also drifting),22,0,3.5408,1,0
odometry_pods+imu+dual_camera_apriltag,camera_front|camera_rear|imu|odometry_pods,odometry pods + IMU + front camera + rear camera,3,4,244.85,244.85,drift|heading|pose,opponent_match,Opponent parks in the route (also drifting),23,0,1.9586,1,0
odometry_pods+imu+dual_camera_apriltag,camera_front|camera_rear|imu|odometry_pods,odometry pods + IMU + front camera + rear camera,3,4,244.85,244.85,drift|heading|pose,opponent_match,Opponent parks in the route (also drifting),24,0,1.1639,1,0
odometry_pods+imu+dual_camera_apriltag,camera_front|camera_rear|imu|odometry_pods,odometry pods + IMU + front camera + rear camera,3,4,244.85,244.85,drift|heading|pose,combined_match,Everything at once (match-realistic mix),0,1,3.9052,0,0
odometry_pods+imu+dual_camera_apriltag,camera_front|camera_rear|imu|odometry_pods,odometry pods + IMU + front camera + rear camera,3,4,244.85,244.85,drift|heading|pose,combined_match,Everything at once (match-realistic mix),1,0,0.0,1,0
odometry_pods+imu+dual_camera_apriltag,camera_front|camera_rear|imu|odometry_pods,odometry pods + IMU + front camera + rear camera,3,4,244.85,244.85,drift|heading|pose,combined_match,Everything at once (match-realistic mix),2,0,1.1889,1,0
odometry_pods+imu+dual_camera_apriltag,camera_front|camera_rear|imu|odometry_pods,odometry pods + IMU + front camera + rear camera,3,4,244.85,244.85,drift|heading|pose,combined_match,Everything at once (match-realistic mix),3,0,2.5201,1,0
odometry_pods+imu+dual_camera_apriltag,camera_front|camera_rear|imu|odometry_pods,odometry pods + IMU + front camera + rear camera,3,4,244.85,244.85,drift|heading|pose,combined_match,Everything at once (match-realistic mix),4,0,2.9866,1,0
odometry_pods+imu+dual_camera_apriltag,camera_front|camera_rear|imu|odometry_pods,odometry pods + IMU + front camera + rear camera,3,4,244.85,244.85,drift|heading|pose,combined_match,Everything at once (match-realistic mix),5,0,4.3219,1,0
odometry_pods+imu+dual_camera_apriltag,camera_front|camera_rear|imu|odometry_pods,odometry pods + IMU + front camera + rear camera,3,4,244.85,244.85,drift|heading|pose,combined_match,Everything at once (match-realistic mix),6,0,1.3523,1,0
odometry_pods+imu+dual_camera_apriltag,camera_front|camera_rear|imu|odometry_pods,odometry pods + IMU + front camera + rear camera,3,4,244.85,244.85,drift|heading|pose,combined_match,Everything at once (match-realistic mix),7,0,5.921,1,0
odometry_pods+imu+dual_camera_apriltag,camera_front|camera_rear|imu|odometry_pods,odometry pods + IMU + front camera + rear camera,3,4,244.85,244.85,drift|heading|pose,combined_match,Everything at once (match-realistic mix),8,0,1.4704,0,0
odometry_pods+imu+dual_camera_apriltag,camera_front|camera_rear|imu|odometry_pods,odometry pods + IMU + front camera + rear camera,3,4,244.85,244.85,drift|heading|pose,combined_match,Everything at once (match-realistic mix),9,0,7.1392,0,0
odometry_pods+imu+dual_camera_apriltag,camera_front|camera_rear|imu|odometry_pods,odometry pods + IMU + front camera + rear camera,3,4,244.85,244.85,drift|heading|pose,combined_match,Everything at once (match-realistic mix),10,0,1.8534,0,0
odometry_pods+imu+dual_camera_apriltag,camera_front|camera_rear|imu|odometry_pods,odometry pods + IMU + front camera + rear camera,3,4,244.85,244.85,drift|heading|pose,combined_match,Everything at once (match-realistic mix),11,0,0.0,1,0
odometry_pods+imu+dual_camera_apriltag,camera_front|camera_rear|imu|odometry_pods,odometry pods + IMU + front camera + rear camera,3,4,244.85,244.85,drift|heading|pose,combined_match,Everything at once (match-realistic mix),12,0,8.0147,1,0
odometry_pods+imu+dual_camera_apriltag,camera_front|camera_rear|imu|odometry_pods,odometry pods + IMU + front camera + rear camera,3,4,244.85,244.85,drift|heading|pose,combined_match,Everything at once (match-realistic mix),13,0,1.7874,0,0
odometry_pods+imu+dual_camera_apriltag,camera_front|camera_rear|imu|odometry_pods,odometry pods + IMU + front camera + rear camera,3,4,244.85,244.85,drift|heading|pose,combined_match,Everything at once (match-realistic mix),14,1,3.9542,0,0
odometry_pods+imu+dual_camera_apriltag,camera_front|camera_rear|imu|odometry_pods,odometry pods + IMU + front camera + rear camera,3,4,244.85,244.85,drift|heading|pose,combined_match,Everything at once (match-realistic mix),15,0,3.59,1,0
odometry_pods+imu+dual_camera_apriltag,camera_front|camera_rear|imu|odometry_pods,odometry pods + IMU + front camera + rear camera,3,4,244.85,244.85,drift|heading|pose,combined_match,Everything at once (match-realistic mix),16,0,0.7216,1,0
odometry_pods+imu+dual_camera_apriltag,camera_front|camera_rear|imu|odometry_pods,odometry pods + IMU + front camera + rear camera,3,4,244.85,244.85,drift|heading|pose,combined_match,Everything at once (match-realistic mix),17,0,1.4266,1,0
odometry_pods+imu+dual_camera_apriltag,camera_front|camera_rear|imu|odometry_pods,odometry pods + IMU + front camera + rear camera,3,4,244.85,244.85,drift|heading|pose,combined_match,Everything at once (match-realistic mix),18,0,8.6531,1,0
odometry_pods+imu+dual_camera_apriltag,camera_front|camera_rear|imu|odometry_pods,odometry pods + IMU + front camera + rear camera,3,4,244.85,244.85,drift|heading|pose,combined_match,Everything at once (match-realistic mix),19,0,8.1149,1,0
odometry_pods+imu+dual_camera_apriltag,camera_front|camera_rear|imu|odometry_pods,odometry pods + IMU + front camera + rear camera,3,4,244.85,244.85,drift|heading|pose,combined_match,Everything at once (match-realistic mix),20,0,0.0,1,0
odometry_pods+imu+dual_camera_apriltag,camera_front|camera_rear|imu|odometry_pods,odometry pods + IMU + front camera + rear camera,3,4,244.85,244.85,drift|heading|pose,combined_match,Everything at once (match-realistic mix),21,0,0.7749,1,0
odometry_pods+imu+dual_camera_apriltag,camera_front|camera_rear|imu|odometry_pods,odometry pods + IMU + front camera + rear camera,3,4,244.85,244.85,drift|heading|pose,combined_match,Everything at once (match-realistic mix),22,0,1.7197,1,0
odometry_pods+imu+dual_camera_apriltag,camera_front|camera_rear|imu|odometry_pods,odometry pods + IMU + front camera + rear camera,3,4,244.85,244.85,drift|heading|pose,combined_match,Everything at once (match-realistic mix),23,0,1.9586,1,0
odometry_pods+imu+dual_camera_apriltag,camera_front|camera_rear|imu|odometry_pods,odometry pods + IMU + front camera + rear camera,3,4,244.85,244.85,drift|heading|pose,combined_match,Everything at once (match-realistic mix),24,0,4.3646,1,0
odometry_pods+imu+dual_camera_apriltag,camera_front|camera_rear|imu|odometry_pods,odometry pods + IMU + front camera + rear camera,3,4,244.85,244.85,drift|heading|pose,corridor,"Tight corridor, mixed deviation",0,1,6.4234,0,0
odometry_pods+imu+dual_camera_apriltag,camera_front|camera_rear|imu|odometry_pods,odometry pods + IMU + front camera + rear camera,3,4,244.85,244.85,drift|heading|pose,corridor,"Tight corridor, mixed deviation",1,0,4.6682,0,0
odometry_pods+imu+dual_camera_apriltag,camera_front|camera_rear|imu|odometry_pods,odometry pods + IMU + front camera + rear camera,3,4,244.85,244.85,drift|heading|pose,corridor,"Tight corridor, mixed deviation",2,0,7.7784,1,0
odometry_pods+imu+dual_camera_apriltag,camera_front|camera_rear|imu|odometry_pods,odometry pods + IMU + front camera + rear camera,3,4,244.85,244.85,drift|heading|pose,corridor,"Tight corridor, mixed deviation",3,0,1.3337,1,0
odometry_pods+imu+dual_camera_apriltag,camera_front|camera_rear|imu|odometry_pods,odometry pods + IMU + front camera + rear camera,3,4,244.85,244.85,drift|heading|pose,corridor,"Tight corridor, mixed deviation",4,0,4.1141,0,0
odometry_pods+imu+dual_camera_apriltag,camera_front|camera_rear|imu|odometry_pods,odometry pods + IMU + front camera + rear camera,3,4,244.85,244.85,drift|heading|pose,corridor,"Tight corridor, mixed deviation",5,1,8.264,0,0
odometry_pods+imu+dual_camera_apriltag,camera_front|camera_rear|imu|odometry_pods,odometry pods + IMU + front camera + rear camera,3,4,244.85,244.85,drift|heading|pose,corridor,"Tight corridor, mixed deviation",6,1,7.8,0,0
odometry_pods+imu+dual_camera_apriltag,camera_front|camera_rear|imu|odometry_pods,odometry pods + IMU + front camera + rear camera,3,4,244.85,244.85,drift|heading|pose,corridor,"Tight corridor, mixed deviation",7,1,13.3777,0,0
odometry_pods+imu+dual_camera_apriltag,camera_front|camera_rear|imu|odometry_pods,odometry pods + IMU + front camera + rear camera,3,4,244.85,244.85,drift|heading|pose,corridor,"Tight corridor, mixed deviation",8,1,7.5312,0,0
odometry_pods+imu+dual_camera_apriltag,camera_front|camera_rear|imu|odometry_pods,odometry pods + IMU + front camera + rear camera,3,4,244.85,244.85,drift|heading|pose,corridor,"Tight corridor, mixed deviation",9,1,6.3999,0,0
odometry_pods+imu+dual_camera_apriltag,camera_front|camera_rear|imu|odometry_pods,odometry pods + IMU + front camera + rear camera,3,4,244.85,244.85,drift|heading|pose,corridor,"Tight corridor, mixed deviation",10,1,6.8838,0,0
odometry_pods+imu+dual_camera_apriltag,camera_front|camera_rear|imu|odometry_pods,odometry pods + IMU + front camera + rear camera,3,4,244.85,244.85,drift|heading|pose,corridor,"Tight corridor, mixed deviation",11,1,6.9149,0,0
odometry_pods+imu+dual_camera_apriltag,camera_front|camera_rear|imu|odometry_pods,odometry pods + IMU + front camera + rear camera,3,4,244.85,244.85,drift|heading|pose,corridor,"Tight corridor, mixed deviation",12,1,8.7053,0,0
odometry_pods+imu+dual_camera_apriltag,camera_front|camera_rear|imu|odometry_pods,odometry pods + IMU + front camera + rear camera,3,4,244.85,244.85,drift|heading|pose,corridor,"Tight corridor, mixed deviation",13,0,4.207,1,0
odometry_pods+imu+dual_camera_apriltag,camera_front|camera_rear|imu|odometry_pods,odometry pods + IMU + front camera + rear camera,3,4,244.85,244.85,drift|heading|pose,corridor,"Tight corridor, mixed deviation",14,0,2.1229,0,0
odometry_pods+imu+dual_camera_apriltag,camera_front|camera_rear|imu|odometry_pods,odometry pods + IMU + front camera + rear camera,3,4,244.85,244.85,drift|heading|pose,corridor,"Tight corridor, mixed deviation",15,1,7.4643,0,0
odometry_pods+imu+dual_camera_apriltag,camera_front|camera_rear|imu|odometry_pods,odometry pods + IMU + front camera + rear camera,3,4,244.85,244.85,drift|heading|pose,corridor,"Tight corridor, mixed deviation",16,1,11.8507,0,0
odometry_pods+imu+dual_camera_apriltag,camera_front|camera_rear|imu|odometry_pods,odometry pods + IMU + front camera + rear camera,3,4,244.85,244.85,drift|heading|pose,corridor,"Tight corridor, mixed deviation",17,0,2.5234,1,0
odometry_pods+imu+dual_camera_apriltag,camera_front|camera_rear|imu|odometry_pods,odometry pods + IMU + front camera + rear camera,3,4,244.85,244.85,drift|heading|pose,corridor,"Tight corridor, mixed deviation",18,1,14.0679,0,0
odometry_pods+imu+dual_camera_apriltag,camera_front|camera_rear|imu|odometry_pods,odometry pods + IMU + front camera + rear camera,3,4,244.85,244.85,drift|heading|pose,corridor,"Tight corridor, mixed deviation",19,0,2.3113,0,0
odometry_pods+imu+dual_camera_apriltag,camera_front|camera_rear|imu|odometry_pods,odometry pods + IMU + front camera + rear camera,3,4,244.85,244.85,drift|heading|pose,corridor,"Tight corridor, mixed deviation",20,1,7.9205,0,0
odometry_pods+imu+dual_camera_apriltag,camera_front|camera_rear|imu|odometry_pods,odometry pods + IMU + front camera + rear camera,3,4,244.85,244.85,drift|heading|pose,corridor,"Tight corridor, mixed deviation",21,1,4.6705,0,0
odometry_pods+imu+dual_camera_apriltag,camera_front|camera_rear|imu|odometry_pods,odometry pods + IMU + front camera + rear camera,3,4,244.85,244.85,drift|heading|pose,corridor,"Tight corridor, mixed deviation",22,0,3.1917,0,0
odometry_pods+imu+dual_camera_apriltag,camera_front|camera_rear|imu|odometry_pods,odometry pods + IMU + front camera + rear camera,3,4,244.85,244.85,drift|heading|pose,corridor,"Tight corridor, mixed deviation",23,0,3.6038,1,0
odometry_pods+imu+dual_camera_apriltag,camera_front|camera_rear|imu|odometry_pods,odometry pods + IMU + front camera + rear camera,3,4,244.85,244.85,drift|heading|pose,corridor,"Tight corridor, mixed deviation",24,1,7.2549,0,0
distance_sensors+imu+dual_camera_apriltag,camera_front|camera_rear|distance_sensors_3|imu,IMU + front camera + rear camera + 3 ToF sensors,3,4,144.5,144.5,heading|obstacle|pose,pose_drift_match,Heavy pose drift (map also off),0,0,9.9822,1,0
distance_sensors+imu+dual_camera_apriltag,camera_front|camera_rear|distance_sensors_3|imu,IMU + front camera + rear camera + 3 ToF sensors,3,4,144.5,144.5,heading|obstacle|pose,pose_drift_match,Heavy pose drift (map also off),1,0,0.0,1,0
distance_sensors+imu+dual_camera_apriltag,camera_front|camera_rear|distance_sensors_3|imu,IMU + front camera + rear camera + 3 ToF sensors,3,4,144.5,144.5,heading|obstacle|pose,pose_drift_match,Heavy pose drift (map also off),2,0,0.0,1,0
distance_sensors+imu+dual_camera_apriltag,camera_front|camera_rear|distance_sensors_3|imu,IMU + front camera + rear camera + 3 ToF sensors,3,4,144.5,144.5,heading|obstacle|pose,pose_drift_match,Heavy pose drift (map also off),3,0,0.6005,1,0
distance_sensors+imu+dual_camera_apriltag,camera_front|camera_rear|distance_sensors_3|imu,IMU + front camera + rear camera + 3 ToF sensors,3,4,144.5,144.5,heading|obstacle|pose,pose_drift_match,Heavy pose drift (map also off),4,0,0.683,1,0
distance_sensors+imu+dual_camera_apriltag,camera_front|camera_rear|distance_sensors_3|imu,IMU + front camera + rear camera + 3 ToF sensors,3,4,144.5,144.5,heading|obstacle|pose,pose_drift_match,Heavy pose drift (map also off),5,0,1.5929,1,0
distance_sensors+imu+dual_camera_apriltag,camera_front|camera_rear|distance_sensors_3|imu,IMU + front camera + rear camera + 3 ToF sensors,3,4,144.5,144.5,heading|obstacle|pose,pose_drift_match,Heavy pose drift (map also off),6,0,1.9655,0,0
distance_sensors+imu+dual_camera_apriltag,camera_front|camera_rear|distance_sensors_3|imu,IMU + front camera + rear camera + 3 ToF sensors,3,4,144.5,144.5,heading|obstacle|pose,pose_drift_match,Heavy pose drift (map also off),7,0,1.3136,1,0
distance_sensors+imu+dual_camera_apriltag,camera_front|camera_rear|distance_sensors_3|imu,IMU + front camera + rear camera + 3 ToF sensors,3,4,144.5,144.5,heading|obstacle|pose,pose_drift_match,Heavy pose drift (map also off),8,1,2.9394,0,0
distance_sensors+imu+dual_camera_apriltag,camera_front|camera_rear|distance_sensors_3|imu,IMU + front camera + rear camera + 3 ToF sensors,3,4,144.5,144.5,heading|obstacle|pose,pose_drift_match,Heavy pose drift (map also off),9,0,0.0,1,0
distance_sensors+imu+dual_camera_apriltag,camera_front|camera_rear|distance_sensors_3|imu,IMU + front camera + rear camera + 3 ToF sensors,3,4,144.5,144.5,heading|obstacle|pose,pose_drift_match,Heavy pose drift (map also off),10,1,0.9016,0,0
distance_sensors+imu+dual_camera_apriltag,camera_front|camera_rear|distance_sensors_3|imu,IMU + front camera + rear camera + 3 ToF sensors,3,4,144.5,144.5,heading|obstacle|pose,pose_drift_match,Heavy pose drift (map also off),11,0,0.6762,1,0
distance_sensors+imu+dual_camera_apriltag,camera_front|camera_rear|distance_sensors_3|imu,IMU + front camera + rear camera + 3 ToF sensors,3,4,144.5,144.5,heading|obstacle|pose,pose_drift_match,Heavy pose drift (map also off),12,0,2.3856,0,0
distance_sensors+imu+dual_camera_apriltag,camera_front|camera_rear|distance_sensors_3|imu,IMU + front camera + rear camera + 3 ToF sensors,3,4,144.5,144.5,heading|obstacle|pose,pose_drift_match,Heavy pose drift (map also off),13,0,1.7345,0,0
distance_sensors+imu+dual_camera_apriltag,camera_front|camera_rear|distance_sensors_3|imu,IMU + front camera + rear camera + 3 ToF sensors,3,4,144.5,144.5,heading|obstacle|pose,pose_drift_match,Heavy pose drift (map also off),14,0,0.0,1,0
distance_sensors+imu+dual_camera_apriltag,camera_front|camera_rear|distance_sensors_3|imu,IMU + front camera + rear camera + 3 ToF sensors,3,4,144.5,144.5,heading|obstacle|pose,pose_drift_match,Heavy pose drift (map also off),15,0,5.3525,1,0
distance_sensors+imu+dual_camera_apriltag,camera_front|camera_rear|distance_sensors_3|imu,IMU + front camera + rear camera + 3 ToF sensors,3,4,144.5,144.5,heading|obstacle|pose,pose_drift_match,Heavy pose drift (map also off),16,0,0.7157,1,0
distance_sensors+imu+dual_camera_apriltag,camera_front|camera_rear|distance_sensors_3|imu,IMU + front camera + rear camera + 3 ToF sensors,3,4,144.5,144.5,heading|obstacle|pose,pose_drift_match,Heavy pose drift (map also off),17,0,1.3933,1,0
distance_sensors+imu+dual_camera_apriltag,camera_front|camera_rear|distance_sensors_3|imu,IMU + front camera + rear camera + 3 ToF sensors,3,4,144.5,144.5,heading|obstacle|pose,pose_drift_match,Heavy pose drift (map also off),18,0,0.0,1,0
distance_sensors+imu+dual_camera_apriltag,camera_front|camera_rear|distance_sensors_3|imu,IMU + front camera + rear camera + 3 ToF sensors,3,4,144.5,144.5,heading|obstacle|pose,pose_drift_match,Heavy pose drift (map also off),19,0,0.0,1,0
distance_sensors+imu+dual_camera_apriltag,camera_front|camera_rear|distance_sensors_3|imu,IMU + front camera + rear camera + 3 ToF sensors,3,4,144.5,144.5,heading|obstacle|pose,pose_drift_match,Heavy pose drift (map also off),20,0,3.1691,1,0
distance_sensors+imu+dual_camera_apriltag,camera_front|camera_rear|distance_sensors_3|imu,IMU + front camera + rear camera + 3 ToF sensors,3,4,144.5,144.5,heading|obstacle|pose,pose_drift_match,Heavy pose drift (map also off),21,0,1.6876,1,0
distance_sensors+imu+dual_camera_apriltag,camera_front|camera_rear|distance_sensors_3|imu,IMU + front camera + rear camera + 3 ToF sensors,3,4,144.5,144.5,heading|obstacle|pose,pose_drift_match,Heavy pose drift (map also off),22,0,2.767,1,0
distance_sensors+imu+dual_camera_apriltag,camera_front|camera_rear|distance_sensors_3|imu,IMU + front camera + rear camera + 3 ToF sensors,3,4,144.5,144.5,heading|obstacle|pose,pose_drift_match,Heavy pose drift (map also off),23,0,1.967,1,0
distance_sensors+imu+dual_camera_apriltag,camera_front|camera_rear|distance_sensors_3|imu,IMU + front camera + rear camera + 3 ToF sensors,3,4,144.5,144.5,heading|obstacle|pose,pose_drift_match,Heavy pose drift (map also off),24,0,3.9554,1,0
distance_sensors+imu+dual_camera_apriltag,camera_front|camera_rear|distance_sensors_3|imu,IMU + front camera + rear camera + 3 ToF sensors,3,4,144.5,144.5,heading|obstacle|pose,map_error_match,Field doesn't match the map (also drifting),0,0,0.0,0,0
distance_sensors+imu+dual_camera_apriltag,camera_front|camera_rear|distance_sensors_3|imu,IMU + front camera + rear camera + 3 ToF sensors,3,4,144.5,144.5,heading|obstacle|pose,map_error_match,Field doesn't match the map (also drifting),1,0,2.4508,1,0
distance_sensors+imu+dual_camera_apriltag,camera_front|camera_rear|distance_sensors_3|imu,IMU + front camera + rear camera + 3 ToF sensors,3,4,144.5,144.5,heading|obstacle|pose,map_error_match,Field doesn't match the map (also drifting),2,0,0.0,1,0
distance_sensors+imu+dual_camera_apriltag,camera_front|camera_rear|distance_sensors_3|imu,IMU + front camera + rear camera + 3 ToF sensors,3,4,144.5,144.5,heading|obstacle|pose,map_error_match,Field doesn't match the map (also drifting),3,0,0.0,1,0
distance_sensors+imu+dual_camera_apriltag,camera_front|camera_rear|distance_sensors_3|imu,IMU + front camera + rear camera + 3 ToF sensors,3,4,144.5,144.5,heading|obstacle|pose,map_error_match,Field doesn't match the map (also drifting),4,0,1.6834,1,0
distance_sensors+imu+dual_camera_apriltag,camera_front|camera_rear|distance_sensors_3|imu,IMU + front camera + rear camera + 3 ToF sensors,3,4,144.5,144.5,heading|obstacle|pose,map_error_match,Field doesn't match the map (also drifting),5,0,1.5828,1,0
distance_sensors+imu+dual_camera_apriltag,camera_front|camera_rear|distance_sensors_3|imu,IMU + front camera + rear camera + 3 ToF sensors,3,4,144.5,144.5,heading|obstacle|pose,map_error_match,Field doesn't match the map (also drifting),6,0,1.3523,1,0
distance_sensors+imu+dual_camera_apriltag,camera_front|camera_rear|distance_sensors_3|imu,IMU + front camera + rear camera + 3 ToF sensors,3,4,144.5,144.5,heading|obstacle|pose,map_error_match,Field doesn't match the map (also drifting),7,0,1.931,1,0
distance_sensors+imu+dual_camera_apriltag,camera_front|camera_rear|distance_sensors_3|imu,IMU + front camera + rear camera + 3 ToF sensors,3,4,144.5,144.5,heading|obstacle|pose,map_error_match,Field doesn't match the map (also drifting),8,0,1.4704,0,0
distance_sensors+imu+dual_camera_apriltag,camera_front|camera_rear|distance_sensors_3|imu,IMU + front camera + rear camera + 3 ToF sensors,3,4,144.5,144.5,heading|obstacle|pose,map_error_match,Field doesn't match the map (also drifting),9,0,8.2245,0,0
distance_sensors+imu+dual_camera_apriltag,camera_front|camera_rear|distance_sensors_3|imu,IMU + front camera + rear camera + 3 ToF sensors,3,4,144.5,144.5,heading|obstacle|pose,map_error_match,Field doesn't match the map (also drifting),10,0,1.885,0,0
distance_sensors+imu+dual_camera_apriltag,camera_front|camera_rear|distance_sensors_3|imu,IMU + front camera + rear camera + 3 ToF sensors,3,4,144.5,144.5,heading|obstacle|pose,map_error_match,Field doesn't match the map (also drifting),11,0,0.6508,1,0
distance_sensors+imu+dual_camera_apriltag,camera_front|camera_rear|distance_sensors_3|imu,IMU + front camera + rear camera + 3 ToF sensors,3,4,144.5,144.5,heading|obstacle|pose,map_error_match,Field doesn't match the map (also drifting),12,0,2.3856,0,0
distance_sensors+imu+dual_camera_apriltag,camera_front|camera_rear|distance_sensors_3|imu,IMU + front camera + rear camera + 3 ToF sensors,3,4,144.5,144.5,heading|obstacle|pose,map_error_match,Field doesn't match the map (also drifting),13,0,1.7874,0,0
distance_sensors+imu+dual_camera_apriltag,camera_front|camera_rear|distance_sensors_3|imu,IMU + front camera + rear camera + 3 ToF sensors,3,4,144.5,144.5,heading|obstacle|pose,map_error_match,Field doesn't match the map (also drifting),14,0,0.0,1,0
distance_sensors+imu+dual_camera_apriltag,camera_front|camera_rear|distance_sensors_3|imu,IMU + front camera + rear camera + 3 ToF sensors,3,4,144.5,144.5,heading|obstacle|pose,map_error_match,Field doesn't match the map (also drifting),15,0,1.9058,0,0
distance_sensors+imu+dual_camera_apriltag,camera_front|camera_rear|distance_sensors_3|imu,IMU + front camera + rear camera + 3 ToF sensors,3,4,144.5,144.5,heading|obstacle|pose,map_error_match,Field doesn't match the map (also drifting),16,0,0.0,0,0
distance_sensors+imu+dual_camera_apriltag,camera_front|camera_rear|distance_sensors_3|imu,IMU + front camera + rear camera + 3 ToF sensors,3,4,144.5,144.5,heading|obstacle|pose,map_error_match,Field doesn't match the map (also drifting),17,0,0.525,1,0
distance_sensors+imu+dual_camera_apriltag,camera_front|camera_rear|distance_sensors_3|imu,IMU + front camera + rear camera + 3 ToF sensors,3,4,144.5,144.5,heading|obstacle|pose,map_error_match,Field doesn't match the map (also drifting),18,0,2.1879,1,0
distance_sensors+imu+dual_camera_apriltag,camera_front|camera_rear|distance_sensors_3|imu,IMU + front camera + rear camera + 3 ToF sensors,3,4,144.5,144.5,heading|obstacle|pose,map_error_match,Field doesn't match the map (also drifting),19,0,0.0,1,0
distance_sensors+imu+dual_camera_apriltag,camera_front|camera_rear|distance_sensors_3|imu,IMU + front camera + rear camera + 3 ToF sensors,3,4,144.5,144.5,heading|obstacle|pose,map_error_match,Field doesn't match the map (also drifting),20,0,0.0,1,0
distance_sensors+imu+dual_camera_apriltag,camera_front|camera_rear|distance_sensors_3|imu,IMU + front camera + rear camera + 3 ToF sensors,3,4,144.5,144.5,heading|obstacle|pose,map_error_match,Field doesn't match the map (also drifting),21,0,0.5396,0,0
distance_sensors+imu+dual_camera_apriltag,camera_front|camera_rear|distance_sensors_3|imu,IMU + front camera + rear camera + 3 ToF sensors,3,4,144.5,144.5,heading|obstacle|pose,map_error_match,Field doesn't match the map (also drifting),22,0,0.0,1,0
distance_sensors+imu+dual_camera_apriltag,camera_front|camera_rear|distance_sensors_3|imu,IMU + front camera + rear camera + 3 ToF sensors,3,4,144.5,144.5,heading|obstacle|pose,map_error_match,Field doesn't match the map (also drifting),23,0,1.9586,1,0
distance_sensors+imu+dual_camera_apriltag,camera_front|camera_rear|distance_sensors_3|imu,IMU + front camera + rear camera + 3 ToF sensors,3,4,144.5,144.5,heading|obstacle|pose,map_error_match,Field doesn't match the map (also drifting),24,0,2.9808,1,0
distance_sensors+imu+dual_camera_apriltag,camera_front|camera_rear|distance_sensors_3|imu,IMU + front camera + rear camera + 3 ToF sensors,3,4,144.5,144.5,heading|obstacle|pose,opponent_match,Opponent parks in the route (also drifting),0,0,0.0,0,0
distance_sensors+imu+dual_camera_apriltag,camera_front|camera_rear|distance_sensors_3|imu,IMU + front camera + rear camera + 3 ToF sensors,3,4,144.5,144.5,heading|obstacle|pose,opponent_match,Opponent parks in the route (also drifting),1,0,4.6593,1,0
distance_sensors+imu+dual_camera_apriltag,camera_front|camera_rear|distance_sensors_3|imu,IMU + front camera + rear camera + 3 ToF sensors,3,4,144.5,144.5,heading|obstacle|pose,opponent_match,Opponent parks in the route (also drifting),2,0,0.0,1,0
distance_sensors+imu+dual_camera_apriltag,camera_front|camera_rear|distance_sensors_3|imu,IMU + front camera + rear camera + 3 ToF sensors,3,4,144.5,144.5,heading|obstacle|pose,opponent_match,Opponent parks in the route (also drifting),3,0,0.6005,1,0
distance_sensors+imu+dual_camera_apriltag,camera_front|camera_rear|distance_sensors_3|imu,IMU + front camera + rear camera + 3 ToF sensors,3,4,144.5,144.5,heading|obstacle|pose,opponent_match,Opponent parks in the route (also drifting),4,0,0.668,1,0
distance_sensors+imu+dual_camera_apriltag,camera_front|camera_rear|distance_sensors_3|imu,IMU + front camera + rear camera + 3 ToF sensors,3,4,144.5,144.5,heading|obstacle|pose,opponent_match,Opponent parks in the route (also drifting),5,0,1.1436,1,0
distance_sensors+imu+dual_camera_apriltag,camera_front|camera_rear|distance_sensors_3|imu,IMU + front camera + rear camera + 3 ToF sensors,3,4,144.5,144.5,heading|obstacle|pose,opponent_match,Opponent parks in the route (also drifting),6,1,2.735,0,0
distance_sensors+imu+dual_camera_apriltag,camera_front|camera_rear|distance_sensors_3|imu,IMU + front camera + rear camera + 3 ToF sensors,3,4,144.5,144.5,heading|obstacle|pose,opponent_match,Opponent parks in the route (also drifting),7,0,1.9273,1,0
distance_sensors+imu+dual_camera_apriltag,camera_front|camera_rear|distance_sensors_3|imu,IMU + front camera + rear camera + 3 ToF sensors,3,4,144.5,144.5,heading|obstacle|pose,opponent_match,Opponent parks in the route (also drifting),8,1,1.9031,0,0
distance_sensors+imu+dual_camera_apriltag,camera_front|camera_rear|distance_sensors_3|imu,IMU + front camera + rear camera + 3 ToF sensors,3,4,144.5,144.5,heading|obstacle|pose,opponent_match,Opponent parks in the route (also drifting),9,0,3.2402,1,0
distance_sensors+imu+dual_camera_apriltag,camera_front|camera_rear|distance_sensors_3|imu,IMU + front camera + rear camera + 3 ToF sensors,3,4,144.5,144.5,heading|obstacle|pose,opponent_match,Opponent parks in the route (also drifting),10,0,2.5737,0,0
distance_sensors+imu+dual_camera_apriltag,camera_front|camera_rear|distance_sensors_3|imu,IMU + front camera + rear camera + 3 ToF sensors,3,4,144.5,144.5,heading|obstacle|pose,opponent_match,Opponent parks in the route (also drifting),11,0,1.4087,0,0
distance_sensors+imu+dual_camera_apriltag,camera_front|camera_rear|distance_sensors_3|imu,IMU + front camera + rear camera + 3 ToF sensors,3,4,144.5,144.5,heading|obstacle|pose,opponent_match,Opponent parks in the route (also drifting),12,0,2.3039,0,0
distance_sensors+imu+dual_camera_apriltag,camera_front|camera_rear|distance_sensors_3|imu,IMU + front camera + rear camera + 3 ToF sensors,3,4,144.5,144.5,heading|obstacle|pose,opponent_match,Opponent parks in the route (also drifting),13,0,0.9016,1,0
distance_sensors+imu+dual_camera_apriltag,camera_front|camera_rear|distance_sensors_3|imu,IMU + front camera + rear camera + 3 ToF sensors,3,4,144.5,144.5,heading|obstacle|pose,opponent_match,Opponent parks in the route (also drifting),14,0,0.0,1,0
distance_sensors+imu+dual_camera_apriltag,camera_front|camera_rear|distance_sensors_3|imu,IMU + front camera + rear camera + 3 ToF sensors,3,4,144.5,144.5,heading|obstacle|pose,opponent_match,Opponent parks in the route (also drifting),15,0,2.6531,0,0
distance_sensors+imu+dual_camera_apriltag,camera_front|camera_rear|distance_sensors_3|imu,IMU + front camera + rear camera + 3 ToF sensors,3,4,144.5,144.5,heading|obstacle|pose,opponent_match,Opponent parks in the route (also drifting),16,0,4.211,1,0
distance_sensors+imu+dual_camera_apriltag,camera_front|camera_rear|distance_sensors_3|imu,IMU + front camera + rear camera + 3 ToF sensors,3,4,144.5,144.5,heading|obstacle|pose,opponent_match,Opponent parks in the route (also drifting),17,0,7.0562,0,0
distance_sensors+imu+dual_camera_apriltag,camera_front|camera_rear|distance_sensors_3|imu,IMU + front camera + rear camera + 3 ToF sensors,3,4,144.5,144.5,heading|obstacle|pose,opponent_match,Opponent parks in the route (also drifting),18,0,2.1879,1,0
distance_sensors+imu+dual_camera_apriltag,camera_front|camera_rear|distance_sensors_3|imu,IMU + front camera + rear camera + 3 ToF sensors,3,4,144.5,144.5,heading|obstacle|pose,opponent_match,Opponent parks in the route (also drifting),19,0,0.0,1,0
distance_sensors+imu+dual_camera_apriltag,camera_front|camera_rear|distance_sensors_3|imu,IMU + front camera + rear camera + 3 ToF sensors,3,4,144.5,144.5,heading|obstacle|pose,opponent_match,Opponent parks in the route (also drifting),20,0,2.8805,1,0
distance_sensors+imu+dual_camera_apriltag,camera_front|camera_rear|distance_sensors_3|imu,IMU + front camera + rear camera + 3 ToF sensors,3,4,144.5,144.5,heading|obstacle|pose,opponent_match,Opponent parks in the route (also drifting),21,0,1.4385,1,0
distance_sensors+imu+dual_camera_apriltag,camera_front|camera_rear|distance_sensors_3|imu,IMU + front camera + rear camera + 3 ToF sensors,3,4,144.5,144.5,heading|obstacle|pose,opponent_match,Opponent parks in the route (also drifting),22,0,5.3659,1,0
distance_sensors+imu+dual_camera_apriltag,camera_front|camera_rear|distance_sensors_3|imu,IMU + front camera + rear camera + 3 ToF sensors,3,4,144.5,144.5,heading|obstacle|pose,opponent_match,Opponent parks in the route (also drifting),23,0,1.9586,1,0
distance_sensors+imu+dual_camera_apriltag,camera_front|camera_rear|distance_sensors_3|imu,IMU + front camera + rear camera + 3 ToF sensors,3,4,144.5,144.5,heading|obstacle|pose,opponent_match,Opponent parks in the route (also drifting),24,0,0.0,1,0
distance_sensors+imu+dual_camera_apriltag,camera_front|camera_rear|distance_sensors_3|imu,IMU + front camera + rear camera + 3 ToF sensors,3,4,144.5,144.5,heading|obstacle|pose,combined_match,Everything at once (match-realistic mix),0,0,0.0,0,0
distance_sensors+imu+dual_camera_apriltag,camera_front|camera_rear|distance_sensors_3|imu,IMU + front camera + rear camera + 3 ToF sensors,3,4,144.5,144.5,heading|obstacle|pose,combined_match,Everything at once (match-realistic mix),1,0,2.4508,1,0
distance_sensors+imu+dual_camera_apriltag,camera_front|camera_rear|distance_sensors_3|imu,IMU + front camera + rear camera + 3 ToF sensors,3,4,144.5,144.5,heading|obstacle|pose,combined_match,Everything at once (match-realistic mix),2,0,1.915,1,0
distance_sensors+imu+dual_camera_apriltag,camera_front|camera_rear|distance_sensors_3|imu,IMU + front camera + rear camera + 3 ToF sensors,3,4,144.5,144.5,heading|obstacle|pose,combined_match,Everything at once (match-realistic mix),3,0,0.6691,1,0
distance_sensors+imu+dual_camera_apriltag,camera_front|camera_rear|distance_sensors_3|imu,IMU + front camera + rear camera + 3 ToF sensors,3,4,144.5,144.5,heading|obstacle|pose,combined_match,Everything at once (match-realistic mix),4,0,0.668,1,0
distance_sensors+imu+dual_camera_apriltag,camera_front|camera_rear|distance_sensors_3|imu,IMU + front camera + rear camera + 3 ToF sensors,3,4,144.5,144.5,heading|obstacle|pose,combined_match,Everything at once (match-realistic mix),5,0,1.132,1,0
distance_sensors+imu+dual_camera_apriltag,camera_front|camera_rear|distance_sensors_3|imu,IMU + front camera + rear camera + 3 ToF sensors,3,4,144.5,144.5,heading|obstacle|pose,combined_match,Everything at once (match-realistic mix),6,0,1.3523,1,0
distance_sensors+imu+dual_camera_apriltag,camera_front|camera_rear|distance_sensors_3|imu,IMU + front camera + rear camera + 3 ToF sensors,3,4,144.5,144.5,heading|obstacle|pose,combined_match,Everything at once (match-realistic mix),7,0,1.931,1,0
distance_sensors+imu+dual_camera_apriltag,camera_front|camera_rear|distance_sensors_3|imu,IMU + front camera + rear camera + 3 ToF sensors,3,4,144.5,144.5,heading|obstacle|pose,combined_match,Everything at once (match-realistic mix),8,0,1.4704,0,0
distance_sensors+imu+dual_camera_apriltag,camera_front|camera_rear|distance_sensors_3|imu,IMU + front camera + rear camera + 3 ToF sensors,3,4,144.5,144.5,heading|obstacle|pose,combined_match,Everything at once (match-realistic mix),9,0,8.2245,0,0
distance_sensors+imu+dual_camera_apriltag,camera_front|camera_rear|distance_sensors_3|imu,IMU + front camera + rear camera + 3 ToF sensors,3,4,144.5,144.5,heading|obstacle|pose,combined_match,Everything at once (match-realistic mix),10,0,1.8534,0,0
distance_sensors+imu+dual_camera_apriltag,camera_front|camera_rear|distance_sensors_3|imu,IMU + front camera + rear camera + 3 ToF sensors,3,4,144.5,144.5,heading|obstacle|pose,combined_match,Everything at once (match-realistic mix),11,0,0.6642,1,0
distance_sensors+imu+dual_camera_apriltag,camera_front|camera_rear|distance_sensors_3|imu,IMU + front camera + rear camera + 3 ToF sensors,3,4,144.5,144.5,heading|obstacle|pose,combined_match,Everything at once (match-realistic mix),12,0,2.3856,0,0
distance_sensors+imu+dual_camera_apriltag,camera_front|camera_rear|distance_sensors_3|imu,IMU + front camera + rear camera + 3 ToF sensors,3,4,144.5,144.5,heading|obstacle|pose,combined_match,Everything at once (match-realistic mix),13,0,1.7874,0,0
distance_sensors+imu+dual_camera_apriltag,camera_front|camera_rear|distance_sensors_3|imu,IMU + front camera + rear camera + 3 ToF sensors,3,4,144.5,144.5,heading|obstacle|pose,combined_match,Everything at once (match-realistic mix),14,0,0.0,1,0
distance_sensors+imu+dual_camera_apriltag,camera_front|camera_rear|distance_sensors_3|imu,IMU + front camera + rear camera + 3 ToF sensors,3,4,144.5,144.5,heading|obstacle|pose,combined_match,Everything at once (match-realistic mix),15,0,2.6531,0,0
distance_sensors+imu+dual_camera_apriltag,camera_front|camera_rear|distance_sensors_3|imu,IMU + front camera + rear camera + 3 ToF sensors,3,4,144.5,144.5,heading|obstacle|pose,combined_match,Everything at once (match-realistic mix),16,0,0.0,0,0
distance_sensors+imu+dual_camera_apriltag,camera_front|camera_rear|distance_sensors_3|imu,IMU + front camera + rear camera + 3 ToF sensors,3,4,144.5,144.5,heading|obstacle|pose,combined_match,Everything at once (match-realistic mix),17,0,0.525,1,0
distance_sensors+imu+dual_camera_apriltag,camera_front|camera_rear|distance_sensors_3|imu,IMU + front camera + rear camera + 3 ToF sensors,3,4,144.5,144.5,heading|obstacle|pose,combined_match,Everything at once (match-realistic mix),18,0,2.1879,1,0
distance_sensors+imu+dual_camera_apriltag,camera_front|camera_rear|distance_sensors_3|imu,IMU + front camera + rear camera + 3 ToF sensors,3,4,144.5,144.5,heading|obstacle|pose,combined_match,Everything at once (match-realistic mix),19,0,0.0,1,0
distance_sensors+imu+dual_camera_apriltag,camera_front|camera_rear|distance_sensors_3|imu,IMU + front camera + rear camera + 3 ToF sensors,3,4,144.5,144.5,heading|obstacle|pose,combined_match,Everything at once (match-realistic mix),20,0,0.0,1,0
distance_sensors+imu+dual_camera_apriltag,camera_front|camera_rear|distance_sensors_3|imu,IMU + front camera + rear camera + 3 ToF sensors,3,4,144.5,144.5,heading|obstacle|pose,combined_match,Everything at once (match-realistic mix),21,0,0.5396,0,0
distance_sensors+imu+dual_camera_apriltag,camera_front|camera_rear|distance_sensors_3|imu,IMU + front camera + rear camera + 3 ToF sensors,3,4,144.5,144.5,heading|obstacle|pose,combined_match,Everything at once (match-realistic mix),22,0,0.0,1,0
distance_sensors+imu+dual_camera_apriltag,camera_front|camera_rear|distance_sensors_3|imu,IMU + front camera + rear camera + 3 ToF sensors,3,4,144.5,144.5,heading|obstacle|pose,combined_match,Everything at once (match-realistic mix),23,0,1.9586,1,0
distance_sensors+imu+dual_camera_apriltag,camera_front|camera_rear|distance_sensors_3|imu,IMU + front camera + rear camera + 3 ToF sensors,3,4,144.5,144.5,heading|obstacle|pose,combined_match,Everything at once (match-realistic mix),24,0,2.9808,1,0
distance_sensors+imu+dual_camera_apriltag,camera_front|camera_rear|distance_sensors_3|imu,IMU + front camera + rear camera + 3 ToF sensors,3,4,144.5,144.5,heading|obstacle|pose,corridor,"Tight corridor, mixed deviation",0,0,1.0227,1,0
distance_sensors+imu+dual_camera_apriltag,camera_front|camera_rear|distance_sensors_3|imu,IMU + front camera + rear camera + 3 ToF sensors,3,4,144.5,144.5,heading|obstacle|pose,corridor,"Tight corridor, mixed deviation",1,0,5.0387,0,0
distance_sensors+imu+dual_camera_apriltag,camera_front|camera_rear|distance_sensors_3|imu,IMU + front camera + rear camera + 3 ToF sensors,3,4,144.5,144.5,heading|obstacle|pose,corridor,"Tight corridor, mixed deviation",2,0,0.0,1,0
distance_sensors+imu+dual_camera_apriltag,camera_front|camera_rear|distance_sensors_3|imu,IMU + front camera + rear camera + 3 ToF sensors,3,4,144.5,144.5,heading|obstacle|pose,corridor,"Tight corridor, mixed deviation",3,0,4.3096,0,0
distance_sensors+imu+dual_camera_apriltag,camera_front|camera_rear|distance_sensors_3|imu,IMU + front camera + rear camera + 3 ToF sensors,3,4,144.5,144.5,heading|obstacle|pose,corridor,"Tight corridor, mixed deviation",4,0,3.9141,0,0
distance_sensors+imu+dual_camera_apriltag,camera_front|camera_rear|distance_sensors_3|imu,IMU + front camera + rear camera + 3 ToF sensors,3,4,144.5,144.5,heading|obstacle|pose,corridor,"Tight corridor, mixed deviation",5,1,8.264,0,0
distance_sensors+imu+dual_camera_apriltag,camera_front|camera_rear|distance_sensors_3|imu,IMU + front camera + rear camera + 3 ToF sensors,3,4,144.5,144.5,heading|obstacle|pose,corridor,"Tight corridor, mixed deviation",6,0,8.5114,0,0
distance_sensors+imu+dual_camera_apriltag,camera_front|camera_rear|distance_sensors_3|imu,IMU + front camera + rear camera + 3 ToF sensors,3,4,144.5,144.5,heading|obstacle|pose,corridor,"Tight corridor, mixed deviation",7,0,4.0555,1,0
distance_sensors+imu+dual_camera_apriltag,camera_front|camera_rear|distance_sensors_3|imu,IMU + front camera + rear camera + 3 ToF sensors,3,4,144.5,144.5,heading|obstacle|pose,corridor,"Tight corridor, mixed deviation",8,1,7.7229,0,0
distance_sensors+imu+dual_camera_apriltag,camera_front|camera_rear|distance_sensors_3|imu,IMU + front camera + rear camera + 3 ToF sensors,3,4,144.5,144.5,heading|obstacle|pose,corridor,"Tight corridor, mixed deviation",9,0,6.9646,0,0
distance_sensors+imu+dual_camera_apriltag,camera_front|camera_rear|distance_sensors_3|imu,IMU + front camera + rear camera + 3 ToF sensors,3,4,144.5,144.5,heading|obstacle|pose,corridor,"Tight corridor, mixed deviation",10,0,5.7258,1,0
distance_sensors+imu+dual_camera_apriltag,camera_front|camera_rear|distance_sensors_3|imu,IMU + front camera + rear camera + 3 ToF sensors,3,4,144.5,144.5,heading|obstacle|pose,corridor,"Tight corridor, mixed deviation",11,1,6.8649,0,0
distance_sensors+imu+dual_camera_apriltag,camera_front|camera_rear|distance_sensors_3|imu,IMU + front camera + rear camera + 3 ToF sensors,3,4,144.5,144.5,heading|obstacle|pose,corridor,"Tight corridor, mixed deviation",12,0,3.7444,1,0
distance_sensors+imu+dual_camera_apriltag,camera_front|camera_rear|distance_sensors_3|imu,IMU + front camera + rear camera + 3 ToF sensors,3,4,144.5,144.5,heading|obstacle|pose,corridor,"Tight corridor, mixed deviation",13,0,4.207,1,0
distance_sensors+imu+dual_camera_apriltag,camera_front|camera_rear|distance_sensors_3|imu,IMU + front camera + rear camera + 3 ToF sensors,3,4,144.5,144.5,heading|obstacle|pose,corridor,"Tight corridor, mixed deviation",14,0,1.3523,0,0
distance_sensors+imu+dual_camera_apriltag,camera_front|camera_rear|distance_sensors_3|imu,IMU + front camera + rear camera + 3 ToF sensors,3,4,144.5,144.5,heading|obstacle|pose,corridor,"Tight corridor, mixed deviation",15,1,7.2643,0,0
distance_sensors+imu+dual_camera_apriltag,camera_front|camera_rear|distance_sensors_3|imu,IMU + front camera + rear camera + 3 ToF sensors,3,4,144.5,144.5,heading|obstacle|pose,corridor,"Tight corridor, mixed deviation",16,0,2.4126,1,0
distance_sensors+imu+dual_camera_apriltag,camera_front|camera_rear|distance_sensors_3|imu,IMU + front camera + rear camera + 3 ToF sensors,3,4,144.5,144.5,heading|obstacle|pose,corridor,"Tight corridor, mixed deviation",17,0,3.6108,0,0
distance_sensors+imu+dual_camera_apriltag,camera_front|camera_rear|distance_sensors_3|imu,IMU + front camera + rear camera + 3 ToF sensors,3,4,144.5,144.5,heading|obstacle|pose,corridor,"Tight corridor, mixed deviation",18,0,3.4936,1,0
distance_sensors+imu+dual_camera_apriltag,camera_front|camera_rear|distance_sensors_3|imu,IMU + front camera + rear camera + 3 ToF sensors,3,4,144.5,144.5,heading|obstacle|pose,corridor,"Tight corridor, mixed deviation",19,0,2.2361,0,0
distance_sensors+imu+dual_camera_apriltag,camera_front|camera_rear|distance_sensors_3|imu,IMU + front camera + rear camera + 3 ToF sensors,3,4,144.5,144.5,heading|obstacle|pose,corridor,"Tight corridor, mixed deviation",20,0,8.4213,0,0
distance_sensors+imu+dual_camera_apriltag,camera_front|camera_rear|distance_sensors_3|imu,IMU + front camera + rear camera + 3 ToF sensors,3,4,144.5,144.5,heading|obstacle|pose,corridor,"Tight corridor, mixed deviation",21,0,4.9558,0,0
distance_sensors+imu+dual_camera_apriltag,camera_front|camera_rear|distance_sensors_3|imu,IMU + front camera + rear camera + 3 ToF sensors,3,4,144.5,144.5,heading|obstacle|pose,corridor,"Tight corridor, mixed deviation",22,0,3.3917,0,0
distance_sensors+imu+dual_camera_apriltag,camera_front|camera_rear|distance_sensors_3|imu,IMU + front camera + rear camera + 3 ToF sensors,3,4,144.5,144.5,heading|obstacle|pose,corridor,"Tight corridor, mixed deviation",23,0,0.0,0,0
distance_sensors+imu+dual_camera_apriltag,camera_front|camera_rear|distance_sensors_3|imu,IMU + front camera + rear camera + 3 ToF sensors,3,4,144.5,144.5,heading|obstacle|pose,corridor,"Tight corridor, mixed deviation",24,0,0.0,0,0
