resolution_multiplier,grid_size,layout,suite,trial,seed,call_index,is_first_plan,latency_s,match_success,match_over_budget,match_elapsed_s,match_replans,match_planning_time_s,match_num_calls,counterfactual_elapsed_s,counterfactual_over_budget,outcome_flipped
1,24,sparse,dead_reckoning,0,45000000,0,1,4.2e-05,0,0,2.0401,0,4.3e-05,1,2.0401,0,0
1,24,sparse,dead_reckoning,1,45000001,0,1,4.4e-05,0,0,1.8534,0,4.5e-05,1,1.8534,0,0
1,24,sparse,dead_reckoning,2,45000002,0,1,0.000372,0,0,4.7067,0,0.000373,1,4.7071,0,0
1,24,sparse,dead_reckoning,3,45000003,0,1,0.000111,0,0,3.9681,0,0.000112,1,3.9682,0,0
1,24,sparse,dead_reckoning,4,45000004,0,1,0.001023,0,0,8.2066,0,0.001025,1,8.2076,0,0
1,24,sparse,dead_reckoning,5,45000005,0,1,0.000147,0,0,5.8226,0,0.000148,1,5.8227,0,0
1,24,sparse,dead_reckoning,6,45000006,0,1,0.000563,0,0,7.341,0,0.000564,1,7.3416,0,0
1,24,sparse,dead_reckoning,7,45000007,0,1,0.000204,0,0,6.229,0,0.000206,1,6.2292,0,0
1,24,sparse,dead_reckoning,8,45000008,0,1,0.000321,0,0,0.6581,0,0.000322,1,0.6584,0,0
1,24,sparse,dead_reckoning,9,45000009,0,1,0.000156,0,0,4.9871,0,0.000157,1,4.9873,0,0
1,24,sparse,dead_reckoning,10,45000010,0,1,0.000572,0,0,8.5342,0,0.000573,1,8.5348,0,0
1,24,sparse,dead_reckoning,11,45000011,0,1,0.001619,0,0,13.2912,0,0.001621,1,13.2928,0,0
1,24,sparse,odometry_pods,0,45001000,0,1,0.000468,0,0,7.6896,0,0.000469,1,7.6901,0,0
1,24,sparse,odometry_pods,1,45001001,0,1,0.000138,0,0,6.9689,0,0.000139,1,6.969,0,0
1,24,sparse,odometry_pods,2,45001002,0,1,0.00056,0,0,10.7144,0,0.000561,1,10.715,0,0
1,24,sparse,odometry_pods,3,45001003,0,1,0.000228,0,0,1.8172,0,0.000228,1,1.8174,0,0
1,24,sparse,odometry_pods,4,45001004,0,1,0.000892,1,0,10.9082,0,0.000894,1,10.9091,0,0
1,24,sparse,odometry_pods,5,45001005,0,1,0.000347,0,0,7.8308,0,0.000348,1,7.8311,0,0
1,24,sparse,odometry_pods,6,45001006,0,1,0.000192,1,0,6.8414,0,0.000193,1,6.8416,0,0
1,24,sparse,odometry_pods,7,45001007,0,1,0.000405,0,0,6.1342,0,0.000405,1,6.1346,0,0
1,24,sparse,odometry_pods,8,45001008,0,1,0.000203,0,0,7.6977,0,0.000204,1,7.6979,0,0
1,24,sparse,odometry_pods,9,45001009,0,1,0.000253,0,0,3.9267,0,0.000254,1,3.927,0,0
1,24,sparse,odometry_pods,10,45001010,0,1,0.001456,0,0,9.1902,0,0.001458,1,9.1917,0,0
1,24,sparse,odometry_pods,11,45001011,0,1,0.00025,0,0,3.578,0,0.00025,1,3.5782,0,0
1,24,sparse,distance_sensors,0,45002000,0,1,0.000147,0,0,3.7027,0,0.000148,1,3.7028,0,0
1,24,sparse,distance_sensors,1,45002001,0,1,0.000666,0,0,4.6438,1,0.001287,2,4.5951,0,0
1,24,sparse,distance_sensors,1,45002001,1,0,0.000617,0,0,4.6438,1,0.001287,2,4.5951,0,0
1,24,sparse,distance_sensors,2,45002002,0,1,0.000422,1,0,7.7728,0,0.000423,1,7.7732,0,0
1,24,sparse,distance_sensors,3,45002003,0,1,0.000249,0,0,6.2649,0,0.00025,1,6.2651,0,0
1,24,sparse,distance_sensors,4,45002004,0,1,0.000215,0,0,6.0602,0,0.000217,1,6.0604,0,0
1,24,sparse,distance_sensors,5,45002005,0,1,0.000743,0,0,7.6155,1,0.000895,2,7.5664,0,0
1,24,sparse,distance_sensors,5,45002005,1,0,0.000148,0,0,7.6155,1,0.000895,2,7.5664,0,0
1,24,sparse,distance_sensors,6,45002006,0,1,0.000125,0,0,1.9315,1,0.000239,2,1.8817,0,0
1,24,sparse,distance_sensors,6,45002006,1,0,0.000112,0,0,1.9315,1,0.000239,2,1.8817,0,0
1,24,sparse,distance_sensors,7,45002007,0,1,0.000171,0,0,5.3593,0,0.000171,1,5.3595,0,0
1,24,sparse,distance_sensors,8,45002008,0,1,0.000986,0,0,11.349,0,0.000988,1,11.35,0,0
1,24,sparse,distance_sensors,9,45002009,0,1,0.000113,0,0,0.0,0,0.000114,1,0.0001,0,0
1,24,sparse,distance_sensors,10,45002010,0,1,0.000888,0,0,11.9689,0,0.00089,1,11.9698,0,0
1,24,sparse,distance_sensors,11,45002011,0,1,0.000843,0,0,3.335,0,0.000846,1,3.3358,0,0
1,24,sparse,apriltag,0,45003000,0,1,0.000127,1,0,4.6398,6,0.000417,7,4.3402,0,0
1,24,sparse,apriltag,0,45003000,1,0,0.000106,1,0,4.6398,6,0.000417,7,4.3402,0,0
1,24,sparse,apriltag,0,45003000,2,0,6.2e-05,1,0,4.6398,6,0.000417,7,4.3402,0,0
1,24,sparse,apriltag,0,45003000,3,0,4.5e-05,1,0,4.6398,6,0.000417,7,4.3402,0,0
1,24,sparse,apriltag,0,45003000,4,0,3.4e-05,1,0,4.6398,6,0.000417,7,4.3402,0,0
1,24,sparse,apriltag,0,45003000,5,0,2.4e-05,1,0,4.6398,6,0.000417,7,4.3402,0,0
1,24,sparse,apriltag,0,45003000,6,0,1.4e-05,1,0,4.6398,6,0.000417,7,4.3402,0,0
1,24,sparse,apriltag,1,45003001,0,1,0.001794,1,0,10.9368,14,0.015148,15,10.2519,0,0
1,24,sparse,apriltag,1,45003001,1,0,0.001663,1,0,10.9368,14,0.015148,15,10.2519,0,0
1,24,sparse,apriltag,1,45003001,2,0,0.00153,1,0,10.9368,14,0.015148,15,10.2519,0,0
1,24,sparse,apriltag,1,45003001,3,0,0.001483,1,0,10.9368,14,0.015148,15,10.2519,0,0
1,24,sparse,apriltag,1,45003001,4,0,0.001429,1,0,10.9368,14,0.015148,15,10.2519,0,0
1,24,sparse,apriltag,1,45003001,5,0,0.00135,1,0,10.9368,14,0.015148,15,10.2519,0,0
1,24,sparse,apriltag,1,45003001,6,0,0.001177,1,0,10.9368,14,0.015148,15,10.2519,0,0
1,24,sparse,apriltag,1,45003001,7,0,0.000934,1,0,10.9368,14,0.015148,15,10.2519,0,0
1,24,sparse,apriltag,1,45003001,8,0,0.000858,1,0,10.9368,14,0.015148,15,10.2519,0,0
1,24,sparse,apriltag,1,45003001,9,0,0.000676,1,0,10.9368,14,0.015148,15,10.2519,0,0
1,24,sparse,apriltag,1,45003001,10,0,0.000647,1,0,10.9368,14,0.015148,15,10.2519,0,0
1,24,sparse,apriltag,1,45003001,11,0,0.000525,1,0,10.9368,14,0.015148,15,10.2519,0,0
1,24,sparse,apriltag,1,45003001,12,0,0.000433,1,0,10.9368,14,0.015148,15,10.2519,0,0
1,24,sparse,apriltag,1,45003001,13,0,0.000382,1,0,10.9368,14,0.015148,15,10.2519,0,0
1,24,sparse,apriltag,1,45003001,14,0,0.000233,1,0,10.9368,14,0.015148,15,10.2519,0,0
1,24,sparse,apriltag,2,45003002,0,1,0.001133,0,0,1.251,0,0.001135,1,1.2521,0,0
1,24,sparse,apriltag,3,45003003,0,1,0.000235,1,0,7.0257,5,0.000649,6,6.7763,0,0
1,24,sparse,apriltag,3,45003003,1,0,0.000205,1,0,7.0257,5,0.000649,6,6.7763,0,0
1,24,sparse,apriltag,3,45003003,2,0,0.000105,1,0,7.0257,5,0.000649,6,6.7763,0,0
1,24,sparse,apriltag,3,45003003,3,0,5.6e-05,1,0,7.0257,5,0.000649,6,6.7763,0,0
1,24,sparse,apriltag,3,45003003,4,0,3.1e-05,1,0,7.0257,5,0.000649,6,6.7763,0,0
1,24,sparse,apriltag,3,45003003,5,0,1.4e-05,1,0,7.0257,5,0.000649,6,6.7763,0,0
1,24,sparse,apriltag,4,45003004,0,1,4.1e-05,0,0,1.8655,0,4.2e-05,1,1.8655,0,0
1,24,sparse,apriltag,5,45003005,0,1,0.001065,0,0,12.5541,15,0.005927,16,11.81,0,0
1,24,sparse,apriltag,5,45003005,1,0,0.000901,0,0,12.5541,15,0.005927,16,11.81,0,0
1,24,sparse,apriltag,5,45003005,2,0,0.000833,0,0,12.5541,15,0.005927,16,11.81,0,0
1,24,sparse,apriltag,5,45003005,3,0,0.000678,0,0,12.5541,15,0.005927,16,11.81,0,0
1,24,sparse,apriltag,5,45003005,4,0,0.00058,0,0,12.5541,15,0.005927,16,11.81,0,0
1,24,sparse,apriltag,5,45003005,5,0,0.000424,0,0,12.5541,15,0.005927,16,11.81,0,0
1,24,sparse,apriltag,5,45003005,6,0,0.000323,0,0,12.5541,15,0.005927,16,11.81,0,0
1,24,sparse,apriltag,5,45003005,7,0,0.000232,0,0,12.5541,15,0.005927,16,11.81,0,0
1,24,sparse,apriltag,5,45003005,8,0,0.000192,0,0,12.5541,15,0.005927,16,11.81,0,0
1,24,sparse,apriltag,5,45003005,9,0,0.000171,0,0,12.5541,15,0.005927,16,11.81,0,0
1,24,sparse,apriltag,5,45003005,10,0,0.000146,0,0,12.5541,15,0.005927,16,11.81,0,0
1,24,sparse,apriltag,5,45003005,11,0,0.000119,0,0,12.5541,15,0.005927,16,11.81,0,0
1,24,sparse,apriltag,5,45003005,12,0,8.6e-05,0,0,12.5541,15,0.005927,16,11.81,0,0
1,24,sparse,apriltag,5,45003005,13,0,6e-05,0,0,12.5541,15,0.005927,16,11.81,0,0
1,24,sparse,apriltag,5,45003005,14,0,5.2e-05,0,0,12.5541,15,0.005927,16,11.81,0,0
1,24,sparse,apriltag,5,45003005,15,0,5.1e-05,0,0,12.5541,15,0.005927,16,11.81,0,0
1,24,sparse,apriltag,6,45003006,0,1,0.000219,1,0,5.4684,9,0.00144,10,5.0198,0,0
1,24,sparse,apriltag,6,45003006,1,0,0.000233,1,0,5.4684,9,0.00144,10,5.0198,0,0
1,24,sparse,apriltag,6,45003006,2,0,0.00023,1,0,5.4684,9,0.00144,10,5.0198,0,0
1,24,sparse,apriltag,6,45003006,3,0,0.0002,1,0,5.4684,9,0.00144,10,5.0198,0,0
1,24,sparse,apriltag,6,45003006,4,0,0.000188,1,0,5.4684,9,0.00144,10,5.0198,0,0
1,24,sparse,apriltag,6,45003006,5,0,0.000135,1,0,5.4684,9,0.00144,10,5.0198,0,0
1,24,sparse,apriltag,6,45003006,6,0,0.000104,1,0,5.4684,9,0.00144,10,5.0198,0,0
1,24,sparse,apriltag,6,45003006,7,0,7.3e-05,1,0,5.4684,9,0.00144,10,5.0198,0,0
1,24,sparse,apriltag,6,45003006,8,0,3.9e-05,1,0,5.4684,9,0.00144,10,5.0198,0,0
1,24,sparse,apriltag,6,45003006,9,0,1.3e-05,1,0,5.4684,9,0.00144,10,5.0198,0,0
1,24,sparse,apriltag,7,45003007,0,1,6.6e-05,0,0,2.8967,3,0.000127,4,2.7468,0,0
1,24,sparse,apriltag,7,45003007,1,0,3.4e-05,0,0,2.8967,3,0.000127,4,2.7468,0,0
1,24,sparse,apriltag,7,45003007,2,0,2.4e-05,0,0,2.8967,3,0.000127,4,2.7468,0,0
1,24,sparse,apriltag,7,45003007,3,0,2e-06,0,0,2.8967,3,0.000127,4,2.7468,0,0
1,24,sparse,apriltag,8,45003008,0,1,0.000144,0,0,4.9118,6,0.000676,7,4.6125,0,0
1,24,sparse,apriltag,8,45003008,1,0,0.000111,0,0,4.9118,6,0.000676,7,4.6125,0,0
1,24,sparse,apriltag,8,45003008,2,0,0.000102,0,0,4.9118,6,0.000676,7,4.6125,0,0
1,24,sparse,apriltag,8,45003008,3,0,9.3e-05,0,0,4.9118,6,0.000676,7,4.6125,0,0
1,24,sparse,apriltag,8,45003008,4,0,8.3e-05,0,0,4.9118,6,0.000676,7,4.6125,0,0
1,24,sparse,apriltag,8,45003008,5,0,7.4e-05,0,0,4.9118,6,0.000676,7,4.6125,0,0
1,24,sparse,apriltag,8,45003008,6,0,6.6e-05,0,0,4.9118,6,0.000676,7,4.6125,0,0
1,24,sparse,apriltag,9,45003009,0,1,0.001313,1,0,10.0578,12,0.00856,13,9.4663,0,0
1,24,sparse,apriltag,9,45003009,1,0,0.001153,1,0,10.0578,12,0.00856,13,9.4663,0,0
1,24,sparse,apriltag,9,45003009,2,0,0.001128,1,0,10.0578,12,0.00856,13,9.4663,0,0
1,24,sparse,apriltag,9,45003009,3,0,0.001026,1,0,10.0578,12,0.00856,13,9.4663,0,0
1,24,sparse,apriltag,9,45003009,4,0,0.000915,1,0,10.0578,12,0.00856,13,9.4663,0,0
1,24,sparse,apriltag,9,45003009,5,0,0.000773,1,0,10.0578,12,0.00856,13,9.4663,0,0
1,24,sparse,apriltag,9,45003009,6,0,0.000646,1,0,10.0578,12,0.00856,13,9.4663,0,0
1,24,sparse,apriltag,9,45003009,7,0,0.000492,1,0,10.0578,12,0.00856,13,9.4663,0,0
1,24,sparse,apriltag,9,45003009,8,0,0.000378,1,0,10.0578,12,0.00856,13,9.4663,0,0
1,24,sparse,apriltag,9,45003009,9,0,0.000291,1,0,10.0578,12,0.00856,13,9.4663,0,0
1,24,sparse,apriltag,9,45003009,10,0,0.00019,1,0,10.0578,12,0.00856,13,9.4663,0,0
1,24,sparse,apriltag,9,45003009,11,0,0.000204,1,0,10.0578,12,0.00856,13,9.4663,0,0
1,24,sparse,apriltag,9,45003009,12,0,3.2e-05,1,0,10.0578,12,0.00856,13,9.4663,0,0
1,24,sparse,apriltag,10,45003010,0,1,0.000395,1,0,7.1982,11,0.001283,12,6.6495,0,0
1,24,sparse,apriltag,10,45003010,1,0,0.000221,1,0,7.1982,11,0.001283,12,6.6495,0,0
1,24,sparse,apriltag,10,45003010,2,0,0.000153,1,0,7.1982,11,0.001283,12,6.6495,0,0
1,24,sparse,apriltag,10,45003010,3,0,0.000127,1,0,7.1982,11,0.001283,12,6.6495,0,0
1,24,sparse,apriltag,10,45003010,4,0,9.4e-05,1,0,7.1982,11,0.001283,12,6.6495,0,0
1,24,sparse,apriltag,10,45003010,5,0,6.9e-05,1,0,7.1982,11,0.001283,12,6.6495,0,0
1,24,sparse,apriltag,10,45003010,6,0,6e-05,1,0,7.1982,11,0.001283,12,6.6495,0,0
1,24,sparse,apriltag,10,45003010,7,0,5.1e-05,1,0,7.1982,11,0.001283,12,6.6495,0,0
1,24,sparse,apriltag,10,45003010,8,0,4e-05,1,0,7.1982,11,0.001283,12,6.6495,0,0
1,24,sparse,apriltag,10,45003010,9,0,3.1e-05,1,0,7.1982,11,0.001283,12,6.6495,0,0
1,24,sparse,apriltag,10,45003010,10,0,2.2e-05,1,0,7.1982,11,0.001283,12,6.6495,0,0
1,24,sparse,apriltag,10,45003010,11,0,1.3e-05,1,0,7.1982,11,0.001283,12,6.6495,0,0
1,24,sparse,apriltag,11,45003011,0,1,0.000188,0,0,3.102,2,0.000414,3,3.0024,0,0
1,24,sparse,apriltag,11,45003011,1,0,0.000125,0,0,3.102,2,0.000414,3,3.0024,0,0
1,24,sparse,apriltag,11,45003011,2,0,0.0001,0,0,3.102,2,0.000414,3,3.0024,0,0
1,24,sparse,full_suite,0,45004000,0,1,7.4e-05,1,0,3.6456,5,0.000283,6,3.3959,0,0
1,24,sparse,full_suite,0,45004000,1,0,7.1e-05,1,0,3.6456,5,0.000283,6,3.3959,0,0
1,24,sparse,full_suite,0,45004000,2,0,5.2e-05,1,0,3.6456,5,0.000283,6,3.3959,0,0
1,24,sparse,full_suite,0,45004000,3,0,3.9e-05,1,0,3.6456,5,0.000283,6,3.3959,0,0
1,24,sparse,full_suite,0,45004000,4,0,2.7e-05,1,0,3.6456,5,0.000283,6,3.3959,0,0
1,24,sparse,full_suite,0,45004000,5,0,1.6e-05,1,0,3.6456,5,0.000283,6,3.3959,0,0
1,24,sparse,full_suite,1,45004001,0,1,0.000408,1,0,8.17,14,0.00313,15,7.4731,0,0
1,24,sparse,full_suite,1,45004001,1,0,0.000358,1,0,8.17,14,0.00313,15,7.4731,0,0
1,24,sparse,full_suite,1,45004001,2,0,0.00044,1,0,8.17,14,0.00313,15,7.4731,0,0
1,24,sparse,full_suite,1,45004001,3,0,0.000389,1,0,8.17,14,0.00313,15,7.4731,0,0
1,24,sparse,full_suite,1,45004001,4,0,0.000342,1,0,8.17,14,0.00313,15,7.4731,0,0
1,24,sparse,full_suite,1,45004001,5,0,0.000293,1,0,8.17,14,0.00313,15,7.4731,0,0
1,24,sparse,full_suite,1,45004001,6,0,0.000244,1,0,8.17,14,0.00313,15,7.4731,0,0
1,24,sparse,full_suite,1,45004001,7,0,0.000199,1,0,8.17,14,0.00313,15,7.4731,0,0
1,24,sparse,full_suite,1,45004001,8,0,0.000152,1,0,8.17,14,0.00313,15,7.4731,0,0
1,24,sparse,full_suite,1,45004001,9,0,0.000106,1,0,8.17,14,0.00313,15,7.4731,0,0
1,24,sparse,full_suite,1,45004001,10,0,5.9e-05,1,0,8.17,14,0.00313,15,7.4731,0,0
1,24,sparse,full_suite,1,45004001,11,0,4.9e-05,1,0,8.17,14,0.00313,15,7.4731,0,0
1,24,sparse,full_suite,1,45004001,12,0,3.8e-05,1,0,8.17,14,0.00313,15,7.4731,0,0
1,24,sparse,full_suite,1,45004001,13,0,2.7e-05,1,0,8.17,14,0.00313,15,7.4731,0,0
1,24,sparse,full_suite,1,45004001,14,0,1.5e-05,1,0,8.17,14,0.00313,15,7.4731,0,0
1,24,sparse,full_suite,2,45004002,0,1,0.000106,1,0,4.257,4,0.000389,5,4.0574,0,0
1,24,sparse,full_suite,2,45004002,1,0,8.8e-05,1,0,4.257,4,0.000389,5,4.0574,0,0
1,24,sparse,full_suite,2,45004002,2,0,7.2e-05,1,0,4.257,4,0.000389,5,4.0574,0,0
1,24,sparse,full_suite,2,45004002,3,0,6.4e-05,1,0,4.257,4,0.000389,5,4.0574,0,0
1,24,sparse,full_suite,2,45004002,4,0,5.6e-05,1,0,4.257,4,0.000389,5,4.0574,0,0
1,24,sparse,full_suite,3,45004003,0,1,8.9e-05,1,0,4.0924,1,0.000104,2,4.0425,0,0
1,24,sparse,full_suite,3,45004003,1,0,1.3e-05,1,0,4.0924,1,0.000104,2,4.0425,0,0
1,24,sparse,full_suite,4,45004004,0,1,0.000482,1,0,8.0692,14,0.002995,15,7.3722,0,0
1,24,sparse,full_suite,4,45004004,1,0,0.000441,1,0,8.0692,14,0.002995,15,7.3722,0,0
1,24,sparse,full_suite,4,45004004,2,0,0.000371,1,0,8.0692,14,0.002995,15,7.3722,0,0
1,24,sparse,full_suite,4,45004004,3,0,0.00032,1,0,8.0692,14,0.002995,15,7.3722,0,0
1,24,sparse,full_suite,4,45004004,4,0,0.000287,1,0,8.0692,14,0.002995,15,7.3722,0,0
1,24,sparse,full_suite,4,45004004,5,0,0.000255,1,0,8.0692,14,0.002995,15,7.3722,0,0
1,24,sparse,full_suite,4,45004004,6,0,0.000213,1,0,8.0692,14,0.002995,15,7.3722,0,0
1,24,sparse,full_suite,4,45004004,7,0,0.000176,1,0,8.0692,14,0.002995,15,7.3722,0,0
1,24,sparse,full_suite,4,45004004,8,0,0.000137,1,0,8.0692,14,0.002995,15,7.3722,0,0
1,24,sparse,full_suite,4,45004004,9,0,0.000107,1,0,8.0692,14,0.002995,15,7.3722,0,0
1,24,sparse,full_suite,4,45004004,10,0,6.5e-05,1,0,8.0692,14,0.002995,15,7.3722,0,0
1,24,sparse,full_suite,4,45004004,11,0,5e-05,1,0,8.0692,14,0.002995,15,7.3722,0,0
1,24,sparse,full_suite,4,45004004,12,0,3.7e-05,1,0,8.0692,14,0.002995,15,7.3722,0,0
1,24,sparse,full_suite,4,45004004,13,0,2.7e-05,1,0,8.0692,14,0.002995,15,7.3722,0,0
1,24,sparse,full_suite,4,45004004,14,0,1.5e-05,1,0,8.0692,14,0.002995,15,7.3722,0,0
1,24,sparse,full_suite,5,45004005,0,1,0.000395,1,0,10.726,18,0.003825,19,9.8298,0,0
1,24,sparse,full_suite,5,45004005,1,0,0.000307,1,0,10.726,18,0.003825,19,9.8298,0,0
1,24,sparse,full_suite,5,45004005,2,0,0.000383,1,0,10.726,18,0.003825,19,9.8298,0,0
1,24,sparse,full_suite,5,45004005,3,0,0.000375,1,0,10.726,18,0.003825,19,9.8298,0,0
1,24,sparse,full_suite,5,45004005,4,0,0.000403,1,0,10.726,18,0.003825,19,9.8298,0,0
1,24,sparse,full_suite,5,45004005,5,0,0.000331,1,0,10.726,18,0.003825,19,9.8298,0,0
1,24,sparse,full_suite,5,45004005,6,0,0.000282,1,0,10.726,18,0.003825,19,9.8298,0,0
1,24,sparse,full_suite,5,45004005,7,0,0.000261,1,0,10.726,18,0.003825,19,9.8298,0,0
1,24,sparse,full_suite,5,45004005,8,0,0.000218,1,0,10.726,18,0.003825,19,9.8298,0,0
1,24,sparse,full_suite,5,45004005,9,0,0.000184,1,0,10.726,18,0.003825,19,9.8298,0,0
1,24,sparse,full_suite,5,45004005,10,0,0.00014,1,0,10.726,18,0.003825,19,9.8298,0,0
1,24,sparse,full_suite,5,45004005,11,0,0.000121,1,0,10.726,18,0.003825,19,9.8298,0,0
1,24,sparse,full_suite,5,45004005,12,0,0.000104,1,0,10.726,18,0.003825,19,9.8298,0,0
1,24,sparse,full_suite,5,45004005,13,0,9e-05,1,0,10.726,18,0.003825,19,9.8298,0,0
1,24,sparse,full_suite,5,45004005,14,0,7.3e-05,1,0,10.726,18,0.003825,19,9.8298,0,0
1,24,sparse,full_suite,5,45004005,15,0,5.7e-05,1,0,10.726,18,0.003825,19,9.8298,0,0
1,24,sparse,full_suite,5,45004005,16,0,3.5e-05,1,0,10.726,18,0.003825,19,9.8298,0,0
1,24,sparse,full_suite,5,45004005,17,0,3.5e-05,1,0,10.726,18,0.003825,19,9.8298,0,0
1,24,sparse,full_suite,5,45004005,18,0,1.5e-05,1,0,10.726,18,0.003825,19,9.8298,0,0
1,24,sparse,full_suite,6,45004006,0,1,5.8e-05,1,0,1.9531,3,0.000137,4,1.8032,0,0
1,24,sparse,full_suite,6,45004006,1,0,3.6e-05,1,0,1.9531,3,0.000137,4,1.8032,0,0
1,24,sparse,full_suite,6,45004006,2,0,2.5e-05,1,0,1.9531,3,0.000137,4,1.8032,0,0
1,24,sparse,full_suite,6,45004006,3,0,1.5e-05,1,0,1.9531,3,0.000137,4,1.8032,0,0
1,24,sparse,full_suite,7,45004007,0,1,0.000824,1,0,11.8005,12,0.00537,13,11.2059,0,0
1,24,sparse,full_suite,7,45004007,1,0,0.000611,1,0,11.8005,12,0.00537,13,11.2059,0,0
1,24,sparse,full_suite,7,45004007,2,0,0.000483,1,0,11.8005,12,0.00537,13,11.2059,0,0
1,24,sparse,full_suite,7,45004007,3,0,0.000514,1,0,11.8005,12,0.00537,13,11.2059,0,0
1,24,sparse,full_suite,7,45004007,4,0,0.000455,1,0,11.8005,12,0.00537,13,11.2059,0,0
1,24,sparse,full_suite,7,45004007,5,0,0.00044,1,0,11.8005,12,0.00537,13,11.2059,0,0
1,24,sparse,full_suite,7,45004007,6,0,0.000422,1,0,11.8005,12,0.00537,13,11.2059,0,0
1,24,sparse,full_suite,7,45004007,7,0,0.000371,1,0,11.8005,12,0.00537,13,11.2059,0,0
1,24,sparse,full_suite,7,45004007,8,0,0.000339,1,0,11.8005,12,0.00537,13,11.2059,0,0
1,24,sparse,full_suite,7,45004007,9,0,0.000308,1,0,11.8005,12,0.00537,13,11.2059,0,0
1,24,sparse,full_suite,7,45004007,10,0,0.000239,1,0,11.8005,12,0.00537,13,11.2059,0,0
1,24,sparse,full_suite,7,45004007,11,0,0.000205,1,0,11.8005,12,0.00537,13,11.2059,0,0
1,24,sparse,full_suite,7,45004007,12,0,0.000144,1,0,11.8005,12,0.00537,13,11.2059,0,0
1,24,sparse,full_suite,8,45004008,0,1,0.004319,0,0,0.0,0,0.004331,1,0.0043,0,0
1,24,sparse,full_suite,9,45004009,0,1,0.000855,1,0,11.0528,15,0.004217,16,10.307,0,0
1,24,sparse,full_suite,9,45004009,1,0,0.000588,1,0,11.0528,15,0.004217,16,10.307,0,0
1,24,sparse,full_suite,9,45004009,2,0,0.000469,1,0,11.0528,15,0.004217,16,10.307,0,0
1,24,sparse,full_suite,9,45004009,3,0,0.000443,1,0,11.0528,15,0.004217,16,10.307,0,0
1,24,sparse,full_suite,9,45004009,4,0,0.000412,1,0,11.0528,15,0.004217,16,10.307,0,0
1,24,sparse,full_suite,9,45004009,5,0,0.000333,1,0,11.0528,15,0.004217,16,10.307,0,0
1,24,sparse,full_suite,9,45004009,6,0,0.000272,1,0,11.0528,15,0.004217,16,10.307,0,0
1,24,sparse,full_suite,9,45004009,7,0,0.000219,1,0,11.0528,15,0.004217,16,10.307,0,0
1,24,sparse,full_suite,9,45004009,8,0,0.000162,1,0,11.0528,15,0.004217,16,10.307,0,0
1,24,sparse,full_suite,9,45004009,9,0,0.000137,1,0,11.0528,15,0.004217,16,10.307,0,0
1,24,sparse,full_suite,9,45004009,10,0,8.2e-05,1,0,11.0528,15,0.004217,16,10.307,0,0
1,24,sparse,full_suite,9,45004009,11,0,6.7e-05,1,0,11.0528,15,0.004217,16,10.307,0,0
1,24,sparse,full_suite,9,45004009,12,0,7.7e-05,1,0,11.0528,15,0.004217,16,10.307,0,0
1,24,sparse,full_suite,9,45004009,13,0,3.3e-05,1,0,11.0528,15,0.004217,16,10.307,0,0
1,24,sparse,full_suite,9,45004009,14,0,3.4e-05,1,0,11.0528,15,0.004217,16,10.307,0,0
1,24,sparse,full_suite,9,45004009,15,0,1.5e-05,1,0,11.0528,15,0.004217,16,10.307,0,0
1,24,sparse,full_suite,10,45004010,0,1,0.000342,0,0,1.7531,1,0.000627,2,1.7037,0,0
1,24,sparse,full_suite,10,45004010,1,0,0.000282,0,0,1.7531,1,0.000627,2,1.7037,0,0
1,24,sparse,full_suite,11,45004011,0,1,0.000262,1,0,6.8109,10,0.000993,11,6.3119,0,0
1,24,sparse,full_suite,11,45004011,1,0,0.000186,1,0,6.8109,10,0.000993,11,6.3119,0,0
1,24,sparse,full_suite,11,45004011,2,0,0.000152,1,0,6.8109,10,0.000993,11,6.3119,0,0
1,24,sparse,full_suite,11,45004011,3,0,8.1e-05,1,0,6.8109,10,0.000993,11,6.3119,0,0
1,24,sparse,full_suite,11,45004011,4,0,7e-05,1,0,6.8109,10,0.000993,11,6.3119,0,0
1,24,sparse,full_suite,11,45004011,5,0,6.1e-05,1,0,6.8109,10,0.000993,11,6.3119,0,0
1,24,sparse,full_suite,11,45004011,6,0,5.4e-05,1,0,6.8109,10,0.000993,11,6.3119,0,0
1,24,sparse,full_suite,11,45004011,7,0,4.5e-05,1,0,6.8109,10,0.000993,11,6.3119,0,0
1,24,sparse,full_suite,11,45004011,8,0,3.4e-05,1,0,6.8109,10,0.000993,11,6.3119,0,0
1,24,sparse,full_suite,11,45004011,9,0,2.5e-05,1,0,6.8109,10,0.000993,11,6.3119,0,0
1,24,sparse,full_suite,11,45004011,10,0,1.5e-05,1,0,6.8109,10,0.000993,11,6.3119,0,0
1,24,cluttered,dead_reckoning,0,45100000,0,1,0.001348,0,0,8.8371,0,0.001352,1,8.8384,0,0
1,24,cluttered,dead_reckoning,1,45100001,0,1,0.001031,0,0,0.0,0,0.001034,1,0.001,0,0
1,24,cluttered,dead_reckoning,2,45100002,0,1,0.002258,0,0,0.5837,0,0.002265,1,0.586,0,0
1,24,cluttered,dead_reckoning,3,45100003,0,1,0.00134,0,0,12.3282,0,0.001342,1,12.3295,0,0
1,24,cluttered,dead_reckoning,4,45100004,0,1,0.001319,0,0,1.132,0,0.001321,1,1.1333,0,0
1,24,cluttered,dead_reckoning,5,45100005,0,1,4.1e-05,0,0,0.6541,0,4.1e-05,1,0.6541,0,0
1,24,cluttered,dead_reckoning,6,45100006,0,1,0.000171,1,0,1.7557,0,0.000173,1,1.7559,0,0
1,24,cluttered,dead_reckoning,7,45100007,0,1,0.0002,1,0,2.5387,0,0.000201,1,2.5389,0,0
1,24,cluttered,dead_reckoning,8,45100008,0,1,0.002268,0,0,18.5759,0,0.002278,1,18.5782,0,0
1,24,cluttered,dead_reckoning,9,45100009,0,1,0.000292,0,0,2.2734,0,0.000292,1,2.2737,0,0
1,24,cluttered,dead_reckoning,10,45100010,0,1,6.3e-05,0,0,2.9753,0,6.3e-05,1,2.9754,0,0
1,24,cluttered,dead_reckoning,11,45100011,0,1,0.000841,0,0,12.2835,0,0.000843,1,12.2843,0,0
1,24,cluttered,odometry_pods,0,45101000,0,1,0.000882,1,0,10.4587,0,0.000886,1,10.4596,0,0
1,24,cluttered,odometry_pods,1,45101001,0,1,0.001079,1,0,13.907,0,0.001082,1,13.9081,0,0
1,24,cluttered,odometry_pods,2,45101002,0,1,0.001356,0,0,3.21,0,0.001358,1,3.2114,0,0
1,24,cluttered,odometry_pods,3,45101003,0,1,0.000582,1,0,8.2376,0,0.000584,1,8.2382,0,0
1,24,cluttered,odometry_pods,4,45101004,0,1,0.000549,0,0,6.6144,0,0.000551,1,6.6149,0,0
1,24,cluttered,odometry_pods,5,45101005,0,1,0.001123,0,0,8.5912,0,0.001125,1,8.5923,0,0
1,24,cluttered,odometry_pods,6,45101006,0,1,0.000229,1,0,2.226,0,0.00023,1,2.2262,0,0
1,24,cluttered,odometry_pods,7,45101007,0,1,0.000658,0,0,4.2304,0,0.000659,1,4.2311,0,0
1,24,cluttered,odometry_pods,8,45101008,0,1,0.000162,0,0,0.6392,0,0.000163,1,0.6394,0,0
1,24,cluttered,odometry_pods,9,45101009,0,1,0.0021,0,0,5.6004,0,0.002109,1,5.6025,0,0
1,24,cluttered,odometry_pods,10,45101010,0,1,0.001426,1,0,10.8554,0,0.001429,1,10.8568,0,0
1,24,cluttered,odometry_pods,11,45101011,0,1,0.00106,0,0,8.3557,0,0.001062,1,8.3568,0,0
1,24,cluttered,distance_sensors,0,45102000,0,1,0.000552,0,0,5.2708,0,0.000553,1,5.2714,0,0
1,24,cluttered,distance_sensors,1,45102001,0,1,9.3e-05,0,0,4.0887,0,9.4e-05,1,4.0888,0,0
1,24,cluttered,distance_sensors,2,45102002,0,1,0.000428,0,0,8.1931,0,0.000429,1,8.1935,0,0
1,24,cluttered,distance_sensors,3,45102003,0,1,3.6e-05,0,0,0.0,0,3.7e-05,1,0.0,0,0
1,24,cluttered,distance_sensors,4,45102004,0,1,0.00074,0,0,1.9158,0,0.000742,1,1.9165,0,0
1,24,cluttered,distance_sensors,5,45102005,0,1,0.00046,0,0,0.0,0,0.000462,1,0.0005,0,0
1,24,cluttered,distance_sensors,6,45102006,0,1,0.000164,0,0,4.6171,0,0.000165,1,4.6173,0,0
1,24,cluttered,distance_sensors,7,45102007,0,1,0.000146,1,0,7.1408,2,0.000553,3,7.0413,0,0
1,24,cluttered,distance_sensors,7,45102007,1,0,0.000257,1,0,7.1408,2,0.000553,3,7.0413,0,0
1,24,cluttered,distance_sensors,7,45102007,2,0,0.000147,1,0,7.1408,2,0.000553,3,7.0413,0,0
1,24,cluttered,distance_sensors,8,45102008,0,1,0.000303,0,0,6.5632,0,0.000304,1,6.5635,0,0
1,24,cluttered,distance_sensors,9,45102009,0,1,0.00014,0,0,3.1975,0,0.000141,1,3.1976,0,0
1,24,cluttered,distance_sensors,10,45102010,0,1,0.000423,0,0,1.215,0,0.000424,1,1.2154,0,0
1,24,cluttered,distance_sensors,11,45102011,0,1,0.000266,0,0,1.8252,1,0.000533,2,1.7757,0,0
1,24,cluttered,distance_sensors,11,45102011,1,0,0.000265,0,0,1.8252,1,0.000533,2,1.7757,0,0
1,24,cluttered,apriltag,0,45103000,0,1,0.001585,0,0,1.847,0,0.001588,1,1.8486,0,0
1,24,cluttered,apriltag,1,45103001,0,1,0.002116,0,0,12.3253,8,0.012662,9,11.9379,0,0
1,24,cluttered,apriltag,1,45103001,1,0,0.001808,0,0,12.3253,8,0.012662,9,11.9379,0,0
1,24,cluttered,apriltag,1,45103001,2,0,0.001786,0,0,12.3253,8,0.012662,9,11.9379,0,0
1,24,cluttered,apriltag,1,45103001,3,0,0.001549,0,0,12.3253,8,0.012662,9,11.9379,0,0
1,24,cluttered,apriltag,1,45103001,4,0,0.001393,0,0,12.3253,8,0.012662,9,11.9379,0,0
1,24,cluttered,apriltag,1,45103001,5,0,0.001241,0,0,12.3253,8,0.012662,9,11.9379,0,0
1,24,cluttered,apriltag,1,45103001,6,0,0.001039,0,0,12.3253,8,0.012662,9,11.9379,0,0
1,24,cluttered,apriltag,1,45103001,7,0,0.000905,0,0,12.3253,8,0.012662,9,11.9379,0,0
1,24,cluttered,apriltag,1,45103001,8,0,0.000793,0,0,12.3253,8,0.012662,9,11.9379,0,0
1,24,cluttered,apriltag,2,45103002,0,1,0.001194,1,0,11.1824,9,0.003668,10,10.7361,0,0
1,24,cluttered,apriltag,2,45103002,1,0,0.00065,1,0,11.1824,9,0.003668,10,10.7361,0,0
1,24,cluttered,apriltag,2,45103002,2,0,0.000403,1,0,11.1824,9,0.003668,10,10.7361,0,0
1,24,cluttered,apriltag,2,45103002,3,0,0.000346,1,0,11.1824,9,0.003668,10,10.7361,0,0
1,24,cluttered,apriltag,2,45103002,4,0,0.000301,1,0,11.1824,9,0.003668,10,10.7361,0,0
1,24,cluttered,apriltag,2,45103002,5,0,0.00026,1,0,11.1824,9,0.003668,10,10.7361,0,0
1,24,cluttered,apriltag,2,45103002,6,0,0.000205,1,0,11.1824,9,0.003668,10,10.7361,0,0
1,24,cluttered,apriltag,2,45103002,7,0,0.00014,1,0,11.1824,9,0.003668,10,10.7361,0,0
1,24,cluttered,apriltag,2,45103002,8,0,9.9e-05,1,0,11.1824,9,0.003668,10,10.7361,0,0
1,24,cluttered,apriltag,2,45103002,9,0,5.4e-05,1,0,11.1824,9,0.003668,10,10.7361,0,0
1,24,cluttered,apriltag,3,45103003,0,1,0.002003,1,0,16.709,15,0.010348,16,15.9693,0,0
1,24,cluttered,apriltag,3,45103003,1,0,0.001297,1,0,16.709,15,0.010348,16,15.9693,0,0
1,24,cluttered,apriltag,3,45103003,2,0,0.001144,1,0,16.709,15,0.010348,16,15.9693,0,0
1,24,cluttered,apriltag,3,45103003,3,0,0.00102,1,0,16.709,15,0.010348,16,15.9693,0,0
1,24,cluttered,apriltag,3,45103003,4,0,0.000914,1,0,16.709,15,0.010348,16,15.9693,0,0
1,24,cluttered,apriltag,3,45103003,5,0,0.000745,1,0,16.709,15,0.010348,16,15.9693,0,0
1,24,cluttered,apriltag,3,45103003,6,0,0.000593,1,0,16.709,15,0.010348,16,15.9693,0,0
1,24,cluttered,apriltag,3,45103003,7,0,0.000486,1,0,16.709,15,0.010348,16,15.9693,0,0
1,24,cluttered,apriltag,3,45103003,8,0,0.000392,1,0,16.709,15,0.010348,16,15.9693,0,0
1,24,cluttered,apriltag,3,45103003,9,0,0.000342,1,0,16.709,15,0.010348,16,15.9693,0,0
1,24,cluttered,apriltag,3,45103003,10,0,0.000294,1,0,16.709,15,0.010348,16,15.9693,0,0
1,24,cluttered,apriltag,3,45103003,11,0,0.000299,1,0,16.709,15,0.010348,16,15.9693,0,0
1,24,cluttered,apriltag,3,45103003,12,0,0.000329,1,0,16.709,15,0.010348,16,15.9693,0,0
1,24,cluttered,apriltag,3,45103003,13,0,0.000206,1,0,16.709,15,0.010348,16,15.9693,0,0
1,24,cluttered,apriltag,3,45103003,14,0,0.000154,1,0,16.709,15,0.010348,16,15.9693,0,0
1,24,cluttered,apriltag,3,45103003,15,0,9.6e-05,1,0,16.709,15,0.010348,16,15.9693,0,0
1,24,cluttered,apriltag,4,45103004,0,1,0.000544,0,0,1.2338,0,0.000546,1,1.2343,0,0
1,24,cluttered,apriltag,5,45103005,0,1,0.000859,0,0,11.1934,1,0.00117,2,11.1446,0,0
1,24,cluttered,apriltag,5,45103005,1,0,0.000309,0,0,11.1934,1,0.00117,2,11.1446,0,0
1,24,cluttered,apriltag,6,45103006,0,1,0.002354,1,0,14.0888,12,0.016929,13,13.5057,0,0
1,24,cluttered,apriltag,6,45103006,1,0,0.002102,1,0,14.0888,12,0.016929,13,13.5057,0,0
1,24,cluttered,apriltag,6,45103006,2,0,0.001782,1,0,14.0888,12,0.016929,13,13.5057,0,0
1,24,cluttered,apriltag,6,45103006,3,0,0.001607,1,0,14.0888,12,0.016929,13,13.5057,0,0
1,24,cluttered,apriltag,6,45103006,4,0,0.001472,1,0,14.0888,12,0.016929,13,13.5057,0,0
1,24,cluttered,apriltag,6,45103006,5,0,0.001385,1,0,14.0888,12,0.016929,13,13.5057,0,0
1,24,cluttered,apriltag,6,45103006,6,0,0.001226,1,0,14.0888,12,0.016929,13,13.5057,0,0
1,24,cluttered,apriltag,6,45103006,7,0,0.001156,1,0,14.0888,12,0.016929,13,13.5057,0,0
1,24,cluttered,apriltag,6,45103006,8,0,0.001061,1,0,14.0888,12,0.016929,13,13.5057,0,0
1,24,cluttered,apriltag,6,45103006,9,0,0.000955,1,0,14.0888,12,0.016929,13,13.5057,0,0
1,24,cluttered,apriltag,6,45103006,10,0,0.000676,1,0,14.0888,12,0.016929,13,13.5057,0,0
1,24,cluttered,apriltag,6,45103006,11,0,0.000581,1,0,14.0888,12,0.016929,13,13.5057,0,0
1,24,cluttered,apriltag,6,45103006,12,0,0.000516,1,0,14.0888,12,0.016929,13,13.5057,0,0
1,24,cluttered,apriltag,7,45103007,0,1,0.000713,1,0,10.3617,1,0.000807,2,10.3125,0,0
1,24,cluttered,apriltag,7,45103007,1,0,9.1e-05,1,0,10.3617,1,0.000807,2,10.3125,0,0
1,24,cluttered,apriltag,8,45103008,0,1,0.000942,0,0,1.8207,0,0.000944,1,1.8216,0,0
1,24,cluttered,apriltag,9,45103009,0,1,0.000597,1,0,6.9418,7,0.001721,8,6.5935,0,0
1,24,cluttered,apriltag,9,45103009,1,0,0.000341,1,0,6.9418,7,0.001721,8,6.5935,0,0
1,24,cluttered,apriltag,9,45103009,2,0,0.000198,1,0,6.9418,7,0.001721,8,6.5935,0,0
1,24,cluttered,apriltag,9,45103009,3,0,0.000195,1,0,6.9418,7,0.001721,8,6.5935,0,0
1,24,cluttered,apriltag,9,45103009,4,0,0.000151,1,0,6.9418,7,0.001721,8,6.5935,0,0
1,24,cluttered,apriltag,9,45103009,5,0,0.00012,1,0,6.9418,7,0.001721,8,6.5935,0,0
1,24,cluttered,apriltag,9,45103009,6,0,8.1e-05,1,0,6.9418,7,0.001721,8,6.5935,0,0
1,24,cluttered,apriltag,9,45103009,7,0,3.2e-05,1,0,6.9418,7,0.001721,8,6.5935,0,0
1,24,cluttered,apriltag,10,45103010,0,1,0.001075,0,0,7.2798,1,0.001778,2,7.2316,0,0
1,24,cluttered,apriltag,10,45103010,1,0,0.000698,0,0,7.2798,1,0.001778,2,7.2316,0,0
1,24,cluttered,apriltag,11,45103011,0,1,0.00096,0,0,10.2047,11,0.005643,12,9.6603,0,0
1,24,cluttered,apriltag,11,45103011,1,0,0.000709,0,0,10.2047,11,0.005643,12,9.6603,0,0
1,24,cluttered,apriltag,11,45103011,2,0,0.000704,0,0,10.2047,11,0.005643,12,9.6603,0,0
1,24,cluttered,apriltag,11,45103011,3,0,0.000659,0,0,10.2047,11,0.005643,12,9.6603,0,0
1,24,cluttered,apriltag,11,45103011,4,0,0.000596,0,0,10.2047,11,0.005643,12,9.6603,0,0
1,24,cluttered,apriltag,11,45103011,5,0,0.000508,0,0,10.2047,11,0.005643,12,9.6603,0,0
1,24,cluttered,apriltag,11,45103011,6,0,0.000417,0,0,10.2047,11,0.005643,12,9.6603,0,0
1,24,cluttered,apriltag,11,45103011,7,0,0.000346,0,0,10.2047,11,0.005643,12,9.6603,0,0
1,24,cluttered,apriltag,11,45103011,8,0,0.000285,0,0,10.2047,11,0.005643,12,9.6603,0,0
1,24,cluttered,apriltag,11,45103011,9,0,0.000244,0,0,10.2047,11,0.005643,12,9.6603,0,0
1,24,cluttered,apriltag,11,45103011,10,0,0.000115,0,0,10.2047,11,0.005643,12,9.6603,0,0
1,24,cluttered,apriltag,11,45103011,11,0,8.1e-05,0,0,10.2047,11,0.005643,12,9.6603,0,0
1,24,cluttered,full_suite,0,45104000,0,1,0.000211,0,0,2.4675,1,0.000408,2,2.4179,0,0
1,24,cluttered,full_suite,0,45104000,1,0,0.000194,0,0,2.4675,1,0.000408,2,2.4179,0,0
1,24,cluttered,full_suite,1,45104001,0,1,0.000374,0,0,0.5642,0,0.000375,1,0.5646,0,0
1,24,cluttered,full_suite,2,45104002,0,1,5.2e-05,0,0,1.6376,0,5.3e-05,1,1.6377,0,0
1,24,cluttered,full_suite,3,45104003,0,1,0.00098,1,0,12.4525,7,0.002669,8,12.1052,0,0
1,24,cluttered,full_suite,3,45104003,1,0,0.00062,1,0,12.4525,7,0.002669,8,12.1052,0,0
1,24,cluttered,full_suite,3,45104003,2,0,0.000234,1,0,12.4525,7,0.002669,8,12.1052,0,0
1,24,cluttered,full_suite,3,45104003,3,0,0.000226,1,0,12.4525,7,0.002669,8,12.1052,0,0
1,24,cluttered,full_suite,3,45104003,4,0,0.000194,1,0,12.4525,7,0.002669,8,12.1052,0,0
1,24,cluttered,full_suite,3,45104003,5,0,0.000175,1,0,12.4525,7,0.002669,8,12.1052,0,0
1,24,cluttered,full_suite,3,45104003,6,0,0.000123,1,0,12.4525,7,0.002669,8,12.1052,0,0
1,24,cluttered,full_suite,3,45104003,7,0,0.000107,1,0,12.4525,7,0.002669,8,12.1052,0,0
1,24,cluttered,full_suite,4,45104004,0,1,0.000394,1,0,7.185,4,0.000999,5,6.986,0,0
1,24,cluttered,full_suite,4,45104004,1,0,0.000196,1,0,7.185,4,0.000999,5,6.986,0,0
1,24,cluttered,full_suite,4,45104004,2,0,0.000166,1,0,7.185,4,0.000999,5,6.986,0,0
1,24,cluttered,full_suite,4,45104004,3,0,0.000142,1,0,7.185,4,0.000999,5,6.986,0,0
1,24,cluttered,full_suite,4,45104004,4,0,9.6e-05,1,0,7.185,4,0.000999,5,6.986,0,0
1,24,cluttered,full_suite,5,45104005,0,1,0.000238,1,0,12.6298,3,0.000938,4,12.4807,0,0
1,24,cluttered,full_suite,5,45104005,1,0,0.000201,1,0,12.6298,3,0.000938,4,12.4807,0,0
1,24,cluttered,full_suite,5,45104005,2,0,0.000327,1,0,12.6298,3,0.000938,4,12.4807,0,0
1,24,cluttered,full_suite,5,45104005,3,0,0.000167,1,0,12.6298,3,0.000938,4,12.4807,0,0
1,24,cluttered,full_suite,6,45104006,0,1,0.000772,1,0,13.1763,18,0.003863,19,12.2801,0,0
1,24,cluttered,full_suite,6,45104006,1,0,0.000403,1,0,13.1763,18,0.003863,19,12.2801,0,0
1,24,cluttered,full_suite,6,45104006,2,0,0.000342,1,0,13.1763,18,0.003863,19,12.2801,0,0
1,24,cluttered,full_suite,6,45104006,3,0,0.000278,1,0,13.1763,18,0.003863,19,12.2801,0,0
1,24,cluttered,full_suite,6,45104006,4,0,0.000284,1,0,13.1763,18,0.003863,19,12.2801,0,0
1,24,cluttered,full_suite,6,45104006,5,0,0.000271,1,0,13.1763,18,0.003863,19,12.2801,0,0
1,24,cluttered,full_suite,6,45104006,6,0,0.00026,1,0,13.1763,18,0.003863,19,12.2801,0,0
1,24,cluttered,full_suite,6,45104006,7,0,0.000248,1,0,13.1763,18,0.003863,19,12.2801,0,0
1,24,cluttered,full_suite,6,45104006,8,0,0.000231,1,0,13.1763,18,0.003863,19,12.2801,0,0
1,24,cluttered,full_suite,6,45104006,9,0,0.000176,1,0,13.1763,18,0.003863,19,12.2801,0,0
1,24,cluttered,full_suite,6,45104006,10,0,0.000122,1,0,13.1763,18,0.003863,19,12.2801,0,0
1,24,cluttered,full_suite,6,45104006,11,0,6.7e-05,1,0,13.1763,18,0.003863,19,12.2801,0,0
1,24,cluttered,full_suite,6,45104006,12,0,0.000118,1,0,13.1763,18,0.003863,19,12.2801,0,0
1,24,cluttered,full_suite,6,45104006,13,0,9.5e-05,1,0,13.1763,18,0.003863,19,12.2801,0,0
1,24,cluttered,full_suite,6,45104006,14,0,5.4e-05,1,0,13.1763,18,0.003863,19,12.2801,0,0
1,24,cluttered,full_suite,6,45104006,15,0,4.8e-05,1,0,13.1763,18,0.003863,19,12.2801,0,0
1,24,cluttered,full_suite,6,45104006,16,0,4e-05,1,0,13.1763,18,0.003863,19,12.2801,0,0
1,24,cluttered,full_suite,6,45104006,17,0,2.5e-05,1,0,13.1763,18,0.003863,19,12.2801,0,0
1,24,cluttered,full_suite,6,45104006,18,0,1.2e-05,1,0,13.1763,18,0.003863,19,12.2801,0,0
1,24,cluttered,full_suite,7,45104007,0,1,0.000463,1,0,8.8095,2,0.001218,3,8.7107,0,0
1,24,cluttered,full_suite,7,45104007,1,0,0.000519,1,0,8.8095,2,0.001218,3,8.7107,0,0
1,24,cluttered,full_suite,7,45104007,2,0,0.000232,1,0,8.8095,2,0.001218,3,8.7107,0,0
1,24,cluttered,full_suite,8,45104008,0,1,0.000385,0,0,9.1136,6,0.00122,7,8.8148,0,0
1,24,cluttered,full_suite,8,45104008,1,0,0.000291,0,0,9.1136,6,0.00122,7,8.8148,0,0
1,24,cluttered,full_suite,8,45104008,2,0,0.000177,0,0,9.1136,6,0.00122,7,8.8148,0,0
1,24,cluttered,full_suite,8,45104008,3,0,0.000147,0,0,9.1136,6,0.00122,7,8.8148,0,0
1,24,cluttered,full_suite,8,45104008,4,0,0.000114,0,0,9.1136,6,0.00122,7,8.8148,0,0
1,24,cluttered,full_suite,8,45104008,5,0,7.3e-05,0,0,9.1136,6,0.00122,7,8.8148,0,0
1,24,cluttered,full_suite,8,45104008,6,0,2.7e-05,0,0,9.1136,6,0.00122,7,8.8148,0,0
1,24,cluttered,full_suite,9,45104009,0,1,9.6e-05,0,0,0.668,1,0.000199,2,0.6182,0,0
1,24,cluttered,full_suite,9,45104009,1,0,0.000101,0,0,0.668,1,0.000199,2,0.6182,0,0
1,24,cluttered,full_suite,10,45104010,0,1,0.000413,1,0,8.4053,1,0.000449,2,8.3557,0,0
1,24,cluttered,full_suite,10,45104010,1,0,3.3e-05,1,0,8.4053,1,0.000449,2,8.3557,0,0
1,24,cluttered,full_suite,11,45104011,0,1,0.000152,1,0,4.0461,3,0.000284,4,3.8964,0,0
1,24,cluttered,full_suite,11,45104011,1,0,7.9e-05,1,0,4.0461,3,0.000284,4,3.8964,0,0
1,24,cluttered,full_suite,11,45104011,2,0,3.5e-05,1,0,4.0461,3,0.000284,4,3.8964,0,0
1,24,cluttered,full_suite,11,45104011,3,0,1.7e-05,1,0,4.0461,3,0.000284,4,3.8964,0,0
1,24,corridor,dead_reckoning,0,45200000,0,1,0.000687,1,0,4.6358,0,0.000688,1,4.6365,0,0
1,24,corridor,dead_reckoning,1,45200001,0,1,0.000464,1,0,10.6493,0,0.000465,1,10.6498,0,0
1,24,corridor,dead_reckoning,2,45200002,0,1,2.4e-05,0,0,1.3523,0,2.5e-05,1,1.3523,0,0
1,24,corridor,dead_reckoning,3,45200003,0,1,3.9e-05,0,0,1.7523,0,4e-05,1,1.7523,0,0
1,24,corridor,dead_reckoning,4,45200004,0,1,6.8e-05,0,0,3.6899,0,6.9e-05,1,3.69,0,0
1,24,corridor,dead_reckoning,5,45200005,0,1,0.000274,0,0,0.479,0,0.000275,1,0.4793,0,0
1,24,corridor,dead_reckoning,6,45200006,0,1,0.000121,0,0,3.1114,0,0.000122,1,3.1115,0,0
1,24,corridor,dead_reckoning,7,45200007,0,1,7.3e-05,0,0,3.8229,0,7.3e-05,1,3.823,0,0
1,24,corridor,dead_reckoning,8,45200008,0,1,0.000226,0,0,5.8995,0,0.000227,1,5.8997,0,0
1,24,corridor,dead_reckoning,9,45200009,0,1,8.1e-05,0,0,1.8031,0,8.2e-05,1,1.8032,0,0
1,24,corridor,dead_reckoning,10,45200010,0,1,0.000173,0,0,5.1462,0,0.000174,1,5.1464,0,0
1,24,corridor,dead_reckoning,11,45200011,0,1,0.000311,0,0,5.1976,0,0.000312,1,5.1979,0,0
1,24,corridor,odometry_pods,0,45201000,0,1,0.001757,0,0,4.2616,0,0.001761,1,4.2634,0,0
1,24,corridor,odometry_pods,1,45201001,0,1,0.001844,1,0,11.5499,0,0.001846,1,11.5517,0,0
1,24,corridor,odometry_pods,2,45201002,0,1,8.3e-05,0,0,4.0852,0,8.4e-05,1,4.0853,0,0
1,24,corridor,odometry_pods,3,45201003,0,1,0.0016,0,0,5.8846,0,0.001602,1,5.8862,0,0
1,24,corridor,odometry_pods,4,45201004,0,1,0.000128,0,0,6.4095,0,0.000128,1,6.4096,0,0
1,24,corridor,odometry_pods,5,45201005,0,1,0.001641,1,0,8.9461,0,0.001644,1,8.9477,0,0
1,24,corridor,odometry_pods,6,45201006,0,1,0.000356,0,0,3.0245,0,0.000356,1,3.0249,0,0
1,24,corridor,odometry_pods,7,45201007,0,1,0.001962,0,0,1.1083,0,0.001964,1,1.1103,0,0
1,24,corridor,odometry_pods,8,45201008,0,1,0.000147,1,0,4.8818,0,0.000148,1,4.8819,0,0
1,24,corridor,odometry_pods,9,45201009,0,1,0.001874,0,0,5.1883,0,0.001876,1,5.1902,0,0
1,24,corridor,odometry_pods,10,45201010,0,1,0.002038,0,0,4.6821,0,0.002043,1,4.6841,0,0
1,24,corridor,odometry_pods,11,45201011,0,1,0.001886,0,0,11.1376,0,0.001889,1,11.1395,0,0
1,24,corridor,distance_sensors,0,45202000,0,1,0.000483,0,0,8.3675,0,0.000485,1,8.368,0,0
1,24,corridor,distance_sensors,1,45202001,0,1,0.000189,1,0,6.2814,0,0.00019,1,6.2816,0,0
1,24,corridor,distance_sensors,2,45202002,0,1,0.000347,0,0,9.2208,2,0.001295,3,9.1221,0,0
1,24,corridor,distance_sensors,2,45202002,1,0,0.000423,0,0,9.2208,2,0.001295,3,9.1221,0,0
1,24,corridor,distance_sensors,2,45202002,2,0,0.000521,0,0,9.2208,2,0.001295,3,9.1221,0,0
1,24,corridor,distance_sensors,3,45202003,0,1,8.6e-05,0,0,3.8108,0,8.6e-05,1,3.8109,0,0
1,24,corridor,distance_sensors,4,45202004,0,1,0.000651,0,0,3.2294,0,0.000654,1,3.2301,0,0
1,24,corridor,distance_sensors,5,45202005,0,1,0.000427,0,0,9.6383,0,0.000428,1,9.6387,0,0
1,24,corridor,distance_sensors,6,45202006,0,1,0.000436,0,0,1.1583,1,0.000833,2,1.1091,0,0
1,24,corridor,distance_sensors,6,45202006,1,0,0.000394,0,0,1.1583,1,0.000833,2,1.1091,0,0
1,24,corridor,distance_sensors,7,45202007,0,1,0.000127,0,0,2.3593,0,0.000127,1,2.3594,0,0
1,24,corridor,distance_sensors,8,45202008,0,1,0.000295,0,0,3.8176,2,0.000992,3,3.7186,0,0
1,24,corridor,distance_sensors,8,45202008,1,0,0.000411,0,0,3.8176,2,0.000992,3,3.7186,0,0
1,24,corridor,distance_sensors,8,45202008,2,0,0.000282,0,0,3.8176,2,0.000992,3,3.7186,0,0
1,24,corridor,distance_sensors,9,45202009,0,1,0.000335,0,0,2.2243,1,0.000678,2,2.175,0,0
1,24,corridor,distance_sensors,9,45202009,1,0,0.00034,0,0,2.2243,1,0.000678,2,2.175,0,0
1,24,corridor,distance_sensors,10,45202010,0,1,3.7e-05,1,0,1.9732,0,3.8e-05,1,1.9732,0,0
1,24,corridor,distance_sensors,11,45202011,0,1,0.000249,0,0,7.9802,0,0.00025,1,7.9804,0,0
1,24,corridor,apriltag,0,45203000,0,1,0.000399,1,0,9.6279,3,0.000936,4,9.4788,0,0
1,24,corridor,apriltag,0,45203000,1,0,0.000177,1,0,9.6279,3,0.000936,4,9.4788,0,0
1,24,corridor,apriltag,0,45203000,2,0,0.000187,1,0,9.6279,3,0.000936,4,9.4788,0,0
1,24,corridor,apriltag,0,45203000,3,0,0.00017,1,0,9.6279,3,0.000936,4,9.4788,0,0
1,24,corridor,apriltag,1,45203001,0,1,0.001833,1,0,10.6252,15,0.013136,16,9.8883,0,0
1,24,corridor,apriltag,1,45203001,1,0,0.001841,1,0,10.6252,15,0.013136,16,9.8883,0,0
1,24,corridor,apriltag,1,45203001,2,0,0.001842,1,0,10.6252,15,0.013136,16,9.8883,0,0
1,24,corridor,apriltag,1,45203001,3,0,0.001834,1,0,10.6252,15,0.013136,16,9.8883,0,0
1,24,corridor,apriltag,1,45203001,4,0,0.001789,1,0,10.6252,15,0.013136,16,9.8883,0,0
1,24,corridor,apriltag,1,45203001,5,0,0.00157,1,0,10.6252,15,0.013136,16,9.8883,0,0
1,24,corridor,apriltag,1,45203001,6,0,0.000867,1,0,10.6252,15,0.013136,16,9.8883,0,0
1,24,corridor,apriltag,1,45203001,7,0,0.000331,1,0,10.6252,15,0.013136,16,9.8883,0,0
1,24,corridor,apriltag,1,45203001,8,0,0.000235,1,0,10.6252,15,0.013136,16,9.8883,0,0
1,24,corridor,apriltag,1,45203001,9,0,0.000219,1,0,10.6252,15,0.013136,16,9.8883,0,0
1,24,corridor,apriltag,1,45203001,10,0,0.000199,1,0,10.6252,15,0.013136,16,9.8883,0,0
1,24,corridor,apriltag,1,45203001,11,0,0.000166,1,0,10.6252,15,0.013136,16,9.8883,0,0
1,24,corridor,apriltag,1,45203001,12,0,0.000136,1,0,10.6252,15,0.013136,16,9.8883,0,0
1,24,corridor,apriltag,1,45203001,13,0,0.000105,1,0,10.6252,15,0.013136,16,9.8883,0,0
1,24,corridor,apriltag,1,45203001,14,0,8.1e-05,1,0,10.6252,15,0.013136,16,9.8883,0,0
1,24,corridor,apriltag,1,45203001,15,0,5.6e-05,1,0,10.6252,15,0.013136,16,9.8883,0,0
1,24,corridor,apriltag,2,45203002,0,1,0.00201,0,0,11.2784,14,0.012049,15,10.5904,0,0
1,24,corridor,apriltag,2,45203002,1,0,0.001891,0,0,11.2784,14,0.012049,15,10.5904,0,0
1,24,corridor,apriltag,2,45203002,2,0,0.001883,0,0,11.2784,14,0.012049,15,10.5904,0,0
1,24,corridor,apriltag,2,45203002,3,0,0.001804,0,0,11.2784,14,0.012049,15,10.5904,0,0
1,24,corridor,apriltag,2,45203002,4,0,0.001559,0,0,11.2784,14,0.012049,15,10.5904,0,0
1,24,corridor,apriltag,2,45203002,5,0,0.000972,0,0,11.2784,14,0.012049,15,10.5904,0,0
1,24,corridor,apriltag,2,45203002,6,0,0.00042,0,0,11.2784,14,0.012049,15,10.5904,0,0
1,24,corridor,apriltag,2,45203002,7,0,0.000329,0,0,11.2784,14,0.012049,15,10.5904,0,0
1,24,corridor,apriltag,2,45203002,8,0,0.00026,0,0,11.2784,14,0.012049,15,10.5904,0,0
1,24,corridor,apriltag,2,45203002,9,0,0.000202,0,0,11.2784,14,0.012049,15,10.5904,0,0
1,24,corridor,apriltag,2,45203002,10,0,0.000198,0,0,11.2784,14,0.012049,15,10.5904,0,0
1,24,corridor,apriltag,2,45203002,11,0,0.00017,0,0,11.2784,14,0.012049,15,10.5904,0,0
1,24,corridor,apriltag,2,45203002,12,0,0.000137,0,0,11.2784,14,0.012049,15,10.5904,0,0
1,24,corridor,apriltag,2,45203002,13,0,0.000105,0,0,11.2784,14,0.012049,15,10.5904,0,0
1,24,corridor,apriltag,2,45203002,14,0,8.1e-05,0,0,11.2784,14,0.012049,15,10.5904,0,0
1,24,corridor,apriltag,3,45203003,0,1,0.002055,0,0,11.3693,13,0.012136,14,10.7314,0,0
1,24,corridor,apriltag,3,45203003,1,0,0.002019,0,0,11.3693,13,0.012136,14,10.7314,0,0
1,24,corridor,apriltag,3,45203003,2,0,0.001934,0,0,11.3693,13,0.012136,14,10.7314,0,0
1,24,corridor,apriltag,3,45203003,3,0,0.001729,0,0,11.3693,13,0.012136,14,10.7314,0,0
1,24,corridor,apriltag,3,45203003,4,0,0.001298,0,0,11.3693,13,0.012136,14,10.7314,0,0
1,24,corridor,apriltag,3,45203003,5,0,0.000619,0,0,11.3693,13,0.012136,14,10.7314,0,0
1,24,corridor,apriltag,3,45203003,6,0,0.000356,0,0,11.3693,13,0.012136,14,10.7314,0,0
1,24,corridor,apriltag,3,45203003,7,0,0.000382,0,0,11.3693,13,0.012136,14,10.7314,0,0
1,24,corridor,apriltag,3,45203003,8,0,0.000326,0,0,11.3693,13,0.012136,14,10.7314,0,0
1,24,corridor,apriltag,3,45203003,9,0,0.000328,0,0,11.3693,13,0.012136,14,10.7314,0,0
1,24,corridor,apriltag,3,45203003,10,0,0.000298,0,0,11.3693,13,0.012136,14,10.7314,0,0
1,24,corridor,apriltag,3,45203003,11,0,0.000264,0,0,11.3693,13,0.012136,14,10.7314,0,0
1,24,corridor,apriltag,3,45203003,12,0,0.00027,0,0,11.3693,13,0.012136,14,10.7314,0,0
1,24,corridor,apriltag,3,45203003,13,0,0.000211,0,0,11.3693,13,0.012136,14,10.7314,0,0
1,24,corridor,apriltag,4,45203004,0,1,0.001917,1,0,14.0953,17,0.013437,18,13.2587,0,0
1,24,corridor,apriltag,4,45203004,1,0,0.001729,1,0,14.0953,17,0.013437,18,13.2587,0,0
1,24,corridor,apriltag,4,45203004,2,0,0.0017,1,0,14.0953,17,0.013437,18,13.2587,0,0
1,24,corridor,apriltag,4,45203004,3,0,0.001684,1,0,14.0953,17,0.013437,18,13.2587,0,0
1,24,corridor,apriltag,4,45203004,4,0,0.001651,1,0,14.0953,17,0.013437,18,13.2587,0,0
1,24,corridor,apriltag,4,45203004,5,0,0.00161,1,0,14.0953,17,0.013437,18,13.2587,0,0
1,24,corridor,apriltag,4,45203004,6,0,0.001318,1,0,14.0953,17,0.013437,18,13.2587,0,0
1,24,corridor,apriltag,4,45203004,7,0,0.00072,1,0,14.0953,17,0.013437,18,13.2587,0,0
1,24,corridor,apriltag,4,45203004,8,0,0.000294,1,0,14.0953,17,0.013437,18,13.2587,0,0
1,24,corridor,apriltag,4,45203004,9,0,0.000161,1,0,14.0953,17,0.013437,18,13.2587,0,0
1,24,corridor,apriltag,4,45203004,10,0,0.000148,1,0,14.0953,17,0.013437,18,13.2587,0,0
1,24,corridor,apriltag,4,45203004,11,0,0.000124,1,0,14.0953,17,0.013437,18,13.2587,0,0
1,24,corridor,apriltag,4,45203004,12,0,0.000104,1,0,14.0953,17,0.013437,18,13.2587,0,0
1,24,corridor,apriltag,4,45203004,13,0,7.9e-05,1,0,14.0953,17,0.013437,18,13.2587,0,0
1,24,corridor,apriltag,4,45203004,14,0,8.8e-05,1,0,14.0953,17,0.013437,18,13.2587,0,0
1,24,corridor,apriltag,4,45203004,15,0,3.4e-05,1,0,14.0953,17,0.013437,18,13.2587,0,0
1,24,corridor,apriltag,4,45203004,16,0,3.1e-05,1,0,14.0953,17,0.013437,18,13.2587,0,0
1,24,corridor,apriltag,4,45203004,17,0,1.4e-05,1,0,14.0953,17,0.013437,18,13.2587,0,0
1,24,corridor,apriltag,5,45203005,0,1,0.001598,0,0,6.3361,11,0.005877,12,5.792,0,0
1,24,corridor,apriltag,5,45203005,1,0,0.001553,0,0,6.3361,11,0.005877,12,5.792,0,0
1,24,corridor,apriltag,5,45203005,2,0,0.001177,0,0,6.3361,11,0.005877,12,5.792,0,0
1,24,corridor,apriltag,5,45203005,3,0,0.000649,0,0,6.3361,11,0.005877,12,5.792,0,0
1,24,corridor,apriltag,5,45203005,4,0,0.000253,0,0,6.3361,11,0.005877,12,5.792,0,0
1,24,corridor,apriltag,5,45203005,5,0,0.000122,0,0,6.3361,11,0.005877,12,5.792,0,0
1,24,corridor,apriltag,5,45203005,6,0,0.00013,0,0,6.3361,11,0.005877,12,5.792,0,0
1,24,corridor,apriltag,5,45203005,7,0,0.0001,0,0,6.3361,11,0.005877,12,5.792,0,0
1,24,corridor,apriltag,5,45203005,8,0,8.8e-05,0,0,6.3361,11,0.005877,12,5.792,0,0
1,24,corridor,apriltag,5,45203005,9,0,8e-05,0,0,6.3361,11,0.005877,12,5.792,0,0
1,24,corridor,apriltag,5,45203005,10,0,6.4e-05,0,0,6.3361,11,0.005877,12,5.792,0,0
1,24,corridor,apriltag,5,45203005,11,0,4.7e-05,0,0,6.3361,11,0.005877,12,5.792,0,0
1,24,corridor,apriltag,6,45203006,0,1,0.001541,0,0,12.6858,15,0.012467,16,11.9482,0,0
1,24,corridor,apriltag,6,45203006,1,0,0.001538,0,0,12.6858,15,0.012467,16,11.9482,0,0
1,24,corridor,apriltag,6,45203006,2,0,0.00154,0,0,12.6858,15,0.012467,16,11.9482,0,0
1,24,corridor,apriltag,6,45203006,3,0,0.001566,0,0,12.6858,15,0.012467,16,11.9482,0,0
1,24,corridor,apriltag,6,45203006,4,0,0.001611,0,0,12.6858,15,0.012467,16,11.9482,0,0
1,24,corridor,apriltag,6,45203006,5,0,0.001563,0,0,12.6858,15,0.012467,16,11.9482,0,0
1,24,corridor,apriltag,6,45203006,6,0,0.001372,0,0,12.6858,15,0.012467,16,11.9482,0,0
1,24,corridor,apriltag,6,45203006,7,0,0.000815,0,0,12.6858,15,0.012467,16,11.9482,0,0
1,24,corridor,apriltag,6,45203006,8,0,0.000281,0,0,12.6858,15,0.012467,16,11.9482,0,0
1,24,corridor,apriltag,6,45203006,9,0,0.000132,0,0,12.6858,15,0.012467,16,11.9482,0,0
1,24,corridor,apriltag,6,45203006,10,0,0.000114,0,0,12.6858,15,0.012467,16,11.9482,0,0
1,24,corridor,apriltag,6,45203006,11,0,9e-05,0,0,12.6858,15,0.012467,16,11.9482,0,0
1,24,corridor,apriltag,6,45203006,12,0,8.2e-05,0,0,12.6858,15,0.012467,16,11.9482,0,0
1,24,corridor,apriltag,6,45203006,13,0,7.4e-05,0,0,12.6858,15,0.012467,16,11.9482,0,0
1,24,corridor,apriltag,6,45203006,14,0,6.5e-05,0,0,12.6858,15,0.012467,16,11.9482,0,0
1,24,corridor,apriltag,6,45203006,15,0,5.5e-05,0,0,12.6858,15,0.012467,16,11.9482,0,0
1,24,corridor,apriltag,7,45203007,0,1,0.001793,0,0,12.9653,15,0.011587,16,12.2269,0,0
1,24,corridor,apriltag,7,45203007,1,0,0.001683,0,0,12.9653,15,0.011587,16,12.2269,0,0
1,24,corridor,apriltag,7,45203007,2,0,0.001651,0,0,12.9653,15,0.011587,16,12.2269,0,0
1,24,corridor,apriltag,7,45203007,3,0,0.001658,0,0,12.9653,15,0.011587,16,12.2269,0,0
1,24,corridor,apriltag,7,45203007,4,0,0.001616,0,0,12.9653,15,0.011587,16,12.2269,0,0
1,24,corridor,apriltag,7,45203007,5,0,0.00124,0,0,12.9653,15,0.011587,16,12.2269,0,0
1,24,corridor,apriltag,7,45203007,6,0,0.000587,0,0,12.9653,15,0.011587,16,12.2269,0,0
1,24,corridor,apriltag,7,45203007,7,0,0.000209,0,0,12.9653,15,0.011587,16,12.2269,0,0
1,24,corridor,apriltag,7,45203007,8,0,0.000227,0,0,12.9653,15,0.011587,16,12.2269,0,0
1,24,corridor,apriltag,7,45203007,9,0,0.000183,0,0,12.9653,15,0.011587,16,12.2269,0,0
1,24,corridor,apriltag,7,45203007,10,0,0.000163,0,0,12.9653,15,0.011587,16,12.2269,0,0
1,24,corridor,apriltag,7,45203007,11,0,0.000118,0,0,12.9653,15,0.011587,16,12.2269,0,0
1,24,corridor,apriltag,7,45203007,12,0,0.000144,0,0,12.9653,15,0.011587,16,12.2269,0,0
1,24,corridor,apriltag,7,45203007,13,0,0.00012,0,0,12.9653,15,0.011587,16,12.2269,0,0
1,24,corridor,apriltag,7,45203007,14,0,9.6e-05,0,0,12.9653,15,0.011587,16,12.2269,0,0
1,24,corridor,apriltag,7,45203007,15,0,7.2e-05,0,0,12.9653,15,0.011587,16,12.2269,0,0
1,24,corridor,apriltag,8,45203008,0,1,5.4e-05,0,0,2.459,0,5.5e-05,1,2.4591,0,0
1,24,corridor,apriltag,9,45203009,0,1,0.001982,0,0,4.4532,1,0.003889,2,4.4071,0,0
1,24,corridor,apriltag,9,45203009,1,0,0.001901,0,0,4.4532,1,0.003889,2,4.4071,0,0
1,24,corridor,apriltag,10,45203010,0,1,0.000236,1,0,9.0602,6,0.000788,7,8.761,0,0
1,24,corridor,apriltag,10,45203010,1,0,0.000114,1,0,9.0602,6,0.000788,7,8.761,0,0
1,24,corridor,apriltag,10,45203010,2,0,0.000119,1,0,9.0602,6,0.000788,7,8.761,0,0
1,24,corridor,apriltag,10,45203010,3,0,0.000117,1,0,9.0602,6,0.000788,7,8.761,0,0
1,24,corridor,apriltag,10,45203010,4,0,9.4e-05,1,0,9.0602,6,0.000788,7,8.761,0,0
1,24,corridor,apriltag,10,45203010,5,0,7.2e-05,1,0,9.0602,6,0.000788,7,8.761,0,0
1,24,corridor,apriltag,10,45203010,6,0,3.3e-05,1,0,9.0602,6,0.000788,7,8.761,0,0
1,24,corridor,apriltag,11,45203011,0,1,0.002017,0,0,12.9255,14,0.014799,15,12.2403,0,0
1,24,corridor,apriltag,11,45203011,1,0,0.001941,0,0,12.9255,14,0.014799,15,12.2403,0,0
1,24,corridor,apriltag,11,45203011,2,0,0.00195,0,0,12.9255,14,0.014799,15,12.2403,0,0
1,24,corridor,apriltag,11,45203011,3,0,0.001953,0,0,12.9255,14,0.014799,15,12.2403,0,0
1,24,corridor,apriltag,11,45203011,4,0,0.001845,0,0,12.9255,14,0.014799,15,12.2403,0,0
1,24,corridor,apriltag,11,45203011,5,0,0.001697,0,0,12.9255,14,0.014799,15,12.2403,0,0
1,24,corridor,apriltag,11,45203011,6,0,0.001121,0,0,12.9255,14,0.014799,15,12.2403,0,0
1,24,corridor,apriltag,11,45203011,7,0,0.000503,0,0,12.9255,14,0.014799,15,12.2403,0,0
1,24,corridor,apriltag,11,45203011,8,0,0.000292,0,0,12.9255,14,0.014799,15,12.2403,0,0
1,24,corridor,apriltag,11,45203011,9,0,0.000317,0,0,12.9255,14,0.014799,15,12.2403,0,0
1,24,corridor,apriltag,11,45203011,10,0,0.000264,0,0,12.9255,14,0.014799,15,12.2403,0,0
1,24,corridor,apriltag,11,45203011,11,0,0.00026,0,0,12.9255,14,0.014799,15,12.2403,0,0
1,24,corridor,apriltag,11,45203011,12,0,0.000236,0,0,12.9255,14,0.014799,15,12.2403,0,0
1,24,corridor,apriltag,11,45203011,13,0,0.000201,0,0,12.9255,14,0.014799,15,12.2403,0,0
1,24,corridor,apriltag,11,45203011,14,0,0.000169,0,0,12.9255,14,0.014799,15,12.2403,0,0
1,24,corridor,full_suite,0,45204000,0,1,0.004235,0,0,0.0,0,0.004247,1,0.0042,0,0
1,24,corridor,full_suite,1,45204001,0,1,0.000588,1,0,13.2702,16,0.006023,17,12.4762,0,0
1,24,corridor,full_suite,1,45204001,1,0,0.000588,1,0,13.2702,16,0.006023,17,12.4762,0,0
1,24,corridor,full_suite,1,45204001,2,0,0.000552,1,0,13.2702,16,0.006023,17,12.4762,0,0
1,24,corridor,full_suite,1,45204001,3,0,0.000548,1,0,13.2702,16,0.006023,17,12.4762,0,0
1,24,corridor,full_suite,1,45204001,4,0,0.000661,1,0,13.2702,16,0.006023,17,12.4762,0,0
1,24,corridor,full_suite,1,45204001,5,0,0.000698,1,0,13.2702,16,0.006023,17,12.4762,0,0
1,24,corridor,full_suite,1,45204001,6,0,0.000586,1,0,13.2702,16,0.006023,17,12.4762,0,0
1,24,corridor,full_suite,1,45204001,7,0,0.000413,1,0,13.2702,16,0.006023,17,12.4762,0,0
1,24,corridor,full_suite,1,45204001,8,0,0.000257,1,0,13.2702,16,0.006023,17,12.4762,0,0
1,24,corridor,full_suite,1,45204001,9,0,0.000201,1,0,13.2702,16,0.006023,17,12.4762,0,0
1,24,corridor,full_suite,1,45204001,10,0,0.000171,1,0,13.2702,16,0.006023,17,12.4762,0,0
1,24,corridor,full_suite,1,45204001,11,0,0.000156,1,0,13.2702,16,0.006023,17,12.4762,0,0
1,24,corridor,full_suite,1,45204001,12,0,0.000148,1,0,13.2702,16,0.006023,17,12.4762,0,0
1,24,corridor,full_suite,1,45204001,13,0,0.000131,1,0,13.2702,16,0.006023,17,12.4762,0,0
1,24,corridor,full_suite,1,45204001,14,0,0.000115,1,0,13.2702,16,0.006023,17,12.4762,0,0
1,24,corridor,full_suite,1,45204001,15,0,0.000101,1,0,13.2702,16,0.006023,17,12.4762,0,0
1,24,corridor,full_suite,1,45204001,16,0,8.9e-05,1,0,13.2702,16,0.006023,17,12.4762,0,0
1,24,corridor,full_suite,2,45204002,0,1,0.000226,0,0,4.3392,0,0.000228,1,4.3394,0,0
1,24,corridor,full_suite,3,45204003,0,1,0.000156,0,0,0.6646,1,0.000377,2,0.615,0,0
1,24,corridor,full_suite,3,45204003,1,0,0.00022,0,0,0.6646,1,0.000377,2,0.615,0,0
1,24,corridor,full_suite,4,45204004,0,1,0.00064,1,0,12.5652,17,0.003382,18,11.7186,0,0
1,24,corridor,full_suite,4,45204004,1,0,0.000633,1,0,12.5652,17,0.003382,18,11.7186,0,0
1,24,corridor,full_suite,4,45204004,2,0,0.000281,1,0,12.5652,17,0.003382,18,11.7186,0,0
1,24,corridor,full_suite,4,45204004,3,0,0.000244,1,0,12.5652,17,0.003382,18,11.7186,0,0
1,24,corridor,full_suite,4,45204004,4,0,0.000143,1,0,12.5652,17,0.003382,18,11.7186,0,0
1,24,corridor,full_suite,4,45204004,5,0,0.000181,1,0,12.5652,17,0.003382,18,11.7186,0,0
1,24,corridor,full_suite,4,45204004,6,0,0.000172,1,0,12.5652,17,0.003382,18,11.7186,0,0
1,24,corridor,full_suite,4,45204004,7,0,0.000163,1,0,12.5652,17,0.003382,18,11.7186,0,0
1,24,corridor,full_suite,4,45204004,8,0,0.000156,1,0,12.5652,17,0.003382,18,11.7186,0,0
1,24,corridor,full_suite,4,45204004,9,0,0.000149,1,0,12.5652,17,0.003382,18,11.7186,0,0
1,24,corridor,full_suite,4,45204004,10,0,0.000134,1,0,12.5652,17,0.003382,18,11.7186,0,0
1,24,corridor,full_suite,4,45204004,11,0,0.000118,1,0,12.5652,17,0.003382,18,11.7186,0,0
1,24,corridor,full_suite,4,45204004,12,0,0.000101,1,0,12.5652,17,0.003382,18,11.7186,0,0
1,24,corridor,full_suite,4,45204004,13,0,8.4e-05,1,0,12.5652,17,0.003382,18,11.7186,0,0
1,24,corridor,full_suite,4,45204004,14,0,6.7e-05,1,0,12.5652,17,0.003382,18,11.7186,0,0
1,24,corridor,full_suite,4,45204004,15,0,5.2e-05,1,0,12.5652,17,0.003382,18,11.7186,0,0
1,24,corridor,full_suite,4,45204004,16,0,3.6e-05,1,0,12.5652,17,0.003382,18,11.7186,0,0
1,24,corridor,full_suite,4,45204004,17,0,1.5e-05,1,0,12.5652,17,0.003382,18,11.7186,0,0
1,24,corridor,full_suite,5,45204005,0,1,0.00072,1,0,10.2581,16,0.004296,17,9.4624,0,0
1,24,corridor,full_suite,5,45204005,1,0,0.000629,1,0,10.2581,16,0.004296,17,9.4624,0,0
1,24,corridor,full_suite,5,45204005,2,0,0.00054,1,0,10.2581,16,0.004296,17,9.4624,0,0
1,24,corridor,full_suite,5,45204005,3,0,0.000479,1,0,10.2581,16,0.004296,17,9.4624,0,0
1,24,corridor,full_suite,5,45204005,4,0,0.000434,1,0,10.2581,16,0.004296,17,9.4624,0,0
1,24,corridor,full_suite,5,45204005,5,0,0.000375,1,0,10.2581,16,0.004296,17,9.4624,0,0
1,24,corridor,full_suite,5,45204005,6,0,0.000302,1,0,10.2581,16,0.004296,17,9.4624,0,0
1,24,corridor,full_suite,5,45204005,7,0,0.000205,1,0,10.2581,16,0.004296,17,9.4624,0,0
1,24,corridor,full_suite,5,45204005,8,0,0.000127,1,0,10.2581,16,0.004296,17,9.4624,0,0
1,24,corridor,full_suite,5,45204005,9,0,9e-05,1,0,10.2581,16,0.004296,17,9.4624,0,0
1,24,corridor,full_suite,5,45204005,10,0,8.4e-05,1,0,10.2581,16,0.004296,17,9.4624,0,0
1,24,corridor,full_suite,5,45204005,11,0,7.9e-05,1,0,10.2581,16,0.004296,17,9.4624,0,0
1,24,corridor,full_suite,5,45204005,12,0,6.8e-05,1,0,10.2581,16,0.004296,17,9.4624,0,0
1,24,corridor,full_suite,5,45204005,13,0,6.1e-05,1,0,10.2581,16,0.004296,17,9.4624,0,0
1,24,corridor,full_suite,5,45204005,14,0,4.4e-05,1,0,10.2581,16,0.004296,17,9.4624,0,0
1,24,corridor,full_suite,5,45204005,15,0,2.9e-05,1,0,10.2581,16,0.004296,17,9.4624,0,0
1,24,corridor,full_suite,5,45204005,16,0,1.1e-05,1,0,10.2581,16,0.004296,17,9.4624,0,0
1,24,corridor,full_suite,6,45204006,0,1,0.004102,0,0,0.0,0,0.004114,1,0.0041,0,0
1,24,corridor,full_suite,7,45204007,0,1,0.000138,1,0,4.0476,0,0.000138,1,4.0477,0,0
1,24,corridor,full_suite,8,45204008,0,1,7e-05,0,0,2.8098,0,7e-05,1,2.8099,0,0
1,24,corridor,full_suite,9,45204009,0,1,0.000457,1,0,9.4121,5,0.000999,6,9.1631,0,0
1,24,corridor,full_suite,9,45204009,1,0,0.0002,1,0,9.4121,5,0.000999,6,9.1631,0,0
1,24,corridor,full_suite,9,45204009,2,0,0.0001,1,0,9.4121,5,0.000999,6,9.1631,0,0
1,24,corridor,full_suite,9,45204009,3,0,8.8e-05,1,0,9.4121,5,0.000999,6,9.1631,0,0
1,24,corridor,full_suite,9,45204009,4,0,7.9e-05,1,0,9.4121,5,0.000999,6,9.1631,0,0
1,24,corridor,full_suite,9,45204009,5,0,7.1e-05,1,0,9.4121,5,0.000999,6,9.1631,0,0
1,24,corridor,full_suite,10,45204010,0,1,0.000766,1,0,14.6762,19,0.006869,20,13.733,0,0
1,24,corridor,full_suite,10,45204010,1,0,0.001034,1,0,14.6762,19,0.006869,20,13.733,0,0
1,24,corridor,full_suite,10,45204010,2,0,0.000716,1,0,14.6762,19,0.006869,20,13.733,0,0
1,24,corridor,full_suite,10,45204010,3,0,0.000615,1,0,14.6762,19,0.006869,20,13.733,0,0
1,24,corridor,full_suite,10,45204010,4,0,0.000503,1,0,14.6762,19,0.006869,20,13.733,0,0
1,24,corridor,full_suite,10,45204010,5,0,0.000425,1,0,14.6762,19,0.006869,20,13.733,0,0
1,24,corridor,full_suite,10,45204010,6,0,0.000349,1,0,14.6762,19,0.006869,20,13.733,0,0
1,24,corridor,full_suite,10,45204010,7,0,0.000286,1,0,14.6762,19,0.006869,20,13.733,0,0
1,24,corridor,full_suite,10,45204010,8,0,0.000228,1,0,14.6762,19,0.006869,20,13.733,0,0
1,24,corridor,full_suite,10,45204010,9,0,0.000212,1,0,14.6762,19,0.006869,20,13.733,0,0
1,24,corridor,full_suite,10,45204010,10,0,0.000285,1,0,14.6762,19,0.006869,20,13.733,0,0
1,24,corridor,full_suite,10,45204010,11,0,0.000277,1,0,14.6762,19,0.006869,20,13.733,0,0
1,24,corridor,full_suite,10,45204010,12,0,0.000258,1,0,14.6762,19,0.006869,20,13.733,0,0
1,24,corridor,full_suite,10,45204010,13,0,0.000213,1,0,14.6762,19,0.006869,20,13.733,0,0
1,24,corridor,full_suite,10,45204010,14,0,0.000212,1,0,14.6762,19,0.006869,20,13.733,0,0
1,24,corridor,full_suite,10,45204010,15,0,0.000119,1,0,14.6762,19,0.006869,20,13.733,0,0
1,24,corridor,full_suite,10,45204010,16,0,9.3e-05,1,0,14.6762,19,0.006869,20,13.733,0,0
1,24,corridor,full_suite,10,45204010,17,0,7.8e-05,1,0,14.6762,19,0.006869,20,13.733,0,0
1,24,corridor,full_suite,10,45204010,18,0,0.000101,1,0,14.6762,19,0.006869,20,13.733,0,0
1,24,corridor,full_suite,10,45204010,19,0,7.7e-05,1,0,14.6762,19,0.006869,20,13.733,0,0
1,24,corridor,full_suite,11,45204011,0,1,0.000407,1,0,6.5391,6,0.0017,7,6.2408,0,0
1,24,corridor,full_suite,11,45204011,1,0,0.000358,1,0,6.5391,6,0.0017,7,6.2408,0,0
1,24,corridor,full_suite,11,45204011,2,0,0.000303,1,0,6.5391,6,0.0017,7,6.2408,0,0
1,24,corridor,full_suite,11,45204011,3,0,0.000243,1,0,6.5391,6,0.0017,7,6.2408,0,0
1,24,corridor,full_suite,11,45204011,4,0,0.000181,1,0,6.5391,6,0.0017,7,6.2408,0,0
1,24,corridor,full_suite,11,45204011,5,0,0.000129,1,0,6.5391,6,0.0017,7,6.2408,0,0
1,24,corridor,full_suite,11,45204011,6,0,7.3e-05,1,0,6.5391,6,0.0017,7,6.2408,0,0
2,48,sparse,dead_reckoning,0,46000000,0,1,0.000345,0,0,8.0329,0,0.000346,1,8.0332,0,0
2,48,sparse,dead_reckoning,1,46000001,0,1,0.000254,0,0,6.0997,0,0.000255,1,6.1,0,0
2,48,sparse,dead_reckoning,2,46000002,0,1,0.000604,0,0,9.1996,0,0.000605,1,9.2002,0,0
2,48,sparse,dead_reckoning,3,46000003,0,1,0.000599,0,0,9.1928,0,0.0006,1,9.1934,0,0
2,48,sparse,dead_reckoning,4,46000004,0,1,0.001734,1,0,12.3229,0,0.001736,1,12.3246,0,0
2,48,sparse,dead_reckoning,5,46000005,0,1,0.001176,0,0,12.561,0,0.001181,1,12.5622,0,0
2,48,sparse,dead_reckoning,6,46000006,0,1,0.00147,0,0,14.6755,0,0.001472,1,14.677,0,0
2,48,sparse,dead_reckoning,7,46000007,0,1,0.001672,0,0,15.9822,0,0.001674,1,15.9839,0,0
2,48,sparse,dead_reckoning,8,46000008,0,1,0.000165,0,0,6.5187,0,0.000166,1,6.5189,0,0
2,48,sparse,dead_reckoning,9,46000009,0,1,3.5e-05,1,0,1.2688,0,3.5e-05,1,1.2688,0,0
2,48,sparse,dead_reckoning,10,46000010,0,1,0.00057,1,0,8.6426,0,0.000571,1,8.6432,0,0
2,48,sparse,dead_reckoning,11,46000011,0,1,0.001397,0,0,13.4731,0,0.001401,1,13.4745,0,0
2,48,sparse,odometry_pods,0,46001000,0,1,0.000535,0,0,7.8755,0,0.000537,1,7.876,0,0
2,48,sparse,odometry_pods,1,46001001,0,1,0.001834,0,0,10.0967,0,0.001836,1,10.0985,0,0
2,48,sparse,odometry_pods,2,46001002,0,1,0.000283,0,0,13.5321,0,0.000284,1,13.5324,0,0
2,48,sparse,odometry_pods,3,46001003,0,1,0.001061,0,0,11.2366,0,0.001065,1,11.2377,0,0
2,48,sparse,odometry_pods,4,46001004,0,1,0.000286,0,0,5.6278,0,0.000287,1,5.6281,0,0
2,48,sparse,odometry_pods,5,46001005,0,1,0.001383,1,0,14.0932,0,0.001386,1,14.0946,0,0
2,48,sparse,odometry_pods,6,46001006,0,1,0.001304,0,0,12.7629,0,0.001305,1,12.7642,0,0
2,48,sparse,odometry_pods,7,46001007,0,1,0.000291,1,0,5.6126,0,0.000291,1,5.6129,0,0
2,48,sparse,odometry_pods,8,46001008,0,1,0.000431,1,0,6.4324,0,0.000432,1,6.4328,0,0
2,48,sparse,odometry_pods,9,46001009,0,1,0.000786,0,0,10.5886,0,0.000788,1,10.5894,0,0
2,48,sparse,odometry_pods,10,46001010,0,1,9.5e-05,1,0,2.2539,0,9.6e-05,1,2.254,0,0
2,48,sparse,odometry_pods,11,46001011,0,1,0.000311,0,0,6.4082,0,0.000312,1,6.4085,0,0
2,48,sparse,distance_sensors,0,46002000,0,1,0.001518,1,0,13.6741,0,0.00152,1,13.6756,0,0
2,48,sparse,distance_sensors,1,46002001,0,1,0.000922,0,0,9.7454,0,0.000925,1,9.7463,0,0
2,48,sparse,distance_sensors,2,46002002,0,1,0.001956,0,0,17.4733,0,0.001958,1,17.4753,0,0
2,48,sparse,distance_sensors,3,46002003,0,1,0.000672,0,0,9.3962,0,0.000674,1,9.3969,0,0
2,48,sparse,distance_sensors,4,46002004,0,1,0.000328,0,0,8.3993,0,0.000328,1,8.3996,0,0
2,48,sparse,distance_sensors,5,46002005,0,1,0.001688,0,0,16.1703,0,0.001691,1,16.172,0,0
2,48,sparse,distance_sensors,6,46002006,0,1,0.000181,0,0,4.653,0,0.000182,1,4.6532,0,0
2,48,sparse,distance_sensors,7,46002007,0,1,0.000268,1,0,5.3185,0,0.00027,1,5.3188,0,0
2,48,sparse,distance_sensors,8,46002008,0,1,0.000429,0,0,14.0698,0,0.00043,1,14.0702,0,0
2,48,sparse,distance_sensors,9,46002009,0,1,0.000604,0,0,8.9284,1,0.000775,2,8.8792,0,0
2,48,sparse,distance_sensors,9,46002009,1,0,0.000169,0,0,8.9284,1,0.000775,2,8.8792,0,0
2,48,sparse,distance_sensors,10,46002010,0,1,0.000638,0,0,1.208,0,0.00064,1,1.2086,0,0
2,48,sparse,distance_sensors,11,46002011,0,1,0.000112,0,0,5.9929,0,0.000113,1,5.993,0,0
2,48,sparse,apriltag,0,46003000,0,1,0.000573,0,0,9.3504,0,0.000574,1,9.351,0,0
2,48,sparse,apriltag,1,46003001,0,1,0.000481,0,0,9.7208,0,0.000483,1,9.7213,0,0
2,48,sparse,apriltag,2,46003002,0,1,0.000794,1,0,5.0047,8,0.003767,9,4.6085,0,0
2,48,sparse,apriltag,2,46003002,1,0,0.001084,1,0,5.0047,8,0.003767,9,4.6085,0,0
2,48,sparse,apriltag,2,46003002,2,0,0.000514,1,0,5.0047,8,0.003767,9,4.6085,0,0
2,48,sparse,apriltag,2,46003002,3,0,0.000411,1,0,5.0047,8,0.003767,9,4.6085,0,0
2,48,sparse,apriltag,2,46003002,4,0,0.000335,1,0,5.0047,8,0.003767,9,4.6085,0,0
2,48,sparse,apriltag,2,46003002,5,0,0.000257,1,0,5.0047,8,0.003767,9,4.6085,0,0
2,48,sparse,apriltag,2,46003002,6,0,0.000196,1,0,5.0047,8,0.003767,9,4.6085,0,0
2,48,sparse,apriltag,2,46003002,7,0,0.000143,1,0,5.0047,8,0.003767,9,4.6085,0,0
2,48,sparse,apriltag,2,46003002,8,0,2.3e-05,1,0,5.0047,8,0.003767,9,4.6085,0,0
2,48,sparse,apriltag,3,46003003,0,1,0.001559,0,0,18.1552,0,0.001562,1,18.1568,0,0
2,48,sparse,apriltag,4,46003004,0,1,0.001327,0,0,13.9406,0,0.001331,1,13.9419,0,0
2,48,sparse,apriltag,5,46003005,0,1,0.00023,1,0,10.3679,0,0.000231,1,10.3681,0,0
2,48,sparse,apriltag,6,46003006,0,1,0.001089,1,0,7.8247,0,0.001091,1,7.8258,0,0
2,48,sparse,apriltag,7,46003007,0,1,0.001902,1,0,15.2956,8,0.003156,9,14.8987,0,0
2,48,sparse,apriltag,7,46003007,1,0,0.000398,1,0,15.2956,8,0.003156,9,14.8987,0,0
2,48,sparse,apriltag,7,46003007,2,0,0.000274,1,0,15.2956,8,0.003156,9,14.8987,0,0
2,48,sparse,apriltag,7,46003007,3,0,0.000212,1,0,15.2956,8,0.003156,9,14.8987,0,0
2,48,sparse,apriltag,7,46003007,4,0,0.000151,1,0,15.2956,8,0.003156,9,14.8987,0,0
2,48,sparse,apriltag,7,46003007,5,0,0.000101,1,0,15.2956,8,0.003156,9,14.8987,0,0
2,48,sparse,apriltag,7,46003007,6,0,5.7e-05,1,0,15.2956,8,0.003156,9,14.8987,0,0
2,48,sparse,apriltag,7,46003007,7,0,4e-05,1,0,15.2956,8,0.003156,9,14.8987,0,0
2,48,sparse,apriltag,7,46003007,8,0,1.4e-05,1,0,15.2956,8,0.003156,9,14.8987,0,0
2,48,sparse,apriltag,8,46003008,0,1,0.000534,0,0,8.1007,0,0.000535,1,8.1012,0,0
2,48,sparse,apriltag,9,46003009,0,1,0.001571,1,0,12.9749,8,0.002879,9,12.5778,0,0
2,48,sparse,apriltag,9,46003009,1,0,0.000353,1,0,12.9749,8,0.002879,9,12.5778,0,0
2,48,sparse,apriltag,9,46003009,2,0,0.00029,1,0,12.9749,8,0.002879,9,12.5778,0,0
2,48,sparse,apriltag,9,46003009,3,0,0.000241,1,0,12.9749,8,0.002879,9,12.5778,0,0
2,48,sparse,apriltag,9,46003009,4,0,0.000173,1,0,12.9749,8,0.002879,9,12.5778,0,0
2,48,sparse,apriltag,9,46003009,5,0,0.000119,1,0,12.9749,8,0.002879,9,12.5778,0,0
2,48,sparse,apriltag,9,46003009,6,0,7.8e-05,1,0,12.9749,8,0.002879,9,12.5778,0,0
2,48,sparse,apriltag,9,46003009,7,0,3.2e-05,1,0,12.9749,8,0.002879,9,12.5778,0,0
2,48,sparse,apriltag,9,46003009,8,0,1.3e-05,1,0,12.9749,8,0.002879,9,12.5778,0,0
2,48,sparse,apriltag,10,46003010,0,1,0.000698,0,0,15.3557,2,0.00073,3,15.2564,0,0
2,48,sparse,apriltag,10,46003010,1,0,1.6e-05,0,0,15.3557,2,0.00073,3,15.2564,0,0
2,48,sparse,apriltag,10,46003010,2,0,1.4e-05,0,0,15.3557,2,0.00073,3,15.2564,0,0
2,48,sparse,apriltag,11,46003011,0,1,0.000581,0,0,14.4634,17,0.004424,18,13.6178,0,0
2,48,sparse,apriltag,11,46003011,1,0,0.000366,0,0,14.4634,17,0.004424,18,13.6178,0,0
2,48,sparse,apriltag,11,46003011,2,0,0.000351,0,0,14.4634,17,0.004424,18,13.6178,0,0
2,48,sparse,apriltag,11,46003011,3,0,0.000347,0,0,14.4634,17,0.004424,18,13.6178,0,0
2,48,sparse,apriltag,11,46003011,4,0,0.000337,0,0,14.4634,17,0.004424,18,13.6178,0,0
2,48,sparse,apriltag,11,46003011,5,0,0.000325,0,0,14.4634,17,0.004424,18,13.6178,0,0
2,48,sparse,apriltag,11,46003011,6,0,0.000316,0,0,14.4634,17,0.004424,18,13.6178,0,0
2,48,sparse,apriltag,11,46003011,7,0,0.000229,0,0,14.4634,17,0.004424,18,13.6178,0,0
2,48,sparse,apriltag,11,46003011,8,0,0.000179,0,0,14.4634,17,0.004424,18,13.6178,0,0
2,48,sparse,apriltag,11,46003011,9,0,0.000175,0,0,14.4634,17,0.004424,18,13.6178,0,0
2,48,sparse,apriltag,11,46003011,10,0,0.000172,0,0,14.4634,17,0.004424,18,13.6178,0,0
2,48,sparse,apriltag,11,46003011,11,0,0.000174,0,0,14.4634,17,0.004424,18,13.6178,0,0
2,48,sparse,apriltag,11,46003011,12,0,0.000169,0,0,14.4634,17,0.004424,18,13.6178,0,0
2,48,sparse,apriltag,11,46003011,13,0,0.000168,0,0,14.4634,17,0.004424,18,13.6178,0,0
2,48,sparse,apriltag,11,46003011,14,0,0.000167,0,0,14.4634,17,0.004424,18,13.6178,0,0
2,48,sparse,apriltag,11,46003011,15,0,0.000142,0,0,14.4634,17,0.004424,18,13.6178,0,0
2,48,sparse,apriltag,11,46003011,16,0,0.000118,0,0,14.4634,17,0.004424,18,13.6178,0,0
2,48,sparse,apriltag,11,46003011,17,0,9.5e-05,0,0,14.4634,17,0.004424,18,13.6178,0,0
2,48,sparse,full_suite,0,46004000,0,1,9.7e-05,0,0,2.3234,0,9.9e-05,1,2.3235,0,0
2,48,sparse,full_suite,1,46004001,0,1,0.000409,0,0,7.334,0,0.00041,1,7.3344,0,0
2,48,sparse,full_suite,2,46004002,0,1,0.000854,0,0,10.3475,0,0.000856,1,10.3484,0,0
2,48,sparse,full_suite,3,46004003,0,1,0.00016,1,0,6.7617,0,0.000161,1,6.7619,0,0
2,48,sparse,full_suite,4,46004004,0,1,0.00017,1,0,9.65,15,0.001625,16,8.9016,0,0
2,48,sparse,full_suite,4,46004004,1,0,0.000154,1,0,9.65,15,0.001625,16,8.9016,0,0
2,48,sparse,full_suite,4,46004004,2,0,0.000143,1,0,9.65,15,0.001625,16,8.9016,0,0
2,48,sparse,full_suite,4,46004004,3,0,0.000236,1,0,9.65,15,0.001625,16,8.9016,0,0
2,48,sparse,full_suite,4,46004004,4,0,0.000132,1,0,9.65,15,0.001625,16,8.9016,0,0
2,48,sparse,full_suite,4,46004004,5,0,0.000123,1,0,9.65,15,0.001625,16,8.9016,0,0
2,48,sparse,full_suite,4,46004004,6,0,0.000121,1,0,9.65,15,0.001625,16,8.9016,0,0
2,48,sparse,full_suite,4,46004004,7,0,0.000103,1,0,9.65,15,0.001625,16,8.9016,0,0
2,48,sparse,full_suite,4,46004004,8,0,9.3e-05,1,0,9.65,15,0.001625,16,8.9016,0,0
2,48,sparse,full_suite,4,46004004,9,0,8.3e-05,1,0,9.65,15,0.001625,16,8.9016,0,0
2,48,sparse,full_suite,4,46004004,10,0,7e-05,1,0,9.65,15,0.001625,16,8.9016,0,0
2,48,sparse,full_suite,4,46004004,11,0,6e-05,1,0,9.65,15,0.001625,16,8.9016,0,0
2,48,sparse,full_suite,4,46004004,12,0,4.9e-05,1,0,9.65,15,0.001625,16,8.9016,0,0
2,48,sparse,full_suite,4,46004004,13,0,3.8e-05,1,0,9.65,15,0.001625,16,8.9016,0,0
2,48,sparse,full_suite,4,46004004,14,0,2.6e-05,1,0,9.65,15,0.001625,16,8.9016,0,0
2,48,sparse,full_suite,4,46004004,15,0,1.6e-05,1,0,9.65,15,0.001625,16,8.9016,0,0
2,48,sparse,full_suite,5,46004005,0,1,0.000191,0,0,6.4884,0,0.000192,1,6.4886,0,0
2,48,sparse,full_suite,6,46004006,0,1,0.000713,0,0,6.225,9,0.00396,10,5.7789,0,0
2,48,sparse,full_suite,6,46004006,1,0,0.000517,0,0,6.225,9,0.00396,10,5.7789,0,0
2,48,sparse,full_suite,6,46004006,2,0,0.000479,0,0,6.225,9,0.00396,10,5.7789,0,0
2,48,sparse,full_suite,6,46004006,3,0,0.000458,0,0,6.225,9,0.00396,10,5.7789,0,0
2,48,sparse,full_suite,6,46004006,4,0,0.000419,0,0,6.225,9,0.00396,10,5.7789,0,0
2,48,sparse,full_suite,6,46004006,5,0,0.000324,0,0,6.225,9,0.00396,10,5.7789,0,0
2,48,sparse,full_suite,6,46004006,6,0,0.000298,0,0,6.225,9,0.00396,10,5.7789,0,0
2,48,sparse,full_suite,6,46004006,7,0,0.000269,0,0,6.225,9,0.00396,10,5.7789,0,0
2,48,sparse,full_suite,6,46004006,8,0,0.000248,0,0,6.225,9,0.00396,10,5.7789,0,0
2,48,sparse,full_suite,6,46004006,9,0,0.000224,0,0,6.225,9,0.00396,10,5.7789,0,0
2,48,sparse,full_suite,7,46004007,0,1,0.000104,1,0,4.0786,0,0.000105,1,4.0787,0,0
2,48,sparse,full_suite,8,46004008,0,1,0.000118,0,0,4.5309,0,0.000119,1,4.531,0,0
2,48,sparse,full_suite,9,46004009,0,1,0.000395,1,0,11.8642,10,0.001091,11,11.3653,0,0
2,48,sparse,full_suite,9,46004009,1,0,0.000167,1,0,11.8642,10,0.001091,11,11.3653,0,0
2,48,sparse,full_suite,9,46004009,2,0,0.000102,1,0,11.8642,10,0.001091,11,11.3653,0,0
2,48,sparse,full_suite,9,46004009,3,0,8.9e-05,1,0,11.8642,10,0.001091,11,11.3653,0,0
2,48,sparse,full_suite,9,46004009,4,0,7.8e-05,1,0,11.8642,10,0.001091,11,11.3653,0,0
2,48,sparse,full_suite,9,46004009,5,0,6.9e-05,1,0,11.8642,10,0.001091,11,11.3653,0,0
2,48,sparse,full_suite,9,46004009,6,0,5.8e-05,1,0,11.8642,10,0.001091,11,11.3653,0,0
2,48,sparse,full_suite,9,46004009,7,0,4.7e-05,1,0,11.8642,10,0.001091,11,11.3653,0,0
2,48,sparse,full_suite,9,46004009,8,0,3.7e-05,1,0,11.8642,10,0.001091,11,11.3653,0,0
2,48,sparse,full_suite,9,46004009,9,0,2.6e-05,1,0,11.8642,10,0.001091,11,11.3653,0,0
2,48,sparse,full_suite,9,46004009,10,0,1.6e-05,1,0,11.8642,10,0.001091,11,11.3653,0,0
2,48,sparse,full_suite,10,46004010,0,1,0.000778,0,0,14.4871,0,0.00078,1,14.4879,0,0
2,48,sparse,full_suite,11,46004011,0,1,0.00111,1,0,11.6882,0,0.001111,1,11.6893,0,0
2,48,cluttered,dead_reckoning,0,46100000,0,1,0.000186,0,0,3.7031,0,0.000187,1,3.7033,0,0
2,48,cluttered,dead_reckoning,1,46100001,0,1,0.00012,0,0,6.1042,0,0.00012,1,6.1043,0,0
2,48,cluttered,dead_reckoning,2,46100002,0,1,0.00058,1,0,10.0376,0,0.000581,1,10.0382,0,0
2,48,cluttered,dead_reckoning,3,46100003,0,1,0.000179,0,0,6.7833,0,0.000179,1,6.7835,0,0
2,48,cluttered,dead_reckoning,4,46100004,0,1,0.008417,0,0,6.0864,0,0.008428,1,6.0948,0,0
2,48,cluttered,dead_reckoning,5,46100005,0,1,0.003007,0,0,12.9956,0,0.003013,1,12.9986,0,0
2,48,cluttered,dead_reckoning,6,46100006,0,1,0.000598,0,0,14.4612,0,0.000599,1,14.4618,0,0
2,48,cluttered,dead_reckoning,7,46100007,0,1,0.003851,1,0,11.0004,0,0.003861,1,11.0043,0,0
2,48,cluttered,dead_reckoning,8,46100008,0,1,0.001212,0,0,15.2191,0,0.001215,1,15.2203,0,0
2,48,cluttered,dead_reckoning,9,46100009,0,1,0.001306,1,0,15.8954,0,0.001309,1,15.8967,0,0
2,48,cluttered,dead_reckoning,10,46100010,0,1,0.000845,0,0,8.118,0,0.000847,1,8.1188,0,0
2,48,cluttered,dead_reckoning,11,46100011,0,1,0.000684,1,0,8.7324,0,0.000686,1,8.7331,0,0
2,48,cluttered,odometry_pods,0,46101000,0,1,0.000227,0,0,1.8262,0,0.000228,1,1.8264,0,0
2,48,cluttered,odometry_pods,1,46101001,0,1,0.000346,1,0,5.3185,0,0.000348,1,5.3188,0,0
2,48,cluttered,odometry_pods,2,46101002,0,1,0.000744,0,0,13.5108,0,0.000746,1,13.5115,0,0
2,48,cluttered,odometry_pods,3,46101003,0,1,0.001338,0,0,14.9476,0,0.00134,1,14.9489,0,0
2,48,cluttered,odometry_pods,4,46101004,0,1,0.000319,0,0,11.73,0,0.000321,1,11.7303,0,0
2,48,cluttered,odometry_pods,5,46101005,0,1,0.000572,0,0,9.6095,0,0.000573,1,9.6101,0,0
2,48,cluttered,odometry_pods,6,46101006,0,1,0.000156,0,0,3.9458,0,0.000157,1,3.946,0,0
2,48,cluttered,odometry_pods,7,46101007,0,1,0.001007,0,0,12.772,0,0.001009,1,12.773,0,0
2,48,cluttered,odometry_pods,8,46101008,0,1,0.000232,0,0,3.5577,0,0.000233,1,3.5579,0,0
2,48,cluttered,odometry_pods,9,46101009,0,1,0.000502,0,0,9.3982,0,0.000503,1,9.3987,0,0
2,48,cluttered,odometry_pods,10,46101010,0,1,0.000647,0,0,11.7548,0,0.000649,1,11.7554,0,0
2,48,cluttered,odometry_pods,11,46101011,0,1,0.000189,0,0,5.1526,0,0.00019,1,5.1528,0,0
2,48,cluttered,distance_sensors,0,46102000,0,1,0.000328,0,0,12.2502,0,0.000329,1,12.2505,0,0
2,48,cluttered,distance_sensors,1,46102001,0,1,0.001934,0,0,16.8293,0,0.001938,1,16.8312,0,0
2,48,cluttered,distance_sensors,2,46102002,0,1,0.000392,0,0,3.5542,0,0.000393,1,3.5546,0,0
2,48,cluttered,distance_sensors,3,46102003,0,1,0.001087,0,0,1.6598,1,0.001754,2,1.6115,0,0
2,48,cluttered,distance_sensors,3,46102003,1,0,0.000661,0,0,1.6598,1,0.001754,2,1.6115,0,0
2,48,cluttered,distance_sensors,4,46102004,0,1,0.001798,0,0,15.9633,0,0.001825,1,15.9651,0,0
2,48,cluttered,distance_sensors,5,46102005,0,1,0.00014,0,0,1.8655,0,0.000141,1,1.8656,0,0
2,48,cluttered,distance_sensors,6,46102006,0,1,0.002796,1,0,16.0972,0,0.002801,1,16.1,0,0
2,48,cluttered,distance_sensors,7,46102007,0,1,0.002913,0,0,0.0,0,0.002922,1,0.0029,0,0
2,48,cluttered,distance_sensors,8,46102008,0,1,0.001373,0,0,13.6787,0,0.001376,1,13.6801,0,0
2,48,cluttered,distance_sensors,9,46102009,0,1,0.000268,0,0,12.9949,0,0.00027,1,12.9952,0,0
2,48,cluttered,distance_sensors,10,46102010,0,1,0.001688,0,0,14.9849,2,0.020529,3,14.9054,0,0
2,48,cluttered,distance_sensors,10,46102010,1,0,0.001086,0,0,14.9849,2,0.020529,3,14.9054,0,0
2,48,cluttered,distance_sensors,10,46102010,2,0,0.017707,0,0,14.9849,2,0.020529,3,14.9054,0,0
2,48,cluttered,distance_sensors,11,46102011,0,1,0.000422,0,0,1.8843,1,0.001021,2,1.8353,0,0
2,48,cluttered,distance_sensors,11,46102011,1,0,0.000595,0,0,1.8843,1,0.001021,2,1.8353,0,0
2,48,cluttered,apriltag,0,46103000,0,1,0.001414,0,0,12.4922,0,0.001416,1,12.4936,0,0
2,48,cluttered,apriltag,1,46103001,0,1,0.000689,0,0,14.5321,0,0.000691,1,14.5328,0,0
2,48,cluttered,apriltag,2,46103002,0,1,0.000738,1,0,13.882,0,0.00074,1,13.8827,0,0
2,48,cluttered,apriltag,3,46103003,0,1,0.000845,0,0,10.5708,0,0.000848,1,10.5716,0,0
2,48,cluttered,apriltag,4,46103004,0,1,0.000901,0,0,11.8095,0,0.000904,1,11.8104,0,0
2,48,cluttered,apriltag,5,46103005,0,1,0.000338,0,0,8.9823,0,0.000339,1,8.9826,0,0
2,48,cluttered,apriltag,6,46103006,0,1,0.000993,1,0,16.7214,0,0.000994,1,16.7224,0,0
2,48,cluttered,apriltag,7,46103007,0,1,0.000585,0,0,11.6941,0,0.000586,1,11.6947,0,0
2,48,cluttered,apriltag,8,46103008,0,1,0.000279,0,0,8.6487,0,0.00028,1,8.649,0,0
2,48,cluttered,apriltag,9,46103009,0,1,0.000721,0,0,9.212,0,0.000722,1,9.2127,0,0
2,48,cluttered,apriltag,10,46103010,0,1,0.001539,1,0,13.1658,0,0.001542,1,13.1673,0,0
2,48,cluttered,apriltag,11,46103011,0,1,0.001087,0,0,16.5353,0,0.001088,1,16.5364,0,0
2,48,cluttered,full_suite,0,46104000,0,1,0.001332,0,0,13.5187,2,0.002356,3,13.421,0,0
2,48,cluttered,full_suite,0,46104000,1,0,0.00069,0,0,13.5187,2,0.002356,3,13.421,0,0
2,48,cluttered,full_suite,0,46104000,2,0,0.000327,0,0,13.5187,2,0.002356,3,13.421,0,0
2,48,cluttered,full_suite,1,46104001,0,1,0.000484,0,0,9.103,0,0.000485,1,9.1035,0,0
2,48,cluttered,full_suite,2,46104002,0,1,0.000476,1,0,7.6829,0,0.000478,1,7.6834,0,0
2,48,cluttered,full_suite,3,46104003,0,1,0.000314,0,0,5.6718,0,0.000315,1,5.6721,0,0
2,48,cluttered,full_suite,4,46104004,0,1,7.7e-05,0,0,2.0884,0,7.8e-05,1,2.0885,0,0
2,48,cluttered,full_suite,5,46104005,0,1,0.000983,1,0,10.9523,0,0.000984,1,10.9533,0,0
2,48,cluttered,full_suite,6,46104006,0,1,0.000184,1,0,5.1286,0,0.000184,1,5.1288,0,0
2,48,cluttered,full_suite,7,46104007,0,1,0.000415,0,0,6.5629,0,0.000415,1,6.5633,0,0
2,48,cluttered,full_suite,8,46104008,0,1,0.00042,0,0,5.1496,7,0.001779,8,4.8014,0,0
2,48,cluttered,full_suite,8,46104008,1,0,0.000314,0,0,5.1496,7,0.001779,8,4.8014,0,0
2,48,cluttered,full_suite,8,46104008,2,0,0.000233,0,0,5.1496,7,0.001779,8,4.8014,0,0
2,48,cluttered,full_suite,8,46104008,3,0,0.000206,0,0,5.1496,7,0.001779,8,4.8014,0,0
2,48,cluttered,full_suite,8,46104008,4,0,0.000213,0,0,5.1496,7,0.001779,8,4.8014,0,0
2,48,cluttered,full_suite,8,46104008,5,0,0.00016,0,0,5.1496,7,0.001779,8,4.8014,0,0
2,48,cluttered,full_suite,8,46104008,6,0,0.000131,0,0,5.1496,7,0.001779,8,4.8014,0,0
2,48,cluttered,full_suite,8,46104008,7,0,9.5e-05,0,0,5.1496,7,0.001779,8,4.8014,0,0
2,48,cluttered,full_suite,9,46104009,0,1,0.000599,0,0,12.9626,3,0.001783,4,12.8144,0,0
2,48,cluttered,full_suite,9,46104009,1,0,0.000462,0,0,12.9626,3,0.001783,4,12.8144,0,0
2,48,cluttered,full_suite,9,46104009,2,0,0.000314,0,0,12.9626,3,0.001783,4,12.8144,0,0
2,48,cluttered,full_suite,9,46104009,3,0,0.000402,0,0,12.9626,3,0.001783,4,12.8144,0,0
2,48,cluttered,full_suite,10,46104010,0,1,0.000213,0,0,9.4663,0,0.000215,1,9.4665,0,0
2,48,cluttered,full_suite,11,46104011,0,1,0.000438,0,0,7.0146,0,0.000439,1,7.015,0,0
2,48,corridor,dead_reckoning,0,46200000,0,1,0.000459,0,0,17.5483,0,0.00046,1,17.5488,0,0
2,48,corridor,dead_reckoning,1,46200001,0,1,0.000957,0,0,12.5213,0,0.00096,1,12.5223,0,0
2,48,corridor,dead_reckoning,2,46200002,0,1,3.4e-05,0,0,1.4704,0,3.5e-05,1,1.4704,0,0
2,48,corridor,dead_reckoning,3,46200003,0,1,0.000647,0,0,8.9605,0,0.00065,1,8.9611,0,0
2,48,corridor,dead_reckoning,4,46200004,0,1,0.000197,0,0,5.0157,0,0.000198,1,5.0159,0,0
2,48,corridor,dead_reckoning,5,46200005,0,1,0.00036,0,0,11.425,0,0.000361,1,11.4254,0,0
2,48,corridor,dead_reckoning,6,46200006,0,1,0.000263,0,0,6.3906,0,0.000263,1,6.3909,0,0
2,48,corridor,dead_reckoning,7,46200007,0,1,0.000641,0,0,13.2551,0,0.000642,1,13.2557,0,0
2,48,corridor,dead_reckoning,8,46200008,0,1,0.001688,0,0,14.7388,0,0.00169,1,14.7405,0,0
2,48,corridor,dead_reckoning,9,46200009,0,1,0.000856,0,0,9.6583,0,0.000859,1,9.6592,0,0
2,48,corridor,dead_reckoning,10,46200010,0,1,0.003523,0,0,20.1483,0,0.003529,1,20.1518,0,0
2,48,corridor,dead_reckoning,11,46200011,0,1,0.000793,0,0,11.9056,0,0.000795,1,11.9064,0,0
2,48,corridor,odometry_pods,0,46201000,0,1,0.001942,0,0,10.4052,0,0.001946,1,10.4071,0,0
2,48,corridor,odometry_pods,1,46201001,0,1,0.000186,1,0,6.2144,0,0.000187,1,6.2146,0,0
2,48,corridor,odometry_pods,2,46201002,0,1,0.001063,1,0,12.651,0,0.001065,1,12.6521,0,0
2,48,corridor,odometry_pods,3,46201003,0,1,0.000592,0,0,11.8002,0,0.000592,1,11.8008,0,0
2,48,corridor,odometry_pods,4,46201004,0,1,0.000177,0,0,6.1113,0,0.000178,1,6.1115,0,0
2,48,corridor,odometry_pods,5,46201005,0,1,0.000887,0,0,10.8111,0,0.00089,1,10.812,0,0
2,48,corridor,odometry_pods,6,46201006,0,1,0.001374,0,0,13.6788,0,0.001375,1,13.6802,0,0
2,48,corridor,odometry_pods,7,46201007,0,1,0.000819,1,0,10.407,0,0.000821,1,10.4078,0,0
2,48,corridor,odometry_pods,8,46201008,0,1,0.001645,0,0,15.4981,0,0.001647,1,15.4997,0,0
2,48,corridor,odometry_pods,9,46201009,0,1,0.00048,0,0,7.8161,0,0.000481,1,7.8166,0,0
2,48,corridor,odometry_pods,10,46201010,0,1,0.000501,0,0,11.5645,0,0.000502,1,11.565,0,0
2,48,corridor,odometry_pods,11,46201011,0,1,0.000252,0,0,11.8045,0,0.000253,1,11.8048,0,0
2,48,corridor,distance_sensors,0,46202000,0,1,0.000418,1,0,6.9165,0,0.000419,1,6.9169,0,0
2,48,corridor,distance_sensors,1,46202001,0,1,0.001257,0,0,13.6323,0,0.00126,1,13.6336,0,0
2,48,corridor,distance_sensors,2,46202002,0,1,0.000568,0,0,11.2524,0,0.000569,1,11.253,0,0
2,48,corridor,distance_sensors,3,46202003,0,1,0.000179,0,0,10.7031,0,0.00018,1,10.7033,0,0
2,48,corridor,distance_sensors,4,46202004,0,1,0.00077,1,0,9.8847,0,0.000772,1,9.8855,0,0
2,48,corridor,distance_sensors,5,46202005,0,1,0.000513,1,0,12.3413,0,0.000514,1,12.3418,0,0
2,48,corridor,distance_sensors,6,46202006,0,1,0.001094,0,0,11.5937,0,0.001097,1,11.5948,0,0
2,48,corridor,distance_sensors,7,46202007,0,1,0.000254,0,0,12.4362,0,0.000255,1,12.4365,0,0
2,48,corridor,distance_sensors,8,46202008,0,1,0.00028,1,0,14.5236,0,0.000281,1,14.5239,0,0
2,48,corridor,distance_sensors,9,46202009,0,1,0.000968,0,0,13.2072,0,0.00097,1,13.2082,0,0
2,48,corridor,distance_sensors,10,46202010,0,1,0.000327,1,0,8.2863,0,0.000329,1,8.2866,0,0
2,48,corridor,distance_sensors,11,46202011,0,1,0.000767,0,0,9.4541,0,0.000769,1,9.4549,0,0
2,48,corridor,apriltag,0,46203000,0,1,5.7e-05,0,0,2.7608,0,5.8e-05,1,2.7609,0,0
2,48,corridor,apriltag,1,46203001,0,1,0.000502,0,0,9.2987,0,0.000503,1,9.2992,0,0
2,48,corridor,apriltag,2,46203002,0,1,0.000256,1,0,9.7104,3,0.000338,4,9.5607,0,0
2,48,corridor,apriltag,2,46203002,1,0,3.4e-05,1,0,9.7104,3,0.000338,4,9.5607,0,0
2,48,corridor,apriltag,2,46203002,2,0,3.2e-05,1,0,9.7104,3,0.000338,4,9.5607,0,0
2,48,corridor,apriltag,2,46203002,3,0,1.4e-05,1,0,9.7104,3,0.000338,4,9.5607,0,0
2,48,corridor,apriltag,3,46203003,0,1,6.9e-05,0,0,3.1975,0,7e-05,1,3.1976,0,0
2,48,corridor,apriltag,4,46203004,0,1,0.000625,0,0,7.9764,2,0.000722,3,7.8771,0,0
2,48,corridor,apriltag,4,46203004,1,0,6.3e-05,0,0,7.9764,2,0.000722,3,7.8771,0,0
2,48,corridor,apriltag,4,46203004,2,0,3.2e-05,0,0,7.9764,2,0.000722,3,7.8771,0,0
2,48,corridor,apriltag,5,46203005,0,1,0.000285,0,0,7.4417,0,0.000286,1,7.442,0,0
2,48,corridor,apriltag,6,46203006,0,1,0.000722,1,0,12.2924,0,0.000724,1,12.2931,0,0
2,48,corridor,apriltag,7,46203007,0,1,0.000334,0,0,6.1031,0,0.000334,1,6.1034,0,0
2,48,corridor,apriltag,8,46203008,0,1,0.000387,0,0,7.4166,0,0.000388,1,7.417,0,0
2,48,corridor,apriltag,9,46203009,0,1,0.000479,0,0,8.6107,0,0.000479,1,8.6112,0,0
2,48,corridor,apriltag,10,46203010,0,1,0.000416,1,0,9.1466,0,0.000416,1,9.147,0,0
2,48,corridor,apriltag,11,46203011,0,1,0.000683,0,0,10.1522,0,0.000684,1,10.1529,0,0
2,48,corridor,full_suite,0,46204000,0,1,0.001637,0,0,14.6072,0,0.001638,1,14.6088,0,0
2,48,corridor,full_suite,1,46204001,0,1,0.000285,0,0,13.0816,0,0.000286,1,13.0819,0,0
2,48,corridor,full_suite,2,46204002,0,1,0.000156,0,0,6.3278,0,0.000157,1,6.328,0,0
2,48,corridor,full_suite,3,46204003,0,1,0.000286,1,0,6.451,1,0.000305,2,6.4013,0,0
2,48,corridor,full_suite,3,46204003,1,0,1.8e-05,1,0,6.451,1,0.000305,2,6.4013,0,0
2,48,corridor,full_suite,4,46204004,0,1,0.001068,0,0,11.2079,0,0.00107,1,11.209,0,0
2,48,corridor,full_suite,5,46204005,0,1,0.000138,0,0,4.733,0,0.000139,1,4.7331,0,0
2,48,corridor,full_suite,6,46204006,0,1,0.000396,0,0,7.598,0,0.000397,1,7.5984,0,0
2,48,corridor,full_suite,7,46204007,0,1,0.00023,1,0,5.4093,0,0.000231,1,5.4095,0,0
2,48,corridor,full_suite,8,46204008,0,1,0.00106,0,0,11.9581,0,0.001062,1,11.9592,0,0
2,48,corridor,full_suite,9,46204009,0,1,0.000719,0,0,13.1605,0,0.000721,1,13.1612,0,0
2,48,corridor,full_suite,10,46204010,0,1,0.000481,0,0,9.6586,0,0.000482,1,9.6591,0,0
2,48,corridor,full_suite,11,46204011,0,1,0.000395,0,0,7.1019,0,0.000395,1,7.1023,0,0
4,96,sparse,dead_reckoning,0,48000000,0,1,0.000148,0,0,4.3984,0,0.000149,1,4.3985,0,0
4,96,sparse,dead_reckoning,1,48000001,0,1,0.000434,0,0,11.0695,0,0.000436,1,11.0699,0,0
4,96,sparse,dead_reckoning,2,48000002,0,1,0.000208,0,0,4.3965,0,0.000209,1,4.3967,0,0
4,96,sparse,dead_reckoning,3,48000003,0,1,0.000668,0,0,18.1752,0,0.000669,1,18.1759,0,0
4,96,sparse,dead_reckoning,4,48000004,0,1,0.000608,1,0,10.877,0,0.00061,1,10.8776,0,0
4,96,sparse,dead_reckoning,5,48000005,0,1,0.001584,0,0,15.108,0,0.001588,1,15.1096,0,0
4,96,sparse,dead_reckoning,6,48000006,0,1,0.000218,0,0,5.4726,0,0.000219,1,5.4728,0,0
4,96,sparse,dead_reckoning,7,48000007,0,1,0.000708,0,0,8.7082,0,0.00071,1,8.7089,0,0
4,96,sparse,dead_reckoning,8,48000008,0,1,0.000288,0,0,7.0556,0,0.000289,1,7.0559,0,0
4,96,sparse,dead_reckoning,9,48000009,0,1,0.001246,0,0,16.2501,0,0.001248,1,16.2513,0,0
4,96,sparse,dead_reckoning,10,48000010,0,1,0.00175,0,0,17.5508,0,0.001754,1,17.5525,0,0
4,96,sparse,dead_reckoning,11,48000011,0,1,0.001001,0,0,18.5974,0,0.001003,1,18.5984,0,0
4,96,sparse,odometry_pods,0,48001000,0,1,0.000478,0,0,9.198,0,0.00048,1,9.1985,0,0
4,96,sparse,odometry_pods,1,48001001,0,1,0.000229,0,0,7.2624,0,0.00023,1,7.2626,0,0
4,96,sparse,odometry_pods,2,48001002,0,1,0.000586,0,0,9.9313,0,0.000588,1,9.9319,0,0
4,96,sparse,odometry_pods,3,48001003,0,1,0.000812,0,0,13.5569,0,0.000814,1,13.5577,0,0
4,96,sparse,odometry_pods,4,48001004,0,1,0.000505,0,0,15.865,0,0.000507,1,15.8655,0,0
4,96,sparse,odometry_pods,5,48001005,0,1,0.000389,1,0,10.214,0,0.00039,1,10.2144,0,0
4,96,sparse,odometry_pods,6,48001006,0,1,0.000812,0,0,13.2899,0,0.000814,1,13.2907,0,0
4,96,sparse,odometry_pods,7,48001007,0,1,0.000258,1,0,4.7948,0,0.000258,1,4.7951,0,0
4,96,sparse,odometry_pods,8,48001008,0,1,0.000249,0,0,5.2211,0,0.000249,1,5.2213,0,0
4,96,sparse,odometry_pods,9,48001009,0,1,0.000516,1,0,9.5108,0,0.000517,1,9.5113,0,0
4,96,sparse,odometry_pods,10,48001010,0,1,0.001245,0,0,4.954,0,0.001247,1,4.9552,0,0
4,96,sparse,odometry_pods,11,48001011,0,1,0.001307,0,0,12.9868,0,0.00131,1,12.9881,0,0
4,96,sparse,distance_sensors,0,48002000,0,1,0.0003,0,0,7.9793,0,0.000302,1,7.9796,0,0
4,96,sparse,distance_sensors,1,48002001,0,1,0.001574,0,0,14.7862,0,0.001577,1,14.7878,0,0
4,96,sparse,distance_sensors,2,48002002,0,1,0.000114,0,0,3.8176,0,0.000114,1,3.8177,0,0
4,96,sparse,distance_sensors,3,48002003,0,1,0.00039,0,0,12.5908,0,0.000392,1,12.5912,0,0
4,96,sparse,distance_sensors,4,48002004,0,1,0.000591,0,0,14.988,0,0.000592,1,14.9886,0,0
4,96,sparse,distance_sensors,5,48002005,0,1,0.001696,0,0,16.0298,0,0.001699,1,16.0315,0,0
4,96,sparse,distance_sensors,6,48002006,0,1,0.001349,0,0,16.8787,0,0.00135,1,16.88,0,0
4,96,sparse,distance_sensors,7,48002007,0,1,8e-05,0,0,2.0884,0,8.1e-05,1,2.0885,0,0
4,96,sparse,distance_sensors,8,48002008,0,1,0.001635,0,0,13.5976,0,0.001638,1,13.5992,0,0
4,96,sparse,distance_sensors,9,48002009,0,1,0.001083,0,0,16.4832,0,0.001086,1,16.4843,0,0
4,96,sparse,distance_sensors,10,48002010,0,1,0.001502,0,0,15.3977,0,0.001505,1,15.3992,0,0
4,96,sparse,distance_sensors,11,48002011,0,1,0.000995,0,0,12.4694,0,0.000998,1,12.4704,0,0
4,96,sparse,apriltag,0,48003000,0,1,0.000203,0,0,5.6946,0,0.000204,1,5.6948,0,0
4,96,sparse,apriltag,1,48003001,0,1,0.000718,1,0,12.5659,0,0.00072,1,12.5666,0,0
4,96,sparse,apriltag,2,48003002,0,1,0.001275,0,0,12.3039,0,0.001277,1,12.3052,0,0
4,96,sparse,apriltag,3,48003003,0,1,0.000814,0,0,10.7306,0,0.000816,1,10.7314,0,0
4,96,sparse,apriltag,4,48003004,0,1,0.000676,0,0,11.2258,0,0.000677,1,11.2265,0,0
4,96,sparse,apriltag,5,48003005,0,1,0.000452,0,0,7.6146,0,0.000453,1,7.6151,0,0
4,96,sparse,apriltag,6,48003006,0,1,0.001243,0,0,12.8156,0,0.001245,1,12.8168,0,0
4,96,sparse,apriltag,7,48003007,0,1,0.002138,1,0,15.7977,0,0.002142,1,15.7998,0,0
4,96,sparse,apriltag,8,48003008,0,1,3.6e-05,0,0,1.3523,0,3.7e-05,1,1.3523,0,0
4,96,sparse,apriltag,9,48003009,0,1,0.000677,0,0,14.7561,0,0.000678,1,14.7568,0,0
4,96,sparse,apriltag,10,48003010,0,1,0.000578,0,0,5.3228,0,0.000579,1,5.3234,0,0
4,96,sparse,apriltag,11,48003011,0,1,0.000248,1,0,14.8344,0,0.000249,1,14.8346,0,0
4,96,sparse,full_suite,0,48004000,0,1,0.000966,1,0,12.0063,15,0.007002,16,11.2633,0,0
4,96,sparse,full_suite,0,48004000,1,0,0.000806,1,0,12.0063,15,0.007002,16,11.2633,0,0
4,96,sparse,full_suite,0,48004000,2,0,0.000803,1,0,12.0063,15,0.007002,16,11.2633,0,0
4,96,sparse,full_suite,0,48004000,3,0,0.00072,1,0,12.0063,15,0.007002,16,11.2633,0,0
4,96,sparse,full_suite,0,48004000,4,0,0.000644,1,0,12.0063,15,0.007002,16,11.2633,0,0
4,96,sparse,full_suite,0,48004000,5,0,0.000594,1,0,12.0063,15,0.007002,16,11.2633,0,0
4,96,sparse,full_suite,0,48004000,6,0,0.000542,1,0,12.0063,15,0.007002,16,11.2633,0,0
4,96,sparse,full_suite,0,48004000,7,0,0.000424,1,0,12.0063,15,0.007002,16,11.2633,0,0
4,96,sparse,full_suite,0,48004000,8,0,0.00034,1,0,12.0063,15,0.007002,16,11.2633,0,0
4,96,sparse,full_suite,0,48004000,9,0,0.000261,1,0,12.0063,15,0.007002,16,11.2633,0,0
4,96,sparse,full_suite,0,48004000,10,0,0.000201,1,0,12.0063,15,0.007002,16,11.2633,0,0
4,96,sparse,full_suite,0,48004000,11,0,0.000101,1,0,12.0063,15,0.007002,16,11.2633,0,0
4,96,sparse,full_suite,0,48004000,12,0,0.000186,1,0,12.0063,15,0.007002,16,11.2633,0,0
4,96,sparse,full_suite,0,48004000,13,0,0.00016,1,0,12.0063,15,0.007002,16,11.2633,0,0
4,96,sparse,full_suite,0,48004000,14,0,0.000131,1,0,12.0063,15,0.007002,16,11.2633,0,0
4,96,sparse,full_suite,0,48004000,15,0,9.6e-05,1,0,12.0063,15,0.007002,16,11.2633,0,0
4,96,sparse,full_suite,1,48004001,0,1,0.000775,1,0,8.9145,0,0.000777,1,8.9153,0,0
4,96,sparse,full_suite,2,48004002,0,1,0.001576,1,0,12.7721,0,0.001579,1,12.7737,0,0
4,96,sparse,full_suite,3,48004003,0,1,0.000264,1,0,6.3109,0,0.000264,1,6.3112,0,0
4,96,sparse,full_suite,4,48004004,0,1,0.001366,1,0,13.0602,18,0.0096,19,12.1698,0,0
4,96,sparse,full_suite,4,48004004,1,0,0.001227,1,0,13.0602,18,0.0096,19,12.1698,0,0
4,96,sparse,full_suite,4,48004004,2,0,0.000841,1,0,13.0602,18,0.0096,19,12.1698,0,0
4,96,sparse,full_suite,4,48004004,3,0,0.000788,1,0,13.0602,18,0.0096,19,12.1698,0,0
4,96,sparse,full_suite,4,48004004,4,0,0.00081,1,0,13.0602,18,0.0096,19,12.1698,0,0
4,96,sparse,full_suite,4,48004004,5,0,0.000765,1,0,13.0602,18,0.0096,19,12.1698,0,0
4,96,sparse,full_suite,4,48004004,6,0,0.000743,1,0,13.0602,18,0.0096,19,12.1698,0,0
4,96,sparse,full_suite,4,48004004,7,0,0.000637,1,0,13.0602,18,0.0096,19,12.1698,0,0
4,96,sparse,full_suite,4,48004004,8,0,0.000541,1,0,13.0602,18,0.0096,19,12.1698,0,0
4,96,sparse,full_suite,4,48004004,9,0,0.00044,1,0,13.0602,18,0.0096,19,12.1698,0,0
4,96,sparse,full_suite,4,48004004,10,0,0.000344,1,0,13.0602,18,0.0096,19,12.1698,0,0
4,96,sparse,full_suite,4,48004004,11,0,0.00025,1,0,13.0602,18,0.0096,19,12.1698,0,0
4,96,sparse,full_suite,4,48004004,12,0,0.000157,1,0,13.0602,18,0.0096,19,12.1698,0,0
4,96,sparse,full_suite,4,48004004,13,0,0.000141,1,0,13.0602,18,0.0096,19,12.1698,0,0
4,96,sparse,full_suite,4,48004004,14,0,0.000132,1,0,13.0602,18,0.0096,19,12.1698,0,0
4,96,sparse,full_suite,4,48004004,15,0,0.000108,1,0,13.0602,18,0.0096,19,12.1698,0,0
4,96,sparse,full_suite,4,48004004,16,0,9.3e-05,1,0,13.0602,18,0.0096,19,12.1698,0,0
4,96,sparse,full_suite,4,48004004,17,0,8.4e-05,1,0,13.0602,18,0.0096,19,12.1698,0,0
4,96,sparse,full_suite,4,48004004,18,0,9.9e-05,1,0,13.0602,18,0.0096,19,12.1698,0,0
4,96,sparse,full_suite,5,48004005,0,1,0.001047,0,0,11.0669,0,0.001049,1,11.0679,0,0
4,96,sparse,full_suite,6,48004006,0,1,0.000553,0,0,8.345,0,0.000555,1,8.3456,0,0
4,96,sparse,full_suite,7,48004007,0,1,0.00032,1,0,5.3185,0,0.000321,1,5.3188,0,0
4,96,sparse,full_suite,8,48004008,0,1,0.000576,1,0,8.461,0,0.000577,1,8.4616,0,0
4,96,sparse,full_suite,9,48004009,0,1,0.000347,0,0,8.4142,0,0.000348,1,8.4145,0,0
4,96,sparse,full_suite,10,48004010,0,1,8.7e-05,0,0,2.9327,0,8.8e-05,1,2.9328,0,0
4,96,sparse,full_suite,11,48004011,0,1,0.001581,0,0,13.6095,0,0.001584,1,13.6111,0,0
4,96,cluttered,dead_reckoning,0,48100000,0,1,0.001633,1,0,14.54,0,0.001637,1,14.5416,0,0
4,96,cluttered,dead_reckoning,1,48100001,0,1,0.000377,0,0,13.2708,0,0.000378,1,13.2712,0,0
4,96,cluttered,dead_reckoning,2,48100002,0,1,0.001261,0,0,15.7207,0,0.001265,1,15.722,0,0
4,96,cluttered,dead_reckoning,3,48100003,0,1,0.001156,0,0,19.074,0,0.001158,1,19.0752,0,0
4,96,cluttered,dead_reckoning,4,48100004,0,1,0.000644,0,0,15.5669,0,0.000646,1,15.5675,0,0
4,96,cluttered,dead_reckoning,5,48100005,0,1,0.000199,0,0,5.3797,0,0.0002,1,5.3799,0,0
4,96,cluttered,dead_reckoning,6,48100006,0,1,0.000176,0,0,5.7051,0,0.000177,1,5.7053,0,0
4,96,cluttered,dead_reckoning,7,48100007,0,1,0.000822,0,0,15.2008,0,0.000824,1,15.2016,0,0
4,96,cluttered,dead_reckoning,8,48100008,0,1,0.000714,0,0,14.7869,0,0.000716,1,14.7876,0,0
4,96,cluttered,dead_reckoning,9,48100009,0,1,0.001555,0,0,15.9046,0,0.001557,1,15.9062,0,0
4,96,cluttered,dead_reckoning,10,48100010,0,1,0.00053,1,0,7.7606,0,0.000532,1,7.7611,0,0
4,96,cluttered,dead_reckoning,11,48100011,0,1,0.000124,1,0,2.9669,0,0.000125,1,2.967,0,0
4,96,cluttered,odometry_pods,0,48101000,0,1,0.001017,0,0,15.664,0,0.001018,1,15.665,0,0
4,96,cluttered,odometry_pods,1,48101001,0,1,0.000165,0,0,3.9,0,0.000166,1,3.9002,0,0
4,96,cluttered,odometry_pods,2,48101002,0,1,0.000723,0,0,9.0252,0,0.000726,1,9.0259,0,0
4,96,cluttered,odometry_pods,3,48101003,0,1,0.000949,1,0,10.0567,0,0.000952,1,10.0576,0,0
4,96,cluttered,odometry_pods,4,48101004,0,1,0.00066,0,0,8.797,0,0.000663,1,8.7977,0,0
4,96,cluttered,odometry_pods,5,48101005,0,1,0.000627,0,0,12.1002,0,0.000629,1,12.1008,0,0
4,96,cluttered,odometry_pods,6,48101006,0,1,0.001062,1,0,11.7162,0,0.001065,1,11.7173,0,0
4,96,cluttered,odometry_pods,7,48101007,0,1,0.000492,0,0,13.8086,0,0.000493,1,13.8091,0,0
4,96,cluttered,odometry_pods,8,48101008,0,1,0.000303,0,0,9.4048,0,0.000304,1,9.4051,0,0
4,96,cluttered,odometry_pods,9,48101009,0,1,0.000486,1,0,12.6218,0,0.000487,1,12.6223,0,0
4,96,cluttered,odometry_pods,10,48101010,0,1,0.00044,0,0,8.529,0,0.000441,1,8.5294,0,0
4,96,cluttered,odometry_pods,11,48101011,0,1,0.002068,0,0,15.9174,0,0.002072,1,15.9195,0,0
4,96,cluttered,distance_sensors,0,48102000,0,1,0.000198,0,0,4.5748,0,0.000199,1,4.575,0,0
4,96,cluttered,distance_sensors,1,48102001,0,1,0.00019,0,0,9.5114,0,0.000191,1,9.5116,0,0
4,96,cluttered,distance_sensors,2,48102002,0,1,0.001018,0,0,14.8412,0,0.00102,1,14.8422,0,0
4,96,cluttered,distance_sensors,3,48102003,0,1,0.000119,0,0,4.7689,0,0.00012,1,4.769,0,0
4,96,cluttered,distance_sensors,4,48102004,0,1,0.00011,0,0,3.2263,0,0.000111,1,3.2264,0,0
4,96,cluttered,distance_sensors,5,48102005,0,1,0.000757,0,0,11.0948,0,0.000759,1,11.0956,0,0
4,96,cluttered,distance_sensors,6,48102006,0,1,0.001058,1,0,12.9447,0,0.00106,1,12.9458,0,0
4,96,cluttered,distance_sensors,7,48102007,0,1,0.000438,0,0,12.0612,0,0.000439,1,12.0616,0,0
4,96,cluttered,distance_sensors,8,48102008,0,1,0.000706,0,0,10.1653,0,0.000708,1,10.166,0,0
4,96,cluttered,distance_sensors,9,48102009,0,1,0.000959,0,0,12.0679,0,0.000962,1,12.0689,0,0
4,96,cluttered,distance_sensors,10,48102010,0,1,0.000201,0,0,7.7837,0,0.000202,1,7.7839,0,0
4,96,cluttered,distance_sensors,11,48102011,0,1,0.000216,0,0,6.3454,0,0.000217,1,6.3456,0,0
4,96,cluttered,apriltag,0,48103000,0,1,0.001283,0,0,18.8597,0,0.001285,1,18.861,0,0
4,96,cluttered,apriltag,1,48103001,0,1,8.1e-05,0,0,3.633,0,8.1e-05,1,3.6331,0,0
4,96,cluttered,apriltag,2,48103002,0,1,0.000573,0,0,11.5549,0,0.000574,1,11.5555,0,0
4,96,cluttered,apriltag,3,48103003,0,1,0.000246,0,0,8.9881,0,0.000247,1,8.9883,0,0
4,96,cluttered,apriltag,4,48103004,0,1,0.000689,0,0,11.956,0,0.00069,1,11.9567,0,0
4,96,cluttered,apriltag,5,48103005,0,1,0.001469,0,0,14.0984,0,0.001471,1,14.0999,0,0
4,96,cluttered,apriltag,6,48103006,0,1,0.000802,0,0,11.3494,0,0.000804,1,11.3502,0,0
4,96,cluttered,apriltag,7,48103007,0,1,0.001344,0,0,15.536,0,0.001346,1,15.5373,0,0
4,96,cluttered,apriltag,8,48103008,0,1,0.001484,0,0,18.2735,0,0.001488,1,18.275,0,0
4,96,cluttered,apriltag,9,48103009,0,1,0.000924,0,0,13.4433,0,0.000926,1,13.4442,0,0
4,96,cluttered,apriltag,10,48103010,0,1,0.000469,1,0,10.5546,0,0.000471,1,10.5551,0,0
4,96,cluttered,apriltag,11,48103011,0,1,0.00105,0,0,12.0081,0,0.001052,1,12.0091,0,0
4,96,cluttered,full_suite,0,48104000,0,1,0.000982,0,0,12.0438,0,0.000985,1,12.0448,0,0
4,96,cluttered,full_suite,1,48104001,0,1,0.001786,0,0,14.2508,0,0.00179,1,14.2526,0,0
4,96,cluttered,full_suite,2,48104002,0,1,0.000774,0,0,10.606,0,0.000776,1,10.6068,0,0
4,96,cluttered,full_suite,3,48104003,0,1,0.000536,0,0,7.5893,0,0.000538,1,7.5898,0,0
4,96,cluttered,full_suite,4,48104004,0,1,0.000474,0,0,13.7164,0,0.000476,1,13.7169,0,0
4,96,cluttered,full_suite,5,48104005,0,1,0.000756,1,0,11.9562,0,0.000759,1,11.957,0,0
4,96,cluttered,full_suite,6,48104006,0,1,0.00145,0,0,16.3172,0,0.001454,1,16.3186,0,0
4,96,cluttered,full_suite,7,48104007,0,1,0.000686,0,0,12.8149,0,0.000687,1,12.8156,0,0
4,96,cluttered,full_suite,8,48104008,0,1,0.000871,0,0,10.335,0,0.000874,1,10.3359,0,0
4,96,cluttered,full_suite,9,48104009,0,1,0.001199,0,0,11.9782,0,0.001201,1,11.9794,0,0
4,96,cluttered,full_suite,10,48104010,0,1,0.000289,0,0,7.3163,0,0.000291,1,7.3166,0,0
4,96,cluttered,full_suite,11,48104011,0,1,0.001108,1,0,11.7529,0,0.001111,1,11.754,0,0
4,96,corridor,dead_reckoning,0,48200000,0,1,0.000176,0,0,4.2147,0,0.000176,1,4.2149,0,0
4,96,corridor,dead_reckoning,1,48200001,0,1,0.001057,0,0,9.5389,0,0.00106,1,9.54,0,0
4,96,corridor,dead_reckoning,2,48200002,0,1,0.001226,0,0,14.6644,0,0.001228,1,14.6656,0,0
4,96,corridor,dead_reckoning,3,48200003,0,1,0.000397,0,0,9.5056,0,0.000398,1,9.506,0,0
4,96,corridor,dead_reckoning,4,48200004,0,1,0.000626,0,0,11.9912,0,0.000628,1,11.9918,0,0
4,96,corridor,dead_reckoning,5,48200005,0,1,0.000436,0,0,13.8075,0,0.000438,1,13.8079,0,0
4,96,corridor,dead_reckoning,6,48200006,0,1,0.001469,0,0,16.9196,0,0.001473,1,16.9211,0,0
4,96,corridor,dead_reckoning,7,48200007,0,1,0.001396,0,0,15.2649,0,0.001398,1,15.2663,0,0
4,96,corridor,dead_reckoning,8,48200008,0,1,0.000534,0,0,8.6392,0,0.000536,1,8.6397,0,0
4,96,corridor,dead_reckoning,9,48200009,0,1,0.00046,0,0,9.4271,0,0.000461,1,9.4276,0,0
4,96,corridor,dead_reckoning,10,48200010,0,1,0.000395,0,0,7.7065,0,0.000397,1,7.7069,0,0
4,96,corridor,dead_reckoning,11,48200011,0,1,0.00199,0,0,6.043,0,0.001992,1,6.045,0,0
4,96,corridor,odometry_pods,0,48201000,0,1,0.000972,0,0,12.2872,0,0.000975,1,12.2882,0,0
4,96,corridor,odometry_pods,1,48201001,0,1,0.000671,0,0,7.0216,0,0.000673,1,7.0223,0,0
4,96,corridor,odometry_pods,2,48201002,0,1,0.000786,0,0,11.8709,0,0.000788,1,11.8717,0,0
4,96,corridor,odometry_pods,3,48201003,0,1,7.8e-05,0,0,2.7408,0,7.9e-05,1,2.7409,0,0
4,96,corridor,odometry_pods,4,48201004,0,1,0.001921,0,0,15.1002,0,0.001925,1,15.1021,0,0
4,96,corridor,odometry_pods,5,48201005,0,1,0.000468,0,0,8.9733,0,0.00047,1,8.9738,0,0
4,96,corridor,odometry_pods,6,48201006,0,1,0.000961,0,0,10.6426,0,0.000964,1,10.6436,0,0
4,96,corridor,odometry_pods,7,48201007,0,1,0.001639,0,0,15.7099,0,0.001642,1,15.7115,0,0
4,96,corridor,odometry_pods,8,48201008,0,1,0.000407,0,0,7.3023,0,0.000409,1,7.3027,0,0
4,96,corridor,odometry_pods,9,48201009,0,1,0.000433,0,0,13.7216,0,0.000434,1,13.722,0,0
4,96,corridor,odometry_pods,10,48201010,0,1,0.001032,1,0,10.8413,0,0.001035,1,10.8423,0,0
4,96,corridor,odometry_pods,11,48201011,0,1,0.001066,0,0,9.5371,0,0.001068,1,9.5382,0,0
4,96,corridor,distance_sensors,0,48202000,0,1,0.000497,0,0,8.3014,0,0.000499,1,8.3019,0,0
4,96,corridor,distance_sensors,1,48202001,0,1,0.00149,0,0,15.2342,0,0.001495,1,15.2357,0,0
4,96,corridor,distance_sensors,2,48202002,0,1,0.000476,0,0,9.2969,0,0.000478,1,9.2974,0,0
4,96,corridor,distance_sensors,3,48202003,0,1,0.001635,0,0,16.5276,0,0.001637,1,16.5292,0,0
4,96,corridor,distance_sensors,4,48202004,0,1,0.000701,1,0,13.6112,0,0.000703,1,13.6119,0,0
4,96,corridor,distance_sensors,5,48202005,0,1,0.000429,0,0,10.5788,1,0.000676,2,10.5295,0,0
4,96,corridor,distance_sensors,5,48202005,1,0,0.000244,0,0,10.5788,1,0.000676,2,10.5295,0,0
4,96,corridor,distance_sensors,6,48202006,0,1,0.000585,1,0,12.2536,0,0.000587,1,12.2542,0,0
4,96,corridor,distance_sensors,7,48202007,0,1,0.000824,0,0,9.1289,0,0.000826,1,9.1297,0,0
4,96,corridor,distance_sensors,8,48202008,0,1,0.000505,0,0,7.8161,0,0.000506,1,7.8166,0,0
4,96,corridor,distance_sensors,9,48202009,0,1,9e-05,0,0,2.3586,0,9.1e-05,1,2.3587,0,0
4,96,corridor,distance_sensors,10,48202010,0,1,0.00061,0,0,8.5372,0,0.000611,1,8.5378,0,0
4,96,corridor,distance_sensors,11,48202011,0,1,0.001176,0,0,18.1045,0,0.001179,1,18.1057,0,0
4,96,corridor,apriltag,0,48203000,0,1,0.001831,0,0,16.1303,0,0.001833,1,16.1321,0,0
4,96,corridor,apriltag,1,48203001,0,1,0.000254,0,0,8.1445,0,0.000255,1,8.1448,0,0
4,96,corridor,apriltag,2,48203002,0,1,0.000852,0,0,18.7713,0,0.000854,1,18.7722,0,0
4,96,corridor,apriltag,3,48203003,0,1,0.000253,0,0,5.8689,0,0.000254,1,5.8692,0,0
4,96,corridor,apriltag,4,48203004,0,1,0.001242,0,0,13.3294,0,0.001246,1,13.3306,0,0
4,96,corridor,apriltag,5,48203005,0,1,0.000152,0,0,8.3856,0,0.000152,1,8.3858,0,0
4,96,corridor,apriltag,6,48203006,0,1,0.000814,1,0,9.5256,0,0.000817,1,9.5264,0,0
4,96,corridor,apriltag,7,48203007,0,1,0.001829,0,0,18.9845,0,0.001832,1,18.9863,0,0
4,96,corridor,apriltag,8,48203008,0,1,0.001375,0,0,14.4859,0,0.001378,1,14.4873,0,0
4,96,corridor,apriltag,9,48203009,0,1,0.001281,0,0,13.5014,0,0.001284,1,13.5027,0,0
4,96,corridor,apriltag,10,48203010,0,1,0.001435,1,0,16.2685,0,0.001438,1,16.2699,0,0
4,96,corridor,apriltag,11,48203011,0,1,0.000528,0,0,8.6464,0,0.000529,1,8.6469,0,0
4,96,corridor,full_suite,0,48204000,0,1,0.000678,0,0,10.9996,0,0.00068,1,11.0003,0,0
4,96,corridor,full_suite,1,48204001,0,1,0.000812,0,0,14.0391,0,0.000815,1,14.0399,0,0
4,96,corridor,full_suite,2,48204002,0,1,0.000111,0,0,3.7525,0,0.000112,1,3.7526,0,0
4,96,corridor,full_suite,3,48204003,0,1,0.000172,0,0,7.5231,0,0.000173,1,7.5233,0,0
4,96,corridor,full_suite,4,48204004,0,1,0.001887,0,0,15.2958,0,0.001892,1,15.2977,0,0
4,96,corridor,full_suite,5,48204005,0,1,0.000444,0,0,9.2224,0,0.000446,1,9.2228,0,0
4,96,corridor,full_suite,6,48204006,0,1,0.001398,0,0,13.0414,0,0.001402,1,13.0428,0,0
4,96,corridor,full_suite,7,48204007,0,1,0.000373,0,0,8.1062,0,0.000375,1,8.1066,0,0
4,96,corridor,full_suite,8,48204008,0,1,0.000135,0,0,5.8797,0,0.000136,1,5.8798,0,0
4,96,corridor,full_suite,9,48204009,0,1,0.000861,0,0,9.44,0,0.000865,1,9.4409,0,0
4,96,corridor,full_suite,10,48204010,0,1,0.000483,0,0,10.5453,0,0.000484,1,10.5458,0,0
4,96,corridor,full_suite,11,48204011,0,1,0.000815,0,0,10.5162,0,0.000818,1,10.517,0,0
8,192,sparse,dead_reckoning,0,52000000,0,1,0.000374,0,0,11.9568,0,0.000376,1,11.9572,0,0
8,192,sparse,dead_reckoning,1,52000001,0,1,0.001413,0,0,14.1823,0,0.001416,1,14.1837,0,0
8,192,sparse,dead_reckoning,2,52000002,0,1,0.000142,0,0,9.1191,0,0.000144,1,9.1192,0,0
8,192,sparse,dead_reckoning,3,52000003,0,1,0.000217,1,0,6.5262,0,0.000218,1,6.5264,0,0
8,192,sparse,dead_reckoning,4,52000004,0,1,0.000368,0,0,6.9311,0,0.000369,1,6.9315,0,0
8,192,sparse,dead_reckoning,5,52000005,0,1,0.000855,0,0,13.6557,0,0.000858,1,13.6566,0,0
8,192,sparse,dead_reckoning,6,52000006,0,1,0.001077,0,0,14.3497,0,0.001079,1,14.3508,0,0
8,192,sparse,dead_reckoning,7,52000007,0,1,0.001709,0,0,17.4023,0,0.001713,1,17.404,0,0
8,192,sparse,dead_reckoning,8,52000008,0,1,0.00161,0,0,15.1082,0,0.001614,1,15.1098,0,0
8,192,sparse,dead_reckoning,9,52000009,0,1,0.001355,0,0,14.9493,0,0.001359,1,14.9507,0,0
8,192,sparse,dead_reckoning,10,52000010,0,1,0.000719,0,0,13.2871,0,0.000721,1,13.2878,0,0
8,192,sparse,dead_reckoning,11,52000011,0,1,0.000582,0,0,12.9303,0,0.000584,1,12.9309,0,0
8,192,sparse,odometry_pods,0,52001000,0,1,0.001297,1,0,12.4879,0,0.0013,1,12.4892,0,0
8,192,sparse,odometry_pods,1,52001001,0,1,0.000487,0,0,8.7611,0,0.000489,1,8.7616,0,0
8,192,sparse,odometry_pods,2,52001002,0,1,0.001265,1,0,12.7116,0,0.001268,1,12.7129,0,0
8,192,sparse,odometry_pods,3,52001003,0,1,0.000902,1,0,13.3048,0,0.000905,1,13.3057,0,0
8,192,sparse,odometry_pods,4,52001004,0,1,0.001608,1,0,13.8326,0,0.001613,1,13.8342,0,0
8,192,sparse,odometry_pods,5,52001005,0,1,0.001674,0,0,15.9221,0,0.001678,1,15.9238,0,0
8,192,sparse,odometry_pods,6,52001006,0,1,0.001781,0,0,13.9125,0,0.001786,1,13.9143,0,0
8,192,sparse,odometry_pods,7,52001007,0,1,0.000501,1,0,12.9161,0,0.000503,1,12.9166,0,0
8,192,sparse,odometry_pods,8,52001008,0,1,0.001067,0,0,8.704,0,0.001071,1,8.7051,0,0
8,192,sparse,odometry_pods,9,52001009,0,1,0.000928,1,0,13.4826,0,0.000931,1,13.4835,0,0
8,192,sparse,odometry_pods,10,52001010,0,1,0.001307,0,0,10.7918,0,0.001311,1,10.7931,0,0
8,192,sparse,odometry_pods,11,52001011,0,1,0.0002,0,0,5.9995,0,0.000201,1,5.9997,0,0
8,192,sparse,distance_sensors,0,52002000,0,1,0.000719,0,0,10.5716,0,0.000722,1,10.5723,0,0
8,192,sparse,distance_sensors,1,52002001,0,1,0.001478,0,0,13.9296,0,0.001482,1,13.9311,0,0
8,192,sparse,distance_sensors,2,52002002,0,1,0.001954,0,0,12.4644,0,0.001959,1,12.4664,0,0
8,192,sparse,distance_sensors,3,52002003,0,1,0.000431,0,0,9.7228,0,0.000433,1,9.7232,0,0
8,192,sparse,distance_sensors,4,52002004,0,1,0.00175,0,0,15.6086,0,0.001757,1,15.6104,0,0
8,192,sparse,distance_sensors,5,52002005,0,1,0.000385,0,0,6.7318,0,0.000387,1,6.7322,0,0
8,192,sparse,distance_sensors,6,52002006,0,1,0.000795,0,0,13.8005,0,0.000797,1,13.8013,0,0
8,192,sparse,distance_sensors,7,52002007,0,1,0.000206,0,0,9.2854,0,0.000208,1,9.2856,0,0
8,192,sparse,distance_sensors,8,52002008,0,1,0.001712,1,0,15.2068,0,0.001716,1,15.2085,0,0
8,192,sparse,distance_sensors,9,52002009,0,1,0.000745,1,0,11.2025,0,0.000748,1,11.2032,0,0
8,192,sparse,distance_sensors,10,52002010,0,1,0.001099,0,0,12.0172,0,0.001102,1,12.0183,0,0
8,192,sparse,distance_sensors,11,52002011,0,1,0.000305,0,0,7.3527,0,0.000307,1,7.353,0,0
8,192,sparse,apriltag,0,52003000,0,1,0.001269,1,0,12.7664,0,0.001272,1,12.7677,0,0
8,192,sparse,apriltag,1,52003001,0,1,0.000919,0,0,12.4772,0,0.000923,1,12.4781,0,0
8,192,sparse,apriltag,2,52003002,0,1,0.001158,0,0,14.2655,0,0.001162,1,14.2667,0,0
8,192,sparse,apriltag,3,52003003,0,1,0.001102,0,0,15.5655,0,0.001106,1,15.5666,0,0
8,192,sparse,apriltag,4,52003004,0,1,0.001413,0,0,13.5194,0,0.001416,1,13.5208,0,0
8,192,sparse,apriltag,5,52003005,0,1,0.000412,0,0,8.5931,0,0.000414,1,8.5935,0,0
8,192,sparse,apriltag,6,52003006,0,1,0.000366,1,0,10.7253,0,0.000368,1,10.7257,0,0
8,192,sparse,apriltag,7,52003007,0,1,0.001974,0,0,14.125,0,0.001979,1,14.127,0,0
8,192,sparse,apriltag,8,52003008,0,1,0.000995,1,0,13.79,0,0.000998,1,13.791,0,0
8,192,sparse,apriltag,9,52003009,0,1,0.001619,0,0,15.8738,0,0.001622,1,15.8754,0,0
8,192,sparse,apriltag,10,52003010,0,1,0.001326,1,0,13.1686,0,0.00133,1,13.1699,0,0
8,192,sparse,apriltag,11,52003011,0,1,0.00061,0,0,11.6162,0,0.000612,1,11.6168,0,0
8,192,sparse,full_suite,0,52004000,0,1,0.000446,0,0,12.1198,0,0.000448,1,12.1202,0,0
8,192,sparse,full_suite,1,52004001,0,1,0.001375,0,0,15.537,1,0.001827,2,15.4888,0,0
8,192,sparse,full_suite,1,52004001,1,0,0.000447,0,0,15.537,1,0.001827,2,15.4888,0,0
8,192,sparse,full_suite,2,52004002,0,1,0.000335,1,0,6.1008,0,0.000338,1,6.1011,0,0
8,192,sparse,full_suite,3,52004003,0,1,0.001882,0,0,15.2948,1,0.002747,2,15.2475,0,0
8,192,sparse,full_suite,3,52004003,1,0,0.000857,0,0,15.2948,1,0.002747,2,15.2475,0,0
8,192,sparse,full_suite,4,52004004,0,1,0.000554,0,0,9.873,0,0.000556,1,9.8736,0,0
8,192,sparse,full_suite,5,52004005,0,1,5.9e-05,0,0,1.4147,0,6e-05,1,1.4148,0,0
8,192,sparse,full_suite,6,52004006,0,1,0.000273,1,0,5.4487,0,0.000274,1,5.449,0,0
8,192,sparse,full_suite,7,52004007,0,1,0.00024,0,0,5.6754,0,0.000242,1,5.6756,0,0
8,192,sparse,full_suite,8,52004008,0,1,0.001413,1,0,12.2776,0,0.001418,1,12.279,0,0
8,192,sparse,full_suite,9,52004009,0,1,0.000699,1,0,8.4699,0,0.000702,1,8.4706,0,0
8,192,sparse,full_suite,10,52004010,0,1,0.000342,0,0,6.988,0,0.000344,1,6.9883,0,0
8,192,sparse,full_suite,11,52004011,0,1,0.000259,0,0,6.7586,0,0.000261,1,6.7589,0,0
8,192,cluttered,dead_reckoning,0,52100000,0,1,0.000689,0,0,6.0644,0,0.000691,1,6.0651,0,0
8,192,cluttered,dead_reckoning,1,52100001,0,1,0.000519,0,0,7.4592,0,0.000521,1,7.4597,0,0
8,192,cluttered,dead_reckoning,2,52100002,0,1,0.000686,0,0,9.9619,0,0.000689,1,9.9626,0,0
8,192,cluttered,dead_reckoning,3,52100003,0,1,0.001008,0,0,17.9868,0,0.00101,1,17.9878,0,0
8,192,cluttered,dead_reckoning,4,52100004,0,1,0.000673,0,0,12.183,0,0.000675,1,12.1837,0,0
8,192,cluttered,dead_reckoning,5,52100005,0,1,0.000662,0,0,9.7466,0,0.000665,1,9.7473,0,0
8,192,cluttered,dead_reckoning,6,52100006,0,1,0.00084,0,0,15.8948,0,0.000843,1,15.8956,0,0
8,192,cluttered,dead_reckoning,7,52100007,0,1,0.00047,0,0,11.6428,0,0.000471,1,11.6433,0,0
8,192,cluttered,dead_reckoning,8,52100008,0,1,0.001044,0,0,10.8055,0,0.001047,1,10.8065,0,0
8,192,cluttered,dead_reckoning,9,52100009,0,1,0.00042,0,0,10.8086,0,0.000422,1,10.809,0,0
8,192,cluttered,dead_reckoning,10,52100010,0,1,0.000834,0,0,15.8795,0,0.000837,1,15.8803,0,0
8,192,cluttered,dead_reckoning,11,52100011,0,1,0.000696,0,0,2.377,0,0.000699,1,2.3777,0,0
8,192,cluttered,odometry_pods,0,52101000,0,1,0.000207,1,0,6.022,0,0.000208,1,6.0222,0,0
8,192,cluttered,odometry_pods,1,52101001,0,1,0.001755,0,0,13.5557,0,0.001758,1,13.5575,0,0
8,192,cluttered,odometry_pods,2,52101002,0,1,0.00044,1,0,6.8414,0,0.000442,1,6.8418,0,0
8,192,cluttered,odometry_pods,3,52101003,0,1,0.001351,0,0,13.2505,0,0.001355,1,13.2519,0,0
8,192,cluttered,odometry_pods,4,52101004,0,1,0.000444,0,0,6.5629,0,0.000446,1,6.5633,0,0
8,192,cluttered,odometry_pods,5,52101005,0,1,0.000119,0,0,3.3098,0,0.00012,1,3.3099,0,0
8,192,cluttered,odometry_pods,6,52101006,0,1,0.000475,0,0,9.1997,0,0.000476,1,9.2002,0,0
8,192,cluttered,odometry_pods,7,52101007,0,1,0.000434,0,0,7.0216,0,0.000436,1,7.022,0,0
8,192,cluttered,odometry_pods,8,52101008,0,1,0.000651,1,0,13.8417,0,0.000653,1,13.8424,0,0
8,192,cluttered,odometry_pods,9,52101009,0,1,0.000756,0,0,13.4694,0,0.000759,1,13.4702,0,0
8,192,cluttered,odometry_pods,10,52101010,0,1,0.000255,0,0,5.9767,0,0.000257,1,5.977,0,0
8,192,cluttered,odometry_pods,11,52101011,0,1,0.0029,0,0,15.1138,0,0.002905,1,15.1167,0,0
8,192,cluttered,distance_sensors,0,52102000,0,1,0.001276,0,0,18.3107,0,0.001279,1,18.312,0,0
8,192,cluttered,distance_sensors,1,52102001,0,1,0.000112,1,0,2.2539,0,0.000113,1,2.254,0,0
8,192,cluttered,distance_sensors,2,52102002,0,1,0.001721,0,0,15.3356,0,0.001725,1,15.3373,0,0
8,192,cluttered,distance_sensors,3,52102003,0,1,0.002619,0,0,18.9382,0,0.002626,1,18.9408,0,0
8,192,cluttered,distance_sensors,4,52102004,0,1,0.0006,0,0,9.3977,0,0.000605,1,9.3983,0,0
8,192,cluttered,distance_sensors,5,52102005,0,1,0.000877,0,0,11.9066,0,0.00088,1,11.9075,0,0
8,192,cluttered,distance_sensors,6,52102006,0,1,0.001369,1,0,12.5618,0,0.001373,1,12.5632,0,0
8,192,cluttered,distance_sensors,7,52102007,0,1,0.000315,0,0,7.0056,0,0.000318,1,7.0059,0,0
8,192,cluttered,distance_sensors,8,52102008,0,1,0.000206,0,0,4.7189,0,0.000208,1,4.7191,0,0
8,192,cluttered,distance_sensors,9,52102009,0,1,0.0015,0,0,9.9125,0,0.001504,1,9.914,0,0
8,192,cluttered,distance_sensors,10,52102010,0,1,0.002606,0,0,14.2425,0,0.002611,1,14.2451,0,0
8,192,cluttered,distance_sensors,11,52102011,0,1,0.000357,1,0,5.604,0,0.00036,1,5.6044,0,0
8,192,cluttered,apriltag,0,52103000,0,1,0.000393,0,0,12.5305,0,0.000395,1,12.5309,0,0
8,192,cluttered,apriltag,1,52103001,0,1,0.000286,0,0,5.8549,0,0.000287,1,5.8552,0,0
8,192,cluttered,apriltag,2,52103002,0,1,0.000584,0,0,13.8027,0,0.000586,1,13.8033,0,0
8,192,cluttered,apriltag,3,52103003,0,1,0.001119,0,0,10.9253,0,0.001122,1,10.9264,0,0
8,192,cluttered,apriltag,4,52103004,0,1,0.000242,0,0,6.1874,0,0.000243,1,6.1876,0,0
8,192,cluttered,apriltag,5,52103005,0,1,0.000546,0,0,15.7069,0,0.000548,1,15.7074,0,0
8,192,cluttered,apriltag,6,52103006,0,1,0.000736,0,0,12.455,0,0.000739,1,12.4557,0,0
8,192,cluttered,apriltag,7,52103007,0,1,0.000709,0,0,14.4764,0,0.000711,1,14.4771,0,0
8,192,cluttered,apriltag,8,52103008,0,1,0.002943,0,0,15.4586,0,0.002951,1,15.4615,0,0
8,192,cluttered,apriltag,9,52103009,0,1,0.000124,0,0,4.744,0,0.000125,1,4.7441,0,0
8,192,cluttered,apriltag,10,52103010,0,1,6.4e-05,0,0,1.7557,0,6.5e-05,1,1.7558,0,0
8,192,cluttered,apriltag,11,52103011,0,1,0.000299,1,0,8.5883,0,0.0003,1,8.5886,0,0
8,192,cluttered,full_suite,0,52104000,0,1,0.000347,0,0,5.9816,0,0.000348,1,5.9819,0,0
8,192,cluttered,full_suite,1,52104001,0,1,0.001294,0,0,12.4096,0,0.001297,1,12.4109,0,0
8,192,cluttered,full_suite,2,52104002,0,1,0.001509,0,0,13.3414,0,0.001512,1,13.3429,0,0
8,192,cluttered,full_suite,3,52104003,0,1,8.2e-05,1,0,2.1443,0,8.3e-05,1,2.1444,0,0
8,192,cluttered,full_suite,4,52104004,0,1,0.001196,0,0,14.8132,0,0.001199,1,14.8144,0,0
8,192,cluttered,full_suite,5,52104005,0,1,0.000683,0,0,8.5089,0,0.000686,1,8.5096,0,0
8,192,cluttered,full_suite,6,52104006,0,1,0.0001,0,0,3.8735,0,0.000101,1,3.8736,0,0
8,192,cluttered,full_suite,7,52104007,0,1,0.000982,0,0,14.0122,0,0.000984,1,14.0132,0,0
8,192,cluttered,full_suite,8,52104008,0,1,0.000754,0,0,13.4516,0,0.000757,1,13.4524,0,0
8,192,cluttered,full_suite,9,52104009,0,1,0.001331,0,0,13.0187,0,0.001334,1,13.02,0,0
8,192,cluttered,full_suite,10,52104010,0,1,0.000666,0,0,8.8007,0,0.000668,1,8.8014,0,0
8,192,cluttered,full_suite,11,52104011,0,1,0.001112,0,0,14.8257,0,0.001115,1,14.8268,0,0
8,192,corridor,dead_reckoning,0,52200000,0,1,0.000506,0,0,3.6153,0,0.000507,1,3.6158,0,0
8,192,corridor,dead_reckoning,1,52200001,0,1,0.000539,0,0,10.9406,0,0.000541,1,10.9411,0,0
8,192,corridor,dead_reckoning,2,52200002,0,1,6.7e-05,0,0,1.8534,0,6.9e-05,1,1.8535,0,0
8,192,corridor,dead_reckoning,3,52200003,0,1,0.001698,0,0,15.5159,0,0.001702,1,15.5176,0,0
8,192,corridor,dead_reckoning,4,52200004,0,1,0.000999,0,0,12.9714,0,0.001002,1,12.9724,0,0
8,192,corridor,dead_reckoning,5,52200005,0,1,0.000294,0,0,15.1863,0,0.000295,1,15.1866,0,0
8,192,corridor,dead_reckoning,6,52200006,0,1,0.000678,0,0,10.2401,0,0.00068,1,10.2408,0,0
8,192,corridor,dead_reckoning,7,52200007,0,1,0.00094,0,0,11.138,0,0.000944,1,11.1389,0,0
8,192,corridor,dead_reckoning,8,52200008,0,1,0.001915,0,0,18.1245,0,0.001918,1,18.1264,0,0
8,192,corridor,dead_reckoning,9,52200009,0,1,0.001479,0,0,13.6013,0,0.001483,1,13.6028,0,0
8,192,corridor,dead_reckoning,10,52200010,0,1,0.000659,0,0,12.3047,0,0.000661,1,12.3054,0,0
8,192,corridor,dead_reckoning,11,52200011,0,1,0.001335,0,0,14.8214,0,0.001338,1,14.8227,0,0
8,192,corridor,odometry_pods,0,52201000,0,1,0.000737,0,0,13.1605,0,0.000739,1,13.1612,0,0
8,192,corridor,odometry_pods,1,52201001,0,1,0.001576,0,0,9.6266,0,0.00158,1,9.6282,0,0
8,192,corridor,odometry_pods,2,52201002,0,1,0.001924,0,0,15.5485,0,0.001928,1,15.5504,0,0
8,192,corridor,odometry_pods,3,52201003,0,1,0.000883,0,0,10.6464,0,0.000885,1,10.6473,0,0
8,192,corridor,odometry_pods,4,52201004,0,1,0.000461,0,0,8.9607,0,0.000462,1,8.9612,0,0
8,192,corridor,odometry_pods,5,52201005,0,1,0.001348,0,0,15.0916,0,0.00135,1,15.0929,0,0
8,192,corridor,odometry_pods,6,52201006,0,1,0.001112,0,0,12.4823,0,0.001115,1,12.4834,0,0
8,192,corridor,odometry_pods,7,52201007,0,1,0.000217,0,0,8.5853,0,0.000218,1,8.5855,0,0
8,192,corridor,odometry_pods,8,52201008,0,1,0.00035,0,0,6.855,0,0.000351,1,6.8553,0,0
8,192,corridor,odometry_pods,9,52201009,0,1,0.000341,0,0,6.444,0,0.000342,1,6.4443,0,0
8,192,corridor,odometry_pods,10,52201010,0,1,0.00096,0,0,4.0313,0,0.000963,1,4.0323,0,0
8,192,corridor,odometry_pods,11,52201011,0,1,0.000232,0,0,10.1853,0,0.000234,1,10.1855,0,0
8,192,corridor,distance_sensors,0,52202000,0,1,0.000998,0,0,16.8992,0,0.001003,1,16.9002,0,0
8,192,corridor,distance_sensors,1,52202001,0,1,0.000233,0,0,6.9717,0,0.000235,1,6.9719,0,0
8,192,corridor,distance_sensors,2,52202002,0,1,0.001196,0,0,13.9371,0,0.001199,1,13.9383,0,0
8,192,corridor,distance_sensors,3,52202003,0,1,0.000302,1,0,12.2626,0,0.000305,1,12.2629,0,0
8,192,corridor,distance_sensors,4,52202004,0,1,0.000517,0,0,16.2577,0,0.00052,1,16.2582,0,0
8,192,corridor,distance_sensors,5,52202005,0,1,0.000244,0,0,6.9509,2,0.001791,3,6.8527,0,0
8,192,corridor,distance_sensors,5,52202005,1,0,0.000523,0,0,6.9509,2,0.001791,3,6.8527,0,0
8,192,corridor,distance_sensors,5,52202005,2,0,0.001017,0,0,6.9509,2,0.001791,3,6.8527,0,0
8,192,corridor,distance_sensors,6,52202006,0,1,0.000321,0,0,6.1411,0,0.000322,1,6.1414,0,0
8,192,corridor,distance_sensors,7,52202007,0,1,0.000425,0,0,13.0538,0,0.000426,1,13.0542,0,0
8,192,corridor,distance_sensors,8,52202008,0,1,0.000208,0,0,5.6094,0,0.000209,1,5.6096,0,0
8,192,corridor,distance_sensors,9,52202009,0,1,0.000907,0,0,12.1659,0,0.000911,1,12.1668,0,0
8,192,corridor,distance_sensors,10,52202010,0,1,0.001447,1,0,14.5576,0,0.001452,1,14.559,0,0
8,192,corridor,distance_sensors,11,52202011,0,1,0.002007,0,0,16.0979,0,0.002011,1,16.0999,0,0
8,192,corridor,apriltag,0,52203000,0,1,0.000172,0,0,5.0492,0,0.000173,1,5.0494,0,0
8,192,corridor,apriltag,1,52203001,0,1,0.000982,0,0,14.0697,0,0.000985,1,14.0707,0,0
8,192,corridor,apriltag,2,52203002,0,1,0.000755,0,0,9.5362,0,0.000758,1,9.537,0,0
8,192,corridor,apriltag,3,52203003,0,1,0.000317,0,0,0.9776,0,0.000319,1,0.9779,0,0
8,192,corridor,apriltag,4,52203004,0,1,0.00184,0,0,17.166,0,0.001844,1,17.1678,0,0
8,192,corridor,apriltag,5,52203005,0,1,0.000481,1,0,11.9069,0,0.000482,1,11.9074,0,0
8,192,corridor,apriltag,6,52203006,0,1,0.000706,1,0,12.719,0,0.000709,1,12.7197,0,0
8,192,corridor,apriltag,7,52203007,0,1,0.000194,0,0,5.5102,0,0.000195,1,5.5104,0,0
8,192,corridor,apriltag,8,52203008,0,1,0.001623,0,0,14.816,0,0.001627,1,14.8176,0,0
8,192,corridor,apriltag,9,52203009,0,1,8.9e-05,0,0,3.4724,0,9e-05,1,3.4725,0,0
8,192,corridor,apriltag,10,52203010,0,1,0.000484,1,0,9.5507,0,0.000486,1,9.5512,0,0
8,192,corridor,apriltag,11,52203011,0,1,0.001276,0,0,14.9106,0,0.001279,1,14.9119,0,0
8,192,corridor,full_suite,0,52204000,0,1,0.001477,0,0,13.3454,0,0.00148,1,13.3469,0,0
8,192,corridor,full_suite,1,52204001,0,1,0.000836,0,0,10.4899,0,0.000839,1,10.4907,0,0
8,192,corridor,full_suite,2,52204002,0,1,0.000741,0,0,9.2744,0,0.000744,1,9.2751,0,0
8,192,corridor,full_suite,3,52204003,0,1,0.000505,0,0,8.6442,0,0.000509,1,8.6447,0,0
8,192,corridor,full_suite,4,52204004,0,1,0.000718,0,0,12.559,0,0.000721,1,12.5597,0,0
8,192,corridor,full_suite,5,52204005,0,1,0.001173,0,0,11.0718,0,0.001179,1,11.073,0,0
8,192,corridor,full_suite,6,52204006,0,1,0.000764,0,0,8.6489,0,0.000768,1,8.6497,0,0
8,192,corridor,full_suite,7,52204007,0,1,0.000569,0,0,12.4563,0,0.000571,1,12.4569,0,0
8,192,corridor,full_suite,8,52204008,0,1,0.000207,0,0,3.6291,0,0.000208,1,3.6293,0,0
8,192,corridor,full_suite,9,52204009,0,1,0.000176,0,0,3.5311,0,0.000179,1,3.5313,0,0
8,192,corridor,full_suite,10,52204010,0,1,0.00069,0,0,10.3119,0,0.000692,1,10.3126,0,0
8,192,corridor,full_suite,11,52204011,0,1,0.00087,1,0,8.9597,0,0.000874,1,8.9606,0,0
16,384,sparse,dead_reckoning,0,60000000,0,1,0.001316,0,0,0.0,0,0.001319,1,0.0013,0,0
16,384,sparse,dead_reckoning,1,60000001,0,1,0.000186,0,0,2.4618,0,0.000187,1,2.462,0,0
16,384,sparse,dead_reckoning,2,60000002,0,1,0.001718,0,0,14.0036,0,0.001722,1,14.0053,0,0
16,384,sparse,dead_reckoning,3,60000003,0,1,0.000675,0,0,12.9108,0,0.000677,1,12.9115,0,0
16,384,sparse,dead_reckoning,4,60000004,0,1,0.000621,0,0,10.8887,0,0.000623,1,10.8893,0,0
16,384,sparse,dead_reckoning,5,60000005,0,1,0.00083,0,0,14.5967,0,0.000833,1,14.5975,0,0
16,384,sparse,dead_reckoning,6,60000006,0,1,0.000178,0,0,5.1526,0,0.000179,1,5.1528,0,0
16,384,sparse,dead_reckoning,7,60000007,0,1,0.000122,1,0,3.1276,0,0.000123,1,3.1277,0,0
16,384,sparse,dead_reckoning,8,60000008,0,1,0.000842,0,0,12.0416,0,0.000844,1,12.0424,0,0
16,384,sparse,dead_reckoning,9,60000009,0,1,0.000858,0,0,17.0833,0,0.00086,1,17.0842,0,0
16,384,sparse,dead_reckoning,10,60000010,0,1,0.001441,0,0,14.8917,0,0.001444,1,14.8931,0,0
16,384,sparse,dead_reckoning,11,60000011,0,1,0.001463,0,0,12.169,0,0.001467,1,12.1705,0,0
16,384,sparse,odometry_pods,0,60001000,0,1,0.001782,0,0,15.2467,0,0.001787,1,15.2485,0,0
16,384,sparse,odometry_pods,1,60001001,0,1,0.001302,0,0,12.8389,0,0.001307,1,12.8402,0,0
16,384,sparse,odometry_pods,2,60001002,0,1,0.000377,0,0,6.6901,0,0.000379,1,6.6905,0,0
16,384,sparse,odometry_pods,3,60001003,0,1,0.000897,1,0,10.5207,0,0.0009,1,10.5216,0,0
16,384,sparse,odometry_pods,4,60001004,0,1,0.001092,0,0,12.2954,0,0.001095,1,12.2965,0,0
16,384,sparse,odometry_pods,5,60001005,0,1,0.000272,0,0,6.6299,0,0.000273,1,6.6302,0,0
16,384,sparse,odometry_pods,6,60001006,0,1,0.000193,0,0,3.9819,0,0.000195,1,3.9821,0,0
16,384,sparse,odometry_pods,7,60001007,0,1,0.000473,1,0,11.3041,0,0.000475,1,11.3046,0,0
16,384,sparse,odometry_pods,8,60001008,0,1,0.001208,0,0,12.1416,0,0.001211,1,12.1428,0,0
16,384,sparse,odometry_pods,9,60001009,0,1,0.001752,0,0,13.0139,0,0.001757,1,13.0157,0,0
16,384,sparse,odometry_pods,10,60001010,0,1,0.000696,0,0,8.7177,0,0.000699,1,8.7184,0,0
16,384,sparse,odometry_pods,11,60001011,0,1,0.000299,0,0,7.0029,0,0.000301,1,7.0032,0,0
16,384,sparse,distance_sensors,0,60002000,0,1,0.000533,0,0,8.8861,0,0.000536,1,8.8866,0,0
16,384,sparse,distance_sensors,1,60002001,0,1,0.001682,0,0,15.1739,0,0.001686,1,15.1756,0,0
16,384,sparse,distance_sensors,2,60002002,0,1,0.001311,0,0,13.8195,0,0.001316,1,13.8208,0,0
16,384,sparse,distance_sensors,3,60002003,0,1,0.000184,0,0,3.3439,0,0.000186,1,3.3441,0,0
16,384,sparse,distance_sensors,4,60002004,0,1,0.001685,0,0,17.1056,0,0.00169,1,17.1073,0,0
16,384,sparse,distance_sensors,5,60002005,0,1,0.000229,0,0,10.5735,0,0.000231,1,10.5737,0,0
16,384,sparse,distance_sensors,6,60002006,0,1,0.000757,0,0,13.54,0,0.00076,1,13.5408,0,0
16,384,sparse,distance_sensors,7,60002007,0,1,0.000369,0,0,6.6788,0,0.000371,1,6.6792,0,0
16,384,sparse,distance_sensors,8,60002008,0,1,0.001922,0,0,14.5243,1,0.003576,2,14.4779,0,0
16,384,sparse,distance_sensors,8,60002008,1,0,0.001646,0,0,14.5243,1,0.003576,2,14.4779,0,0
16,384,sparse,distance_sensors,9,60002009,0,1,0.000499,0,0,9.8488,0,0.000502,1,9.8493,0,0
16,384,sparse,distance_sensors,10,60002010,0,1,0.00066,1,0,13.7527,0,0.000663,1,13.7534,0,0
16,384,sparse,distance_sensors,11,60002011,0,1,0.001575,0,0,16.3305,0,0.001579,1,16.3321,0,0
16,384,sparse,apriltag,0,60003000,0,1,0.000274,0,0,11.9866,0,0.000275,1,11.9869,0,0
16,384,sparse,apriltag,1,60003001,0,1,0.000312,0,0,7.5605,0,0.000314,1,7.5608,0,0
16,384,sparse,apriltag,2,60003002,0,1,0.001432,0,0,15.1621,0,0.001435,1,15.1635,0,0
16,384,sparse,apriltag,3,60003003,0,1,0.001459,0,0,13.1073,0,0.001463,1,13.1088,0,0
16,384,sparse,apriltag,4,60003004,0,1,0.000313,0,0,14.2089,0,0.000315,1,14.2092,0,0
16,384,sparse,apriltag,5,60003005,0,1,0.001426,1,0,17.5783,0,0.00143,1,17.5797,0,0
16,384,sparse,apriltag,6,60003006,0,1,0.00011,1,0,4.8276,0,0.000112,1,4.8277,0,0
16,384,sparse,apriltag,7,60003007,0,1,0.000158,1,0,2.1508,0,0.000163,1,2.151,0,0
16,384,sparse,apriltag,8,60003008,0,1,0.001439,0,0,18.3149,0,0.001442,1,18.3163,0,0
16,384,sparse,apriltag,9,60003009,0,1,0.000216,0,0,6.8519,0,0.000217,1,6.8521,0,0
16,384,sparse,apriltag,10,60003010,0,1,0.001794,0,0,15.942,0,0.001798,1,15.9438,0,0
16,384,sparse,apriltag,11,60003011,0,1,0.001085,0,0,13.9255,0,0.001088,1,13.9266,0,0
16,384,sparse,full_suite,0,60004000,0,1,0.000121,0,0,2.6211,0,0.000122,1,2.6212,0,0
16,384,sparse,full_suite,1,60004001,0,1,0.001614,0,0,13.7685,0,0.001619,1,13.7701,0,0
16,384,sparse,full_suite,2,60004002,0,1,0.000513,0,0,8.7748,0,0.000516,1,8.7753,0,0
16,384,sparse,full_suite,3,60004003,0,1,0.000916,0,0,9.6795,0,0.000919,1,9.6804,0,0
16,384,sparse,full_suite,4,60004004,0,1,0.000686,0,0,12.3456,0,0.000688,1,12.3463,0,0
16,384,sparse,full_suite,5,60004005,0,1,0.000367,0,0,6.1878,0,0.00037,1,6.1882,0,0
16,384,sparse,full_suite,6,60004006,0,1,0.000506,1,0,7.9217,0,0.000508,1,7.9222,0,0
16,384,sparse,full_suite,7,60004007,0,1,0.001986,1,0,15.6663,0,0.001991,1,15.6683,0,0
16,384,sparse,full_suite,8,60004008,0,1,0.001097,1,0,11.7162,0,0.001101,1,11.7173,0,0
16,384,sparse,full_suite,9,60004009,0,1,0.001292,0,0,15.9339,0,0.001297,1,15.9352,0,0
16,384,sparse,full_suite,10,60004010,0,1,0.000672,0,0,8.3784,0,0.000676,1,8.3791,0,0
16,384,sparse,full_suite,11,60004011,0,1,0.001689,0,0,13.0337,0,0.001694,1,13.0354,0,0
16,384,cluttered,dead_reckoning,0,60100000,0,1,0.0005,1,0,7.3819,0,0.000502,1,7.3824,0,0
16,384,cluttered,dead_reckoning,1,60100001,0,1,0.000621,0,0,11.8853,0,0.000622,1,11.8859,0,0
16,384,cluttered,dead_reckoning,2,60100002,0,1,0.000217,0,0,4.6914,0,0.000219,1,4.6916,0,0
16,384,cluttered,dead_reckoning,3,60100003,0,1,0.000254,0,0,7.3558,0,0.000256,1,7.3561,0,0
16,384,cluttered,dead_reckoning,4,60100004,0,1,0.001519,0,0,17.9799,0,0.001522,1,17.9814,0,0
16,384,cluttered,dead_reckoning,5,60100005,0,1,0.002117,0,0,16.0346,0,0.002123,1,16.0367,0,0
16,384,cluttered,dead_reckoning,6,60100006,0,1,0.001691,0,0,17.3402,0,0.001695,1,17.3419,0,0
16,384,cluttered,dead_reckoning,7,60100007,0,1,0.000385,0,0,10.8243,0,0.000387,1,10.8247,0,0
16,384,cluttered,dead_reckoning,8,60100008,0,1,0.000319,0,0,9.2822,0,0.000321,1,9.2825,0,0
16,384,cluttered,dead_reckoning,9,60100009,0,1,0.000453,0,0,10.4118,0,0.000455,1,10.4123,0,0
16,384,cluttered,dead_reckoning,10,60100010,0,1,0.000301,0,0,4.3245,0,0.000303,1,4.3248,0,0
16,384,cluttered,dead_reckoning,11,60100011,0,1,0.000215,0,0,6.4477,0,0.000216,1,6.4479,0,0
16,384,cluttered,odometry_pods,0,60101000,0,1,0.000392,0,0,9.7516,0,0.000394,1,9.752,0,0
16,384,cluttered,odometry_pods,1,60101001,0,1,0.00136,0,0,15.8538,0,0.001363,1,15.8552,0,0
16,384,cluttered,odometry_pods,2,60101002,0,1,0.001054,0,0,11.5161,0,0.001057,1,11.5172,0,0
16,384,cluttered,odometry_pods,3,60101003,0,1,0.00022,0,0,9.1204,0,0.000221,1,9.1206,0,0
16,384,cluttered,odometry_pods,4,60101004,0,1,0.000993,0,0,10.3906,0,0.000996,1,10.3916,0,0
16,384,cluttered,odometry_pods,5,60101005,0,1,0.000221,0,0,6.8984,0,0.000223,1,6.8986,0,0
16,384,cluttered,odometry_pods,6,60101006,0,1,0.000521,0,0,9.528,0,0.000523,1,9.5285,0,0
16,384,cluttered,odometry_pods,7,60101007,0,1,0.000784,0,0,5.6017,0,0.000787,1,5.6025,0,0
16,384,cluttered,odometry_pods,8,60101008,0,1,0.000437,0,0,7.1321,0,0.000439,1,7.1325,0,0
16,384,cluttered,odometry_pods,9,60101009,0,1,0.00058,1,0,9.8611,0,0.000582,1,9.8617,0,0
16,384,cluttered,odometry_pods,10,60101010,0,1,0.001485,1,0,13.9267,0,0.001489,1,13.9282,0,0
16,384,cluttered,odometry_pods,11,60101011,0,1,0.000378,0,0,7.2555,0,0.000379,1,7.2559,0,0
16,384,cluttered,distance_sensors,0,60102000,0,1,0.000866,0,0,15.912,0,0.000868,1,15.9129,0,0
16,384,cluttered,distance_sensors,1,60102001,0,1,0.001527,0,0,17.0728,0,0.001532,1,17.0743,0,0
16,384,cluttered,distance_sensors,2,60102002,0,1,0.001173,0,0,11.1552,0,0.001177,1,11.1564,0,0
16,384,cluttered,distance_sensors,3,60102003,0,1,0.000139,0,0,2.7425,0,0.000141,1,2.7426,0,0
16,384,cluttered,distance_sensors,4,60102004,0,1,0.000422,0,0,7.7857,0,0.000425,1,7.7861,0,0
16,384,cluttered,distance_sensors,5,60102005,0,1,0.000387,0,0,16.7791,0,0.000389,1,16.7795,0,0
16,384,cluttered,distance_sensors,6,60102006,0,1,0.001161,0,0,13.79,0,0.001164,1,13.7912,0,0
16,384,cluttered,distance_sensors,7,60102007,0,1,0.000877,0,0,14.6922,0,0.000881,1,14.6931,0,0
16,384,cluttered,distance_sensors,8,60102008,0,1,0.000194,0,0,5.2605,0,0.000195,1,5.2607,0,0
16,384,cluttered,distance_sensors,9,60102009,0,1,0.000293,0,0,4.8309,0,0.000296,1,4.8312,0,0
16,384,cluttered,distance_sensors,10,60102010,0,1,0.000201,0,0,8.4853,0,0.000203,1,8.4855,0,0
16,384,cluttered,distance_sensors,11,60102011,0,1,0.00033,0,0,9.0016,1,0.001149,2,8.9527,0,0
16,384,cluttered,distance_sensors,11,60102011,1,0,0.000814,0,0,9.0016,1,0.001149,2,8.9527,0,0
16,384,cluttered,apriltag,0,60103000,0,1,0.000803,0,0,15.5564,0,0.000806,1,15.5572,0,0
16,384,cluttered,apriltag,1,60103001,0,1,0.00198,0,0,14.4855,0,0.001986,1,14.4875,0,0
16,384,cluttered,apriltag,2,60103002,0,1,0.000622,0,0,11.2703,0,0.000625,1,11.2709,0,0
16,384,cluttered,apriltag,3,60103003,0,1,0.001465,0,0,14.8579,0,0.00147,1,14.8594,0,0
16,384,cluttered,apriltag,4,60103004,0,1,0.000326,0,0,8.776,0,0.000327,1,8.7763,0,0
16,384,cluttered,apriltag,5,60103005,0,1,0.000133,0,0,4.7157,0,0.000134,1,4.7158,0,0
16,384,cluttered,apriltag,6,60103006,0,1,0.000584,0,0,8.8932,0,0.000586,1,8.8938,0,0
16,384,cluttered,apriltag,7,60103007,0,1,0.001045,0,0,19.6167,0,0.001048,1,19.6177,0,0
16,384,cluttered,apriltag,8,60103008,0,1,0.000658,0,0,16.4517,0,0.00066,1,16.4524,0,0
16,384,cluttered,apriltag,9,60103009,0,1,0.000784,0,0,13.3552,0,0.000786,1,13.356,0,0
16,384,cluttered,apriltag,10,60103010,0,1,0.000198,0,0,4.1197,0,0.000199,1,4.1199,0,0
16,384,cluttered,apriltag,11,60103011,0,1,0.001333,0,0,17.3305,0,0.001336,1,17.3318,0,0
16,384,cluttered,full_suite,0,60104000,0,1,0.001055,0,0,10.48,0,0.001058,1,10.4811,0,0
16,384,cluttered,full_suite,1,60104001,0,1,0.001165,0,0,11.964,0,0.001169,1,11.9652,0,0
16,384,cluttered,full_suite,2,60104002,0,1,0.000564,0,0,8.8637,0,0.000566,1,8.8643,0,0
16,384,cluttered,full_suite,3,60104003,0,1,0.001208,0,0,11.4881,0,0.001211,1,11.4893,0,0
16,384,cluttered,full_suite,4,60104004,0,1,0.002091,1,0,16.242,0,0.002096,1,16.2441,0,0
16,384,cluttered,full_suite,5,60104005,0,1,0.000194,1,0,6.3109,0,0.000195,1,6.3111,0,0
16,384,cluttered,full_suite,6,60104006,0,1,0.002376,0,0,15.9958,0,0.002382,1,15.9982,0,0
16,384,cluttered,full_suite,7,60104007,0,1,0.000409,0,0,6.5708,0,0.000411,1,6.5712,0,0
16,384,cluttered,full_suite,8,60104008,0,1,0.001695,0,0,13.4671,0,0.0017,1,13.4688,0,0
16,384,cluttered,full_suite,9,60104009,0,1,0.000352,0,0,12.6308,0,0.000355,1,12.6312,0,0
16,384,cluttered,full_suite,10,60104010,0,1,0.001228,0,0,12.1225,0,0.001232,1,12.1237,0,0
16,384,cluttered,full_suite,11,60104011,0,1,0.000473,1,0,9.1895,0,0.000475,1,9.19,0,0
16,384,corridor,dead_reckoning,0,60200000,0,1,0.001123,0,0,12.0468,0,0.001127,1,12.0479,0,0
16,384,corridor,dead_reckoning,1,60200001,0,1,0.001188,0,0,14.6598,0,0.001191,1,14.661,0,0
16,384,corridor,dead_reckoning,2,60200002,0,1,0.000505,1,0,12.7218,0,0.000507,1,12.7223,0,0
16,384,corridor,dead_reckoning,3,60200003,0,1,0.001699,0,0,14.8161,0,0.001703,1,14.8178,0,0
16,384,corridor,dead_reckoning,4,60200004,0,1,9.1e-05,0,0,2.1724,0,9.3e-05,1,2.1725,0,0
16,384,corridor,dead_reckoning,5,60200005,0,1,0.00062,0,0,9.9993,0,0.000622,1,9.9999,0,0
16,384,corridor,dead_reckoning,6,60200006,0,1,0.001238,0,0,15.0549,0,0.001242,1,15.0561,0,0
16,384,corridor,dead_reckoning,7,60200007,0,1,0.000474,1,0,9.5621,0,0.000476,1,9.5626,0,0
16,384,corridor,dead_reckoning,8,60200008,0,1,0.000468,0,0,10.8436,0,0.00047,1,10.8441,0,0
16,384,corridor,dead_reckoning,9,60200009,0,1,9.9e-05,1,0,3.1276,0,0.0001,1,3.1277,0,0
16,384,corridor,dead_reckoning,10,60200010,0,1,0.001502,0,0,13.4659,0,0.001507,1,13.4674,0,0
16,384,corridor,dead_reckoning,11,60200011,0,1,0.000627,0,0,13.2339,0,0.000629,1,13.2345,0,0
16,384,corridor,odometry_pods,0,60201000,0,1,7.9e-05,0,0,2.3737,0,8e-05,1,2.3738,0,0
16,384,corridor,odometry_pods,1,60201001,0,1,0.000393,0,0,7.3058,0,0.000394,1,7.3062,0,0
16,384,corridor,odometry_pods,2,60201002,0,1,0.000217,0,0,6.0647,0,0.000218,1,6.0649,0,0
16,384,corridor,odometry_pods,3,60201003,0,1,0.002068,0,0,15.2363,0,0.002073,1,15.2384,0,0
16,384,corridor,odometry_pods,4,60201004,0,1,0.0004,0,0,8.1344,0,0.000402,1,8.1348,0,0
16,384,corridor,odometry_pods,5,60201005,0,1,0.000206,0,0,8.5771,0,0.000207,1,8.5773,0,0
16,384,corridor,odometry_pods,6,60201006,0,1,0.001792,0,0,16.3846,0,0.001817,1,16.3864,0,0
16,384,corridor,odometry_pods,7,60201007,0,1,0.000206,1,0,5.1286,0,0.000208,1,5.1288,0,0
16,384,corridor,odometry_pods,8,60201008,0,1,0.000625,0,0,8.5745,0,0.000627,1,8.5751,0,0
16,384,corridor,odometry_pods,9,60201009,0,1,0.001201,1,0,12.2974,0,0.001205,1,12.2986,0,0
16,384,corridor,odometry_pods,10,60201010,0,1,0.000763,0,0,9.1613,0,0.000766,1,9.1621,0,0
16,384,corridor,odometry_pods,11,60201011,0,1,0.001384,0,0,16.4037,0,0.001388,1,16.4051,0,0
16,384,corridor,distance_sensors,0,60202000,0,1,0.000221,1,0,4.7544,0,0.000223,1,4.7546,0,0
16,384,corridor,distance_sensors,1,60202001,0,1,0.001195,0,0,13.7058,0,0.0012,1,13.707,0,0
16,384,corridor,distance_sensors,2,60202002,0,1,0.000763,0,0,10.2913,0,0.000767,1,10.2921,0,0
16,384,corridor,distance_sensors,3,60202003,0,1,0.001069,1,0,12.1336,0,0.001073,1,12.1347,0,0
16,384,corridor,distance_sensors,4,60202004,0,1,0.000473,0,0,7.6357,1,0.000817,2,7.5865,0,0
16,384,corridor,distance_sensors,4,60202004,1,0,0.000339,0,0,7.6357,1,0.000817,2,7.5865,0,0
16,384,corridor,distance_sensors,5,60202005,0,1,0.000141,0,0,4.6737,0,0.000142,1,4.6738,0,0
16,384,corridor,distance_sensors,6,60202006,0,1,0.000828,0,0,14.5946,0,0.000831,1,14.5954,0,0
16,384,corridor,distance_sensors,7,60202007,0,1,0.00058,0,0,13.8871,0,0.000582,1,13.8877,0,0
16,384,corridor,distance_sensors,8,60202008,0,1,0.000167,0,0,4.0672,0,0.000169,1,4.0674,0,0
16,384,corridor,distance_sensors,9,60202009,0,1,0.000233,0,0,4.8389,0,0.000235,1,4.8391,0,0
16,384,corridor,distance_sensors,10,60202010,0,1,0.001987,0,0,16.5799,0,0.001992,1,16.5819,0,0
16,384,corridor,distance_sensors,11,60202011,0,1,0.001346,0,0,15.1353,0,0.00135,1,15.1366,0,0
16,384,corridor,apriltag,0,60203000,0,1,0.000714,0,0,11.8721,0,0.000717,1,11.8728,0,0
16,384,corridor,apriltag,1,60203001,0,1,0.000493,0,0,8.2953,0,0.000495,1,8.2958,0,0
16,384,corridor,apriltag,2,60203002,0,1,0.001869,0,0,19.0822,0,0.001873,1,19.0841,0,0
16,384,corridor,apriltag,3,60203003,0,1,0.000662,0,0,9.607,0,0.000664,1,9.6077,0,0
16,384,corridor,apriltag,4,60203004,0,1,0.000456,0,0,15.3378,0,0.000457,1,15.3383,0,0
16,384,corridor,apriltag,5,60203005,0,1,0.000658,0,0,14.0662,0,0.000659,1,14.0669,0,0
16,384,corridor,apriltag,6,60203006,0,1,0.000728,1,0,18.2679,0,0.00073,1,18.2686,0,0
16,384,corridor,apriltag,7,60203007,0,1,0.000307,0,0,11.2531,0,0.000309,1,11.2534,0,0
16,384,corridor,apriltag,8,60203008,0,1,0.000281,0,0,13.8056,0,0.000282,1,13.8059,0,0
16,384,corridor,apriltag,9,60203009,0,1,0.000205,0,0,4.3952,0,0.000207,1,4.3954,0,0
16,384,corridor,apriltag,10,60203010,0,1,0.000562,0,0,11.5031,0,0.000564,1,11.5037,0,0
16,384,corridor,apriltag,11,60203011,0,1,0.001669,0,0,16.4817,0,0.001673,1,16.4834,0,0
16,384,corridor,full_suite,0,60204000,0,1,0.000519,0,0,9.198,0,0.000521,1,9.1985,0,0
16,384,corridor,full_suite,1,60204001,0,1,0.001099,0,0,16.568,0,0.001103,1,16.5691,0,0
16,384,corridor,full_suite,2,60204002,0,1,0.001101,0,0,11.0874,0,0.001105,1,11.0885,0,0
16,384,corridor,full_suite,3,60204003,0,1,0.000904,1,0,11.8777,0,0.000907,1,11.8786,0,0
16,384,corridor,full_suite,4,60204004,0,1,0.001206,1,0,12.1618,0,0.00121,1,12.163,0,0
16,384,corridor,full_suite,5,60204005,0,1,0.000974,0,0,11.2565,0,0.000978,1,11.2575,0,0
16,384,corridor,full_suite,6,60204006,0,1,0.001483,0,0,13.4695,0,0.001488,1,13.471,0,0
16,384,corridor,full_suite,7,60204007,0,1,0.000164,0,0,5.8813,0,0.000165,1,5.8815,0,0
16,384,corridor,full_suite,8,60204008,0,1,0.001031,1,0,10.1544,0,0.001036,1,10.1554,0,0
16,384,corridor,full_suite,9,60204009,0,1,0.001019,0,0,12.3462,0,0.001022,1,12.3472,0,0
16,384,corridor,full_suite,10,60204010,0,1,0.000659,0,0,10.3802,0,0.000661,1,10.3809,0,0
16,384,corridor,full_suite,11,60204011,0,1,0.000615,1,0,9.6327,0,0.000618,1,9.6333,0,0
